extension_id,extension_name,wildcard_pattern,category,threat_type,reference_url,description,chrome_webstore_url,severity,crx_sha256,first_seen,feed_source
caacbgbklghmpodbdafajbgdnegacfmo,Gradient Sentry Node,*caacbgbklghmpodbdafajbgdnegacfmo*,PUP,privacy,,used for cryptomining,https://chromewebstore.google.com/detail/caacbgbklghmpodbdafajbgdnegacfmo,low,,2026-08-03,ExtSentry (github.com/mthcht/awesome-lists)
jbmdcnidiaknboflpljihfnbonjgegah,NodeGo.Ai DePIN Connect,*jbmdcnidiaknboflpljihfnbonjgegah*,PUP,privacy,,used for cryptomining,https://chromewebstore.google.com/detail/jbmdcnidiaknboflpljihfnbonjgegah,low,,2026-08-03,ExtSentry (github.com/mthcht/awesome-lists)
ppemikmneckkgmmbedecgnclmcgfhemf,360Airo LinkedIn Automation,*ppemikmneckkgmmbedecgnclmcgfhemf*,malware,malicious,,credentials stealer,https://chromewebstore.google.com/detail/ppemikmneckkgmmbedecgnclmcgfhemf,critical,,2026-08-03,ExtSentry (github.com/mthcht/awesome-lists)
pmjfbdnpbhfgeioabfahbheefebeiehp,Contrast Flip - Dark & Light Switcher,*pmjfbdnpbhfgeioabfahbheefebeiehp*,malware,malicious,,credentials stealer,https://chromewebstore.google.com/detail/pmjfbdnpbhfgeioabfahbheefebeiehp,critical,,2026-08-03,ExtSentry (github.com/mthcht/awesome-lists)
noamdmpakpnhegiadckcbjacfcinaaih,Kai Kai Extension,*noamdmpakpnhegiadckcbjacfcinaaih*,malware,malicious,,credentials stealer,https://chromewebstore.google.com/detail/noamdmpakpnhegiadckcbjacfcinaaih,critical,,2026-08-03,ExtSentry (github.com/mthcht/awesome-lists)
molhgnmmgandgcphadkejgpmbdelblbf,Reels downloader,*molhgnmmgandgcphadkejgpmbdelblbf*,malware,malicious,,credentials stealer,https://chromewebstore.google.com/detail/molhgnmmgandgcphadkejgpmbdelblbf,critical,,2026-08-03,ExtSentry (github.com/mthcht/awesome-lists)
moaepgbhoepmpnmkjedfkepbfigjplfo,Extrator de token • Ace Bot,*moaepgbhoepmpnmkjedfkepbfigjplfo*,malware,malicious,,credentials stealer,https://chromewebstore.google.com/detail/moaepgbhoepmpnmkjedfkepbfigjplfo,critical,,2026-08-03,ExtSentry (github.com/mthcht/awesome-lists)
mlaonedihngoginmmlaacpihnojcoocl,PageGuard - Phishing Protection,*mlaonedihngoginmmlaacpihnojcoocl*,malware,malicious,,used for phishing,https://chromewebstore.google.com/detail/mlaonedihngoginmmlaacpihnojcoocl,critical,,2026-08-03,ExtSentry (github.com/mthcht/awesome-lists)
linflaofbnlhpakjpohmfnkkkmpngnck,Market Owl — Your Crypto Intelligence Hub,*linflaofbnlhpakjpohmfnkkkmpngnck*,malware,malicious,,used for phishing,https://chromewebstore.google.com/detail/linflaofbnlhpakjpohmfnkkkmpngnck,critical,,2026-08-03,ExtSentry (github.com/mthcht/awesome-lists)
kgaleicefmhgoefglnbdfpmbgbngnnmd,Adblock King,*kgaleicefmhgoefglnbdfpmbgbngnnmd*,malware,malicious,,credentials stealer,https://chromewebstore.google.com/detail/kgaleicefmhgoefglnbdfpmbgbngnnmd,critical,,2026-08-03,ExtSentry (github.com/mthcht/awesome-lists)
jollepgbbbblfcnlnpohjmjjnmhcjaik,PixVerse: AI Video Generator,*jollepgbbbblfcnlnpohjmjjnmhcjaik*,malware,malicious,,used for phishing,https://chromewebstore.google.com/detail/jollepgbbbblfcnlnpohjmjjnmhcjaik,critical,,2026-08-03,ExtSentry (github.com/mthcht/awesome-lists)
jnednbilgloghpmmjcaaikkoajcklalm,Streaming Skipper works with Paramount Plus [QVI],*jnednbilgloghpmmjcaaikkoajcklalm*,malware,malicious,,credentials stealer,https://chromewebstore.google.com/detail/jnednbilgloghpmmjcaaikkoajcklalm,critical,,2026-08-03,ExtSentry (github.com/mthcht/awesome-lists)
jacapfdcamanncjmobhiimfiempggoid,rynzen token ext,*jacapfdcamanncjmobhiimfiempggoid*,malware,malicious,,credentials stealer,https://chromewebstore.google.com/detail/jacapfdcamanncjmobhiimfiempggoid,critical,,2026-08-03,ExtSentry (github.com/mthcht/awesome-lists)
gffafiabcifddagoobhnapcambklhmkh,HOLA VPN - Рабочий VPN в 2026 для Chrome ютуб,*gffafiabcifddagoobhnapcambklhmkh*,malware,malicious,,spyware activity,https://chromewebstore.google.com/detail/gffafiabcifddagoobhnapcambklhmkh,critical,,2026-08-03,ExtSentry (github.com/mthcht/awesome-lists)
hmdjcinnollmgfieppkodcgjekoldlde,Cookie Manager Pro,*hmdjcinnollmgfieppkodcgjekoldlde*,malware,malicious,,credentials stealer,https://chromewebstore.google.com/detail/hmdjcinnollmgfieppkodcgjekoldlde,critical,,2026-08-03,ExtSentry (github.com/mthcht/awesome-lists)
gmmbcogjfolpbonhldnkcajpmgknkdbb,dpv,*gmmbcogjfolpbonhldnkcajpmgknkdbb*,malware,malicious,,credentials stealer,https://chromewebstore.google.com/detail/gmmbcogjfolpbonhldnkcajpmgknkdbb,critical,,2026-08-03,ExtSentry (github.com/mthcht/awesome-lists)
gflodpomcgkoplepioifngjcffdgfabp,Muun,*gflodpomcgkoplepioifngjcffdgfabp*,malware,malicious,,credentials stealer,https://chromewebstore.google.com/detail/gflodpomcgkoplepioifngjcffdgfabp,critical,,2026-08-03,ExtSentry (github.com/mthcht/awesome-lists)
foljknabefdkeifdkapmaenecijjmlom,Kamino,*foljknabefdkeifdkapmaenecijjmlom*,malware,malicious,,used for phishing,https://chromewebstore.google.com/detail/foljknabefdkeifdkapmaenecijjmlom,critical,,2026-08-03,ExtSentry (github.com/mthcht/awesome-lists)
enjdjejaijiebcikjmcmejgbobdkiflf,Digiskills Quiz Helper,*enjdjejaijiebcikjmcmejgbobdkiflf*,malware,malicious,,credentials stealer,https://chromewebstore.google.com/detail/enjdjejaijiebcikjmcmejgbobdkiflf,critical,,2026-08-03,ExtSentry (github.com/mthcht/awesome-lists)
cmlbghnlnbjkdgfjlegkbjmadpbmlgjb,*Donuts - Slot Machine*,*cmlbghnlnbjkdgfjlegkbjmadpbmlgjb*,malware,malicious,,credentials stealer,https://chromewebstore.google.com/detail/cmlbghnlnbjkdgfjlegkbjmadpbmlgjb,critical,,2026-08-03,ExtSentry (github.com/mthcht/awesome-lists)
cjkmdmgcomefpihnfkhnohfccikdlpli,Cookie Master,*cjkmdmgcomefpihnfkhnohfccikdlpli*,malware,malicious,,credentials stealer,https://chromewebstore.google.com/detail/cjkmdmgcomefpihnfkhnohfccikdlpli,critical,,2026-08-03,ExtSentry (github.com/mthcht/awesome-lists)
chdcepakhbkbgcljkaoikoopjkphphbd,Starlink,*chdcepakhbkbgcljkaoikoopjkphphbd*,malware,malicious,,used for phishing,https://chromewebstore.google.com/detail/chdcepakhbkbgcljkaoikoopjkphphbd,critical,,2026-08-03,ExtSentry (github.com/mthcht/awesome-lists)
bbhaganppipihlhjgaaeeeefbaoihcgi,lmΤoken Chromophore,*bbhaganppipihlhjgaaeeeefbaoihcgi*,malware,malicious,,credentials stealer,https://chromewebstore.google.com/detail/bbhaganppipihlhjgaaeeeefbaoihcgi,critical,,2026-08-03,ExtSentry (github.com/mthcht/awesome-lists)
gbbfiogknfkmkiihmdifbenmflboageg,ActionReplay Pro,*gbbfiogknfkmkiihmdifbenmflboageg*,malware,malicious,,credentials stealer,https://chromewebstore.google.com/detail/gbbfiogknfkmkiihmdifbenmflboageg,critical,,2026-08-03,ExtSentry (github.com/mthcht/awesome-lists)
ioflbileeadfgndimfogiadmicpbfafn,Amazon 二段階認証,*ioflbileeadfgndimfogiadmicpbfafn*,malware,malicious,,credentials stealer,https://chromewebstore.google.com/detail/ioflbileeadfgndimfogiadmicpbfafn,critical,,2026-08-03,ExtSentry (github.com/mthcht/awesome-lists)
aknipljacjndlpkpbpakbcchmdgoblcf,Wiwana,*aknipljacjndlpkpbpakbcchmdgoblcf*,malware,malicious,,spyware activity,https://chromewebstore.google.com/detail/aknipljacjndlpkpbpakbcchmdgoblcf,critical,,2026-08-03,ExtSentry (github.com/mthcht/awesome-lists)
jifhfjebdojpeofhjbldhmojmajnedgo,HyperBank,*jifhfjebdojpeofhjbldhmojmajnedgo*,malware,malicious,,used for phishing,https://chromewebstore.google.com/detail/jifhfjebdojpeofhjbldhmojmajnedgo,critical,,2026-08-03,ExtSentry (github.com/mthcht/awesome-lists)
hlidpdhiafeejnmjbpjkbdpohocfjicf,伴影 (Shadow Mate): Daily Web Journal & Recap,*hlidpdhiafeejnmjbpjkbdpohocfjicf*,malware,malicious,,credentials stealer,https://chromewebstore.google.com/detail/hlidpdhiafeejnmjbpjkbdpohocfjicf,critical,,2026-08-03,ExtSentry (github.com/mthcht/awesome-lists)
clgemeijamgdpmilcegplfihfbkhbank,Tabby Cat - any new tab,*clgemeijamgdpmilcegplfihfbkhbank*,malware,malicious,,used for phishing,https://chromewebstore.google.com/detail/clgemeijamgdpmilcegplfihfbkhbank,critical,,2026-08-03,ExtSentry (github.com/mthcht/awesome-lists)
bnapbdlppkcagdebgodflflkganenmam,LucidPay QR Connect,*bnapbdlppkcagdebgodflflkganenmam*,malware,malicious,,credentials stealer,https://chromewebstore.google.com/detail/bnapbdlppkcagdebgodflflkganenmam,critical,,2026-08-03,ExtSentry (github.com/mthcht/awesome-lists)
llgabammdchaeghapldlbhemdhofbkec,BypassTools Helper,*llgabammdchaeghapldlbhemdhofbkec*,malware,malicious,,credentials stealer,https://chromewebstore.google.com/detail/llgabammdchaeghapldlbhemdhofbkec,critical,,2026-08-03,ExtSentry (github.com/mthcht/awesome-lists)
aobncdfcdpeicfkghjjffdicafmhanee,Spoonfeeder,*aobncdfcdpeicfkghjjffdicafmhanee*,malware,malicious,,credentials stealer,https://chromewebstore.google.com/detail/aobncdfcdpeicfkghjjffdicafmhanee,critical,,2026-08-03,ExtSentry (github.com/mthcht/awesome-lists)
hcllfblgjihnjmmdjhnahnoegopnllab,Schedulebeats Sync,*hcllfblgjihnjmmdjhnahnoegopnllab*,malware,malicious,,credentials stealer,https://chromewebstore.google.com/detail/hcllfblgjihnjmmdjhnahnoegopnllab,critical,,2026-08-03,ExtSentry (github.com/mthcht/awesome-lists)
kbjiajimoeapacbebclicbmibgcgceok,Pinboard Extension,*kbjiajimoeapacbebclicbmibgcgceok*,malware,malicious,,credentials stealer,https://chromewebstore.google.com/detail/kbjiajimoeapacbebclicbmibgcgceok,critical,,2026-08-03,ExtSentry (github.com/mthcht/awesome-lists)
ciegppinlanbdjdlpkpgdlepffeliofa,Discord ID Lookup,*ciegppinlanbdjdlpkpgdlepffeliofa*,malware,malicious,,credentials stealer,https://chromewebstore.google.com/detail/ciegppinlanbdjdlpkpgdlepffeliofa,critical,,2026-08-03,ExtSentry (github.com/mthcht/awesome-lists)
ilgdgaajigobnmcmbieobelchldlaplf,WhatsApp Free Rotate,*ilgdgaajigobnmcmbieobelchldlaplf*,malware,malicious,,credentials stealer,https://chromewebstore.google.com/detail/ilgdgaajigobnmcmbieobelchldlaplf,critical,,2026-08-03,ExtSentry (github.com/mthcht/awesome-lists)
kocajemligblhdpjmcoplaaogcendpcb,Cryptonit Sniper,*kocajemligblhdpjmcoplaaogcendpcb*,malware,malicious,,credentials stealer,https://chromewebstore.google.com/detail/kocajemligblhdpjmcoplaaogcendpcb,critical,,2026-08-03,ExtSentry (github.com/mthcht/awesome-lists)
aahhemfjdkjamblajnjcddcffpcpmlia,Best Snake,*aahhemfjdkjamblajnjcddcffpcpmlia*,malware,malicious,,credentials stealer,https://chromewebstore.google.com/detail/aahhemfjdkjamblajnjcddcffpcpmlia,critical,,2026-08-03,ExtSentry (github.com/mthcht/awesome-lists)
hpamjldgeadmapkdklhndmcdankicnch,Matrix Tunnel VPN - Your Digital Fortress,*hpamjldgeadmapkdklhndmcdankicnch*,malware,malicious,,credentials stealer,https://chromewebstore.google.com/detail/hpamjldgeadmapkdklhndmcdankicnch,critical,,2026-08-03,ExtSentry (github.com/mthcht/awesome-lists)
bagfjpcfejdcfnhckcjcpekcjbencfeb,LightDownload,*bagfjpcfejdcfnhckcjcpekcjbencfeb*,malware,malicious,,credentials stealer,https://chromewebstore.google.com/detail/bagfjpcfejdcfnhckcjcpekcjbencfeb,critical,,2026-08-03,ExtSentry (github.com/mthcht/awesome-lists)
kmcdpinedoopehidpionkcmifkginapk,avistorm,*kmcdpinedoopehidpionkcmifkginapk*,malware,malicious,,credentials stealer,https://chromewebstore.google.com/detail/kmcdpinedoopehidpionkcmifkginapk,critical,,2026-08-03,ExtSentry (github.com/mthcht/awesome-lists)
fjpobenajidogfpilgbjgbglcanfjnoa,DAT GO,*fjpobenajidogfpilgbjgbglcanfjnoa*,malware,malicious,,credentials stealer,https://chromewebstore.google.com/detail/fjpobenajidogfpilgbjgbglcanfjnoa,critical,,2026-08-03,ExtSentry (github.com/mthcht/awesome-lists)
bpljfbcejldmgeoodnogeefaihjdgbam,Speed test - wifi speed test,*bpljfbcejldmgeoodnogeefaihjdgbam*,malware,malicious,,credentials stealer,https://chromewebstore.google.com/detail/bpljfbcejldmgeoodnogeefaihjdgbam,critical,,2026-08-03,ExtSentry (github.com/mthcht/awesome-lists)
ldiogmbmanedcgkhejlejjooboikinki,Roblox Hacker Pro,*ldiogmbmanedcgkhejlejjooboikinki*,malware,malicious,,credentials stealer,https://chromewebstore.google.com/detail/ldiogmbmanedcgkhejlejjooboikinki,critical,,2026-08-03,ExtSentry (github.com/mthcht/awesome-lists)
bjdilcmajpmmjlmnfojgkincnekmhohb,App Store to iTunes Opener,*bjdilcmajpmmjlmnfojgkincnekmhohb*,malware,malicious,,credentials stealer,https://chromewebstore.google.com/detail/bjdilcmajpmmjlmnfojgkincnekmhohb,critical,,2026-08-03,ExtSentry (github.com/mthcht/awesome-lists)
elcfpmpgobljibnhecmkmpgdmljdfbbg,TrueMoji,*elcfpmpgobljibnhecmkmpgdmljdfbbg*,malware,malicious,,used for phishing,https://chromewebstore.google.com/detail/elcfpmpgobljibnhecmkmpgdmljdfbbg,critical,,2026-08-03,ExtSentry (github.com/mthcht/awesome-lists)
nlogodaofdghipmbdclajkkpheneldjd,Pixel Shield - Block Ads,*nlogodaofdghipmbdclajkkpheneldjd*,malware,malicious,,used for phishing,https://chromewebstore.google.com/detail/nlogodaofdghipmbdclajkkpheneldjd,critical,,2026-08-03,ExtSentry (github.com/mthcht/awesome-lists)
cldemkeecebhnjipedpghophnhhhdebi,MarsConnect,*cldemkeecebhnjipedpghophnhhhdebi*,malware,malicious,,credentials stealer,https://chromewebstore.google.com/detail/cldemkeecebhnjipedpghophnhhhdebi,critical,,2026-08-03,ExtSentry (github.com/mthcht/awesome-lists)
fakkphkbmjbknmockignahjhlopcdnof,Keystone,*fakkphkbmjbknmockignahjhlopcdnof*,malware,malicious,,credentials stealer,https://chromewebstore.google.com/detail/fakkphkbmjbknmockignahjhlopcdnof,critical,,2026-08-03,ExtSentry (github.com/mthcht/awesome-lists)
iihglaelfepbbnohanfefalhflkkblmb,Gimkit Hacker,*iihglaelfepbbnohanfefalhflkkblmb*,malware,malicious,,used for phishing,https://chromewebstore.google.com/detail/iihglaelfepbbnohanfefalhflkkblmb,critical,,2026-08-03,ExtSentry (github.com/mthcht/awesome-lists)
hhldcfhioabacdbbaggcllphmmfkeioi,Ad-Blocking - YouTube & Websites,*hhldcfhioabacdbbaggcllphmmfkeioi*,malware,malicious,,spyware activity,https://chromewebstore.google.com/detail/hhldcfhioabacdbbaggcllphmmfkeioi,critical,,2026-08-03,ExtSentry (github.com/mthcht/awesome-lists)
fagjmplkfdopalfkkajedcgmhnlfdjjc,Obelisk VPN — The Fastest & Most Reliable Proxy,*fagjmplkfdopalfkkajedcgmhnlfdjjc*,malware,malicious,,used for phishing,https://chromewebstore.google.com/detail/fagjmplkfdopalfkkajedcgmhnlfdjjc,critical,,2026-08-03,ExtSentry (github.com/mthcht/awesome-lists)
abpppenajdmdganodlmoeocldojbbjgp,Kahoot Hacker Auto Answer,*abpppenajdmdganodlmoeocldojbbjgp*,malware,malicious,,used for phishing,https://chromewebstore.google.com/detail/abpppenajdmdganodlmoeocldojbbjgp,critical,,2026-08-03,ExtSentry (github.com/mthcht/awesome-lists)
pfgfbflpcekpehdblfgmffbfnmoljknc,SiteArmor - Malware Protection,*pfgfbflpcekpehdblfgmffbfnmoljknc*,malware,malicious,,used for clickfix attackls,https://chromewebstore.google.com/detail/pfgfbflpcekpehdblfgmffbfnmoljknc,critical,,2026-08-03,ExtSentry (github.com/mthcht/awesome-lists)
jjijhajiibghbdnmbkeidhgkafliocja,Амнезия — быстрый и надёжный VPN с Premium-возможностями,*jjijhajiibghbdnmbkeidhgkafliocja*,malware,malicious,,spyware activity,https://chromewebstore.google.com/detail/jjijhajiibghbdnmbkeidhgkafliocja,critical,,2026-08-03,ExtSentry (github.com/mthcht/awesome-lists)
ebhcbenbgjmaebpgbldimndmfomjmphd,2FA Authenticator,*ebhcbenbgjmaebpgbldimndmfomjmphd*,malware,malicious,,credentials stealer,https://chromewebstore.google.com/detail/ebhcbenbgjmaebpgbldimndmfomjmphd,critical,,2026-08-03,ExtSentry (github.com/mthcht/awesome-lists)
mdjlfpofidinookippfogekcboinmgnj,BakersMathClass Kiosk,*mdjlfpofidinookippfogekcboinmgnj*,malware,malicious,,credentials stealer,https://chromewebstore.google.com/detail/mdjlfpofidinookippfogekcboinmgnj,critical,,2026-08-03,ExtSentry (github.com/mthcht/awesome-lists)
lehpamhljefeohdanffoailfekikjjad,Privacy Extension For WhatsApp Web - Lucky Dev,*lehpamhljefeohdanffoailfekikjjad*,malware,malicious,,credentials stealer,https://chromewebstore.google.com/detail/lehpamhljefeohdanffoailfekikjjad,critical,,2026-08-03,ExtSentry (github.com/mthcht/awesome-lists)
kopglboechnehmjoggncbnbmabekcbfb,Swift Solutions,*kopglboechnehmjoggncbnbmabekcbfb*,malware,malicious,,credentials stealer,https://chromewebstore.google.com/detail/kopglboechnehmjoggncbnbmabekcbfb,critical,,2026-08-03,ExtSentry (github.com/mthcht/awesome-lists)
gcogiddcejmejahafmiohkijbfjpheni,SafeLink Checker,*gcogiddcejmejahafmiohkijbfjpheni*,malware,malicious,,credentials stealer,https://chromewebstore.google.com/detail/gcogiddcejmejahafmiohkijbfjpheni,critical,,2026-08-03,ExtSentry (github.com/mthcht/awesome-lists)
amfdgdlcdglpolkldbjahpgnpeimakjd,Lumora — Reader Mode & Translation,*amfdgdlcdglpolkldbjahpgnpeimakjd*,malware,malicious,,credentials stealer,https://chromewebstore.google.com/detail/amfdgdlcdglpolkldbjahpgnpeimakjd,critical,,2026-08-03,ExtSentry (github.com/mthcht/awesome-lists)
joejamlmdlfhlefljkooaapbhihjhmbj,Axiom Wallet,*joejamlmdlfhlefljkooaapbhihjhmbj*,malware,malicious,,credentials stealer,https://chromewebstore.google.com/detail/joejamlmdlfhlefljkooaapbhihjhmbj,critical,,2026-08-03,ExtSentry (github.com/mthcht/awesome-lists)
jeokhfhofmjmdagaehbkkkaajfnofnen,Digital Hunters Flow,*jeokhfhofmjmdagaehbkkkaajfnofnen*,malware,malicious,,credentials stealer,https://chromewebstore.google.com/detail/jeokhfhofmjmdagaehbkkkaajfnofnen,critical,,2026-08-03,ExtSentry (github.com/mthcht/awesome-lists)
nfeifdedjonpiciadhaajilmbnfagkff,IlbonVPN Extension,*nfeifdedjonpiciadhaajilmbnfagkff*,malware,malicious,,spyware activity,https://chromewebstore.google.com/detail/nfeifdedjonpiciadhaajilmbnfagkff,critical,,2026-08-03,ExtSentry (github.com/mthcht/awesome-lists)
mknabnjbhfamkfcpfjgoilkoechakclb,Realtime VPN Per-Tab Speed & IP Flag,*mknabnjbhfamkfcpfjgoilkoechakclb*,malware,malicious,,spyware activity,https://chromewebstore.google.com/detail/mknabnjbhfamkfcpfjgoilkoechakclb,critical,,2026-08-03,ExtSentry (github.com/mthcht/awesome-lists)
ffeeaccmegmlgjboppflieinleebdjfj,Piligrim — Free Gamified VPN,*ffeeaccmegmlgjboppflieinleebdjfj*,malware,malicious,,spyware activity,https://chromewebstore.google.com/detail/ffeeaccmegmlgjboppflieinleebdjfj,critical,,2026-08-03,ExtSentry (github.com/mthcht/awesome-lists)
kphikjjhfimbdookdcfcfoflfgeflmcl,Kryon VPN,*kphikjjhfimbdookdcfcfoflfgeflmcl*,malware,malicious,,spyware activity,https://chromewebstore.google.com/detail/kphikjjhfimbdookdcfcfoflfgeflmcl,critical,,2026-08-03,ExtSentry (github.com/mthcht/awesome-lists)
kiojeclcnhejliaagjfoalgdmgdmniac,iceguard VPN,*kiojeclcnhejliaagjfoalgdmgdmniac*,malware,malicious,,spyware activity,https://chromewebstore.google.com/detail/kiojeclcnhejliaagjfoalgdmgdmniac,critical,,2026-08-03,ExtSentry (github.com/mthcht/awesome-lists)
kndpnpbcnbmgmeafbmpefkhbnfnpkpdb,IPSECVPN,*kndpnpbcnbmgmeafbmpefkhbnfnpkpdb*,malware,malicious,,spyware activity,https://chromewebstore.google.com/detail/kndpnpbcnbmgmeafbmpefkhbnfnpkpdb,critical,,2026-08-03,ExtSentry (github.com/mthcht/awesome-lists)
faihnblmeedkfdeghdhimhgcdkhcaphb,Iron Tunnel | Unlimited VPN,*faihnblmeedkfdeghdhimhgcdkhcaphb*,malware,malicious,,spyware activity,https://chromewebstore.google.com/detail/faihnblmeedkfdeghdhimhgcdkhcaphb,critical,,2026-08-03,ExtSentry (github.com/mthcht/awesome-lists)
bnbeodkfjfmfmoajcoecnckjjfeobbmd,CoProxy Free Proxy VPN,*bnbeodkfjfmfmoajcoecnckjjfeobbmd*,malware,malicious,,spyware activity,https://chromewebstore.google.com/detail/bnbeodkfjfmfmoajcoecnckjjfeobbmd,critical,,2026-08-03,ExtSentry (github.com/mthcht/awesome-lists)
dhhmopcmpiadcgchhhldcpoeppcofdic,Free VPN - Orchid | Unlimited VPN,*dhhmopcmpiadcgchhhldcpoeppcofdic*,malware,malicious,,spyware activity,https://chromewebstore.google.com/detail/dhhmopcmpiadcgchhhldcpoeppcofdic,critical,,2026-08-03,ExtSentry (github.com/mthcht/awesome-lists)
lkolfehkajahlomeongnkilfngfmabhd,Vpn chrome extension,*lkolfehkajahlomeongnkilfngfmabhd*,malware,malicious,,spyware activity,https://chromewebstore.google.com/detail/lkolfehkajahlomeongnkilfngfmabhd,critical,,2026-08-03,ExtSentry (github.com/mthcht/awesome-lists)
djhdoinjgecheiekbdmhcebijnaikonl,"Roamly: Free VPN Proxy for Chrome - Unblock Sites, Hide IP, Privacy",*djhdoinjgecheiekbdmhcebijnaikonl*,malware,malicious,,spyware activity,https://chromewebstore.google.com/detail/djhdoinjgecheiekbdmhcebijnaikonl,critical,,2026-08-03,ExtSentry (github.com/mthcht/awesome-lists)
hghhhfmjdmdgfjnpkmfbelagbdcjamek,Accel VPN,*hghhhfmjdmdgfjnpkmfbelagbdcjamek*,malware,malicious,,spyware activity,https://chromewebstore.google.com/detail/hghhhfmjdmdgfjnpkmfbelagbdcjamek,critical,,2026-08-03,ExtSentry (github.com/mthcht/awesome-lists)
mofnafclpcapghpjdoaanahkgcjfcece,Swift Proton VPN: Fast & Secure,*mofnafclpcapghpjdoaanahkgcjfcece*,malware,malicious,,spyware activity,https://chromewebstore.google.com/detail/mofnafclpcapghpjdoaanahkgcjfcece,critical,,2026-08-03,ExtSentry (github.com/mthcht/awesome-lists)
goecghjfhmlckpbnhoaliaolfhgmemal,Free vpn | Access to Notion,*goecghjfhmlckpbnhoaliaolfhgmemal*,malware,malicious,,spyware activity,https://chromewebstore.google.com/detail/goecghjfhmlckpbnhoaliaolfhgmemal,critical,,2026-08-03,ExtSentry (github.com/mthcht/awesome-lists)
knajdeaocbpmfghhmijicidfcmdgbdpm,"Guru VPN & Proxy, VPN to Unblock any sites",*knajdeaocbpmfghhmijicidfcmdgbdpm*,malware,malicious,,spyware activity,https://chromewebstore.google.com/detail/knajdeaocbpmfghhmijicidfcmdgbdpm,critical,,2026-08-03,ExtSentry (github.com/mthcht/awesome-lists)
pmecbbbdpikphhheojiiojjmcckdkink,VPN GLOBAL -Free VPN Extension for Windows,*pmecbbbdpikphhheojiiojjmcckdkink*,malware,malicious,,spyware activity,https://chromewebstore.google.com/detail/pmecbbbdpikphhheojiiojjmcckdkink,critical,,2026-08-03,ExtSentry (github.com/mthcht/awesome-lists)
igahhbkcppaollcjeaaoapkijbnphfhb,Social VPN,*igahhbkcppaollcjeaaoapkijbnphfhb*,malware,malicious,,spyware activity,https://chromewebstore.google.com/detail/igahhbkcppaollcjeaaoapkijbnphfhb,critical,,2026-08-03,ExtSentry (github.com/mthcht/awesome-lists)
ofbgjmmbmmdehioamfhccohdgiajbajj,Squid VPN - Hotspot VPN & Private Browser,*ofbgjmmbmmdehioamfhccohdgiajbajj*,malware,malicious,,spyware activity,https://chromewebstore.google.com/detail/ofbgjmmbmmdehioamfhccohdgiajbajj,critical,,2026-08-03,ExtSentry (github.com/mthcht/awesome-lists)
nmbgmmidnmpoebaopgafhmomioefilof,VPN Master,*nmbgmmidnmpoebaopgafhmomioefilof*,malware,malicious,,spyware activity,https://chromewebstore.google.com/detail/nmbgmmidnmpoebaopgafhmomioefilof,critical,,2026-08-03,ExtSentry (github.com/mthcht/awesome-lists)
jcbiifklmgnkppebelchllpdbnibihel,FreeVPN,*jcbiifklmgnkppebelchllpdbnibihel*,malware,malicious,,spyware activity,https://chromewebstore.google.com/detail/jcbiifklmgnkppebelchllpdbnibihel,critical,,2026-08-03,ExtSentry (github.com/mthcht/awesome-lists)
mknbkgdikangjebcpfcbkiioojainjnh,ModHeader,*mknbkgdikangjebcpfcbkiioojainjnh*,malware,malicious,https://hackindex.io/research/modheader-malware-chrome-spyware,,https://chromewebstore.google.com/detail/mknbkgdikangjebcpfcbkiioojainjnh,critical,,2026-08-03,ExtSentry (github.com/mthcht/awesome-lists)
idgpnmonknjnojddfkpgkljpfnnfcklj,ModHeader,*idgpnmonknjnojddfkpgkljpfnnfcklj*,malware,malicious,https://hackindex.io/research/modheader-malware-chrome-spyware,,https://chromewebstore.google.com/detail/idgpnmonknjnojddfkpgkljpfnnfcklj,critical,,2026-08-03,ExtSentry (github.com/mthcht/awesome-lists)
opgbiafapkbbnbnjcdomjaghbckfkglc,ModHeader,*opgbiafapkbbnbnjcdomjaghbckfkglc*,malware,malicious,https://hackindex.io/research/modheader-malware-chrome-spyware,,https://chromewebstore.google.com/detail/opgbiafapkbbnbnjcdomjaghbckfkglc,critical,,2026-08-03,ExtSentry (github.com/mthcht/awesome-lists)
kghcdbkokgjghlfeojcpeoclfnljkbdk,Video Downloader,*kghcdbkokgjghlfeojcpeoclfnljkbdk*,malware,malicious,https://www.koi.ai/blog/a-month-of-malware-in-the-chrome-web-store,,https://chromewebstore.google.com/detail/kghcdbkokgjghlfeojcpeoclfnljkbdk,critical,,2026-08-03,ExtSentry (github.com/mthcht/awesome-lists)
ndhaplegimoabombidcdfogcnpmcicik,Bass Booster,*ndhaplegimoabombidcdfogcnpmcicik*,malware,malicious,https://www.koi.ai/blog/a-month-of-malware-in-the-chrome-web-store,,https://chromewebstore.google.com/detail/ndhaplegimoabombidcdfogcnpmcicik,critical,,2026-08-03,ExtSentry (github.com/mthcht/awesome-lists)
ompafndkajgkoldjbgnbikogdkljinlb,Downloader For Instagram,*ompafndkajgkoldjbgnbikogdkljinlb*,malware,malicious,https://www.koi.ai/blog/a-month-of-malware-in-the-chrome-web-store,,https://chromewebstore.google.com/detail/ompafndkajgkoldjbgnbikogdkljinlb,critical,,2026-08-03,ExtSentry (github.com/mthcht/awesome-lists)
bhfelhfpjghfmhogedjnlmdpkbhmjhlf,Downloader For Instagram,*bhfelhfpjghfmhogedjnlmdpkbhmjhlf*,malware,malicious,https://www.koi.ai/blog/a-month-of-malware-in-the-chrome-web-store,,https://chromewebstore.google.com/detail/bhfelhfpjghfmhogedjnlmdpkbhmjhlf,critical,,2026-08-03,ExtSentry (github.com/mthcht/awesome-lists)
jkhapebnlgocjncbbfccgiepjlghehmj,Surfshark VPN,*jkhapebnlgocjncbbfccgiepjlghehmj*,PROXY/VPN,Defense Evasion,https://microsoftedge.microsoft.com/addons/detail/jkhapebnlgocjncbbfccgiepjlghehmj,,https://chromewebstore.google.com/detail/jkhapebnlgocjncbbfccgiepjlghehmj,high,,2026-08-03,ExtSentry (github.com/mthcht/awesome-lists)
jplnlifepflhkbkgonidnobkakhmpnmh,Private Internet Access – Proxy for Chrome,*jplnlifepflhkbkgonidnobkakhmpnmh*,PROXY/VPN,Defense Evasion,https://chromewebstore.google.com/detail/private-internet-access-%E2%80%93/jplnlifepflhkbkgonidnobkakhmpnmh,,https://chromewebstore.google.com/detail/jplnlifepflhkbkgonidnobkakhmpnmh,high,,2026-08-03,ExtSentry (github.com/mthcht/awesome-lists)
hhdobjgopfphlmjbmnpglhfcgppchgje,AdGuard VPN: free & secure proxy,*hhdobjgopfphlmjbmnpglhfcgppchgje*,PROXY/VPN,Defense Evasion,https://chromewebstore.google.com/detail/adguard-vpn-free-secure-p/hhdobjgopfphlmjbmnpglhfcgppchgje,,https://chromewebstore.google.com/detail/hhdobjgopfphlmjbmnpglhfcgppchgje,high,,2026-08-03,ExtSentry (github.com/mthcht/awesome-lists)
ighhnpmaabelnfcbbkijikgghajbiaml,Touch VPN - Secure and unlimited VPN proxy,*ighhnpmaabelnfcbbkijikgghajbiaml*,PROXY/VPN,Defense Evasion,https://microsoftedge.microsoft.com/addons/detail/touch-vpn-secure-and-un/ighhnpmaabelnfcbbkijikgghajbiaml,,https://chromewebstore.google.com/detail/ighhnpmaabelnfcbbkijikgghajbiaml,high,,2026-08-03,ExtSentry (github.com/mthcht/awesome-lists)
pmdjjeplkafhkdjebfaoaljknbmilfgo,Picture in Picture for Videos,*pmdjjeplkafhkdjebfaoaljknbmilfgo*,malware,malicious,https://palant.info/2025/01/20/malicious-extensions-circumvent-googles-remote-code-ban/#netflix-party,,https://chromewebstore.google.com/detail/pmdjjeplkafhkdjebfaoaljknbmilfgo,critical,,2026-08-03,ExtSentry (github.com/mthcht/awesome-lists)
okepkpmjhegbhmnnondmminfgfbjddpb,Video Ad Block Youtube,*okepkpmjhegbhmnnondmminfgfbjddpb*,malware,malicious,https://palant.info/2025/01/20/malicious-extensions-circumvent-googles-remote-code-ban/#netflix-party,,https://chromewebstore.google.com/detail/okepkpmjhegbhmnnondmminfgfbjddpb,critical,,2026-08-03,ExtSentry (github.com/mthcht/awesome-lists)
njjbfkooniaeodkimaidbpginjcmhmbm,Free adblocker,*njjbfkooniaeodkimaidbpginjcmhmbm*,malware,malicious,https://palant.info/2025/01/20/malicious-extensions-circumvent-googles-remote-code-ban/#netflix-party,,https://chromewebstore.google.com/detail/njjbfkooniaeodkimaidbpginjcmhmbm,critical,,2026-08-03,ExtSentry (github.com/mthcht/awesome-lists)
mmnbenehknklpbendgmgngeaignppnbe,Netflix Party,*mmnbenehknklpbendgmgngeaignppnbe*,malware,malicious,https://palant.info/2025/01/20/malicious-extensions-circumvent-googles-remote-code-ban/#netflix-party,,https://chromewebstore.google.com/detail/mmnbenehknklpbendgmgngeaignppnbe,critical,,2026-08-03,ExtSentry (github.com/mthcht/awesome-lists)
jcbjcocinigpbgfpnhlpagidbmlngnnn,Adblock for Browser,*jcbjcocinigpbgfpnhlpagidbmlngnnn*,malware,malicious,https://palant.info/2025/01/20/malicious-extensions-circumvent-googles-remote-code-ban/#netflix-party,,https://chromewebstore.google.com/detail/jcbjcocinigpbgfpnhlpagidbmlngnnn,critical,,2026-08-03,ExtSentry (github.com/mthcht/awesome-lists)
iojpcjjdfhlcbgjnpngcmaojmlokmeii,Smart Adblocker,*iojpcjjdfhlcbgjnpngcmaojmlokmeii*,malware,malicious,https://palant.info/2025/01/20/malicious-extensions-circumvent-googles-remote-code-ban/#netflix-party,,https://chromewebstore.google.com/detail/iojpcjjdfhlcbgjnpngcmaojmlokmeii,critical,,2026-08-03,ExtSentry (github.com/mthcht/awesome-lists)
hmbnhhcgiecenbbkgdoaoafjpeaboine,Autoskip for Youtube™ Ads,*hmbnhhcgiecenbbkgdoaoafjpeaboine*,malware,malicious,https://palant.info/2025/01/20/malicious-extensions-circumvent-googles-remote-code-ban/#netflix-party,,https://chromewebstore.google.com/detail/hmbnhhcgiecenbbkgdoaoafjpeaboine,critical,,2026-08-03,ExtSentry (github.com/mthcht/awesome-lists)
gbnahglfafmhaehbdmjedfhdmimjcbed,"AutoBuy Flash Sales, Deals, and Coupons",*gbnahglfafmhaehbdmjedfhdmimjcbed*,malware,malicious,https://palant.info/2025/01/20/malicious-extensions-circumvent-googles-remote-code-ban/#netflix-party,,https://chromewebstore.google.com/detail/gbnahglfafmhaehbdmjedfhdmimjcbed,critical,,2026-08-03,ExtSentry (github.com/mthcht/awesome-lists)
gbdjcgalliefpinpmggefbloehmmknca,Adblock all advertisement - No Ads extension,*gbdjcgalliefpinpmggefbloehmmknca*,malware,malicious,https://palant.info/2025/01/20/malicious-extensions-circumvent-googles-remote-code-ban/#netflix-party,,https://chromewebstore.google.com/detail/gbdjcgalliefpinpmggefbloehmmknca,critical,,2026-08-03,ExtSentry (github.com/mthcht/awesome-lists)
fkjngjgmgbfelejhbjblhjkehchifpcj,Smart Auto Refresh,*fkjngjgmgbfelejhbjblhjkehchifpcj*,malware,malicious,https://palant.info/2025/01/20/malicious-extensions-circumvent-googles-remote-code-ban/#netflix-party,,https://chromewebstore.google.com/detail/fkjngjgmgbfelejhbjblhjkehchifpcj,critical,,2026-08-03,ExtSentry (github.com/mthcht/awesome-lists)
ffejlioijcokmblckiijnjcmfidjppdn,Auto Refresh Plus,*ffejlioijcokmblckiijnjcmfidjppdn*,malware,malicious,https://palant.info/2025/01/20/malicious-extensions-circumvent-googles-remote-code-ban/#netflix-party,,https://chromewebstore.google.com/detail/ffejlioijcokmblckiijnjcmfidjppdn,critical,,2026-08-03,ExtSentry (github.com/mthcht/awesome-lists)
bihmplhobchoageeokmgbdihknkjbknd,Touch VPN - Secure and unlimited VPN proxy,*bihmplhobchoageeokmgbdihknkjbknd*,PROXY/VPN,Defense Evasion,https://chromewebstore.google.com/detail/omdakjcmkglenbhjadbccaookpfjihpa,Bypassing enterprise security,https://chromewebstore.google.com/detail/bihmplhobchoageeokmgbdihknkjbknd,high,,2026-08-03,ExtSentry (github.com/mthcht/awesome-lists)
fcfhplploccackoneaefokcmbjfbkenj,Free VPN for Chrome - VPN Proxy 1clickVPN,*fcfhplploccackoneaefokcmbjfbkenj*,PROXY/VPN,Defense Evasion,https://chromewebstore.google.com/detail/omdakjcmkglenbhjadbccaookpfjihpa,Bypassing enterprise security,https://chromewebstore.google.com/detail/fcfhplploccackoneaefokcmbjfbkenj,high,,2026-08-03,ExtSentry (github.com/mthcht/awesome-lists)
adlpodnneegcnbophopdmhedicjbcgco,Free VPN for Chrome - Troywell VPN,*adlpodnneegcnbophopdmhedicjbcgco*,PROXY/VPN,Defense Evasion,https://chromewebstore.google.com/detail/omdakjcmkglenbhjadbccaookpfjihpa,Bypassing enterprise security,https://chromewebstore.google.com/detail/adlpodnneegcnbophopdmhedicjbcgco,high,,2026-08-03,ExtSentry (github.com/mthcht/awesome-lists)
jplgfhpmjnbigmhklmmbgecoobifkmpa,Proton VPN: Fast & Secure,*jplgfhpmjnbigmhklmmbgecoobifkmpa*,PROXY/VPN,Defense Evasion,https://chromewebstore.google.com/detail/omdakjcmkglenbhjadbccaookpfjihpa,Bypassing enterprise security,https://chromewebstore.google.com/detail/jplgfhpmjnbigmhklmmbgecoobifkmpa,high,,2026-08-03,ExtSentry (github.com/mthcht/awesome-lists)
bfidboloedlamgdmenmlbipfnccokknp,PureVPN Proxy - Best VPN for Chrome,*bfidboloedlamgdmenmlbipfnccokknp*,PROXY/VPN,Defense Evasion,https://chromewebstore.google.com/detail/omdakjcmkglenbhjadbccaookpfjihpa,Bypassing enterprise security,https://chromewebstore.google.com/detail/bfidboloedlamgdmenmlbipfnccokknp,high,,2026-08-03,ExtSentry (github.com/mthcht/awesome-lists)
oofgbpoabipfcfjapgnbbjjaenockbdp,SetupVPN - Lifetime Free VPN,*oofgbpoabipfcfjapgnbbjjaenockbdp*,PROXY/VPN,Defense Evasion,https://chromewebstore.google.com/detail/omdakjcmkglenbhjadbccaookpfjihpa,Bypassing enterprise security,https://chromewebstore.google.com/detail/oofgbpoabipfcfjapgnbbjjaenockbdp,high,,2026-08-03,ExtSentry (github.com/mthcht/awesome-lists)
fdcgdnkidjaadafnichfpabhfomcebme,Free VPN ZenMate-Best VPN for Chrome,*fdcgdnkidjaadafnichfpabhfomcebme*,PROXY/VPN,Defense Evasion,https://chromewebstore.google.com/detail/omdakjcmkglenbhjadbccaookpfjihpa,Bypassing enterprise security,https://chromewebstore.google.com/detail/fdcgdnkidjaadafnichfpabhfomcebme,high,,2026-08-03,ExtSentry (github.com/mthcht/awesome-lists)
omdakjcmkglenbhjadbccaookpfjihpa,TunnelBear VPN,*omdakjcmkglenbhjadbccaookpfjihpa*,PROXY/VPN,Defense Evasion,https://chromewebstore.google.com/detail/omdakjcmkglenbhjadbccaookpfjihpa,Bypassing enterprise security,https://chromewebstore.google.com/detail/omdakjcmkglenbhjadbccaookpfjihpa,high,,2026-08-03,ExtSentry (github.com/mthcht/awesome-lists)
nlfkaldinolmacagmiddfpnfaeclfibn,AI Chat to PDF,*nlfkaldinolmacagmiddfpnfaeclfibn*,malware,malicious,https://www.island.io/blog/badblocker-11-million-users-one-server-call-away-from-compromise,This extension inject malicious scripts to capture users credentials - email content and browsing activity and send that sensitive data to attacker-controlled infrastructure for unauthorized access and theft.,https://chromewebstore.google.com/detail/nlfkaldinolmacagmiddfpnfaeclfibn,critical,,2026-08-03,ExtSentry (github.com/mthcht/awesome-lists)
cmedhionkhpnakcndndgjdbohmhepckk,Adblock for Youtube™,*cmedhionkhpnakcndndgjdbohmhepckk*,malware,malicious,https://www.island.io/blog/badblocker-11-million-users-one-server-call-away-from-compromise,arbitrary JavaScript execution on any website,https://chromewebstore.google.com/detail/cmedhionkhpnakcndndgjdbohmhepckk,critical,,2026-08-03,ExtSentry (github.com/mthcht/awesome-lists)
gekoepiplklhniacchbbgbhilidiojmb,AdBlock Suite,*gekoepiplklhniacchbbgbhilidiojmb*,malware,malicious,https://www.island.io/blog/badblocker-11-million-users-one-server-call-away-from-compromise,arbitrary JavaScript execution on any website,https://chromewebstore.google.com/detail/gekoepiplklhniacchbbgbhilidiojmb,critical,,2026-08-03,ExtSentry (github.com/mthcht/awesome-lists)
pamnlaoeobcmhkliljfaofekeddpmfoh,Web to PDF,*pamnlaoeobcmhkliljfaofekeddpmfoh*,malware,malicious,https://chromewebstore.google.com/detail/web-to-pdf/pamnlaoeobcmhkliljfaofekeddpmfoh,linked to LevelBlue Labs report: Infrastructure of Interest: Medium Confidence InfoStealer - blocking just in case,https://chromewebstore.google.com/detail/pamnlaoeobcmhkliljfaofekeddpmfoh,critical,c3c45ac09dbda8cb8b7e1cd347e0cac30736e485d8f2606668c7902d8ec4930b,2026-08-03,ExtSentry (github.com/mthcht/awesome-lists)
abcidfelbbfbijdeilhlgmgejdbappaj,wallpaper adwares,*abcidfelbbfbijdeilhlgmgejdbappaj*,malware,malicious,https://github.com/PaloAltoNetworks/Unit42-timely-threat-intel/blob/main/2026-06-01-Adware-Wallpaper-Chrome-Extension-Campaign.txt,,https://chromewebstore.google.com/detail/abcidfelbbfbijdeilhlgmgejdbappaj,critical,,2026-08-03,ExtSentry (github.com/mthcht/awesome-lists)
adiolfenpimdeonhngpkbjbjjcopdfdp,wallpaper adwares,*adiolfenpimdeonhngpkbjbjjcopdfdp*,malware,malicious,https://github.com/PaloAltoNetworks/Unit42-timely-threat-intel/blob/main/2026-06-01-Adware-Wallpaper-Chrome-Extension-Campaign.txt,,https://chromewebstore.google.com/detail/adiolfenpimdeonhngpkbjbjjcopdfdp,critical,,2026-08-03,ExtSentry (github.com/mthcht/awesome-lists)
bbbbneobfdbkipmlgpapfjabfggogdij,wallpaper adwares,*bbbbneobfdbkipmlgpapfjabfggogdij*,malware,malicious,https://github.com/PaloAltoNetworks/Unit42-timely-threat-intel/blob/main/2026-06-01-Adware-Wallpaper-Chrome-Extension-Campaign.txt,,https://chromewebstore.google.com/detail/bbbbneobfdbkipmlgpapfjabfggogdij,critical,,2026-08-03,ExtSentry (github.com/mthcht/awesome-lists)
bbdejfjnpbdjbdnibpmiegbdfbngbahn,wallpaper adwares,*bbdejfjnpbdjbdnibpmiegbdfbngbahn*,malware,malicious,https://github.com/PaloAltoNetworks/Unit42-timely-threat-intel/blob/main/2026-06-01-Adware-Wallpaper-Chrome-Extension-Campaign.txt,,https://chromewebstore.google.com/detail/bbdejfjnpbdjbdnibpmiegbdfbngbahn,critical,,2026-08-03,ExtSentry (github.com/mthcht/awesome-lists)
bdnlfekadefohaaphlndnnieaolmpaao,wallpaper adwares,*bdnlfekadefohaaphlndnnieaolmpaao*,malware,malicious,https://github.com/PaloAltoNetworks/Unit42-timely-threat-intel/blob/main/2026-06-01-Adware-Wallpaper-Chrome-Extension-Campaign.txt,,https://chromewebstore.google.com/detail/bdnlfekadefohaaphlndnnieaolmpaao,critical,,2026-08-03,ExtSentry (github.com/mthcht/awesome-lists)
belplhjdnniinakggihimnikmhiijenk,wallpaper adwares,*belplhjdnniinakggihimnikmhiijenk*,malware,malicious,https://github.com/PaloAltoNetworks/Unit42-timely-threat-intel/blob/main/2026-06-01-Adware-Wallpaper-Chrome-Extension-Campaign.txt,,https://chromewebstore.google.com/detail/belplhjdnniinakggihimnikmhiijenk,critical,,2026-08-03,ExtSentry (github.com/mthcht/awesome-lists)
bfkaeaehpekfmfkbindbledlfcbammaa,wallpaper adwares,*bfkaeaehpekfmfkbindbledlfcbammaa*,malware,malicious,https://github.com/PaloAltoNetworks/Unit42-timely-threat-intel/blob/main/2026-06-01-Adware-Wallpaper-Chrome-Extension-Campaign.txt,,https://chromewebstore.google.com/detail/bfkaeaehpekfmfkbindbledlfcbammaa,critical,,2026-08-03,ExtSentry (github.com/mthcht/awesome-lists)
cdfjefamdaghbhmlddgnfneonpjbbehp,wallpaper adwares,*cdfjefamdaghbhmlddgnfneonpjbbehp*,malware,malicious,https://github.com/PaloAltoNetworks/Unit42-timely-threat-intel/blob/main/2026-06-01-Adware-Wallpaper-Chrome-Extension-Campaign.txt,,https://chromewebstore.google.com/detail/cdfjefamdaghbhmlddgnfneonpjbbehp,critical,,2026-08-03,ExtSentry (github.com/mthcht/awesome-lists)
cgopijlpehalkmakdjmhjonljokilban,wallpaper adwares,*cgopijlpehalkmakdjmhjonljokilban*,malware,malicious,https://github.com/PaloAltoNetworks/Unit42-timely-threat-intel/blob/main/2026-06-01-Adware-Wallpaper-Chrome-Extension-Campaign.txt,,https://chromewebstore.google.com/detail/cgopijlpehalkmakdjmhjonljokilban,critical,,2026-08-03,ExtSentry (github.com/mthcht/awesome-lists)
clddibaehbcaahnmhnjbnbkccbmghago,wallpaper adwares,*clddibaehbcaahnmhnjbnbkccbmghago*,malware,malicious,https://github.com/PaloAltoNetworks/Unit42-timely-threat-intel/blob/main/2026-06-01-Adware-Wallpaper-Chrome-Extension-Campaign.txt,,https://chromewebstore.google.com/detail/clddibaehbcaahnmhnjbnbkccbmghago,critical,,2026-08-03,ExtSentry (github.com/mthcht/awesome-lists)
cnlabipcnjebmibdelcindmhkkchndpd,wallpaper adwares,*cnlabipcnjebmibdelcindmhkkchndpd*,malware,malicious,https://github.com/PaloAltoNetworks/Unit42-timely-threat-intel/blob/main/2026-06-01-Adware-Wallpaper-Chrome-Extension-Campaign.txt,,https://chromewebstore.google.com/detail/cnlabipcnjebmibdelcindmhkkchndpd,critical,,2026-08-03,ExtSentry (github.com/mthcht/awesome-lists)
cpddjnopcpkpdhkhnimmgnniiglambdl,wallpaper adwares,*cpddjnopcpkpdhkhnimmgnniiglambdl*,malware,malicious,https://github.com/PaloAltoNetworks/Unit42-timely-threat-intel/blob/main/2026-06-01-Adware-Wallpaper-Chrome-Extension-Campaign.txt,,https://chromewebstore.google.com/detail/cpddjnopcpkpdhkhnimmgnniiglambdl,critical,,2026-08-03,ExtSentry (github.com/mthcht/awesome-lists)
dbfgidnodecgmmademfkaddkjidikobd,wallpaper adwares,*dbfgidnodecgmmademfkaddkjidikobd*,malware,malicious,https://github.com/PaloAltoNetworks/Unit42-timely-threat-intel/blob/main/2026-06-01-Adware-Wallpaper-Chrome-Extension-Campaign.txt,,https://chromewebstore.google.com/detail/dbfgidnodecgmmademfkaddkjidikobd,critical,,2026-08-03,ExtSentry (github.com/mthcht/awesome-lists)
dhllmgbdfgblbeckhcidmbcamonplgmg,wallpaper adwares,*dhllmgbdfgblbeckhcidmbcamonplgmg*,malware,malicious,https://github.com/PaloAltoNetworks/Unit42-timely-threat-intel/blob/main/2026-06-01-Adware-Wallpaper-Chrome-Extension-Campaign.txt,,https://chromewebstore.google.com/detail/dhllmgbdfgblbeckhcidmbcamonplgmg,critical,,2026-08-03,ExtSentry (github.com/mthcht/awesome-lists)
djlolemkfmghdipoalonefccpgjbfanc,wallpaper adwares,*djlolemkfmghdipoalonefccpgjbfanc*,malware,malicious,https://github.com/PaloAltoNetworks/Unit42-timely-threat-intel/blob/main/2026-06-01-Adware-Wallpaper-Chrome-Extension-Campaign.txt,,https://chromewebstore.google.com/detail/djlolemkfmghdipoalonefccpgjbfanc,critical,,2026-08-03,ExtSentry (github.com/mthcht/awesome-lists)
dligcnabijlnmgbamdiakeoencoomaef,wallpaper adwares,*dligcnabijlnmgbamdiakeoencoomaef*,malware,malicious,https://github.com/PaloAltoNetworks/Unit42-timely-threat-intel/blob/main/2026-06-01-Adware-Wallpaper-Chrome-Extension-Campaign.txt,,https://chromewebstore.google.com/detail/dligcnabijlnmgbamdiakeoencoomaef,critical,,2026-08-03,ExtSentry (github.com/mthcht/awesome-lists)
ecbkfpnhjofeoimpihdlbcjcedjdllin,wallpaper adwares,*ecbkfpnhjofeoimpihdlbcjcedjdllin*,malware,malicious,https://github.com/PaloAltoNetworks/Unit42-timely-threat-intel/blob/main/2026-06-01-Adware-Wallpaper-Chrome-Extension-Campaign.txt,,https://chromewebstore.google.com/detail/ecbkfpnhjofeoimpihdlbcjcedjdllin,critical,,2026-08-03,ExtSentry (github.com/mthcht/awesome-lists)
eeicldodfhmgcjedepfmmpdpibebgkbl,wallpaper adwares,*eeicldodfhmgcjedepfmmpdpibebgkbl*,malware,malicious,https://github.com/PaloAltoNetworks/Unit42-timely-threat-intel/blob/main/2026-06-01-Adware-Wallpaper-Chrome-Extension-Campaign.txt,,https://chromewebstore.google.com/detail/eeicldodfhmgcjedepfmmpdpibebgkbl,critical,,2026-08-03,ExtSentry (github.com/mthcht/awesome-lists)
ekgffgmnoaclljkicakkmobeoeeahmac,wallpaper adwares,*ekgffgmnoaclljkicakkmobeoeeahmac*,malware,malicious,https://github.com/PaloAltoNetworks/Unit42-timely-threat-intel/blob/main/2026-06-01-Adware-Wallpaper-Chrome-Extension-Campaign.txt,,https://chromewebstore.google.com/detail/ekgffgmnoaclljkicakkmobeoeeahmac,critical,,2026-08-03,ExtSentry (github.com/mthcht/awesome-lists)
enbiohidhjmepichhkjgbgppabjembml,wallpaper adwares,*enbiohidhjmepichhkjgbgppabjembml*,malware,malicious,https://github.com/PaloAltoNetworks/Unit42-timely-threat-intel/blob/main/2026-06-01-Adware-Wallpaper-Chrome-Extension-Campaign.txt,,https://chromewebstore.google.com/detail/enbiohidhjmepichhkjgbgppabjembml,critical,,2026-08-03,ExtSentry (github.com/mthcht/awesome-lists)
famoeaahdjkggighmjpagpjmcmbinkia,wallpaper adwares,*famoeaahdjkggighmjpagpjmcmbinkia*,malware,malicious,https://github.com/PaloAltoNetworks/Unit42-timely-threat-intel/blob/main/2026-06-01-Adware-Wallpaper-Chrome-Extension-Campaign.txt,,https://chromewebstore.google.com/detail/famoeaahdjkggighmjpagpjmcmbinkia,critical,,2026-08-03,ExtSentry (github.com/mthcht/awesome-lists)
fipehnelbojemafmdmhdkphjnafdnfle,wallpaper adwares,*fipehnelbojemafmdmhdkphjnafdnfle*,malware,malicious,https://github.com/PaloAltoNetworks/Unit42-timely-threat-intel/blob/main/2026-06-01-Adware-Wallpaper-Chrome-Extension-Campaign.txt,,https://chromewebstore.google.com/detail/fipehnelbojemafmdmhdkphjnafdnfle,critical,,2026-08-03,ExtSentry (github.com/mthcht/awesome-lists)
flomkgojkgpbholngecnpopgafijhenn,wallpaper adwares,*flomkgojkgpbholngecnpopgafijhenn*,malware,malicious,https://github.com/PaloAltoNetworks/Unit42-timely-threat-intel/blob/main/2026-06-01-Adware-Wallpaper-Chrome-Extension-Campaign.txt,,https://chromewebstore.google.com/detail/flomkgojkgpbholngecnpopgafijhenn,critical,,2026-08-03,ExtSentry (github.com/mthcht/awesome-lists)
fnfaggodhehejkigojefdehaffoneokd,wallpaper adwares,*fnfaggodhehejkigojefdehaffoneokd*,malware,malicious,https://github.com/PaloAltoNetworks/Unit42-timely-threat-intel/blob/main/2026-06-01-Adware-Wallpaper-Chrome-Extension-Campaign.txt,,https://chromewebstore.google.com/detail/fnfaggodhehejkigojefdehaffoneokd,critical,,2026-08-03,ExtSentry (github.com/mthcht/awesome-lists)
fnfhdeimoegdjjpnmlpfjpchpmndamii,wallpaper adwares,*fnfhdeimoegdjjpnmlpfjpchpmndamii*,malware,malicious,https://github.com/PaloAltoNetworks/Unit42-timely-threat-intel/blob/main/2026-06-01-Adware-Wallpaper-Chrome-Extension-Campaign.txt,,https://chromewebstore.google.com/detail/fnfhdeimoegdjjpnmlpfjpchpmndamii,critical,,2026-08-03,ExtSentry (github.com/mthcht/awesome-lists)
gejcmgekakacmlccopnlhanpipkfggcn,wallpaper adwares,*gejcmgekakacmlccopnlhanpipkfggcn*,malware,malicious,https://github.com/PaloAltoNetworks/Unit42-timely-threat-intel/blob/main/2026-06-01-Adware-Wallpaper-Chrome-Extension-Campaign.txt,,https://chromewebstore.google.com/detail/gejcmgekakacmlccopnlhanpipkfggcn,critical,,2026-08-03,ExtSentry (github.com/mthcht/awesome-lists)
gljmgepjbkfkcgepikciaeiihgfbfljf,wallpaper adwares,*gljmgepjbkfkcgepikciaeiihgfbfljf*,malware,malicious,https://github.com/PaloAltoNetworks/Unit42-timely-threat-intel/blob/main/2026-06-01-Adware-Wallpaper-Chrome-Extension-Campaign.txt,,https://chromewebstore.google.com/detail/gljmgepjbkfkcgepikciaeiihgfbfljf,critical,,2026-08-03,ExtSentry (github.com/mthcht/awesome-lists)
gpkgjopaiakcnokecmocecnbpghkkjhg,wallpaper adwares,*gpkgjopaiakcnokecmocecnbpghkkjhg*,malware,malicious,https://github.com/PaloAltoNetworks/Unit42-timely-threat-intel/blob/main/2026-06-01-Adware-Wallpaper-Chrome-Extension-Campaign.txt,,https://chromewebstore.google.com/detail/gpkgjopaiakcnokecmocecnbpghkkjhg,critical,,2026-08-03,ExtSentry (github.com/mthcht/awesome-lists)
hnhdhliichckphekkkgpopiicfdbcocc,wallpaper adwares,*hnhdhliichckphekkkgpopiicfdbcocc*,malware,malicious,https://github.com/PaloAltoNetworks/Unit42-timely-threat-intel/blob/main/2026-06-01-Adware-Wallpaper-Chrome-Extension-Campaign.txt,,https://chromewebstore.google.com/detail/hnhdhliichckphekkkgpopiicfdbcocc,critical,,2026-08-03,ExtSentry (github.com/mthcht/awesome-lists)
iagfghcakcckojogakhmdeebmkkjldfb,wallpaper adwares,*iagfghcakcckojogakhmdeebmkkjldfb*,malware,malicious,https://github.com/PaloAltoNetworks/Unit42-timely-threat-intel/blob/main/2026-06-01-Adware-Wallpaper-Chrome-Extension-Campaign.txt,,https://chromewebstore.google.com/detail/iagfghcakcckojogakhmdeebmkkjldfb,critical,,2026-08-03,ExtSentry (github.com/mthcht/awesome-lists)
iccidfcfcknibmadeplfehdinbeghbej,wallpaper adwares,*iccidfcfcknibmadeplfehdinbeghbej*,malware,malicious,https://github.com/PaloAltoNetworks/Unit42-timely-threat-intel/blob/main/2026-06-01-Adware-Wallpaper-Chrome-Extension-Campaign.txt,,https://chromewebstore.google.com/detail/iccidfcfcknibmadeplfehdinbeghbej,critical,,2026-08-03,ExtSentry (github.com/mthcht/awesome-lists)
ichbopbcihgldmgbgijfllfikfpeamlo,wallpaper adwares,*ichbopbcihgldmgbgijfllfikfpeamlo*,malware,malicious,https://github.com/PaloAltoNetworks/Unit42-timely-threat-intel/blob/main/2026-06-01-Adware-Wallpaper-Chrome-Extension-Campaign.txt,,https://chromewebstore.google.com/detail/ichbopbcihgldmgbgijfllfikfpeamlo,critical,,2026-08-03,ExtSentry (github.com/mthcht/awesome-lists)
imaibfagcdapbapmnepebaamfgjpdidk,wallpaper adwares,*imaibfagcdapbapmnepebaamfgjpdidk*,malware,malicious,https://github.com/PaloAltoNetworks/Unit42-timely-threat-intel/blob/main/2026-06-01-Adware-Wallpaper-Chrome-Extension-Campaign.txt,,https://chromewebstore.google.com/detail/imaibfagcdapbapmnepebaamfgjpdidk,critical,,2026-08-03,ExtSentry (github.com/mthcht/awesome-lists)
ippdfgpdnmndlebdgggkgpapaffdcabp,wallpaper adwares,*ippdfgpdnmndlebdgggkgpapaffdcabp*,malware,malicious,https://github.com/PaloAltoNetworks/Unit42-timely-threat-intel/blob/main/2026-06-01-Adware-Wallpaper-Chrome-Extension-Campaign.txt,,https://chromewebstore.google.com/detail/ippdfgpdnmndlebdgggkgpapaffdcabp,critical,,2026-08-03,ExtSentry (github.com/mthcht/awesome-lists)
jbaghkaihalnmkknemcgjikkimiecgpn,wallpaper adwares,*jbaghkaihalnmkknemcgjikkimiecgpn*,malware,malicious,https://github.com/PaloAltoNetworks/Unit42-timely-threat-intel/blob/main/2026-06-01-Adware-Wallpaper-Chrome-Extension-Campaign.txt,,https://chromewebstore.google.com/detail/jbaghkaihalnmkknemcgjikkimiecgpn,critical,,2026-08-03,ExtSentry (github.com/mthcht/awesome-lists)
jeoonjgjpiepmdcmgcdnadamojoefbad,wallpaper adwares,*jeoonjgjpiepmdcmgcdnadamojoefbad*,malware,malicious,https://github.com/PaloAltoNetworks/Unit42-timely-threat-intel/blob/main/2026-06-01-Adware-Wallpaper-Chrome-Extension-Campaign.txt,,https://chromewebstore.google.com/detail/jeoonjgjpiepmdcmgcdnadamojoefbad,critical,,2026-08-03,ExtSentry (github.com/mthcht/awesome-lists)
jneelgnlhodkmclkcnooopnfmamckbgf,wallpaper adwares,*jneelgnlhodkmclkcnooopnfmamckbgf*,malware,malicious,https://github.com/PaloAltoNetworks/Unit42-timely-threat-intel/blob/main/2026-06-01-Adware-Wallpaper-Chrome-Extension-Campaign.txt,,https://chromewebstore.google.com/detail/jneelgnlhodkmclkcnooopnfmamckbgf,critical,,2026-08-03,ExtSentry (github.com/mthcht/awesome-lists)
jnnkcihkpoljaejgnmaohgbodpdmfmdg,wallpaper adwares,*jnnkcihkpoljaejgnmaohgbodpdmfmdg*,malware,malicious,https://github.com/PaloAltoNetworks/Unit42-timely-threat-intel/blob/main/2026-06-01-Adware-Wallpaper-Chrome-Extension-Campaign.txt,,https://chromewebstore.google.com/detail/jnnkcihkpoljaejgnmaohgbodpdmfmdg,critical,,2026-08-03,ExtSentry (github.com/mthcht/awesome-lists)
kjdbfkbkiepbabfjncinoeclenkcgbmf,wallpaper adwares,*kjdbfkbkiepbabfjncinoeclenkcgbmf*,malware,malicious,https://github.com/PaloAltoNetworks/Unit42-timely-threat-intel/blob/main/2026-06-01-Adware-Wallpaper-Chrome-Extension-Campaign.txt,,https://chromewebstore.google.com/detail/kjdbfkbkiepbabfjncinoeclenkcgbmf,critical,,2026-08-03,ExtSentry (github.com/mthcht/awesome-lists)
kjhnajdlflnfmfdghcckbngdchajaime,wallpaper adwares,*kjhnajdlflnfmfdghcckbngdchajaime*,malware,malicious,https://github.com/PaloAltoNetworks/Unit42-timely-threat-intel/blob/main/2026-06-01-Adware-Wallpaper-Chrome-Extension-Campaign.txt,,https://chromewebstore.google.com/detail/kjhnajdlflnfmfdghcckbngdchajaime,critical,,2026-08-03,ExtSentry (github.com/mthcht/awesome-lists)
klgebnlgcgpinhblnheofececjjaaofd,wallpaper adwares,*klgebnlgcgpinhblnheofececjjaaofd*,malware,malicious,https://github.com/PaloAltoNetworks/Unit42-timely-threat-intel/blob/main/2026-06-01-Adware-Wallpaper-Chrome-Extension-Campaign.txt,,https://chromewebstore.google.com/detail/klgebnlgcgpinhblnheofececjjaaofd,critical,,2026-08-03,ExtSentry (github.com/mthcht/awesome-lists)
kocbandikoadlapjnhpgbimaoncpnkpi,wallpaper adwares,*kocbandikoadlapjnhpgbimaoncpnkpi*,malware,malicious,https://github.com/PaloAltoNetworks/Unit42-timely-threat-intel/blob/main/2026-06-01-Adware-Wallpaper-Chrome-Extension-Campaign.txt,,https://chromewebstore.google.com/detail/kocbandikoadlapjnhpgbimaoncpnkpi,critical,,2026-08-03,ExtSentry (github.com/mthcht/awesome-lists)
laombeiddkmdfbnfobjgebnfaedefidp,wallpaper adwares,*laombeiddkmdfbnfobjgebnfaedefidp*,malware,malicious,https://github.com/PaloAltoNetworks/Unit42-timely-threat-intel/blob/main/2026-06-01-Adware-Wallpaper-Chrome-Extension-Campaign.txt,,https://chromewebstore.google.com/detail/laombeiddkmdfbnfobjgebnfaedefidp,critical,,2026-08-03,ExtSentry (github.com/mthcht/awesome-lists)
lappfnpdgnphiodelgopbncadpoldica,wallpaper adwares,*lappfnpdgnphiodelgopbncadpoldica*,malware,malicious,https://github.com/PaloAltoNetworks/Unit42-timely-threat-intel/blob/main/2026-06-01-Adware-Wallpaper-Chrome-Extension-Campaign.txt,,https://chromewebstore.google.com/detail/lappfnpdgnphiodelgopbncadpoldica,critical,,2026-08-03,ExtSentry (github.com/mthcht/awesome-lists)
liimhladbmdgppodfomkkcppkfbkmjbm,wallpaper adwares,*liimhladbmdgppodfomkkcppkfbkmjbm*,malware,malicious,https://github.com/PaloAltoNetworks/Unit42-timely-threat-intel/blob/main/2026-06-01-Adware-Wallpaper-Chrome-Extension-Campaign.txt,,https://chromewebstore.google.com/detail/liimhladbmdgppodfomkkcppkfbkmjbm,critical,,2026-08-03,ExtSentry (github.com/mthcht/awesome-lists)
ljpapggfdnpbagfbfnlolopaiknkbbmb,wallpaper adwares,*ljpapggfdnpbagfbfnlolopaiknkbbmb*,malware,malicious,https://github.com/PaloAltoNetworks/Unit42-timely-threat-intel/blob/main/2026-06-01-Adware-Wallpaper-Chrome-Extension-Campaign.txt,,https://chromewebstore.google.com/detail/ljpapggfdnpbagfbfnlolopaiknkbbmb,critical,,2026-08-03,ExtSentry (github.com/mthcht/awesome-lists)
mefpdeoonpdjecmnekooffdonpllblnb,wallpaper adwares,*mefpdeoonpdjecmnekooffdonpllblnb*,malware,malicious,https://github.com/PaloAltoNetworks/Unit42-timely-threat-intel/blob/main/2026-06-01-Adware-Wallpaper-Chrome-Extension-Campaign.txt,,https://chromewebstore.google.com/detail/mefpdeoonpdjecmnekooffdonpllblnb,critical,,2026-08-03,ExtSentry (github.com/mthcht/awesome-lists)
mifhdbomjebcedjhoclccddgmmjhpkne,wallpaper adwares,*mifhdbomjebcedjhoclccddgmmjhpkne*,malware,malicious,https://github.com/PaloAltoNetworks/Unit42-timely-threat-intel/blob/main/2026-06-01-Adware-Wallpaper-Chrome-Extension-Campaign.txt,,https://chromewebstore.google.com/detail/mifhdbomjebcedjhoclccddgmmjhpkne,critical,,2026-08-03,ExtSentry (github.com/mthcht/awesome-lists)
mjoehhmchapliffjeiopgilfhmphfpbp,wallpaper adwares,*mjoehhmchapliffjeiopgilfhmphfpbp*,malware,malicious,https://github.com/PaloAltoNetworks/Unit42-timely-threat-intel/blob/main/2026-06-01-Adware-Wallpaper-Chrome-Extension-Campaign.txt,,https://chromewebstore.google.com/detail/mjoehhmchapliffjeiopgilfhmphfpbp,critical,,2026-08-03,ExtSentry (github.com/mthcht/awesome-lists)
mjojolnflneijogfbcoficpkmldhamba,wallpaper adwares,*mjojolnflneijogfbcoficpkmldhamba*,malware,malicious,https://github.com/PaloAltoNetworks/Unit42-timely-threat-intel/blob/main/2026-06-01-Adware-Wallpaper-Chrome-Extension-Campaign.txt,,https://chromewebstore.google.com/detail/mjojolnflneijogfbcoficpkmldhamba,critical,,2026-08-03,ExtSentry (github.com/mthcht/awesome-lists)
mmlpmfnhfgjpogjjleoklkfeipnnojgd,wallpaper adwares,*mmlpmfnhfgjpogjjleoklkfeipnnojgd*,malware,malicious,https://github.com/PaloAltoNetworks/Unit42-timely-threat-intel/blob/main/2026-06-01-Adware-Wallpaper-Chrome-Extension-Campaign.txt,,https://chromewebstore.google.com/detail/mmlpmfnhfgjpogjjleoklkfeipnnojgd,critical,,2026-08-03,ExtSentry (github.com/mthcht/awesome-lists)
mphkmheooambmkecalfljbkchadlfhap,wallpaper adwares,*mphkmheooambmkecalfljbkchadlfhap*,malware,malicious,https://github.com/PaloAltoNetworks/Unit42-timely-threat-intel/blob/main/2026-06-01-Adware-Wallpaper-Chrome-Extension-Campaign.txt,,https://chromewebstore.google.com/detail/mphkmheooambmkecalfljbkchadlfhap,critical,,2026-08-03,ExtSentry (github.com/mthcht/awesome-lists)
nbmkfpfhpmajmnkihgkmbgbnalncdnna,wallpaper adwares,*nbmkfpfhpmajmnkihgkmbgbnalncdnna*,malware,malicious,https://github.com/PaloAltoNetworks/Unit42-timely-threat-intel/blob/main/2026-06-01-Adware-Wallpaper-Chrome-Extension-Campaign.txt,,https://chromewebstore.google.com/detail/nbmkfpfhpmajmnkihgkmbgbnalncdnna,critical,,2026-08-03,ExtSentry (github.com/mthcht/awesome-lists)
ndeeopioahgjcemhhbgdoednmaleeemp,wallpaper adwares,*ndeeopioahgjcemhhbgdoednmaleeemp*,malware,malicious,https://github.com/PaloAltoNetworks/Unit42-timely-threat-intel/blob/main/2026-06-01-Adware-Wallpaper-Chrome-Extension-Campaign.txt,,https://chromewebstore.google.com/detail/ndeeopioahgjcemhhbgdoednmaleeemp,critical,,2026-08-03,ExtSentry (github.com/mthcht/awesome-lists)
nfpdlagnobaebggdhbflhiobfhondmdb,wallpaper adwares,*nfpdlagnobaebggdhbflhiobfhondmdb*,malware,malicious,https://github.com/PaloAltoNetworks/Unit42-timely-threat-intel/blob/main/2026-06-01-Adware-Wallpaper-Chrome-Extension-Campaign.txt,,https://chromewebstore.google.com/detail/nfpdlagnobaebggdhbflhiobfhondmdb,critical,,2026-08-03,ExtSentry (github.com/mthcht/awesome-lists)
ngnfdhfeccjahkpielcjbjebipckhoii,wallpaper adwares,*ngnfdhfeccjahkpielcjbjebipckhoii*,malware,malicious,https://github.com/PaloAltoNetworks/Unit42-timely-threat-intel/blob/main/2026-06-01-Adware-Wallpaper-Chrome-Extension-Campaign.txt,,https://chromewebstore.google.com/detail/ngnfdhfeccjahkpielcjbjebipckhoii,critical,,2026-08-03,ExtSentry (github.com/mthcht/awesome-lists)
nipbcfdkdiccemcmnfeebgmlnejmhbpd,wallpaper adwares,*nipbcfdkdiccemcmnfeebgmlnejmhbpd*,malware,malicious,https://github.com/PaloAltoNetworks/Unit42-timely-threat-intel/blob/main/2026-06-01-Adware-Wallpaper-Chrome-Extension-Campaign.txt,,https://chromewebstore.google.com/detail/nipbcfdkdiccemcmnfeebgmlnejmhbpd,critical,,2026-08-03,ExtSentry (github.com/mthcht/awesome-lists)
njggjookikiachbndaocbijjpddcijkf,wallpaper adwares,*njggjookikiachbndaocbijjpddcijkf*,malware,malicious,https://github.com/PaloAltoNetworks/Unit42-timely-threat-intel/blob/main/2026-06-01-Adware-Wallpaper-Chrome-Extension-Campaign.txt,,https://chromewebstore.google.com/detail/njggjookikiachbndaocbijjpddcijkf,critical,,2026-08-03,ExtSentry (github.com/mthcht/awesome-lists)
obdcmkbifgehdkjacmndbapoiiabnjlo,wallpaper adwares,*obdcmkbifgehdkjacmndbapoiiabnjlo*,malware,malicious,https://github.com/PaloAltoNetworks/Unit42-timely-threat-intel/blob/main/2026-06-01-Adware-Wallpaper-Chrome-Extension-Campaign.txt,,https://chromewebstore.google.com/detail/obdcmkbifgehdkjacmndbapoiiabnjlo,critical,,2026-08-03,ExtSentry (github.com/mthcht/awesome-lists)
oeaifghbbhjomcgbgpihadpbfnpidggi,wallpaper adwares,*oeaifghbbhjomcgbgpihadpbfnpidggi*,malware,malicious,https://github.com/PaloAltoNetworks/Unit42-timely-threat-intel/blob/main/2026-06-01-Adware-Wallpaper-Chrome-Extension-Campaign.txt,,https://chromewebstore.google.com/detail/oeaifghbbhjomcgbgpihadpbfnpidggi,critical,,2026-08-03,ExtSentry (github.com/mthcht/awesome-lists)
ooepolkedgpkhojiihdjoajnjohciajl,wallpaper adwares,*ooepolkedgpkhojiihdjoajnjohciajl*,malware,malicious,https://github.com/PaloAltoNetworks/Unit42-timely-threat-intel/blob/main/2026-06-01-Adware-Wallpaper-Chrome-Extension-Campaign.txt,,https://chromewebstore.google.com/detail/ooepolkedgpkhojiihdjoajnjohciajl,critical,,2026-08-03,ExtSentry (github.com/mthcht/awesome-lists)
oojlpfnmoijaiephcdakeggdbbfdbanb,wallpaper adwares,*oojlpfnmoijaiephcdakeggdbbfdbanb*,malware,malicious,https://github.com/PaloAltoNetworks/Unit42-timely-threat-intel/blob/main/2026-06-01-Adware-Wallpaper-Chrome-Extension-Campaign.txt,,https://chromewebstore.google.com/detail/oojlpfnmoijaiephcdakeggdbbfdbanb,critical,,2026-08-03,ExtSentry (github.com/mthcht/awesome-lists)
opdcfknedcfgiophhnojmnljpndojbom,wallpaper adwares,*opdcfknedcfgiophhnojmnljpndojbom*,malware,malicious,https://github.com/PaloAltoNetworks/Unit42-timely-threat-intel/blob/main/2026-06-01-Adware-Wallpaper-Chrome-Extension-Campaign.txt,,https://chromewebstore.google.com/detail/opdcfknedcfgiophhnojmnljpndojbom,critical,,2026-08-03,ExtSentry (github.com/mthcht/awesome-lists)
phcfjgnhnpfjhpghiacilpocpcdcgljm,wallpaper adwares,*phcfjgnhnpfjhpghiacilpocpcdcgljm*,malware,malicious,https://github.com/PaloAltoNetworks/Unit42-timely-threat-intel/blob/main/2026-06-01-Adware-Wallpaper-Chrome-Extension-Campaign.txt,,https://chromewebstore.google.com/detail/phcfjgnhnpfjhpghiacilpocpcdcgljm,critical,,2026-08-03,ExtSentry (github.com/mthcht/awesome-lists)
phpjgmopmomaokbddkjpnnffmchbnagh,wallpaper adwares,*phpjgmopmomaokbddkjpnnffmchbnagh*,malware,malicious,https://github.com/PaloAltoNetworks/Unit42-timely-threat-intel/blob/main/2026-06-01-Adware-Wallpaper-Chrome-Extension-Campaign.txt,,https://chromewebstore.google.com/detail/phpjgmopmomaokbddkjpnnffmchbnagh,critical,,2026-08-03,ExtSentry (github.com/mthcht/awesome-lists)
pkadlokfbobblmiclilbgajkjcpaaopk,wallpaper adwares,*pkadlokfbobblmiclilbgajkjcpaaopk*,malware,malicious,https://github.com/PaloAltoNetworks/Unit42-timely-threat-intel/blob/main/2026-06-01-Adware-Wallpaper-Chrome-Extension-Campaign.txt,,https://chromewebstore.google.com/detail/pkadlokfbobblmiclilbgajkjcpaaopk,critical,,2026-08-03,ExtSentry (github.com/mthcht/awesome-lists)
pkmjadcejhbaahnlaooacmfkfflpkcic,wallpaper adwares,*pkmjadcejhbaahnlaooacmfkfflpkcic*,malware,malicious,https://github.com/PaloAltoNetworks/Unit42-timely-threat-intel/blob/main/2026-06-01-Adware-Wallpaper-Chrome-Extension-Campaign.txt,,https://chromewebstore.google.com/detail/pkmjadcejhbaahnlaooacmfkfflpkcic,critical,,2026-08-03,ExtSentry (github.com/mthcht/awesome-lists)
pnlahghdcgkecfkeeiekinacgmbdcabk,wallpaper adwares,*pnlahghdcgkecfkeeiekinacgmbdcabk*,malware,malicious,https://github.com/PaloAltoNetworks/Unit42-timely-threat-intel/blob/main/2026-06-01-Adware-Wallpaper-Chrome-Extension-Campaign.txt,,https://chromewebstore.google.com/detail/pnlahghdcgkecfkeeiekinacgmbdcabk,critical,,2026-08-03,ExtSentry (github.com/mthcht/awesome-lists)
eebihieclccoidddmjcencomodomdoei,Supersonic AI,*eebihieclccoidddmjcencomodomdoei*,malware,malicious,https://unit42.paloaltonetworks.com/high-risk-gen-ai-browser-extensions/,,https://chromewebstore.google.com/detail/eebihieclccoidddmjcencomodomdoei,critical,,2026-08-03,ExtSentry (github.com/mthcht/awesome-lists)
dcjfbgppfdokmjgajnnkgdmkdeiloigh,Picsart: AI Photo Video Editor,*dcjfbgppfdokmjgajnnkgdmkdeiloigh*,malware,malicious,https://unit42.paloaltonetworks.com/high-risk-gen-ai-browser-extensions/,,https://chromewebstore.google.com/detail/dcjfbgppfdokmjgajnnkgdmkdeiloigh,critical,,2026-08-03,ExtSentry (github.com/mthcht/awesome-lists)
cjmhegifablecgkkncjddcgkjmgoacfd,Ask AI - GPT chat,*cjmhegifablecgkkncjddcgkjmgoacfd*,malware,malicious,https://unit42.paloaltonetworks.com/high-risk-gen-ai-browser-extensions/,,https://chromewebstore.google.com/detail/cjmhegifablecgkkncjddcgkjmgoacfd,critical,,2026-08-03,ExtSentry (github.com/mthcht/awesome-lists)
bonhfflnjgdbnhcpjemkknlhimceckgb,"Agent Risk Reminder Remover - CNFans, ACBuy & More",*bonhfflnjgdbnhcpjemkknlhimceckgb*,malware,malicious,https://unit42.paloaltonetworks.com/high-risk-gen-ai-browser-extensions/,,https://chromewebstore.google.com/detail/bonhfflnjgdbnhcpjemkknlhimceckgb,critical,,2026-08-03,ExtSentry (github.com/mthcht/awesome-lists)
jndldoeopjgmpakgmieaeeelhnjnfgkj,NotionAI----,*jndldoeopjgmpakgmieaeeelhnjnfgkj*,malware,malicious,https://unit42.paloaltonetworks.com/high-risk-gen-ai-browser-extensions/,,https://chromewebstore.google.com/detail/jndldoeopjgmpakgmieaeeelhnjnfgkj,critical,,2026-08-03,ExtSentry (github.com/mthcht/awesome-lists)
pdahnbohfcekobflehebdkoemnmmempk,Notion----,*pdahnbohfcekobflehebdkoemnmmempk*,malware,malicious,https://unit42.paloaltonetworks.com/high-risk-gen-ai-browser-extensions/,,https://chromewebstore.google.com/detail/pdahnbohfcekobflehebdkoemnmmempk,critical,,2026-08-03,ExtSentry (github.com/mthcht/awesome-lists)
ljlhpcabhpjdlcjhbmgjigfceppgabmk,Notion----,*ljlhpcabhpjdlcjhbmgjigfceppgabmk*,malware,malicious,https://unit42.paloaltonetworks.com/high-risk-gen-ai-browser-extensions/,,https://chromewebstore.google.com/detail/ljlhpcabhpjdlcjhbmgjigfceppgabmk,critical,,2026-08-03,ExtSentry (github.com/mthcht/awesome-lists)
hnppehcgmflfkcdkbkaeemjfngffmeag,AI Agent,*hnppehcgmflfkcdkbkaeemjfngffmeag*,malware,malicious,https://unit42.paloaltonetworks.com/high-risk-gen-ai-browser-extensions/,,https://chromewebstore.google.com/detail/hnppehcgmflfkcdkbkaeemjfngffmeag,critical,,2026-08-03,ExtSentry (github.com/mthcht/awesome-lists)
pfdmleklaejjccgfhoeafapbhkjipcnj,Google AI,*pfdmleklaejjccgfhoeafapbhkjipcnj*,malware,malicious,https://unit42.paloaltonetworks.com/high-risk-gen-ai-browser-extensions/,,https://chromewebstore.google.com/detail/pfdmleklaejjccgfhoeafapbhkjipcnj,critical,,2026-08-03,ExtSentry (github.com/mthcht/awesome-lists)
npifianbfjhobabjjpfdjjihgbdnbojh,Text Summarizer,*npifianbfjhobabjjpfdjjihgbdnbojh*,malware,malicious,https://unit42.paloaltonetworks.com/high-risk-gen-ai-browser-extensions/,,https://chromewebstore.google.com/detail/npifianbfjhobabjjpfdjjihgbdnbojh,critical,,2026-08-03,ExtSentry (github.com/mthcht/awesome-lists)
ffocfibjgakneigiajpccfcdmomlbapo,Nano Banana,*ffocfibjgakneigiajpccfcdmomlbapo*,malware,malicious,https://unit42.paloaltonetworks.com/high-risk-gen-ai-browser-extensions/,,https://chromewebstore.google.com/detail/ffocfibjgakneigiajpccfcdmomlbapo,critical,,2026-08-03,ExtSentry (github.com/mthcht/awesome-lists)
nbflcljmdbibeoaipongjgfmbapanipm,Anker AIME Copilot,*nbflcljmdbibeoaipongjgfmbapanipm*,malware,malicious,https://unit42.paloaltonetworks.com/high-risk-gen-ai-browser-extensions/,,https://chromewebstore.google.com/detail/nbflcljmdbibeoaipongjgfmbapanipm,critical,,2026-08-03,ExtSentry (github.com/mthcht/awesome-lists)
oaldjcdohhhibelagdhoahbedekfjjjf,browser cash,*oaldjcdohhhibelagdhoahbedekfjjjf*,malware,malicious,https://unit42.paloaltonetworks.com/high-risk-gen-ai-browser-extensions/,,https://chromewebstore.google.com/detail/oaldjcdohhhibelagdhoahbedekfjjjf,critical,,2026-08-03,ExtSentry (github.com/mthcht/awesome-lists)
dgeiaiglmhdhajbpfbmajaajdlfdinpi,AI Agent Deep DeepSeek,*dgeiaiglmhdhajbpfbmajaajdlfdinpi*,malware,malicious,https://unit42.paloaltonetworks.com/high-risk-gen-ai-browser-extensions/,,https://chromewebstore.google.com/detail/dgeiaiglmhdhajbpfbmajaajdlfdinpi,critical,c9754454efede2dec2fcb856faa40424b8df378706b664a5ae4847fcd0336b53,2026-08-03,ExtSentry (github.com/mthcht/awesome-lists)
hmkcidjcpomiegnklmplkimmbcbklglb,AI Photo and Video Editor,*hmkcidjcpomiegnklmplkimmbcbklglb*,malware,malicious,https://unit42.paloaltonetworks.com/high-risk-gen-ai-browser-extensions/,,https://chromewebstore.google.com/detail/hmkcidjcpomiegnklmplkimmbcbklglb,critical,4e38bee33237a8c8b17a2504013e506ca7cbf667a7f68a2d94d75db505c2149f,2026-08-03,ExtSentry (github.com/mthcht/awesome-lists)
jhhjbaicgmecddbaobeobkikgmfffaeg,Chat AI for Chrome,*jhhjbaicgmecddbaobeobkikgmfffaeg*,malware,malicious,https://unit42.paloaltonetworks.com/high-risk-gen-ai-browser-extensions/,,https://chromewebstore.google.com/detail/jhhjbaicgmecddbaobeobkikgmfffaeg,critical,dfe307d957724ebe32331f92d53e366b7fa85968a9564c2285c5a0142ac9e1bb,2026-08-03,ExtSentry (github.com/mthcht/awesome-lists)
iefpkdilnfhogjbkhgnliaomoldgkdlj,Reverse Recruiting — AI Job Application Assistant,*iefpkdilnfhogjbkhgnliaomoldgkdlj*,malware,malicious,https://unit42.paloaltonetworks.com/high-risk-gen-ai-browser-extensions/,,https://chromewebstore.google.com/detail/iefpkdilnfhogjbkhgnliaomoldgkdlj,critical,604c7aef72892b56ac23ad54744376574239c8f0651e95dd5b6cf540eb70f7c3,2026-08-03,ExtSentry (github.com/mthcht/awesome-lists)
injnjbcogjhcjhnhcbmlahgikemedbko,"TikTok Downloader – Save Videos, No Watermark",*injnjbcogjhcjhnhcbmlahgikemedbko*,malware,malicious,https://layerxsecurity.com/blog/stealtok-130k-users-compromised-by-data-stealing-tiktok-video-downloaders/,StealTok campaign; browser=Google Chrome; status=Active; installs=3000,https://chromewebstore.google.com/detail/injnjbcogjhcjhnhcbmlahgikemedbko,critical,,2026-08-03,ExtSentry (github.com/mthcht/awesome-lists)
ehdkeonoccndeaggbnolijnmmeohkbpf,TikTok Video Downloader – Bulk Save,*ehdkeonoccndeaggbnolijnmmeohkbpf*,malware,malicious,https://layerxsecurity.com/blog/stealtok-130k-users-compromised-by-data-stealing-tiktok-video-downloaders/,StealTok campaign; browser=Google Chrome; status=Active; installs=1000,https://chromewebstore.google.com/detail/ehdkeonoccndeaggbnolijnmmeohkbpf,critical,,2026-08-03,ExtSentry (github.com/mthcht/awesome-lists)
pfpijacnpangmkfdpgodlbokpkhpkeka,Tiktok Downloader,*pfpijacnpangmkfdpgodlbokpkhpkeka*,malware,malicious,https://layerxsecurity.com/blog/stealtok-130k-users-compromised-by-data-stealing-tiktok-video-downloaders/,StealTok campaign; browser=Google Chrome; status=Active; installs=353,https://chromewebstore.google.com/detail/pfpijacnpangmkfdpgodlbokpkhpkeka,critical,,2026-08-03,ExtSentry (github.com/mthcht/awesome-lists)
cfbgdmiobbicgjnaegnenlcgbdabkcli,TikTok Video Downloader – Save Without Watermark,*cfbgdmiobbicgjnaegnenlcgbdabkcli*,malware,malicious,https://layerxsecurity.com/blog/stealtok-130k-users-compromised-by-data-stealing-tiktok-video-downloaders/,StealTok campaign; browser=Google Chrome; status=Active; installs=4000,https://chromewebstore.google.com/detail/cfbgdmiobbicgjnaegnenlcgbdabkcli,critical,,2026-08-03,ExtSentry (github.com/mthcht/awesome-lists)
mpalaahimeigibehbocnjipjfakekfia,Mass Tiktok Video Downloader,*mpalaahimeigibehbocnjipjfakekfia*,malware,malicious,https://layerxsecurity.com/blog/stealtok-130k-users-compromised-by-data-stealing-tiktok-video-downloaders/,StealTok campaign; browser=Microsoft Edge; status=Active; installs=77,https://chromewebstore.google.com/detail/mpalaahimeigibehbocnjipjfakekfia,critical,,2026-08-03,ExtSentry (github.com/mthcht/awesome-lists)
kkhjihaeddnhknninbekkhaklnailngh,TikTok Video Downloader – Save Without Watermark,*kkhjihaeddnhknninbekkhaklnailngh*,malware,malicious,https://layerxsecurity.com/blog/stealtok-130k-users-compromised-by-data-stealing-tiktok-video-downloaders/,StealTok campaign; browser=Microsoft Edge; status=Active; installs=9,https://chromewebstore.google.com/detail/kkhjihaeddnhknninbekkhaklnailngh,critical,,2026-08-03,ExtSentry (github.com/mthcht/awesome-lists)
kbifpojhlkdoidmndacedmkbjopeekgl,"TikTok Downloader – Save Videos, No Watermark",*kbifpojhlkdoidmndacedmkbjopeekgl*,malware,malicious,https://layerxsecurity.com/blog/stealtok-130k-users-compromised-by-data-stealing-tiktok-video-downloaders/,StealTok campaign; browser=Microsoft Edge; status=Active; installs=47,https://chromewebstore.google.com/detail/kbifpojhlkdoidmndacedmkbjopeekgl,critical,,2026-08-03,ExtSentry (github.com/mthcht/awesome-lists)
jacilgchggenbmgbfnehcegalhlgpnhf,Mass Tiktok Video Downloader,*jacilgchggenbmgbfnehcegalhlgpnhf*,malware,malicious,https://layerxsecurity.com/blog/stealtok-130k-users-compromised-by-data-stealing-tiktok-video-downloaders/,StealTok campaign; browser=Google Chrome; status=Active; installs=4000,https://chromewebstore.google.com/detail/jacilgchggenbmgbfnehcegalhlgpnhf,critical,,2026-08-03,ExtSentry (github.com/mthcht/awesome-lists)
oaceepljpkcbcgccnmlepeofkhplkbih,Mass Tiktok Video Downloader,*oaceepljpkcbcgccnmlepeofkhplkbih*,malware,malicious,https://layerxsecurity.com/blog/stealtok-130k-users-compromised-by-data-stealing-tiktok-video-downloaders/,StealTok campaign; browser=Google Chrome; status=Removed; installs=30000,https://chromewebstore.google.com/detail/oaceepljpkcbcgccnmlepeofkhplkbih,critical,,2026-08-03,ExtSentry (github.com/mthcht/awesome-lists)
ilcjgmjecbhpgpipmkfkibjopafpbcag,"TikTok Downloader – Save Videos, No Watermark",*ilcjgmjecbhpgpipmkfkibjopafpbcag*,malware,malicious,https://layerxsecurity.com/blog/stealtok-130k-users-compromised-by-data-stealing-tiktok-video-downloaders/,StealTok campaign; browser=Google Chrome; status=Removed; installs=10000,https://chromewebstore.google.com/detail/ilcjgmjecbhpgpipmkfkibjopafpbcag,critical,,2026-08-03,ExtSentry (github.com/mthcht/awesome-lists)
kmobjdioiclamniofdnngmafbhgcniok,TikTok Video Keeper,*kmobjdioiclamniofdnngmafbhgcniok*,malware,malicious,https://layerxsecurity.com/blog/stealtok-130k-users-compromised-by-data-stealing-tiktok-video-downloaders/,StealTok campaign; browser=Google Chrome; status=Removed; installs=60000,https://chromewebstore.google.com/detail/kmobjdioiclamniofdnngmafbhgcniok,critical,,2026-08-03,ExtSentry (github.com/mthcht/awesome-lists)
cgnbfcoeopaehocfdnkkjecibafichje,Video Downloader for Tiktok,*cgnbfcoeopaehocfdnkkjecibafichje*,malware,malicious,https://layerxsecurity.com/blog/stealtok-130k-users-compromised-by-data-stealing-tiktok-video-downloaders/,StealTok campaign; browser=Google Chrome; status=Removed; installs=20000,https://chromewebstore.google.com/detail/cgnbfcoeopaehocfdnkkjecibafichje,critical,,2026-08-03,ExtSentry (github.com/mthcht/awesome-lists)
lhokehflammomchbkmpohfeidffnlpmo,Sinceerly,*lhokehflammomchbkmpohfeidffnlpmo*,malware,malicious,https://x.com/nix_eth/status/2047407665211728181,stealing api key and email text messages,https://chromewebstore.google.com/detail/lhokehflammomchbkmpohfeidffnlpmo,critical,,2026-08-03,ExtSentry (github.com/mthcht/awesome-lists)
cpcdkmjddocikjdkbbeiaafnpdbdafmi,NexShield Advanced Web Guardian,*cpcdkmjddocikjdkbbeiaafnpdbdafmi*,malware,malicious,https://github.com/mthcht/ThreatIntel-Reports/blob/f1ceede743e0791ea9f2af7988ab9fcfd4a38d56/Intel%20Reports/thehackernews_com/2026_01_crashfix-chrome-extension-delivers_html/content.txt#L696,,https://chromewebstore.google.com/detail/cpcdkmjddocikjdkbbeiaafnpdbdafmi,critical,c46af9ae6ab0e7567573dbc950a8ffbe30ea848fac90cd15860045fe7640199c,2026-08-03,ExtSentry (github.com/mthcht/awesome-lists)
omddlmnhcofjbnbflmjginpjjblphbgk,Context Extension,*omddlmnhcofjbnbflmjginpjjblphbgk*,malware,malicious,https://x.com/i/status/2045960143209152981,Linked in public reporting to the Vercel third-party AI tool incident and a now-removed extension - Hunt with related OAuth IOC 110671459871-30f1spbu0hptbs60cb4vsmv79i7bbvqj.apps.googleusercontent.com,https://chromewebstore.google.com/detail/omddlmnhcofjbnbflmjginpjjblphbgk,critical,,2026-08-03,ExtSentry (github.com/mthcht/awesome-lists)
nglingapjinhecnfejdcpihlpneeadjp,OpenClaw Browser Relay,*nglingapjinhecnfejdcpihlpneeadjp*,malware,malicious,https://chromewebstore.google.com/detail/openclaw-browser-relay/nglingapjinhecnfejdcpihlpneeadjp,Browser-control relay extension with local WebSocket/CDP automation - third-party depreciated package for openclaw. Added for enterprise blocklist - not as confirmed malware,https://chromewebstore.google.com/detail/nglingapjinhecnfejdcpihlpneeadjp,critical,133df5ad1bd5f3c5444fc6bf15040b34372dd309d7481be708ae6445c3a20c6f,2026-08-03,ExtSentry (github.com/mthcht/awesome-lists)
obifanppcpchlehkjipahhphbcbjekfa,Telegram Multi-account,*obifanppcpchlehkjipahhphbcbjekfa*,malware,malicious,https://socket.dev/blog/108-chrome-ext-linked-to-data-exfil-session-theft-shared-c2,,https://chromewebstore.google.com/detail/obifanppcpchlehkjipahhphbcbjekfa,critical,,2026-08-03,ExtSentry (github.com/mthcht/awesome-lists)
mdcfennpfgkngnibjbpnpaafcjnhcjno,Web Client for Telegram - Teleside,*mdcfennpfgkngnibjbpnpaafcjnhcjno*,malware,malicious,https://socket.dev/blog/108-chrome-ext-linked-to-data-exfil-session-theft-shared-c2,,https://chromewebstore.google.com/detail/mdcfennpfgkngnibjbpnpaafcjnhcjno,critical,,2026-08-03,ExtSentry (github.com/mthcht/awesome-lists)
mmecpiobcdbjkaijljohghhpfgngpjmk,YouSide - Youtube Sidebar,*mmecpiobcdbjkaijljohghhpfgngpjmk*,malware,malicious,https://socket.dev/blog/108-chrome-ext-linked-to-data-exfil-session-theft-shared-c2,,https://chromewebstore.google.com/detail/mmecpiobcdbjkaijljohghhpfgngpjmk,critical,,2026-08-03,ExtSentry (github.com/mthcht/awesome-lists)
bfoofgelpmalhcmedaaeogahlmbkopfd,Web Client for Youtube - SideYou,*bfoofgelpmalhcmedaaeogahlmbkopfd*,malware,malicious,https://socket.dev/blog/108-chrome-ext-linked-to-data-exfil-session-theft-shared-c2,,https://chromewebstore.google.com/detail/bfoofgelpmalhcmedaaeogahlmbkopfd,critical,,2026-08-03,ExtSentry (github.com/mthcht/awesome-lists)
cbfhnceafaenchbefokkngcbnejached,Web Client for TikTok,*cbfhnceafaenchbefokkngcbnejached*,malware,malicious,https://socket.dev/blog/108-chrome-ext-linked-to-data-exfil-session-theft-shared-c2,,https://chromewebstore.google.com/detail/cbfhnceafaenchbefokkngcbnejached,critical,,2026-08-03,ExtSentry (github.com/mthcht/awesome-lists)
ogogpebnagniggbnkbpjioobomdbmdcj,Text Translation,*ogogpebnagniggbnkbpjioobomdbmdcj*,malware,malicious,https://socket.dev/blog/108-chrome-ext-linked-to-data-exfil-session-theft-shared-c2,,https://chromewebstore.google.com/detail/ogogpebnagniggbnkbpjioobomdbmdcj,critical,,2026-08-03,ExtSentry (github.com/mthcht/awesome-lists)
ldmnhdllijbchflpbmnlgndfnlgmkgif,Page Locker,*ldmnhdllijbchflpbmnlgndfnlgmkgif*,malware,malicious,https://socket.dev/blog/108-chrome-ext-linked-to-data-exfil-session-theft-shared-c2,,https://chromewebstore.google.com/detail/ldmnhdllijbchflpbmnlgndfnlgmkgif,critical,,2026-08-03,ExtSentry (github.com/mthcht/awesome-lists)
lnajjhohknhgemncbaomjjjpmpdigedg,Page Auto Refresh,*lnajjhohknhgemncbaomjjjpmpdigedg*,malware,malicious,https://socket.dev/blog/108-chrome-ext-linked-to-data-exfil-session-theft-shared-c2,,https://chromewebstore.google.com/detail/lnajjhohknhgemncbaomjjjpmpdigedg,critical,,2026-08-03,ExtSentry (github.com/mthcht/awesome-lists)
aecccajigpipkpioaidignbgbeekglkd,Web Client for Rugby Rush - SideGame,*aecccajigpipkpioaidignbgbeekglkd*,malware,malicious,https://socket.dev/blog/108-chrome-ext-linked-to-data-exfil-session-theft-shared-c2,,https://chromewebstore.google.com/detail/aecccajigpipkpioaidignbgbeekglkd,critical,,2026-08-03,ExtSentry (github.com/mthcht/awesome-lists)
akebbllmckjphjiojeioooidhnddnplj,Formula Rush Racing Game,*akebbllmckjphjiojeioooidhnddnplj*,malware,malicious,https://socket.dev/blog/108-chrome-ext-linked-to-data-exfil-session-theft-shared-c2,,https://chromewebstore.google.com/detail/akebbllmckjphjiojeioooidhnddnplj,critical,,2026-08-03,ExtSentry (github.com/mthcht/awesome-lists)
akifdnfipbeoonhoeabdicnlcdhghmpn,Piggy Prizes - Slot Machine,*akifdnfipbeoonhoeabdicnlcdhghmpn*,malware,malicious,https://socket.dev/blog/108-chrome-ext-linked-to-data-exfil-session-theft-shared-c2,,https://chromewebstore.google.com/detail/akifdnfipbeoonhoeabdicnlcdhghmpn,critical,,2026-08-03,ExtSentry (github.com/mthcht/awesome-lists)
akkkopcadaalekbdgpdikhdablkgjagd,Slot Arabian,*akkkopcadaalekbdgpdikhdablkgjagd*,malware,malicious,https://socket.dev/blog/108-chrome-ext-linked-to-data-exfil-session-theft-shared-c2,,https://chromewebstore.google.com/detail/akkkopcadaalekbdgpdikhdablkgjagd,critical,,2026-08-03,ExtSentry (github.com/mthcht/awesome-lists)
alkfljfjkpiccfgbeocbbjjladigcleg,Frogtastic,*alkfljfjkpiccfgbeocbbjjladigcleg*,malware,malicious,https://socket.dev/blog/108-chrome-ext-linked-to-data-exfil-session-theft-shared-c2,,https://chromewebstore.google.com/detail/alkfljfjkpiccfgbeocbbjjladigcleg,critical,,2026-08-03,ExtSentry (github.com/mthcht/awesome-lists)
alllblhkgghelnejlggmmgjbkdabidie,Black Beard Slot Machine,*alllblhkgghelnejlggmmgjbkdabidie*,malware,malicious,https://socket.dev/blog/108-chrome-ext-linked-to-data-exfil-session-theft-shared-c2,,https://chromewebstore.google.com/detail/alllblhkgghelnejlggmmgjbkdabidie,critical,,2026-08-03,ExtSentry (github.com/mthcht/awesome-lists)
amkkjdjjgiiamenbopfpdmjcleecjjgg,Indian - Slot Machine,*amkkjdjjgiiamenbopfpdmjcleecjjgg*,malware,malicious,https://socket.dev/blog/108-chrome-ext-linked-to-data-exfil-session-theft-shared-c2,,https://chromewebstore.google.com/detail/amkkjdjjgiiamenbopfpdmjcleecjjgg,critical,,2026-08-03,ExtSentry (github.com/mthcht/awesome-lists)
amnaljnjmgajgajelnplfmidgjgbjfhe,Mahjong Deluxe,*amnaljnjmgajgajelnplfmidgjgbjfhe*,malware,malicious,https://socket.dev/blog/108-chrome-ext-linked-to-data-exfil-session-theft-shared-c2,,https://chromewebstore.google.com/detail/amnaljnjmgajgajelnplfmidgjgbjfhe,critical,,2026-08-03,ExtSentry (github.com/mthcht/awesome-lists)
bbjdlbemjklojnbifkgameepcafflmem,Crazy Freekick,*bbjdlbemjklojnbifkgameepcafflmem*,malware,malicious,https://socket.dev/blog/108-chrome-ext-linked-to-data-exfil-session-theft-shared-c2,,https://chromewebstore.google.com/detail/bbjdlbemjklojnbifkgameepcafflmem,critical,,2026-08-03,ExtSentry (github.com/mthcht/awesome-lists)
bdnanfggeppmkfhkgmpojkhanoplkacc,Slot Car Racing,*bdnanfggeppmkfhkgmpojkhanoplkacc*,malware,malicious,https://socket.dev/blog/108-chrome-ext-linked-to-data-exfil-session-theft-shared-c2,,https://chromewebstore.google.com/detail/bdnanfggeppmkfhkgmpojkhanoplkacc,critical,,2026-08-03,ExtSentry (github.com/mthcht/awesome-lists)
bgdkbjcdecedfoejdfgeafdodjgfohno,Clear Cache Plus,*bgdkbjcdecedfoejdfgeafdodjgfohno*,malware,malicious,https://socket.dev/blog/108-chrome-ext-linked-to-data-exfil-session-theft-shared-c2,,https://chromewebstore.google.com/detail/bgdkbjcdecedfoejdfgeafdodjgfohno,critical,,2026-08-03,ExtSentry (github.com/mthcht/awesome-lists)
bnchgibgpgmlickioneccggfobljmhjc,Galactica Delux - Slot Machine,*bnchgibgpgmlickioneccggfobljmhjc*,malware,malicious,https://socket.dev/blog/108-chrome-ext-linked-to-data-exfil-session-theft-shared-c2,,https://chromewebstore.google.com/detail/bnchgibgpgmlickioneccggfobljmhjc,critical,,2026-08-03,ExtSentry (github.com/mthcht/awesome-lists)
bpljfbcejldmgeoodnogeefaihjdgbam,Speed Test for Chrome - WiFi SpeedTest,*bpljfbcejldmgeoodnogeefaihjdgbam*,malware,malicious,https://socket.dev/blog/108-chrome-ext-linked-to-data-exfil-session-theft-shared-c2,,https://chromewebstore.google.com/detail/bpljfbcejldmgeoodnogeefaihjdgbam,critical,,2026-08-03,ExtSentry (github.com/mthcht/awesome-lists)
cbnekafldflkmngbgmbnfmchjaelnhem,Game SkySpeedster,*cbnekafldflkmngbgmbnfmchjaelnhem*,malware,malicious,https://socket.dev/blog/108-chrome-ext-linked-to-data-exfil-session-theft-shared-c2,,https://chromewebstore.google.com/detail/cbnekafldflkmngbgmbnfmchjaelnhem,critical,,2026-08-03,ExtSentry (github.com/mthcht/awesome-lists)
cdpiopekjeonfjeocbfebemgocjciepp,Master Chess,*cdpiopekjeonfjeocbfebemgocjciepp*,malware,malicious,https://socket.dev/blog/108-chrome-ext-linked-to-data-exfil-session-theft-shared-c2,,https://chromewebstore.google.com/detail/cdpiopekjeonfjeocbfebemgocjciepp,critical,,2026-08-03,ExtSentry (github.com/mthcht/awesome-lists)
cehdkmmfadpplgchnbjgdngdcjmhlfcc,Hockey Shootout,*cehdkmmfadpplgchnbjgdngdcjmhlfcc*,malware,malicious,https://socket.dev/blog/108-chrome-ext-linked-to-data-exfil-session-theft-shared-c2,,https://chromewebstore.google.com/detail/cehdkmmfadpplgchnbjgdngdcjmhlfcc,critical,,2026-08-03,ExtSentry (github.com/mthcht/awesome-lists)
cljengcehefhflhoahaambmkknjekjib,Odds Of The Gods - Slot Machine,*cljengcehefhflhoahaambmkknjekjib*,malware,malicious,https://socket.dev/blog/108-chrome-ext-linked-to-data-exfil-session-theft-shared-c2,,https://chromewebstore.google.com/detail/cljengcehefhflhoahaambmkknjekjib,critical,,2026-08-03,ExtSentry (github.com/mthcht/awesome-lists)
clpgopiimdjcilllcjncdkoeikkkcfbi,Billiards Pro,*clpgopiimdjcilllcjncdkoeikkkcfbi*,malware,malicious,https://socket.dev/blog/108-chrome-ext-linked-to-data-exfil-session-theft-shared-c2,,https://chromewebstore.google.com/detail/clpgopiimdjcilllcjncdkoeikkkcfbi,critical,,2026-08-03,ExtSentry (github.com/mthcht/awesome-lists)
cmeoegkmpbpcoabhlklbamfeidebgmdf,Three Card Poker,*cmeoegkmpbpcoabhlklbamfeidebgmdf*,malware,malicious,https://socket.dev/blog/108-chrome-ext-linked-to-data-exfil-session-theft-shared-c2,,https://chromewebstore.google.com/detail/cmeoegkmpbpcoabhlklbamfeidebgmdf,critical,,2026-08-03,ExtSentry (github.com/mthcht/awesome-lists)
cmlbghnlnbjkdgfjlegkbjmadpbmlgjb,Donuts - Slot Machine,*cmlbghnlnbjkdgfjlegkbjmadpbmlgjb*,malware,malicious,https://socket.dev/blog/108-chrome-ext-linked-to-data-exfil-session-theft-shared-c2,,https://chromewebstore.google.com/detail/cmlbghnlnbjkdgfjlegkbjmadpbmlgjb,critical,,2026-08-03,ExtSentry (github.com/mthcht/awesome-lists)
cnibdhllkgidlgmaoanhkemjeklneolk,Archer - Slot Machine,*cnibdhllkgidlgmaoanhkemjeklneolk*,malware,malicious,https://socket.dev/blog/108-chrome-ext-linked-to-data-exfil-session-theft-shared-c2,,https://chromewebstore.google.com/detail/cnibdhllkgidlgmaoanhkemjeklneolk,critical,,2026-08-03,ExtSentry (github.com/mthcht/awesome-lists)
cpnfioldnmhaihohppoaebillnambcgn,Rugby Rush,*cpnfioldnmhaihohppoaebillnambcgn*,malware,malicious,https://socket.dev/blog/108-chrome-ext-linked-to-data-exfil-session-theft-shared-c2,,https://chromewebstore.google.com/detail/cpnfioldnmhaihohppoaebillnambcgn,critical,,2026-08-03,ExtSentry (github.com/mthcht/awesome-lists)
dbohcpohlgnhgjmfkakoniiplglpfhcb,Bingo,*dbohcpohlgnhgjmfkakoniiplglpfhcb*,malware,malicious,https://socket.dev/blog/108-chrome-ext-linked-to-data-exfil-session-theft-shared-c2,,https://chromewebstore.google.com/detail/dbohcpohlgnhgjmfkakoniiplglpfhcb,critical,,2026-08-03,ExtSentry (github.com/mthcht/awesome-lists)
dcamdpfclondppklabgkfaofjccpioil,Web Client for game Cricket Batter Challenge,*dcamdpfclondppklabgkfaofjccpioil*,malware,malicious,https://socket.dev/blog/108-chrome-ext-linked-to-data-exfil-session-theft-shared-c2,,https://chromewebstore.google.com/detail/dcamdpfclondppklabgkfaofjccpioil,critical,,2026-08-03,ExtSentry (github.com/mthcht/awesome-lists)
dljlpildgknddpnahppkihgodokfjbnd,Slot Machine Zeus Treasures,*dljlpildgknddpnahppkihgodokfjbnd*,malware,malicious,https://socket.dev/blog/108-chrome-ext-linked-to-data-exfil-session-theft-shared-c2,,https://chromewebstore.google.com/detail/dljlpildgknddpnahppkihgodokfjbnd,critical,,2026-08-03,ExtSentry (github.com/mthcht/awesome-lists)
dlpiookhionidajbiopmaajeckifeehn,Horse Racing,*dlpiookhionidajbiopmaajeckifeehn*,malware,malicious,https://socket.dev/blog/108-chrome-ext-linked-to-data-exfil-session-theft-shared-c2,,https://chromewebstore.google.com/detail/dlpiookhionidajbiopmaajeckifeehn,critical,,2026-08-03,ExtSentry (github.com/mthcht/awesome-lists)
dmaibhbbpmdihedidicfeigilkbobcog,Aztec - Slot Machine,*dmaibhbbpmdihedidicfeigilkbobcog*,malware,malicious,https://socket.dev/blog/108-chrome-ext-linked-to-data-exfil-session-theft-shared-c2,,https://chromewebstore.google.com/detail/dmaibhbbpmdihedidicfeigilkbobcog,critical,,2026-08-03,ExtSentry (github.com/mthcht/awesome-lists)
dohenclhhdfljpjlnpjnephpccbdgmmb,Straight 4,*dohenclhhdfljpjlnpjnephpccbdgmmb*,malware,malicious,https://socket.dev/blog/108-chrome-ext-linked-to-data-exfil-session-theft-shared-c2,,https://chromewebstore.google.com/detail/dohenclhhdfljpjlnpjnephpccbdgmmb,critical,,2026-08-03,ExtSentry (github.com/mthcht/awesome-lists)
dpdemambcedffmnkfmkephnhhnclmcio,Slot The Gold Pot,*dpdemambcedffmnkfmkephnhhnclmcio*,malware,malicious,https://socket.dev/blog/108-chrome-ext-linked-to-data-exfil-session-theft-shared-c2,,https://chromewebstore.google.com/detail/dpdemambcedffmnkfmkephnhhnclmcio,critical,,2026-08-03,ExtSentry (github.com/mthcht/awesome-lists)
ejlcbfmhjbkgohopdkijfgggbikgbacb,American Roulette Royale,*ejlcbfmhjbkgohopdkijfgggbikgbacb*,malware,malicious,https://socket.dev/blog/108-chrome-ext-linked-to-data-exfil-session-theft-shared-c2,,https://chromewebstore.google.com/detail/ejlcbfmhjbkgohopdkijfgggbikgbacb,critical,,2026-08-03,ExtSentry (github.com/mthcht/awesome-lists)
eljfpgehlncincemdmmnebmnlcmfamhm,Asia Slot,*eljfpgehlncincemdmmnebmnlcmfamhm*,malware,malicious,https://socket.dev/blog/108-chrome-ext-linked-to-data-exfil-session-theft-shared-c2,,https://chromewebstore.google.com/detail/eljfpgehlncincemdmmnebmnlcmfamhm,critical,,2026-08-03,ExtSentry (github.com/mthcht/awesome-lists)
enmmilgindjmffoljaojkcgloakmloen,Web Client for game Drive Your Car,*enmmilgindjmffoljaojkcgloakmloen*,malware,malicious,https://socket.dev/blog/108-chrome-ext-linked-to-data-exfil-session-theft-shared-c2,,https://chromewebstore.google.com/detail/enmmilgindjmffoljaojkcgloakmloen,critical,,2026-08-03,ExtSentry (github.com/mthcht/awesome-lists)
eoklnfefipnjfeknpmigmogeeepddcch,Jurassic Giants - Slot Machine,*eoklnfefipnjfeknpmigmogeeepddcch*,malware,malicious,https://socket.dev/blog/108-chrome-ext-linked-to-data-exfil-session-theft-shared-c2,,https://chromewebstore.google.com/detail/eoklnfefipnjfeknpmigmogeeepddcch,critical,,2026-08-03,ExtSentry (github.com/mthcht/awesome-lists)
fddajeklkkggbnppabbhkdmnkdjindlo,Street Basketball,*fddajeklkkggbnppabbhkdmnkdjindlo*,malware,malicious,https://socket.dev/blog/108-chrome-ext-linked-to-data-exfil-session-theft-shared-c2,,https://chromewebstore.google.com/detail/fddajeklkkggbnppabbhkdmnkdjindlo,critical,,2026-08-03,ExtSentry (github.com/mthcht/awesome-lists)
fibgndhgobbaaekmnneapojgkcehaeac,Tarot Side Panel,*fibgndhgobbaaekmnneapojgkcehaeac*,malware,malicious,https://socket.dev/blog/108-chrome-ext-linked-to-data-exfil-session-theft-shared-c2,,https://chromewebstore.google.com/detail/fibgndhgobbaaekmnneapojgkcehaeac,critical,,2026-08-03,ExtSentry (github.com/mthcht/awesome-lists)
fjfhejmbhpabkacpoddjbcfandjoacmb,Dragon Slayer - Slot Machine,*fjfhejmbhpabkacpoddjbcfandjoacmb*,malware,malicious,https://socket.dev/blog/108-chrome-ext-linked-to-data-exfil-session-theft-shared-c2,,https://chromewebstore.google.com/detail/fjfhejmbhpabkacpoddjbcfandjoacmb,critical,,2026-08-03,ExtSentry (github.com/mthcht/awesome-lists)
flkdjodmoefccepdihipjdlianmkmhgc,Best Blackjack,*flkdjodmoefccepdihipjdlianmkmhgc*,malware,malicious,https://socket.dev/blog/108-chrome-ext-linked-to-data-exfil-session-theft-shared-c2,,https://chromewebstore.google.com/detail/flkdjodmoefccepdihipjdlianmkmhgc,critical,,2026-08-03,ExtSentry (github.com/mthcht/awesome-lists)
fmajpchoiahphjiligpmghnhmabolhoh,Book Of Magic - Slot Machine,*fmajpchoiahphjiligpmghnhmabolhoh*,malware,malicious,https://socket.dev/blog/108-chrome-ext-linked-to-data-exfil-session-theft-shared-c2,,https://chromewebstore.google.com/detail/fmajpchoiahphjiligpmghnhmabolhoh,critical,,2026-08-03,ExtSentry (github.com/mthcht/awesome-lists)
gaafhblhbnkekenogcjniofhbicchlke,Snake - Slot Machine,*gaafhblhbnkekenogcjniofhbicchlke*,malware,malicious,https://socket.dev/blog/108-chrome-ext-linked-to-data-exfil-session-theft-shared-c2,,https://chromewebstore.google.com/detail/gaafhblhbnkekenogcjniofhbicchlke,critical,,2026-08-03,ExtSentry (github.com/mthcht/awesome-lists)
gbaoddbbpompjhmilbgiaapkkakldlpc,Dice King - Classic Craps And Roll Game,*gbaoddbbpompjhmilbgiaapkkakldlpc*,malware,malicious,https://socket.dev/blog/108-chrome-ext-linked-to-data-exfil-session-theft-shared-c2,,https://chromewebstore.google.com/detail/gbaoddbbpompjhmilbgiaapkkakldlpc,critical,,2026-08-03,ExtSentry (github.com/mthcht/awesome-lists)
gbhhgipmedccnankkjchgcidiigmioio,Slot Ramses,*gbhhgipmedccnankkjchgcidiigmioio*,malware,malicious,https://socket.dev/blog/108-chrome-ext-linked-to-data-exfil-session-theft-shared-c2,,https://chromewebstore.google.com/detail/gbhhgipmedccnankkjchgcidiigmioio,critical,,2026-08-03,ExtSentry (github.com/mthcht/awesome-lists)
gfhcdakcnpahfdealajmhcapnhhablbp,Battleship War,*gfhcdakcnpahfdealajmhcapnhhablbp*,malware,malicious,https://socket.dev/blog/108-chrome-ext-linked-to-data-exfil-session-theft-shared-c2,,https://chromewebstore.google.com/detail/gfhcdakcnpahfdealajmhcapnhhablbp,critical,,2026-08-03,ExtSentry (github.com/mthcht/awesome-lists)
gipmochingljoikdjakkdolfcbphmlom,Gold Miner 2,*gipmochingljoikdjakkdolfcbphmlom*,malware,malicious,https://socket.dev/blog/108-chrome-ext-linked-to-data-exfil-session-theft-shared-c2,,https://chromewebstore.google.com/detail/gipmochingljoikdjakkdolfcbphmlom,critical,,2026-08-03,ExtSentry (github.com/mthcht/awesome-lists)
glofhphmolanicdaddgkmhfmjidjkaem,Greyhound Racing - Dog Race Simulator,*glofhphmolanicdaddgkmhfmjidjkaem*,malware,malicious,https://socket.dev/blog/108-chrome-ext-linked-to-data-exfil-session-theft-shared-c2,,https://chromewebstore.google.com/detail/glofhphmolanicdaddgkmhfmjidjkaem,critical,,2026-08-03,ExtSentry (github.com/mthcht/awesome-lists)
haochenfmhglpholokliifmlpafilfdc,Hercules: Sports Legend,*haochenfmhglpholokliifmlpafilfdc*,malware,malicious,https://socket.dev/blog/108-chrome-ext-linked-to-data-exfil-session-theft-shared-c2,,https://chromewebstore.google.com/detail/haochenfmhglpholokliifmlpafilfdc,critical,,2026-08-03,ExtSentry (github.com/mthcht/awesome-lists)
hbobdcfpgonejphpemijgjddanoipbkj,Flicking Soccer,*hbobdcfpgonejphpemijgjddanoipbkj*,malware,malicious,https://socket.dev/blog/108-chrome-ext-linked-to-data-exfil-session-theft-shared-c2,,https://chromewebstore.google.com/detail/hbobdcfpgonejphpemijgjddanoipbkj,critical,,2026-08-03,ExtSentry (github.com/mthcht/awesome-lists)
hdmppejcahhppjhkncagagopecddokpi,Voodoo Magic - Slot Machine,*hdmppejcahhppjhkncagagopecddokpi*,malware,malicious,https://socket.dev/blog/108-chrome-ext-linked-to-data-exfil-session-theft-shared-c2,,https://chromewebstore.google.com/detail/hdmppejcahhppjhkncagagopecddokpi,critical,,2026-08-03,ExtSentry (github.com/mthcht/awesome-lists)
heljkmdknlfhiecpknceodpbokeipigo,Web Client for Hockey Shootout - SideGame,*heljkmdknlfhiecpknceodpbokeipigo*,malware,malicious,https://socket.dev/blog/108-chrome-ext-linked-to-data-exfil-session-theft-shared-c2,,https://chromewebstore.google.com/detail/heljkmdknlfhiecpknceodpbokeipigo,critical,,2026-08-03,ExtSentry (github.com/mthcht/awesome-lists)
hiofkndodabpioiheinoiojjobadpgmj,MASTER CHECKERS,*hiofkndodabpioiheinoiojjobadpgmj*,malware,malicious,https://socket.dev/blog/108-chrome-ext-linked-to-data-exfil-session-theft-shared-c2,,https://chromewebstore.google.com/detail/hiofkndodabpioiheinoiojjobadpgmj,critical,,2026-08-03,ExtSentry (github.com/mthcht/awesome-lists)
hkbihmjhjmehlocilifheeaeiljabenb,Watercraft Rush,*hkbihmjhjmehlocilifheeaeiljabenb*,malware,malicious,https://socket.dev/blog/108-chrome-ext-linked-to-data-exfil-session-theft-shared-c2,,https://chromewebstore.google.com/detail/hkbihmjhjmehlocilifheeaeiljabenb,critical,,2026-08-03,ExtSentry (github.com/mthcht/awesome-lists)
hlmdnedepbbihmbddepemmbkenbnoegd,Car Rush,*hlmdnedepbbihmbddepemmbkenbnoegd*,malware,malicious,https://socket.dev/blog/108-chrome-ext-linked-to-data-exfil-session-theft-shared-c2,,https://chromewebstore.google.com/detail/hlmdnedepbbihmbddepemmbkenbnoegd,critical,,2026-08-03,ExtSentry (github.com/mthcht/awesome-lists)
hmlnefhgicedcmebmkjdcogieefbaagl,Video Poker Deuces Wild,*hmlnefhgicedcmebmkjdcogieefbaagl*,malware,malicious,https://socket.dev/blog/108-chrome-ext-linked-to-data-exfil-session-theft-shared-c2,,https://chromewebstore.google.com/detail/hmlnefhgicedcmebmkjdcogieefbaagl,critical,,2026-08-03,ExtSentry (github.com/mthcht/awesome-lists)
hnpbijogiiaegambgpaenjbcbgaeimlf,Slot Machine Ultimate Soccer,*hnpbijogiiaegambgpaenjbcbgaeimlf*,malware,malicious,https://socket.dev/blog/108-chrome-ext-linked-to-data-exfil-session-theft-shared-c2,,https://chromewebstore.google.com/detail/hnpbijogiiaegambgpaenjbcbgaeimlf,critical,,2026-08-03,ExtSentry (github.com/mthcht/awesome-lists)
ibelidmkbnjmmpjgfibbdbkamgcbnjdm,Christmas Eve - Slot Machine,*ibelidmkbnjmmpjgfibbdbkamgcbnjdm*,malware,malicious,https://socket.dev/blog/108-chrome-ext-linked-to-data-exfil-session-theft-shared-c2,,https://chromewebstore.google.com/detail/ibelidmkbnjmmpjgfibbdbkamgcbnjdm,critical,,2026-08-03,ExtSentry (github.com/mthcht/awesome-lists)
ihbkmfoadnfjgkpdmgcboiehapkiflme,Columbus Voyage - Slot Machine,*ihbkmfoadnfjgkpdmgcboiehapkiflme*,malware,malicious,https://socket.dev/blog/108-chrome-ext-linked-to-data-exfil-session-theft-shared-c2,,https://chromewebstore.google.com/detail/ihbkmfoadnfjgkpdmgcboiehapkiflme,critical,,2026-08-03,ExtSentry (github.com/mthcht/awesome-lists)
ijccacgjefefdpglhclnbpfjlcbagafm,High or Low Casino Game,*ijccacgjefefdpglhclnbpfjlcbagafm*,malware,malicious,https://socket.dev/blog/108-chrome-ext-linked-to-data-exfil-session-theft-shared-c2,,https://chromewebstore.google.com/detail/ijccacgjefefdpglhclnbpfjlcbagafm,critical,,2026-08-03,ExtSentry (github.com/mthcht/awesome-lists)
ijfmkphjcogaealhjgijjfjlkpdhhojk,Goalkeeper Challenge,*ijfmkphjcogaealhjgijjfjlkpdhhojk*,malware,malicious,https://socket.dev/blog/108-chrome-ext-linked-to-data-exfil-session-theft-shared-c2,,https://chromewebstore.google.com/detail/ijfmkphjcogaealhjgijjfjlkpdhhojk,critical,,2026-08-03,ExtSentry (github.com/mthcht/awesome-lists)
ijpgccpmogehkjhdmomckpkfcpbjlmnj,Tropical Beach - Slot Machine,*ijpgccpmogehkjhdmomckpkfcpbjlmnj*,malware,malicious,https://socket.dev/blog/108-chrome-ext-linked-to-data-exfil-session-theft-shared-c2,,https://chromewebstore.google.com/detail/ijpgccpmogehkjhdmomckpkfcpbjlmnj,critical,,2026-08-03,ExtSentry (github.com/mthcht/awesome-lists)
imjmnghlhiimodfkdkgnfplhlobehnpm,BlackJack 3D,*imjmnghlhiimodfkdkgnfplhlobehnpm*,malware,malicious,https://socket.dev/blog/108-chrome-ext-linked-to-data-exfil-session-theft-shared-c2,,https://chromewebstore.google.com/detail/imjmnghlhiimodfkdkgnfplhlobehnpm,critical,,2026-08-03,ExtSentry (github.com/mthcht/awesome-lists)
jddinhnhplibccfmniaakhffpjpnaglp,Web Client for game Classic Bowling,*jddinhnhplibccfmniaakhffpjpnaglp*,malware,malicious,https://socket.dev/blog/108-chrome-ext-linked-to-data-exfil-session-theft-shared-c2,,https://chromewebstore.google.com/detail/jddinhnhplibccfmniaakhffpjpnaglp,critical,,2026-08-03,ExtSentry (github.com/mthcht/awesome-lists)
jmopjanoebpdbopigcbpjhiigmjolikk,Raging Zeus Mines,*jmopjanoebpdbopigcbpjhiigmjolikk*,malware,malicious,https://socket.dev/blog/108-chrome-ext-linked-to-data-exfil-session-theft-shared-c2,,https://chromewebstore.google.com/detail/jmopjanoebpdbopigcbpjhiigmjolikk,critical,,2026-08-03,ExtSentry (github.com/mthcht/awesome-lists)
jnmmbmkmbkcccpihjgnhjmhhkokfdnfe,Classic Backgammon,*jnmmbmkmbkcccpihjgnhjmhhkokfdnfe*,malware,malicious,https://socket.dev/blog/108-chrome-ext-linked-to-data-exfil-session-theft-shared-c2,,https://chromewebstore.google.com/detail/jnmmbmkmbkcccpihjgnhjmhhkokfdnfe,critical,,2026-08-03,ExtSentry (github.com/mthcht/awesome-lists)
jodocbbdcdclkhjkibnlfhbmllcpfkfo,Slot Machine The Fruits,*jodocbbdcdclkhjkibnlfhbmllcpfkfo*,malware,malicious,https://socket.dev/blog/108-chrome-ext-linked-to-data-exfil-session-theft-shared-c2,,https://chromewebstore.google.com/detail/jodocbbdcdclkhjkibnlfhbmllcpfkfo,critical,,2026-08-03,ExtSentry (github.com/mthcht/awesome-lists)
kahcolfecjbejjjadhjafmihdnifonjf,Baccarat,*kahcolfecjbejjjadhjafmihdnifonjf*,malware,malicious,https://socket.dev/blog/108-chrome-ext-linked-to-data-exfil-session-theft-shared-c2,,https://chromewebstore.google.com/detail/kahcolfecjbejjjadhjafmihdnifonjf,critical,,2026-08-03,ExtSentry (github.com/mthcht/awesome-lists)
kblomapfkjidbbbdllmofkcakcenkmec,Mini Golf World,*kblomapfkjidbbbdllmofkcakcenkmec*,malware,malicious,https://socket.dev/blog/108-chrome-ext-linked-to-data-exfil-session-theft-shared-c2,,https://chromewebstore.google.com/detail/kblomapfkjidbbbdllmofkcakcenkmec,critical,,2026-08-03,ExtSentry (github.com/mthcht/awesome-lists)
kbmindomjiejdikjaagfdbdfpnlanobi,Gold Rush - Slot Machine,*kbmindomjiejdikjaagfdbdfpnlanobi*,malware,malicious,https://socket.dev/blog/108-chrome-ext-linked-to-data-exfil-session-theft-shared-c2,,https://chromewebstore.google.com/detail/kbmindomjiejdikjaagfdbdfpnlanobi,critical,,2026-08-03,ExtSentry (github.com/mthcht/awesome-lists)
kbnkkecifeppobnemkielnpagifkobki,Pirat Slot,*kbnkkecifeppobnemkielnpagifkobki*,malware,malicious,https://socket.dev/blog/108-chrome-ext-linked-to-data-exfil-session-theft-shared-c2,,https://chromewebstore.google.com/detail/kbnkkecifeppobnemkielnpagifkobki,critical,,2026-08-03,ExtSentry (github.com/mthcht/awesome-lists)
kjnakdbpijigdbfepipnbafnhbcfdkga,40 Imperial Crown - Slot Machine,*kjnakdbpijigdbfepipnbafnhbcfdkga*,malware,malicious,https://socket.dev/blog/108-chrome-ext-linked-to-data-exfil-session-theft-shared-c2,,https://chromewebstore.google.com/detail/kjnakdbpijigdbfepipnbafnhbcfdkga,critical,,2026-08-03,ExtSentry (github.com/mthcht/awesome-lists)
kknakidneabpfgepadgpkibalcnabnnh,3D Soccer Slot Machine,*kknakidneabpfgepadgpkibalcnabnnh*,malware,malicious,https://socket.dev/blog/108-chrome-ext-linked-to-data-exfil-session-theft-shared-c2,,https://chromewebstore.google.com/detail/kknakidneabpfgepadgpkibalcnabnnh,critical,,2026-08-03,ExtSentry (github.com/mthcht/awesome-lists)
klglejfbdeipgklgaepnodpjcnhaihkd,Premium Horse Racing,*klglejfbdeipgklgaepnodpjcnhaihkd*,malware,malicious,https://socket.dev/blog/108-chrome-ext-linked-to-data-exfil-session-theft-shared-c2,,https://chromewebstore.google.com/detail/klglejfbdeipgklgaepnodpjcnhaihkd,critical,,2026-08-03,ExtSentry (github.com/mthcht/awesome-lists)
kmiidcaojgeepjlccoalkdimgpfnbagj,Tanks Game,*kmiidcaojgeepjlccoalkdimgpfnbagj*,malware,malicious,https://socket.dev/blog/108-chrome-ext-linked-to-data-exfil-session-theft-shared-c2,,https://chromewebstore.google.com/detail/kmiidcaojgeepjlccoalkdimgpfnbagj,critical,,2026-08-03,ExtSentry (github.com/mthcht/awesome-lists)
lcijkepobdokkgmefebkiejhealgblle,Caribbean Stud Poker,*lcijkepobdokkgmefebkiejhealgblle*,malware,malicious,https://socket.dev/blog/108-chrome-ext-linked-to-data-exfil-session-theft-shared-c2,,https://chromewebstore.google.com/detail/lcijkepobdokkgmefebkiejhealgblle,critical,,2026-08-03,ExtSentry (github.com/mthcht/awesome-lists)
lefndgfmmbdklidbkeifpgclmpnhcilg,Wild Buffalo - Slot Machine,*lefndgfmmbdklidbkeifpgclmpnhcilg*,malware,malicious,https://socket.dev/blog/108-chrome-ext-linked-to-data-exfil-session-theft-shared-c2,,https://chromewebstore.google.com/detail/lefndgfmmbdklidbkeifpgclmpnhcilg,critical,,2026-08-03,ExtSentry (github.com/mthcht/awesome-lists)
lfkknbmaifjomagejflmjklcmpadmmdg,Aqua - Slot Machine,*lfkknbmaifjomagejflmjklcmpadmmdg*,malware,malicious,https://socket.dev/blog/108-chrome-ext-linked-to-data-exfil-session-theft-shared-c2,,https://chromewebstore.google.com/detail/lfkknbmaifjomagejflmjklcmpadmmdg,critical,,2026-08-03,ExtSentry (github.com/mthcht/awesome-lists)
ljbgkfbiifhpgpipepnfefijldolkhlm,Game Crypto Merge,*ljbgkfbiifhpgpipepnfefijldolkhlm*,malware,malicious,https://socket.dev/blog/108-chrome-ext-linked-to-data-exfil-session-theft-shared-c2,,https://chromewebstore.google.com/detail/ljbgkfbiifhpgpipepnfefijldolkhlm,critical,,2026-08-03,ExtSentry (github.com/mthcht/awesome-lists)
lmcpbhamfpbonaenickjclacodolkbdl,Sherwood Forest - Slot Machine,*lmcpbhamfpbonaenickjclacodolkbdl*,malware,malicious,https://socket.dev/blog/108-chrome-ext-linked-to-data-exfil-session-theft-shared-c2,,https://chromewebstore.google.com/detail/lmcpbhamfpbonaenickjclacodolkbdl,critical,,2026-08-03,ExtSentry (github.com/mthcht/awesome-lists)
lmgenhmehbcolpikplhkoelmagdhoojn,Web Client for game Fatboy Dream,*lmgenhmehbcolpikplhkoelmagdhoojn*,malware,malicious,https://socket.dev/blog/108-chrome-ext-linked-to-data-exfil-session-theft-shared-c2,,https://chromewebstore.google.com/detail/lmgenhmehbcolpikplhkoelmagdhoojn,critical,,2026-08-03,ExtSentry (github.com/mthcht/awesome-lists)
maeccdadgnadblfddcmanhpofobhgfme,Lone Star Jackpots - Slot Machine,*maeccdadgnadblfddcmanhpofobhgfme*,malware,malicious,https://socket.dev/blog/108-chrome-ext-linked-to-data-exfil-session-theft-shared-c2,,https://chromewebstore.google.com/detail/maeccdadgnadblfddcmanhpofobhgfme,critical,,2026-08-03,ExtSentry (github.com/mthcht/awesome-lists)
medkneifmjcpgmmibfppjpfjbkgbgebl,Hidden Kitty Game,*medkneifmjcpgmmibfppjpfjbkgbgebl*,malware,malicious,https://socket.dev/blog/108-chrome-ext-linked-to-data-exfil-session-theft-shared-c2,,https://chromewebstore.google.com/detail/medkneifmjcpgmmibfppjpfjbkgbgebl,critical,,2026-08-03,ExtSentry (github.com/mthcht/awesome-lists)
mheomooihiffmcgldolenemmplpgoahn,Keno,*mheomooihiffmcgldolenemmplpgoahn*,malware,malicious,https://socket.dev/blog/108-chrome-ext-linked-to-data-exfil-session-theft-shared-c2,,https://chromewebstore.google.com/detail/mheomooihiffmcgldolenemmplpgoahn,critical,,2026-08-03,ExtSentry (github.com/mthcht/awesome-lists)
mmbbjakjlpmndjlbhihlddgcdppblpka,Jokers Bonanza - Slot Machine,*mmbbjakjlpmndjlbhihlddgcdppblpka*,malware,malicious,https://socket.dev/blog/108-chrome-ext-linked-to-data-exfil-session-theft-shared-c2,,https://chromewebstore.google.com/detail/mmbbjakjlpmndjlbhihlddgcdppblpka,critical,,2026-08-03,ExtSentry (github.com/mthcht/awesome-lists)
mmbkmjmlnhocfcnjmbchmflamalekbnb,Penalty Kicks,*mmbkmjmlnhocfcnjmbchmflamalekbnb*,malware,malicious,https://socket.dev/blog/108-chrome-ext-linked-to-data-exfil-session-theft-shared-c2,,https://chromewebstore.google.com/detail/mmbkmjmlnhocfcnjmbchmflamalekbnb,critical,,2026-08-03,ExtSentry (github.com/mthcht/awesome-lists)
nbgligggjfgkpphhghhjdoiefbimgooc,Pai Gow Poker,*nbgligggjfgkpphhghhjdoiefbimgooc*,malware,malicious,https://socket.dev/blog/108-chrome-ext-linked-to-data-exfil-session-theft-shared-c2,,https://chromewebstore.google.com/detail/nbgligggjfgkpphhghhjdoiefbimgooc,critical,,2026-08-03,ExtSentry (github.com/mthcht/awesome-lists)
ncpdkpcgmdhhnmcjgiiifdhefmekdcnf,Metal Calculator,*ncpdkpcgmdhhnmcjgiiifdhefmekdcnf*,malware,malicious,https://socket.dev/blog/108-chrome-ext-linked-to-data-exfil-session-theft-shared-c2,,https://chromewebstore.google.com/detail/ncpdkpcgmdhhnmcjgiiifdhefmekdcnf,critical,,2026-08-03,ExtSentry (github.com/mthcht/awesome-lists)
ndajcmifndknmkckdcdefkpgcodciggk,Farm - Slot Machine,*ndajcmifndknmkckdcdefkpgcodciggk*,malware,malicious,https://socket.dev/blog/108-chrome-ext-linked-to-data-exfil-session-theft-shared-c2,,https://chromewebstore.google.com/detail/ndajcmifndknmkckdcdefkpgcodciggk,critical,,2026-08-03,ExtSentry (github.com/mthcht/awesome-lists)
nelbpdjegmhhgpfcjclhdmkcglimkjpp,Rail Maze Puzzle,*nelbpdjegmhhgpfcjclhdmkcglimkjpp*,malware,malicious,https://socket.dev/blog/108-chrome-ext-linked-to-data-exfil-session-theft-shared-c2,,https://chromewebstore.google.com/detail/nelbpdjegmhhgpfcjclhdmkcglimkjpp,critical,,2026-08-03,ExtSentry (github.com/mthcht/awesome-lists)
nkacmelgoeejhjgmmgflbcdhonpaplcg,RED DOG CARD GAME,*nkacmelgoeejhjgmmgflbcdhonpaplcg*,malware,malicious,https://socket.dev/blog/108-chrome-ext-linked-to-data-exfil-session-theft-shared-c2,,https://chromewebstore.google.com/detail/nkacmelgoeejhjgmmgflbcdhonpaplcg,critical,,2026-08-03,ExtSentry (github.com/mthcht/awesome-lists)
nmegibgeklckejdlfhoadhhbgcdjnojb,Coin Miner 2,*nmegibgeklckejdlfhoadhhbgcdjnojb*,malware,malicious,https://socket.dev/blog/108-chrome-ext-linked-to-data-exfil-session-theft-shared-c2,,https://chromewebstore.google.com/detail/nmegibgeklckejdlfhoadhhbgcdjnojb,critical,,2026-08-03,ExtSentry (github.com/mthcht/awesome-lists)
nodobilhjanebkafmpihkpoabiggnnfl,Black Ninja - Slot Machine,*nodobilhjanebkafmpihkpoabiggnnfl*,malware,malicious,https://socket.dev/blog/108-chrome-ext-linked-to-data-exfil-session-theft-shared-c2,,https://chromewebstore.google.com/detail/nodobilhjanebkafmpihkpoabiggnnfl,critical,,2026-08-03,ExtSentry (github.com/mthcht/awesome-lists)
oanpifaoclmgmflmddlgkikfaggejobn,Pyramid Solitaire,*oanpifaoclmgmflmddlgkikfaggejobn*,malware,malicious,https://socket.dev/blog/108-chrome-ext-linked-to-data-exfil-session-theft-shared-c2,,https://chromewebstore.google.com/detail/oanpifaoclmgmflmddlgkikfaggejobn,critical,,2026-08-03,ExtSentry (github.com/mthcht/awesome-lists)
ocflhkadmmnlbieoiiekfcdcmjcfeahe,Chrome Client for Downhill Ski - SideGame,*ocflhkadmmnlbieoiiekfcdcmjcfeahe*,malware,malicious,https://socket.dev/blog/108-chrome-ext-linked-to-data-exfil-session-theft-shared-c2,,https://chromewebstore.google.com/detail/ocflhkadmmnlbieoiiekfcdcmjcfeahe,critical,,2026-08-03,ExtSentry (github.com/mthcht/awesome-lists)
odeccdcabdffpebnfancpkepjeecempn,Slot Machine Mr Chicken,*odeccdcabdffpebnfancpkepjeecempn*,malware,malicious,https://socket.dev/blog/108-chrome-ext-linked-to-data-exfil-session-theft-shared-c2,,https://chromewebstore.google.com/detail/odeccdcabdffpebnfancpkepjeecempn,critical,,2026-08-03,ExtSentry (github.com/mthcht/awesome-lists)
oejhnncfanbaogjlbknmlgjpleachclf,Web Client for French Roulette - SideGame,*oejhnncfanbaogjlbknmlgjpleachclf*,malware,malicious,https://socket.dev/blog/108-chrome-ext-linked-to-data-exfil-session-theft-shared-c2,,https://chromewebstore.google.com/detail/oejhnncfanbaogjlbknmlgjpleachclf,critical,,2026-08-03,ExtSentry (github.com/mthcht/awesome-lists)
ogbaedmbbmmipljceodeimlckohbnfan,3D Roulette Casino Game,*ogbaedmbbmmipljceodeimlckohbnfan*,malware,malicious,https://socket.dev/blog/108-chrome-ext-linked-to-data-exfil-session-theft-shared-c2,,https://chromewebstore.google.com/detail/ogbaedmbbmmipljceodeimlckohbnfan,critical,,2026-08-03,ExtSentry (github.com/mthcht/awesome-lists)
ojkbafekojdcedacileemekjdfdpkbkf,Slot Machine Space Adventure,*ojkbafekojdcedacileemekjdfdpkbkf*,malware,malicious,https://socket.dev/blog/108-chrome-ext-linked-to-data-exfil-session-theft-shared-c2,,https://chromewebstore.google.com/detail/ojkbafekojdcedacileemekjdfdpkbkf,critical,,2026-08-03,ExtSentry (github.com/mthcht/awesome-lists)
pdgaknahllnfldmclpcllpieafkaibmf,Whack 'em All,*pdgaknahllnfldmclpcllpieafkaibmf*,malware,malicious,https://socket.dev/blog/108-chrome-ext-linked-to-data-exfil-session-theft-shared-c2,,https://chromewebstore.google.com/detail/pdgaknahllnfldmclpcllpieafkaibmf,critical,,2026-08-03,ExtSentry (github.com/mthcht/awesome-lists)
peflgkmfmoijonfgcjdlpnnfdegnlaji,Video Poker Jacks or Better,*peflgkmfmoijonfgcjdlpnnfdegnlaji*,malware,malicious,https://socket.dev/blog/108-chrome-ext-linked-to-data-exfil-session-theft-shared-c2,,https://chromewebstore.google.com/detail/peflgkmfmoijonfgcjdlpnnfdegnlaji,critical,,2026-08-03,ExtSentry (github.com/mthcht/awesome-lists)
phfkdailnomcbcknpdmokejhellbecjb,Swimming Pro,*phfkdailnomcbcknpdmokejhellbecjb*,malware,malicious,https://socket.dev/blog/108-chrome-ext-linked-to-data-exfil-session-theft-shared-c2,,https://chromewebstore.google.com/detail/phfkdailnomcbcknpdmokejhellbecjb,critical,,2026-08-03,ExtSentry (github.com/mthcht/awesome-lists)
pkghgkfjhjghinikeanecbgjehojfhdg,InterAlt,*pkghgkfjhjghinikeanecbgjehojfhdg*,malware,malicious,https://socket.dev/blog/108-chrome-ext-linked-to-data-exfil-session-theft-shared-c2,,https://chromewebstore.google.com/detail/pkghgkfjhjghinikeanecbgjehojfhdg,critical,,2026-08-03,ExtSentry (github.com/mthcht/awesome-lists)
pllkanemicadpcmkfodglahcocfdgkhj,Gold of Egypt - Slot Machine,*pllkanemicadpcmkfodglahcocfdgkhj*,malware,malicious,https://socket.dev/blog/108-chrome-ext-linked-to-data-exfil-session-theft-shared-c2,,https://chromewebstore.google.com/detail/pllkanemicadpcmkfodglahcocfdgkhj,critical,,2026-08-03,ExtSentry (github.com/mthcht/awesome-lists)
jnannpdmmiphnkpaooplhegabbghlplj,Pro search,*jnannpdmmiphnkpaooplhegabbghlplj*,malware,malicious,,shows fake antivirus alerts constantly and capture browsing activities,https://chromewebstore.google.com/detail/jnannpdmmiphnkpaooplhegabbghlplj,critical,,2026-08-03,ExtSentry (github.com/mthcht/awesome-lists)
gogbiohkminacikoppmljeolgccpmlop,Color Picker - Eyedropper,*gogbiohkminacikoppmljeolgccpmlop*,PUP,privacy,https://x.com/tuckner/status/2039777577452155131,spying on you,https://chromewebstore.google.com/detail/gogbiohkminacikoppmljeolgccpmlop,low,,2026-08-03,ExtSentry (github.com/mthcht/awesome-lists)
bcjindcccaagfpapjjmafapmmgkkhgoa,JSON Formatter,*bcjindcccaagfpapjjmafapmmgkkhgoa*,PUP,privacy,https://chromewebstore.google.com/detail/json-formatter/bcjindcccaagfpapjjmafapmmgkkhgoa/reviews,https://x.com/wesbos/status/2039355472830939319?s=20,https://chromewebstore.google.com/detail/bcjindcccaagfpapjjmafapmmgkkhgoa,low,,2026-08-03,ExtSentry (github.com/mthcht/awesome-lists)
ckkjdiimhlanonhceggkfjlmjnenpmfm,bank credential stealer,*ckkjdiimhlanonhceggkfjlmjnenpmfm*,malware,malicious,https://x.com/i/status/1907925793336078675,bank credential stealer,https://chromewebstore.google.com/detail/ckkjdiimhlanonhceggkfjlmjnenpmfm,critical,,2026-08-03,ExtSentry (github.com/mthcht/awesome-lists)
fpeabamapgecnidibdmjoepaiehokgda,Chrome MCP Server - AI Browser Control,*fpeabamapgecnidibdmjoepaiehokgda*,malware,malicious,https://github.com/PaloAltoNetworks/Unit42-timely-threat-intel/blob/dbdcea6a9f5684a9268c39e60c667c5c9c06263b/2026-02-11-IOCs-for-RAT-disguinsed-as-AI-based-browser-extension.txt,RAT AI browser extension,https://chromewebstore.google.com/detail/fpeabamapgecnidibdmjoepaiehokgda,critical,0cbf101e96f6d5c4146812f07105f8b89bd76dd994f540470cd1c4bc37df37d5,2026-08-03,ExtSentry (github.com/mthcht/awesome-lists)
ajfanjhcdgaohcbphpaceglgpgaaohod,OmniBar AI Chat and Search,*ajfanjhcdgaohcbphpaceglgpgaaohod*,malware,malicious,https://github.com/PaloAltoNetworks/Unit42-timely-threat-intel/blob/main/2026-03-09-Threat-Alert-30K-domains-distributing-malicious-AI-related-browser-extension.txt,Malicious AI browser extension,https://chromewebstore.google.com/detail/ajfanjhcdgaohcbphpaceglgpgaaohod,critical,21dd863ff9bbd15da01c1218bf92bd65eeae04a41876e10c41733b58035414c4,2026-08-03,ExtSentry (github.com/mthcht/awesome-lists)
eeoonfhmbjlmienmmbgapfloddpmoalh,AI Output Algo Tool,*eeoonfhmbjlmienmmbgapfloddpmoalh*,malware,malicious,https://github.com/PaloAltoNetworks/Unit42-timely-threat-intel/blob/main/2026-03-09-Threat-Alert-30K-domains-distributing-malicious-AI-related-browser-extension.txt,Malicious AI browser extension,https://chromewebstore.google.com/detail/eeoonfhmbjlmienmmbgapfloddpmoalh,critical,9d0f550ac883455ed64da402cdb0c822c90de405c540678e0697b77fe20de3cf,2026-08-03,ExtSentry (github.com/mthcht/awesome-lists)
hokdpdlchkgcenfpiibjjfkfmleoknkp,Serpey.com official extension,*hokdpdlchkgcenfpiibjjfkfmleoknkp*,malware,malicious,https://github.com/PaloAltoNetworks/Unit42-timely-threat-intel/blob/main/2026-03-09-Threat-Alert-30K-domains-distributing-malicious-AI-related-browser-extension.txt,Malicious AI browser extension,https://chromewebstore.google.com/detail/hokdpdlchkgcenfpiibjjfkfmleoknkp,critical,a25a3e108f62a10caa2b736123ca7350e9dbc1b888c44e909cbd6866205ca671,2026-08-03,ExtSentry (github.com/mthcht/awesome-lists)
jaioobipjdejpeckgojiojjahmkiaihp,Care.Sale,*jaioobipjdejpeckgojiojjahmkiaihp*,malware,malicious,https://github.com/PaloAltoNetworks/Unit42-timely-threat-intel/blob/main/2026-03-09-Threat-Alert-30K-domains-distributing-malicious-AI-related-browser-extension.txt,Malicious AI browser extension,https://chromewebstore.google.com/detail/jaioobipjdejpeckgojiojjahmkiaihp,critical,4a2f0f1893527e4c419f36c2e4f95a61617074200bb67218fb96ae74125e433b,2026-08-03,ExtSentry (github.com/mthcht/awesome-lists)
akdajpomgjgldidenledjjiemgkjcchc,Giant Coupons Official Extension,*akdajpomgjgldidenledjjiemgkjcchc*,malware,malicious,https://github.com/PaloAltoNetworks/Unit42-timely-threat-intel/blob/main/2026-03-09-Threat-Alert-30K-domains-distributing-malicious-AI-related-browser-extension.txt,Malicious AI browser extension,https://chromewebstore.google.com/detail/akdajpomgjgldidenledjjiemgkjcchc,critical,5629be21869a83e9b9da86ab16a2d9cebd0aed2c04a9efe2ac044dfe0d5db6b9,2026-08-03,ExtSentry (github.com/mthcht/awesome-lists)
mkkfklcadlnkhgapjeejemflhamcdjld,Consensus - Reddit Comment Summarizer,*mkkfklcadlnkhgapjeejemflhamcdjld*,malware,malicious,https://github.com/PaloAltoNetworks/Unit42-timely-threat-intel/blob/main/2026-03-09-Threat-Alert-30K-domains-distributing-malicious-AI-related-browser-extension.txt,Malicious AI browser extension,https://chromewebstore.google.com/detail/mkkfklcadlnkhgapjeejemflhamcdjld,critical,cdae573ab468b24c28a42d6078daf2da1a4b4c5657a4146ad966e2fe8340cb49,2026-08-03,ExtSentry (github.com/mthcht/awesome-lists)
kfokdmfpdnokpmpbjhjbcabgligoelgp,Chrome - The Zoom Stealer,*kfokdmfpdnokpmpbjhjbcabgligoelgp*,malware,malicious,https://www.koi.ai/blog/darkspectre-unmasking-the-threat-actor-behind-7-8-million-infected-browsers,Chrome - The Zoom Stealer,https://chromewebstore.google.com/detail/kfokdmfpdnokpmpbjhjbcabgligoelgp,critical,,2026-08-03,ExtSentry (github.com/mthcht/awesome-lists)
pdadlkbckhinonakkfkdaadceojbekep,Chrome - The Zoom Stealer,*pdadlkbckhinonakkfkdaadceojbekep*,malware,malicious,https://www.koi.ai/blog/darkspectre-unmasking-the-threat-actor-behind-7-8-million-infected-browsers,Chrome - The Zoom Stealer,https://chromewebstore.google.com/detail/pdadlkbckhinonakkfkdaadceojbekep,critical,,2026-08-03,ExtSentry (github.com/mthcht/awesome-lists)
akmdionenlnfcipmdhbhcnkighafmdha,Chrome - The Zoom Stealer,*akmdionenlnfcipmdhbhcnkighafmdha*,malware,malicious,https://www.koi.ai/blog/darkspectre-unmasking-the-threat-actor-behind-7-8-million-infected-browsers,Chrome - The Zoom Stealer,https://chromewebstore.google.com/detail/akmdionenlnfcipmdhbhcnkighafmdha,critical,,2026-08-03,ExtSentry (github.com/mthcht/awesome-lists)
pabkjoplheapcclldpknfpcepheldbga,Chrome - The Zoom Stealer,*pabkjoplheapcclldpknfpcepheldbga*,malware,malicious,https://www.koi.ai/blog/darkspectre-unmasking-the-threat-actor-behind-7-8-million-infected-browsers,Chrome - The Zoom Stealer,https://chromewebstore.google.com/detail/pabkjoplheapcclldpknfpcepheldbga,critical,,2026-08-03,ExtSentry (github.com/mthcht/awesome-lists)
aedgpiecagcpmehhelbibfbgpfiafdkm,Chrome - The Zoom Stealer,*aedgpiecagcpmehhelbibfbgpfiafdkm*,malware,malicious,https://www.koi.ai/blog/darkspectre-unmasking-the-threat-actor-behind-7-8-million-infected-browsers,Chrome - The Zoom Stealer,https://chromewebstore.google.com/detail/aedgpiecagcpmehhelbibfbgpfiafdkm,critical,,2026-08-03,ExtSentry (github.com/mthcht/awesome-lists)
dpdgjbnanmmlikideilnpfjjdbmneanf,Chrome - The Zoom Stealer,*dpdgjbnanmmlikideilnpfjjdbmneanf*,malware,malicious,https://www.koi.ai/blog/darkspectre-unmasking-the-threat-actor-behind-7-8-million-infected-browsers,Chrome - The Zoom Stealer,https://chromewebstore.google.com/detail/dpdgjbnanmmlikideilnpfjjdbmneanf,critical,,2026-08-03,ExtSentry (github.com/mthcht/awesome-lists)
kabbfhmcaaodobkfbnnehopcghicgffo,Chrome - The Zoom Stealer,*kabbfhmcaaodobkfbnnehopcghicgffo*,malware,malicious,https://www.koi.ai/blog/darkspectre-unmasking-the-threat-actor-behind-7-8-million-infected-browsers,Chrome - The Zoom Stealer,https://chromewebstore.google.com/detail/kabbfhmcaaodobkfbnnehopcghicgffo,critical,,2026-08-03,ExtSentry (github.com/mthcht/awesome-lists)
cphibdhgbdoekmkkcbbaoogedpfibeme,Chrome - The Zoom Stealer,*cphibdhgbdoekmkkcbbaoogedpfibeme*,malware,malicious,https://www.koi.ai/blog/darkspectre-unmasking-the-threat-actor-behind-7-8-million-infected-browsers,Chrome - The Zoom Stealer,https://chromewebstore.google.com/detail/cphibdhgbdoekmkkcbbaoogedpfibeme,critical,,2026-08-03,ExtSentry (github.com/mthcht/awesome-lists)
ceofheakaalaecnecdkdanhejojkpeai,Chrome - The Zoom Stealer,*ceofheakaalaecnecdkdanhejojkpeai*,malware,malicious,https://www.koi.ai/blog/darkspectre-unmasking-the-threat-actor-behind-7-8-million-infected-browsers,Chrome - The Zoom Stealer,https://chromewebstore.google.com/detail/ceofheakaalaecnecdkdanhejojkpeai,critical,,2026-08-03,ExtSentry (github.com/mthcht/awesome-lists)
dakebdbeofhmlnmjlmhjdmmjmfohiicn,Chrome - The Zoom Stealer,*dakebdbeofhmlnmjlmhjdmmjmfohiicn*,malware,malicious,https://www.koi.ai/blog/darkspectre-unmasking-the-threat-actor-behind-7-8-million-infected-browsers,Chrome - The Zoom Stealer,https://chromewebstore.google.com/detail/dakebdbeofhmlnmjlmhjdmmjmfohiicn,critical,,2026-08-03,ExtSentry (github.com/mthcht/awesome-lists)
adjoknoacleghaejlggocbakidkoifle,Chrome - The Zoom Stealer,*adjoknoacleghaejlggocbakidkoifle*,malware,malicious,https://www.koi.ai/blog/darkspectre-unmasking-the-threat-actor-behind-7-8-million-infected-browsers,Chrome - The Zoom Stealer,https://chromewebstore.google.com/detail/adjoknoacleghaejlggocbakidkoifle,critical,,2026-08-03,ExtSentry (github.com/mthcht/awesome-lists)
pgpidfocdapogajplhjofamgeboonmmj,Chrome - The Zoom Stealer,*pgpidfocdapogajplhjofamgeboonmmj*,malware,malicious,https://www.koi.ai/blog/darkspectre-unmasking-the-threat-actor-behind-7-8-million-infected-browsers,Chrome - The Zoom Stealer,https://chromewebstore.google.com/detail/pgpidfocdapogajplhjofamgeboonmmj,critical,,2026-08-03,ExtSentry (github.com/mthcht/awesome-lists)
ifklcpoenaammhnoddgedlapnodfcjpn,Chrome - The Zoom Stealer,*ifklcpoenaammhnoddgedlapnodfcjpn*,malware,malicious,https://www.koi.ai/blog/darkspectre-unmasking-the-threat-actor-behind-7-8-million-infected-browsers,Chrome - The Zoom Stealer,https://chromewebstore.google.com/detail/ifklcpoenaammhnoddgedlapnodfcjpn,critical,,2026-08-03,ExtSentry (github.com/mthcht/awesome-lists)
ebhomdageggjbmomenipfbhcjamfkmbl,Chrome - The Zoom Stealer,*ebhomdageggjbmomenipfbhcjamfkmbl*,malware,malicious,https://www.koi.ai/blog/darkspectre-unmasking-the-threat-actor-behind-7-8-million-infected-browsers,Chrome - The Zoom Stealer,https://chromewebstore.google.com/detail/ebhomdageggjbmomenipfbhcjamfkmbl,critical,,2026-08-03,ExtSentry (github.com/mthcht/awesome-lists)
ajfokipknlmjhcioemgnofkpmdnbaldi,Chrome - The Zoom Stealer,*ajfokipknlmjhcioemgnofkpmdnbaldi*,malware,malicious,https://www.koi.ai/blog/darkspectre-unmasking-the-threat-actor-behind-7-8-million-infected-browsers,Chrome - The Zoom Stealer,https://chromewebstore.google.com/detail/ajfokipknlmjhcioemgnofkpmdnbaldi,critical,,2026-08-03,ExtSentry (github.com/mthcht/awesome-lists)
mhjdjckeljinofckdibjiojbdpapoecj,Edge - The Zoom Stealer,*mhjdjckeljinofckdibjiojbdpapoecj*,malware,malicious,https://www.koi.ai/blog/darkspectre-unmasking-the-threat-actor-behind-7-8-million-infected-browsers,Edge - The Zoom Stealer,https://chromewebstore.google.com/detail/mhjdjckeljinofckdibjiojbdpapoecj,critical,,2026-08-03,ExtSentry (github.com/mthcht/awesome-lists)
aikflfpejipbpjdlfabpgclhblkpaafo,Chrome - Shady Panda,*aikflfpejipbpjdlfabpgclhblkpaafo*,malware,malicious,https://www.koi.ai/blog/darkspectre-unmasking-the-threat-actor-behind-7-8-million-infected-browsers,Chrome - Shady Panda,https://chromewebstore.google.com/detail/aikflfpejipbpjdlfabpgclhblkpaafo,critical,,2026-08-03,ExtSentry (github.com/mthcht/awesome-lists)
dbfmnekepjoapopniengjbcpnbljalfg,Chrome - Shady Panda,*dbfmnekepjoapopniengjbcpnbljalfg*,malware,malicious,https://www.koi.ai/blog/darkspectre-unmasking-the-threat-actor-behind-7-8-million-infected-browsers,Chrome - Shady Panda,https://chromewebstore.google.com/detail/dbfmnekepjoapopniengjbcpnbljalfg,critical,,2026-08-03,ExtSentry (github.com/mthcht/awesome-lists)
nnnkddnnlpamobajfibfdgfnbcnkgngh,Chrome - Shady Panda,*nnnkddnnlpamobajfibfdgfnbcnkgngh*,malware,malicious,https://www.koi.ai/blog/darkspectre-unmasking-the-threat-actor-behind-7-8-million-infected-browsers,Chrome - Shady Panda,https://chromewebstore.google.com/detail/nnnkddnnlpamobajfibfdgfnbcnkgngh,critical,,2026-08-03,ExtSentry (github.com/mthcht/awesome-lists)
ppfdcmempdfjnanjegmjhanplgjicefg,Chrome - Shady Panda,*ppfdcmempdfjnanjegmjhanplgjicefg*,malware,malicious,https://www.koi.ai/blog/darkspectre-unmasking-the-threat-actor-behind-7-8-million-infected-browsers,Chrome - Shady Panda,https://chromewebstore.google.com/detail/ppfdcmempdfjnanjegmjhanplgjicefg,critical,,2026-08-03,ExtSentry (github.com/mthcht/awesome-lists)
fmiefmaepcnjahoajkfckenfngfehhma,Chrome - Shady Panda,*fmiefmaepcnjahoajkfckenfngfehhma*,malware,malicious,https://www.koi.ai/blog/darkspectre-unmasking-the-threat-actor-behind-7-8-million-infected-browsers,Chrome - Shady Panda,https://chromewebstore.google.com/detail/fmiefmaepcnjahoajkfckenfngfehhma,critical,,2026-08-03,ExtSentry (github.com/mthcht/awesome-lists)
edojphplonjclmfckdiolpahpgcanjnh,Chrome - Shady Panda,*edojphplonjclmfckdiolpahpgcanjnh*,malware,malicious,https://www.koi.ai/blog/darkspectre-unmasking-the-threat-actor-behind-7-8-million-infected-browsers,Chrome - Shady Panda,https://chromewebstore.google.com/detail/edojphplonjclmfckdiolpahpgcanjnh,critical,,2026-08-03,ExtSentry (github.com/mthcht/awesome-lists)
bjehnpiidogpaocjjfhnopdjcahigggm,Chrome - Shady Panda,*bjehnpiidogpaocjjfhnopdjcahigggm*,malware,malicious,https://www.koi.ai/blog/darkspectre-unmasking-the-threat-actor-behind-7-8-million-infected-browsers,Chrome - Shady Panda,https://chromewebstore.google.com/detail/bjehnpiidogpaocjjfhnopdjcahigggm,critical,,2026-08-03,ExtSentry (github.com/mthcht/awesome-lists)
kdgjiakonpbfmndaacfhamdoangincgp,Chrome - Shady Panda,*kdgjiakonpbfmndaacfhamdoangincgp*,malware,malicious,https://www.koi.ai/blog/darkspectre-unmasking-the-threat-actor-behind-7-8-million-infected-browsers,Chrome - Shady Panda,https://chromewebstore.google.com/detail/kdgjiakonpbfmndaacfhamdoangincgp,critical,,2026-08-03,ExtSentry (github.com/mthcht/awesome-lists)
dihekmadkkcgnffajefocfamnpimlhah,Chrome - Shady Panda,*dihekmadkkcgnffajefocfamnpimlhah*,malware,malicious,https://www.koi.ai/blog/darkspectre-unmasking-the-threat-actor-behind-7-8-million-infected-browsers,Chrome - Shady Panda,https://chromewebstore.google.com/detail/dihekmadkkcgnffajefocfamnpimlhah,critical,,2026-08-03,ExtSentry (github.com/mthcht/awesome-lists)
eijnkinhnplaekpllmgbbfieecdhcmcp,Chrome - Shady Panda,*eijnkinhnplaekpllmgbbfieecdhcmcp*,malware,malicious,https://www.koi.ai/blog/darkspectre-unmasking-the-threat-actor-behind-7-8-million-infected-browsers,Chrome - Shady Panda,https://chromewebstore.google.com/detail/eijnkinhnplaekpllmgbbfieecdhcmcp,critical,,2026-08-03,ExtSentry (github.com/mthcht/awesome-lists)
mdlkdelnchilkeedllnnjfigkhhadlff,Chrome - Shady Panda,*mdlkdelnchilkeedllnnjfigkhhadlff*,malware,malicious,https://www.koi.ai/blog/darkspectre-unmasking-the-threat-actor-behind-7-8-million-infected-browsers,Chrome - Shady Panda,https://chromewebstore.google.com/detail/mdlkdelnchilkeedllnnjfigkhhadlff,critical,,2026-08-03,ExtSentry (github.com/mthcht/awesome-lists)
agepkkdokhlaoiaenedmjbfnblfdiboc,Chrome - Shady Panda,*agepkkdokhlaoiaenedmjbfnblfdiboc*,malware,malicious,https://www.koi.ai/blog/darkspectre-unmasking-the-threat-actor-behind-7-8-million-infected-browsers,Chrome - Shady Panda,https://chromewebstore.google.com/detail/agepkkdokhlaoiaenedmjbfnblfdiboc,critical,,2026-08-03,ExtSentry (github.com/mthcht/awesome-lists)
epepbcdeelckgplpmmmnmjplbeipgllo,Chrome - Shady Panda,*epepbcdeelckgplpmmmnmjplbeipgllo*,malware,malicious,https://www.koi.ai/blog/darkspectre-unmasking-the-threat-actor-behind-7-8-million-infected-browsers,Chrome - Shady Panda,https://chromewebstore.google.com/detail/epepbcdeelckgplpmmmnmjplbeipgllo,critical,,2026-08-03,ExtSentry (github.com/mthcht/awesome-lists)
makeekhnfplggoaiklkphfopajegajci,Chrome - Shady Panda,*makeekhnfplggoaiklkphfopajegajci*,malware,malicious,https://www.koi.ai/blog/darkspectre-unmasking-the-threat-actor-behind-7-8-million-infected-browsers,Chrome - Shady Panda,https://chromewebstore.google.com/detail/makeekhnfplggoaiklkphfopajegajci,critical,,2026-08-03,ExtSentry (github.com/mthcht/awesome-lists)
cahdpfhnokmnnjhoaoliabdbcbbokmgc,Chrome - Shady Panda,*cahdpfhnokmnnjhoaoliabdbcbbokmgc*,malware,malicious,https://www.koi.ai/blog/darkspectre-unmasking-the-threat-actor-behind-7-8-million-infected-browsers,Chrome - Shady Panda,https://chromewebstore.google.com/detail/cahdpfhnokmnnjhoaoliabdbcbbokmgc,critical,,2026-08-03,ExtSentry (github.com/mthcht/awesome-lists)
mmpfmolbdhdfoblfggigchncdgmdnjha,Chrome - Shady Panda,*mmpfmolbdhdfoblfggigchncdgmdnjha*,malware,malicious,https://www.koi.ai/blog/darkspectre-unmasking-the-threat-actor-behind-7-8-million-infected-browsers,Chrome - Shady Panda,https://chromewebstore.google.com/detail/mmpfmolbdhdfoblfggigchncdgmdnjha,critical,,2026-08-03,ExtSentry (github.com/mthcht/awesome-lists)
knejepegjmjmjlhficbikmblnbemdpke,Chrome - Shady Panda,*knejepegjmjmjlhficbikmblnbemdpke*,malware,malicious,https://www.koi.ai/blog/darkspectre-unmasking-the-threat-actor-behind-7-8-million-infected-browsers,Chrome - Shady Panda,https://chromewebstore.google.com/detail/knejepegjmjmjlhficbikmblnbemdpke,critical,,2026-08-03,ExtSentry (github.com/mthcht/awesome-lists)
cjlabngphhjjdapemkdnpgkpebkpjbbe,Chrome - Shady Panda,*cjlabngphhjjdapemkdnpgkpebkpjbbe*,malware,malicious,https://www.koi.ai/blog/darkspectre-unmasking-the-threat-actor-behind-7-8-million-infected-browsers,Chrome - Shady Panda,https://chromewebstore.google.com/detail/cjlabngphhjjdapemkdnpgkpebkpjbbe,critical,,2026-08-03,ExtSentry (github.com/mthcht/awesome-lists)
jeaebbdndojkbnnfcaihgokhnakocbnf,Chrome - Shady Panda,*jeaebbdndojkbnnfcaihgokhnakocbnf*,malware,malicious,https://www.koi.ai/blog/darkspectre-unmasking-the-threat-actor-behind-7-8-million-infected-browsers,Chrome - Shady Panda,https://chromewebstore.google.com/detail/jeaebbdndojkbnnfcaihgokhnakocbnf,critical,,2026-08-03,ExtSentry (github.com/mthcht/awesome-lists)
bajoeadpdidoahbhphmhejmbdmgnbdci,Chrome - Shady Panda,*bajoeadpdidoahbhphmhejmbdmgnbdci*,malware,malicious,https://www.koi.ai/blog/darkspectre-unmasking-the-threat-actor-behind-7-8-million-infected-browsers,Chrome - Shady Panda,https://chromewebstore.google.com/detail/bajoeadpdidoahbhphmhejmbdmgnbdci,critical,,2026-08-03,ExtSentry (github.com/mthcht/awesome-lists)
goiffchdhlcehhgdpdbocefkohlhmlom,Chrome - Shady Panda,*goiffchdhlcehhgdpdbocefkohlhmlom*,malware,malicious,https://www.koi.ai/blog/darkspectre-unmasking-the-threat-actor-behind-7-8-million-infected-browsers,Chrome - Shady Panda,https://chromewebstore.google.com/detail/goiffchdhlcehhgdpdbocefkohlhmlom,critical,,2026-08-03,ExtSentry (github.com/mthcht/awesome-lists)
djkddblnfgendjoklmfmocaboelkmdkm,Chrome - Shady Panda,*djkddblnfgendjoklmfmocaboelkmdkm*,malware,malicious,https://www.koi.ai/blog/darkspectre-unmasking-the-threat-actor-behind-7-8-million-infected-browsers,Chrome - Shady Panda,https://chromewebstore.google.com/detail/djkddblnfgendjoklmfmocaboelkmdkm,critical,,2026-08-03,ExtSentry (github.com/mthcht/awesome-lists)
codgofkgobbmgglciccjabipdlgefnch,Chrome - Shady Panda,*codgofkgobbmgglciccjabipdlgefnch*,malware,malicious,https://www.koi.ai/blog/darkspectre-unmasking-the-threat-actor-behind-7-8-million-infected-browsers,Chrome - Shady Panda,https://chromewebstore.google.com/detail/codgofkgobbmgglciccjabipdlgefnch,critical,,2026-08-03,ExtSentry (github.com/mthcht/awesome-lists)
cicnbbdlbjaoioilpbdioeeaockgbhfi,Chrome - Shady Panda,*cicnbbdlbjaoioilpbdioeeaockgbhfi*,malware,malicious,https://www.koi.ai/blog/darkspectre-unmasking-the-threat-actor-behind-7-8-million-infected-browsers,Chrome - Shady Panda,https://chromewebstore.google.com/detail/cicnbbdlbjaoioilpbdioeeaockgbhfi,critical,,2026-08-03,ExtSentry (github.com/mthcht/awesome-lists)
mchacgmgddefeohkjobefhihbadocneh,Chrome - Shady Panda,*mchacgmgddefeohkjobefhihbadocneh*,malware,malicious,https://www.koi.ai/blog/darkspectre-unmasking-the-threat-actor-behind-7-8-million-infected-browsers,Chrome - Shady Panda,https://chromewebstore.google.com/detail/mchacgmgddefeohkjobefhihbadocneh,critical,,2026-08-03,ExtSentry (github.com/mthcht/awesome-lists)
oelcnhfgpdjeocflhhfecinnpjojeokp,Chrome - Shady Panda,*oelcnhfgpdjeocflhhfecinnpjojeokp*,malware,malicious,https://www.koi.ai/blog/darkspectre-unmasking-the-threat-actor-behind-7-8-million-infected-browsers,Chrome - Shady Panda,https://chromewebstore.google.com/detail/oelcnhfgpdjeocflhhfecinnpjojeokp,critical,,2026-08-03,ExtSentry (github.com/mthcht/awesome-lists)
fllcifcfhgmmfpogmpedgbjccnjalpjo,Chrome - Shady Panda,*fllcifcfhgmmfpogmpedgbjccnjalpjo*,malware,malicious,https://www.koi.ai/blog/darkspectre-unmasking-the-threat-actor-behind-7-8-million-infected-browsers,Chrome - Shady Panda,https://chromewebstore.google.com/detail/fllcifcfhgmmfpogmpedgbjccnjalpjo,critical,,2026-08-03,ExtSentry (github.com/mthcht/awesome-lists)
fmgaogkbodhdhhbgkphhbokciiecllno,Chrome - Shady Panda,*fmgaogkbodhdhhbgkphhbokciiecllno*,malware,malicious,https://www.koi.ai/blog/darkspectre-unmasking-the-threat-actor-behind-7-8-million-infected-browsers,Chrome - Shady Panda,https://chromewebstore.google.com/detail/fmgaogkbodhdhhbgkphhbokciiecllno,critical,,2026-08-03,ExtSentry (github.com/mthcht/awesome-lists)
dkbpkjhegfanacodkmfjeackckmehkfp,Chrome - Shady Panda,*dkbpkjhegfanacodkmfjeackckmehkfp*,malware,malicious,https://www.koi.ai/blog/darkspectre-unmasking-the-threat-actor-behind-7-8-million-infected-browsers,Chrome - Shady Panda,https://chromewebstore.google.com/detail/dkbpkjhegfanacodkmfjeackckmehkfp,critical,,2026-08-03,ExtSentry (github.com/mthcht/awesome-lists)
jooiimddfkjoomennmpjabdbbpdocjng,Chrome - Shady Panda,*jooiimddfkjoomennmpjabdbbpdocjng*,malware,malicious,https://www.koi.ai/blog/darkspectre-unmasking-the-threat-actor-behind-7-8-million-infected-browsers,Chrome - Shady Panda,https://chromewebstore.google.com/detail/jooiimddfkjoomennmpjabdbbpdocjng,critical,,2026-08-03,ExtSentry (github.com/mthcht/awesome-lists)
dekjibpkbhgbnmnfibnibnjoccaphfog,Chrome - Shady Panda,*dekjibpkbhgbnmnfibnibnjoccaphfog*,malware,malicious,https://www.koi.ai/blog/darkspectre-unmasking-the-threat-actor-behind-7-8-million-infected-browsers,Chrome - Shady Panda,https://chromewebstore.google.com/detail/dekjibpkbhgbnmnfibnibnjoccaphfog,critical,,2026-08-03,ExtSentry (github.com/mthcht/awesome-lists)
mnamhmcgcfflfjafflanbhbfffpmkmmm,Chrome - Shady Panda,*mnamhmcgcfflfjafflanbhbfffpmkmmm*,malware,malicious,https://www.koi.ai/blog/darkspectre-unmasking-the-threat-actor-behind-7-8-million-infected-browsers,Chrome - Shady Panda,https://chromewebstore.google.com/detail/mnamhmcgcfflfjafflanbhbfffpmkmmm,critical,,2026-08-03,ExtSentry (github.com/mthcht/awesome-lists)
ambcheakfbokmebglefpbbphbccekhhl,Chrome - Shady Panda,*ambcheakfbokmebglefpbbphbccekhhl*,malware,malicious,https://www.koi.ai/blog/darkspectre-unmasking-the-threat-actor-behind-7-8-million-infected-browsers,Chrome - Shady Panda,https://chromewebstore.google.com/detail/ambcheakfbokmebglefpbbphbccekhhl,critical,,2026-08-03,ExtSentry (github.com/mthcht/awesome-lists)
nmaegedpdmepbkahckadmaolllgmogma,Chrome - Shady Panda,*nmaegedpdmepbkahckadmaolllgmogma*,malware,malicious,https://www.koi.ai/blog/darkspectre-unmasking-the-threat-actor-behind-7-8-million-infected-browsers,Chrome - Shady Panda,https://chromewebstore.google.com/detail/nmaegedpdmepbkahckadmaolllgmogma,critical,,2026-08-03,ExtSentry (github.com/mthcht/awesome-lists)
doeomodlafdbbnajjllemacdfphbbohl,Chrome - Shady Panda,*doeomodlafdbbnajjllemacdfphbbohl*,malware,malicious,https://www.koi.ai/blog/darkspectre-unmasking-the-threat-actor-behind-7-8-million-infected-browsers,Chrome - Shady Panda,https://chromewebstore.google.com/detail/doeomodlafdbbnajjllemacdfphbbohl,critical,,2026-08-03,ExtSentry (github.com/mthcht/awesome-lists)
meobjhkdifjealkiaanikkpajiaalcad,Chrome - Shady Panda,*meobjhkdifjealkiaanikkpajiaalcad*,malware,malicious,https://www.koi.ai/blog/darkspectre-unmasking-the-threat-actor-behind-7-8-million-infected-browsers,Chrome - Shady Panda,https://chromewebstore.google.com/detail/meobjhkdifjealkiaanikkpajiaalcad,critical,,2026-08-03,ExtSentry (github.com/mthcht/awesome-lists)
kfdopiiledmclnopmihkclnfgdiggjna,Chrome - Shady Panda,*kfdopiiledmclnopmihkclnfgdiggjna*,malware,malicious,https://www.koi.ai/blog/darkspectre-unmasking-the-threat-actor-behind-7-8-million-infected-browsers,Chrome - Shady Panda,https://chromewebstore.google.com/detail/kfdopiiledmclnopmihkclnfgdiggjna,critical,,2026-08-03,ExtSentry (github.com/mthcht/awesome-lists)
cfgiodgnkinmacjkgjgdejeciohojglp,Chrome - Shady Panda,*cfgiodgnkinmacjkgjgdejeciohojglp*,malware,malicious,https://www.koi.ai/blog/darkspectre-unmasking-the-threat-actor-behind-7-8-million-infected-browsers,Chrome - Shady Panda,https://chromewebstore.google.com/detail/cfgiodgnkinmacjkgjgdejeciohojglp,critical,,2026-08-03,ExtSentry (github.com/mthcht/awesome-lists)
okepehobneenpbhiendcjcanjodhmcbj,Chrome - Shady Panda,*okepehobneenpbhiendcjcanjodhmcbj*,malware,malicious,https://www.koi.ai/blog/darkspectre-unmasking-the-threat-actor-behind-7-8-million-infected-browsers,Chrome - Shady Panda,https://chromewebstore.google.com/detail/okepehobneenpbhiendcjcanjodhmcbj,critical,,2026-08-03,ExtSentry (github.com/mthcht/awesome-lists)
cdgonefipacceedbkflolomdegncceid,Chrome - Shady Panda,*cdgonefipacceedbkflolomdegncceid*,malware,malicious,https://www.koi.ai/blog/darkspectre-unmasking-the-threat-actor-behind-7-8-million-infected-browsers,Chrome - Shady Panda,https://chromewebstore.google.com/detail/cdgonefipacceedbkflolomdegncceid,critical,,2026-08-03,ExtSentry (github.com/mthcht/awesome-lists)
bgkdocoihppjkdfaghndpjlfoehjcmka,Chrome - Shady Panda,*bgkdocoihppjkdfaghndpjlfoehjcmka*,malware,malicious,https://www.koi.ai/blog/darkspectre-unmasking-the-threat-actor-behind-7-8-million-infected-browsers,Chrome - Shady Panda,https://chromewebstore.google.com/detail/bgkdocoihppjkdfaghndpjlfoehjcmka,critical,,2026-08-03,ExtSentry (github.com/mthcht/awesome-lists)
ldmnodpmebcfcdkejkdakphbcjnmejlf,Chrome - Shady Panda,*ldmnodpmebcfcdkejkdakphbcjnmejlf*,malware,malicious,https://www.koi.ai/blog/darkspectre-unmasking-the-threat-actor-behind-7-8-million-infected-browsers,Chrome - Shady Panda,https://chromewebstore.google.com/detail/ldmnodpmebcfcdkejkdakphbcjnmejlf,critical,,2026-08-03,ExtSentry (github.com/mthcht/awesome-lists)
pdfladlchakneeclhmpoboohikpbchkj,Chrome - Shady Panda,*pdfladlchakneeclhmpoboohikpbchkj*,malware,malicious,https://www.koi.ai/blog/darkspectre-unmasking-the-threat-actor-behind-7-8-million-infected-browsers,Chrome - Shady Panda,https://chromewebstore.google.com/detail/pdfladlchakneeclhmpoboohikpbchkj,critical,,2026-08-03,ExtSentry (github.com/mthcht/awesome-lists)
gipnpcencdgljnaecpekokmpgnhgpela,Chrome - Shady Panda,*gipnpcencdgljnaecpekokmpgnhgpela*,malware,malicious,https://www.koi.ai/blog/darkspectre-unmasking-the-threat-actor-behind-7-8-million-infected-browsers,Chrome - Shady Panda,https://chromewebstore.google.com/detail/gipnpcencdgljnaecpekokmpgnhgpela,critical,,2026-08-03,ExtSentry (github.com/mthcht/awesome-lists)
idholfkkmfccbondfiabhlmdfeamnnaj,Chrome - Shady Panda,*idholfkkmfccbondfiabhlmdfeamnnaj*,malware,malicious,https://www.koi.ai/blog/darkspectre-unmasking-the-threat-actor-behind-7-8-million-infected-browsers,Chrome - Shady Panda,https://chromewebstore.google.com/detail/idholfkkmfccbondfiabhlmdfeamnnaj,critical,,2026-08-03,ExtSentry (github.com/mthcht/awesome-lists)
bpgaffohfacaamplbbojgbiicfgedmoi,Chrome - Shady Panda,*bpgaffohfacaamplbbojgbiicfgedmoi*,malware,malicious,https://www.koi.ai/blog/darkspectre-unmasking-the-threat-actor-behind-7-8-million-infected-browsers,Chrome - Shady Panda,https://chromewebstore.google.com/detail/bpgaffohfacaamplbbojgbiicfgedmoi,critical,,2026-08-03,ExtSentry (github.com/mthcht/awesome-lists)
jdehnhjckcbfdkgnlbfjokofagpbbdgl,Chrome - Shady Panda,*jdehnhjckcbfdkgnlbfjokofagpbbdgl*,malware,malicious,https://www.koi.ai/blog/darkspectre-unmasking-the-threat-actor-behind-7-8-million-infected-browsers,Chrome - Shady Panda,https://chromewebstore.google.com/detail/jdehnhjckcbfdkgnlbfjokofagpbbdgl,critical,,2026-08-03,ExtSentry (github.com/mthcht/awesome-lists)
dijcdmefkmlhnbkcejcmepheakikgpdg,Chrome - Shady Panda,*dijcdmefkmlhnbkcejcmepheakikgpdg*,malware,malicious,https://www.koi.ai/blog/darkspectre-unmasking-the-threat-actor-behind-7-8-million-infected-browsers,Chrome - Shady Panda,https://chromewebstore.google.com/detail/dijcdmefkmlhnbkcejcmepheakikgpdg,critical,,2026-08-03,ExtSentry (github.com/mthcht/awesome-lists)
gndlcpbcmhbcaadppjjekgbhfhceeikm,Chrome - Shady Panda,*gndlcpbcmhbcaadppjjekgbhfhceeikm*,malware,malicious,https://www.koi.ai/blog/darkspectre-unmasking-the-threat-actor-behind-7-8-million-infected-browsers,Chrome - Shady Panda,https://chromewebstore.google.com/detail/gndlcpbcmhbcaadppjjekgbhfhceeikm,critical,,2026-08-03,ExtSentry (github.com/mthcht/awesome-lists)
lepdjbhbkpfenckechpdfohdmkhogojf,Chrome - Shady Panda,*lepdjbhbkpfenckechpdfohdmkhogojf*,malware,malicious,https://www.koi.ai/blog/darkspectre-unmasking-the-threat-actor-behind-7-8-million-infected-browsers,Chrome - Shady Panda,https://chromewebstore.google.com/detail/lepdjbhbkpfenckechpdfohdmkhogojf,critical,,2026-08-03,ExtSentry (github.com/mthcht/awesome-lists)
hbjeophpjnopmeheabcilmgdhnnjbmbo,Chrome - Shady Panda,*hbjeophpjnopmeheabcilmgdhnnjbmbo*,malware,malicious,https://www.koi.ai/blog/darkspectre-unmasking-the-threat-actor-behind-7-8-million-infected-browsers,Chrome - Shady Panda,https://chromewebstore.google.com/detail/hbjeophpjnopmeheabcilmgdhnnjbmbo,critical,,2026-08-03,ExtSentry (github.com/mthcht/awesome-lists)
dlfjoijnhjeagkenhbililbdiooginng,Chrome - Shady Panda,*dlfjoijnhjeagkenhbililbdiooginng*,malware,malicious,https://www.koi.ai/blog/darkspectre-unmasking-the-threat-actor-behind-7-8-million-infected-browsers,Chrome - Shady Panda,https://chromewebstore.google.com/detail/dlfjoijnhjeagkenhbililbdiooginng,critical,,2026-08-03,ExtSentry (github.com/mthcht/awesome-lists)
kolgdodmgnnhnijmnnidfabnghgakobl,Chrome - Shady Panda,*kolgdodmgnnhnijmnnidfabnghgakobl*,malware,malicious,https://www.koi.ai/blog/darkspectre-unmasking-the-threat-actor-behind-7-8-million-infected-browsers,Chrome - Shady Panda,https://chromewebstore.google.com/detail/kolgdodmgnnhnijmnnidfabnghgakobl,critical,,2026-08-03,ExtSentry (github.com/mthcht/awesome-lists)
edohfgmjmdnibeihfcajfclmhapjkooa,Edge - Shady Panda,*edohfgmjmdnibeihfcajfclmhapjkooa*,malware,malicious,https://www.koi.ai/blog/darkspectre-unmasking-the-threat-actor-behind-7-8-million-infected-browsers,Edge - Shady Panda,https://chromewebstore.google.com/detail/edohfgmjmdnibeihfcajfclmhapjkooa,critical,,2026-08-03,ExtSentry (github.com/mthcht/awesome-lists)
pdjpkfbpeniinkdlmibcdebccnkimnna,Edge - Shady Panda,*pdjpkfbpeniinkdlmibcdebccnkimnna*,malware,malicious,https://www.koi.ai/blog/darkspectre-unmasking-the-threat-actor-behind-7-8-million-infected-browsers,Edge - Shady Panda,https://chromewebstore.google.com/detail/pdjpkfbpeniinkdlmibcdebccnkimnna,critical,,2026-08-03,ExtSentry (github.com/mthcht/awesome-lists)
hmpjibmngagmkafmijncjokocepchnea,Edge - Shady Panda,*hmpjibmngagmkafmijncjokocepchnea*,malware,malicious,https://www.koi.ai/blog/darkspectre-unmasking-the-threat-actor-behind-7-8-million-infected-browsers,Edge - Shady Panda,https://chromewebstore.google.com/detail/hmpjibmngagmkafmijncjokocepchnea,critical,,2026-08-03,ExtSentry (github.com/mthcht/awesome-lists)
kljbaedmklfnlgfmmbodnckafhllkjnd,Edge - Shady Panda,*kljbaedmklfnlgfmmbodnckafhllkjnd*,malware,malicious,https://www.koi.ai/blog/darkspectre-unmasking-the-threat-actor-behind-7-8-million-infected-browsers,Edge - Shady Panda,https://chromewebstore.google.com/detail/kljbaedmklfnlgfmmbodnckafhllkjnd,critical,,2026-08-03,ExtSentry (github.com/mthcht/awesome-lists)
lmppkgmbapjgihlpadknmfalefnfnfnd,Edge - Shady Panda,*lmppkgmbapjgihlpadknmfalefnfnfnd*,malware,malicious,https://www.koi.ai/blog/darkspectre-unmasking-the-threat-actor-behind-7-8-million-infected-browsers,Edge - Shady Panda,https://chromewebstore.google.com/detail/lmppkgmbapjgihlpadknmfalefnfnfnd,critical,,2026-08-03,ExtSentry (github.com/mthcht/awesome-lists)
ldghoefcghcinacfneopmnechojlhldf,Edge - Shady Panda,*ldghoefcghcinacfneopmnechojlhldf*,malware,malicious,https://www.koi.ai/blog/darkspectre-unmasking-the-threat-actor-behind-7-8-million-infected-browsers,Edge - Shady Panda,https://chromewebstore.google.com/detail/ldghoefcghcinacfneopmnechojlhldf,critical,,2026-08-03,ExtSentry (github.com/mthcht/awesome-lists)
mgjfjcimpkdjgeldkcaoboiojmlcleka,Edge - Shady Panda,*mgjfjcimpkdjgeldkcaoboiojmlcleka*,malware,malicious,https://www.koi.ai/blog/darkspectre-unmasking-the-threat-actor-behind-7-8-million-infected-browsers,Edge - Shady Panda,https://chromewebstore.google.com/detail/mgjfjcimpkdjgeldkcaoboiojmlcleka,critical,,2026-08-03,ExtSentry (github.com/mthcht/awesome-lists)
aghafppaelpjbjajpgcogcojcbmappoi,Edge - Shady Panda,*aghafppaelpjbjajpgcogcojcbmappoi*,malware,malicious,https://www.koi.ai/blog/darkspectre-unmasking-the-threat-actor-behind-7-8-million-infected-browsers,Edge - Shady Panda,https://chromewebstore.google.com/detail/aghafppaelpjbjajpgcogcojcbmappoi,critical,,2026-08-03,ExtSentry (github.com/mthcht/awesome-lists)
kgdjeaonamhfooejllllfpeappcgfpod,Edge - Shady Panda,*kgdjeaonamhfooejllllfpeappcgfpod*,malware,malicious,https://www.koi.ai/blog/darkspectre-unmasking-the-threat-actor-behind-7-8-million-infected-browsers,Edge - Shady Panda,https://chromewebstore.google.com/detail/kgdjeaonamhfooejllllfpeappcgfpod,critical,,2026-08-03,ExtSentry (github.com/mthcht/awesome-lists)
knjgknhkgmedmajpkhooaagjgfgbcndo,Edge - Shady Panda,*knjgknhkgmedmajpkhooaagjgfgbcndo*,malware,malicious,https://www.koi.ai/blog/darkspectre-unmasking-the-threat-actor-behind-7-8-million-infected-browsers,Edge - Shady Panda,https://chromewebstore.google.com/detail/knjgknhkgmedmajpkhooaagjgfgbcndo,critical,,2026-08-03,ExtSentry (github.com/mthcht/awesome-lists)
apoklfecapckgpbbcpaiebemaghmkncf,Edge - Shady Panda,*apoklfecapckgpbbcpaiebemaghmkncf*,malware,malicious,https://www.koi.ai/blog/darkspectre-unmasking-the-threat-actor-behind-7-8-million-infected-browsers,Edge - Shady Panda,https://chromewebstore.google.com/detail/apoklfecapckgpbbcpaiebemaghmkncf,critical,,2026-08-03,ExtSentry (github.com/mthcht/awesome-lists)
podfjomopoejmlkfnhanlmlagcnlappd,Edge - Shady Panda,*podfjomopoejmlkfnhanlmlagcnlappd*,malware,malicious,https://www.koi.ai/blog/darkspectre-unmasking-the-threat-actor-behind-7-8-million-infected-browsers,Edge - Shady Panda,https://chromewebstore.google.com/detail/podfjomopoejmlkfnhanlmlagcnlappd,critical,,2026-08-03,ExtSentry (github.com/mthcht/awesome-lists)
idngjfdlfbfgecemidnhbdcogggnjkpg,Edge - Shady Panda,*idngjfdlfbfgecemidnhbdcogggnjkpg*,malware,malicious,https://www.koi.ai/blog/darkspectre-unmasking-the-threat-actor-behind-7-8-million-infected-browsers,Edge - Shady Panda,https://chromewebstore.google.com/detail/idngjfdlfbfgecemidnhbdcogggnjkpg,critical,,2026-08-03,ExtSentry (github.com/mthcht/awesome-lists)
kghabofklgjfnipgkjadlogcjbebkeid,Edge - Shady Panda,*kghabofklgjfnipgkjadlogcjbebkeid*,malware,malicious,https://www.koi.ai/blog/darkspectre-unmasking-the-threat-actor-behind-7-8-million-infected-browsers,Edge - Shady Panda,https://chromewebstore.google.com/detail/kghabofklgjfnipgkjadlogcjbebkeid,critical,,2026-08-03,ExtSentry (github.com/mthcht/awesome-lists)
fmmfeaoidanfcipomjfolmchjdnhmaio,Edge - Shady Panda,*fmmfeaoidanfcipomjfolmchjdnhmaio*,malware,malicious,https://www.koi.ai/blog/darkspectre-unmasking-the-threat-actor-behind-7-8-million-infected-browsers,Edge - Shady Panda,https://chromewebstore.google.com/detail/fmmfeaoidanfcipomjfolmchjdnhmaio,critical,,2026-08-03,ExtSentry (github.com/mthcht/awesome-lists)
cfmfokegjjljmdcdpnmlfajlddngkoah,Edge - Shady Panda,*cfmfokegjjljmdcdpnmlfajlddngkoah*,malware,malicious,https://www.koi.ai/blog/darkspectre-unmasking-the-threat-actor-behind-7-8-million-infected-browsers,Edge - Shady Panda,https://chromewebstore.google.com/detail/cfmfokegjjljmdcdpnmlfajlddngkoah,critical,,2026-08-03,ExtSentry (github.com/mthcht/awesome-lists)
eoimljninkkepafoijpgbedkkieobfek,Edge - Shady Panda,*eoimljninkkepafoijpgbedkkieobfek*,malware,malicious,https://www.koi.ai/blog/darkspectre-unmasking-the-threat-actor-behind-7-8-million-infected-browsers,Edge - Shady Panda,https://chromewebstore.google.com/detail/eoimljninkkepafoijpgbedkkieobfek,critical,,2026-08-03,ExtSentry (github.com/mthcht/awesome-lists)
ojmaccnnagaiokckbcpdldhnifkibcah,Edge - Shady Panda,*ojmaccnnagaiokckbcpdldhnifkibcah*,malware,malicious,https://www.koi.ai/blog/darkspectre-unmasking-the-threat-actor-behind-7-8-million-infected-browsers,Edge - Shady Panda,https://chromewebstore.google.com/detail/ojmaccnnagaiokckbcpdldhnifkibcah,critical,,2026-08-03,ExtSentry (github.com/mthcht/awesome-lists)
bhoebgegnjoehioianjnjakeeggajanb,Edge - Shady Panda,*bhoebgegnjoehioianjnjakeeggajanb*,malware,malicious,https://www.koi.ai/blog/darkspectre-unmasking-the-threat-actor-behind-7-8-million-infected-browsers,Edge - Shady Panda,https://chromewebstore.google.com/detail/bhoebgegnjoehioianjnjakeeggajanb,critical,,2026-08-03,ExtSentry (github.com/mthcht/awesome-lists)
leaglmohfmgdengbciphnodmcgfgdgnf,Edge - Shady Panda,*leaglmohfmgdengbciphnodmcgfgdgnf*,malware,malicious,https://www.koi.ai/blog/darkspectre-unmasking-the-threat-actor-behind-7-8-million-infected-browsers,Edge - Shady Panda,https://chromewebstore.google.com/detail/leaglmohfmgdengbciphnodmcgfgdgnf,critical,,2026-08-03,ExtSentry (github.com/mthcht/awesome-lists)
ljdhejdbbogemelgkihbabifpfdfomcc,Edge - Shady Panda,*ljdhejdbbogemelgkihbabifpfdfomcc*,malware,malicious,https://www.koi.ai/blog/darkspectre-unmasking-the-threat-actor-behind-7-8-million-infected-browsers,Edge - Shady Panda,https://chromewebstore.google.com/detail/ljdhejdbbogemelgkihbabifpfdfomcc,critical,,2026-08-03,ExtSentry (github.com/mthcht/awesome-lists)
hfokkkgobhlkcagflcbgcokdbnknfngo,Edge - Shady Panda,*hfokkkgobhlkcagflcbgcokdbnknfngo*,malware,malicious,https://www.koi.ai/blog/darkspectre-unmasking-the-threat-actor-behind-7-8-million-infected-browsers,Edge - Shady Panda,https://chromewebstore.google.com/detail/hfokkkgobhlkcagflcbgcokdbnknfngo,critical,,2026-08-03,ExtSentry (github.com/mthcht/awesome-lists)
hilgkhepkfjdkkdigphhcgmghefdledg,Edge - Shady Panda,*hilgkhepkfjdkkdigphhcgmghefdledg*,malware,malicious,https://www.koi.ai/blog/darkspectre-unmasking-the-threat-actor-behind-7-8-million-infected-browsers,Edge - Shady Panda,https://chromewebstore.google.com/detail/hilgkhepkfjdkkdigphhcgmghefdledg,critical,,2026-08-03,ExtSentry (github.com/mthcht/awesome-lists)
jipclfaahkhinbelbojjblmbcpkaipko,Edge - Shady Panda,*jipclfaahkhinbelbojjblmbcpkaipko*,malware,malicious,https://www.koi.ai/blog/darkspectre-unmasking-the-threat-actor-behind-7-8-million-infected-browsers,Edge - Shady Panda,https://chromewebstore.google.com/detail/jipclfaahkhinbelbojjblmbcpkaipko,critical,,2026-08-03,ExtSentry (github.com/mthcht/awesome-lists)
cmckpheolajgbmhlfhgelajhhfgjbhpk,Edge - Shady Panda,*cmckpheolajgbmhlfhgelajhhfgjbhpk*,malware,malicious,https://www.koi.ai/blog/darkspectre-unmasking-the-threat-actor-behind-7-8-million-infected-browsers,Edge - Shady Panda,https://chromewebstore.google.com/detail/cmckpheolajgbmhlfhgelajhhfgjbhpk,critical,,2026-08-03,ExtSentry (github.com/mthcht/awesome-lists)
jjdhjfgoadphekgihokkigfghndfmffb,Edge - Shady Panda,*jjdhjfgoadphekgihokkigfghndfmffb*,malware,malicious,https://www.koi.ai/blog/darkspectre-unmasking-the-threat-actor-behind-7-8-million-infected-browsers,Edge - Shady Panda,https://chromewebstore.google.com/detail/jjdhjfgoadphekgihokkigfghndfmffb,critical,,2026-08-03,ExtSentry (github.com/mthcht/awesome-lists)
nelegdbdfopcgkignnifhdoiapldlhpf,Edge - Shady Panda,*nelegdbdfopcgkignnifhdoiapldlhpf*,malware,malicious,https://www.koi.ai/blog/darkspectre-unmasking-the-threat-actor-behind-7-8-million-infected-browsers,Edge - Shady Panda,https://chromewebstore.google.com/detail/nelegdbdfopcgkignnifhdoiapldlhpf,critical,,2026-08-03,ExtSentry (github.com/mthcht/awesome-lists)
dnojfjfegklgconkoekfkaajejmdgdkj,Edge - Shady Panda,*dnojfjfegklgconkoekfkaajejmdgdkj*,malware,malicious,https://www.koi.ai/blog/darkspectre-unmasking-the-threat-actor-behind-7-8-million-infected-browsers,Edge - Shady Panda,https://chromewebstore.google.com/detail/dnojfjfegklgconkoekfkaajejmdgdkj,critical,,2026-08-03,ExtSentry (github.com/mthcht/awesome-lists)
nnceocbiolncfljcmajijmeakcdlffnh,Edge - Shady Panda,*nnceocbiolncfljcmajijmeakcdlffnh*,malware,malicious,https://www.koi.ai/blog/darkspectre-unmasking-the-threat-actor-behind-7-8-million-infected-browsers,Edge - Shady Panda,https://chromewebstore.google.com/detail/nnceocbiolncfljcmajijmeakcdlffnh,critical,,2026-08-03,ExtSentry (github.com/mthcht/awesome-lists)
dacliiapfipnlipdmifioaijepgmhdga,Edge - Shady Panda,*dacliiapfipnlipdmifioaijepgmhdga*,malware,malicious,https://www.koi.ai/blog/darkspectre-unmasking-the-threat-actor-behind-7-8-million-infected-browsers,Edge - Shady Panda,https://chromewebstore.google.com/detail/dacliiapfipnlipdmifioaijepgmhdga,critical,,2026-08-03,ExtSentry (github.com/mthcht/awesome-lists)
cpbbiepjnljbnngpepgeaojjeneacpld,Edge - Shady Panda,*cpbbiepjnljbnngpepgeaojjeneacpld*,malware,malicious,https://www.koi.ai/blog/darkspectre-unmasking-the-threat-actor-behind-7-8-million-infected-browsers,Edge - Shady Panda,https://chromewebstore.google.com/detail/cpbbiepjnljbnngpepgeaojjeneacpld,critical,,2026-08-03,ExtSentry (github.com/mthcht/awesome-lists)
ocopipabchoopeppmgiigphgbicocoea,Edge - Shady Panda,*ocopipabchoopeppmgiigphgbicocoea*,malware,malicious,https://www.koi.ai/blog/darkspectre-unmasking-the-threat-actor-behind-7-8-million-infected-browsers,Edge - Shady Panda,https://chromewebstore.google.com/detail/ocopipabchoopeppmgiigphgbicocoea,critical,,2026-08-03,ExtSentry (github.com/mthcht/awesome-lists)
gfechfioaanebemclajhfgkfaopcaibo,Edge - Shady Panda,*gfechfioaanebemclajhfgkfaopcaibo*,malware,malicious,https://www.koi.ai/blog/darkspectre-unmasking-the-threat-actor-behind-7-8-million-infected-browsers,Edge - Shady Panda,https://chromewebstore.google.com/detail/gfechfioaanebemclajhfgkfaopcaibo,critical,,2026-08-03,ExtSentry (github.com/mthcht/awesome-lists)
hoclolhilhbecpefaignjficiaaclpop,Edge - Shady Panda,*hoclolhilhbecpefaignjficiaaclpop*,malware,malicious,https://www.koi.ai/blog/darkspectre-unmasking-the-threat-actor-behind-7-8-million-infected-browsers,Edge - Shady Panda,https://chromewebstore.google.com/detail/hoclolhilhbecpefaignjficiaaclpop,critical,,2026-08-03,ExtSentry (github.com/mthcht/awesome-lists)
ibmdocjlknaopfecmnojomdlbeadpdnb,Edge - Shady Panda,*ibmdocjlknaopfecmnojomdlbeadpdnb*,malware,malicious,https://www.koi.ai/blog/darkspectre-unmasking-the-threat-actor-behind-7-8-million-infected-browsers,Edge - Shady Panda,https://chromewebstore.google.com/detail/ibmdocjlknaopfecmnojomdlbeadpdnb,critical,,2026-08-03,ExtSentry (github.com/mthcht/awesome-lists)
ckdbfeccfocmhdclmmofmheljglmhhne,Edge - Shady Panda,*ckdbfeccfocmhdclmmofmheljglmhhne*,malware,malicious,https://www.koi.ai/blog/darkspectre-unmasking-the-threat-actor-behind-7-8-million-infected-browsers,Edge - Shady Panda,https://chromewebstore.google.com/detail/ckdbfeccfocmhdclmmofmheljglmhhne,critical,,2026-08-03,ExtSentry (github.com/mthcht/awesome-lists)
gddkghdkhhlihaabphhnjbhdoiifhcpa,Edge - Shady Panda,*gddkghdkhhlihaabphhnjbhdoiifhcpa*,malware,malicious,https://www.koi.ai/blog/darkspectre-unmasking-the-threat-actor-behind-7-8-million-infected-browsers,Edge - Shady Panda,https://chromewebstore.google.com/detail/gddkghdkhhlihaabphhnjbhdoiifhcpa,critical,,2026-08-03,ExtSentry (github.com/mthcht/awesome-lists)
nlhpidbjmmffhoogcennoiopekbiglbp,AI Assistant,*nlhpidbjmmffhoogcennoiopekbiglbp*,malware,malicious,https://layerxsecurity.com/blog/aiframe-fake-ai-assistant-extensions-targeting-260000-chrome-users-via-injected-iframes/,chrome,https://chromewebstore.google.com/detail/nlhpidbjmmffhoogcennoiopekbiglbp,critical,,2026-08-03,ExtSentry (github.com/mthcht/awesome-lists)
gcfianbpjcfkafpiadmheejkokcmdkjl,Llama,*gcfianbpjcfkafpiadmheejkokcmdkjl*,malware,malicious,https://layerxsecurity.com/blog/aiframe-fake-ai-assistant-extensions-targeting-260000-chrome-users-via-injected-iframes/,chrome,https://chromewebstore.google.com/detail/gcfianbpjcfkafpiadmheejkokcmdkjl,critical,,2026-08-03,ExtSentry (github.com/mthcht/awesome-lists)
fppbiomdkfbhgjjdmojlogeceejinadg,Gemini AI Sidebar,*fppbiomdkfbhgjjdmojlogeceejinadg*,malware,malicious,https://layerxsecurity.com/blog/aiframe-fake-ai-assistant-extensions-targeting-260000-chrome-users-via-injected-iframes/,chrome,https://chromewebstore.google.com/detail/fppbiomdkfbhgjjdmojlogeceejinadg,critical,,2026-08-03,ExtSentry (github.com/mthcht/awesome-lists)
djhjckkfgancelbmgcamjimgphaphjdl,AI Sidebar,*djhjckkfgancelbmgcamjimgphaphjdl*,malware,malicious,https://layerxsecurity.com/blog/aiframe-fake-ai-assistant-extensions-targeting-260000-chrome-users-via-injected-iframes/,chrome,https://chromewebstore.google.com/detail/djhjckkfgancelbmgcamjimgphaphjdl,critical,,2026-08-03,ExtSentry (github.com/mthcht/awesome-lists)
llojfncgbabajmdglnkbhmiebiinohek,ChatGPT Sidebar,*llojfncgbabajmdglnkbhmiebiinohek*,malware,malicious,https://layerxsecurity.com/blog/aiframe-fake-ai-assistant-extensions-targeting-260000-chrome-users-via-injected-iframes/,chrome,https://chromewebstore.google.com/detail/llojfncgbabajmdglnkbhmiebiinohek,critical,,2026-08-03,ExtSentry (github.com/mthcht/awesome-lists)
gghdfkafnhfpaooiolhncejnlgglhkhe,AI Sidebar,*gghdfkafnhfpaooiolhncejnlgglhkhe*,malware,malicious,https://layerxsecurity.com/blog/aiframe-fake-ai-assistant-extensions-targeting-260000-chrome-users-via-injected-iframes/,chrome,https://chromewebstore.google.com/detail/gghdfkafnhfpaooiolhncejnlgglhkhe,critical,,2026-08-03,ExtSentry (github.com/mthcht/awesome-lists)
cgmmcoandmabammnhfnjcakdeejbfimn,Grok,*cgmmcoandmabammnhfnjcakdeejbfimn*,malware,malicious,https://layerxsecurity.com/blog/aiframe-fake-ai-assistant-extensions-targeting-260000-chrome-users-via-injected-iframes/,chrome,https://chromewebstore.google.com/detail/cgmmcoandmabammnhfnjcakdeejbfimn,critical,,2026-08-03,ExtSentry (github.com/mthcht/awesome-lists)
phiphcloddhmndjbdedgfbglhpkjcffh,Asking Chat Gpt,*phiphcloddhmndjbdedgfbglhpkjcffh*,malware,malicious,https://layerxsecurity.com/blog/aiframe-fake-ai-assistant-extensions-targeting-260000-chrome-users-via-injected-iframes/,chrome,https://chromewebstore.google.com/detail/phiphcloddhmndjbdedgfbglhpkjcffh,critical,,2026-08-03,ExtSentry (github.com/mthcht/awesome-lists)
pgfibniplgcnccdnkhblpmmlfodijppg,ChatGBT,*pgfibniplgcnccdnkhblpmmlfodijppg*,malware,malicious,https://layerxsecurity.com/blog/aiframe-fake-ai-assistant-extensions-targeting-260000-chrome-users-via-injected-iframes/,chrome,https://chromewebstore.google.com/detail/pgfibniplgcnccdnkhblpmmlfodijppg,critical,,2026-08-03,ExtSentry (github.com/mthcht/awesome-lists)
nkgbfengofophpmonladgaldioelckbe,Chat Bot GPT,*nkgbfengofophpmonladgaldioelckbe*,malware,malicious,https://layerxsecurity.com/blog/aiframe-fake-ai-assistant-extensions-targeting-260000-chrome-users-via-injected-iframes/,chrome,https://chromewebstore.google.com/detail/nkgbfengofophpmonladgaldioelckbe,critical,,2026-08-03,ExtSentry (github.com/mthcht/awesome-lists)
gcdfailafdfjbailcdcbjmeginhncjkb,Grok Chatbot,*gcdfailafdfjbailcdcbjmeginhncjkb*,malware,malicious,https://layerxsecurity.com/blog/aiframe-fake-ai-assistant-extensions-targeting-260000-chrome-users-via-injected-iframes/,chrome,https://chromewebstore.google.com/detail/gcdfailafdfjbailcdcbjmeginhncjkb,critical,,2026-08-03,ExtSentry (github.com/mthcht/awesome-lists)
ebmmjmakencgmgoijdfnbailknaaiffh,Chat With Gemini,*ebmmjmakencgmgoijdfnbailknaaiffh*,malware,malicious,https://layerxsecurity.com/blog/aiframe-fake-ai-assistant-extensions-targeting-260000-chrome-users-via-injected-iframes/,chrome,https://chromewebstore.google.com/detail/ebmmjmakencgmgoijdfnbailknaaiffh,critical,,2026-08-03,ExtSentry (github.com/mthcht/awesome-lists)
baonbjckakcpgliaafcodddkoednpjgf,XAI,*baonbjckakcpgliaafcodddkoednpjgf*,malware,malicious,https://layerxsecurity.com/blog/aiframe-fake-ai-assistant-extensions-targeting-260000-chrome-users-via-injected-iframes/,chrome,https://chromewebstore.google.com/detail/baonbjckakcpgliaafcodddkoednpjgf,critical,,2026-08-03,ExtSentry (github.com/mthcht/awesome-lists)
fdlagfnfaheppaigholhoojabfaapnhb,Google Gemini,*fdlagfnfaheppaigholhoojabfaapnhb*,malware,malicious,https://layerxsecurity.com/blog/aiframe-fake-ai-assistant-extensions-targeting-260000-chrome-users-via-injected-iframes/,chrome,https://chromewebstore.google.com/detail/fdlagfnfaheppaigholhoojabfaapnhb,critical,,2026-08-03,ExtSentry (github.com/mthcht/awesome-lists)
gnaekhndaddbimfllbgmecjijbbfpabc,Ask Gemini,*gnaekhndaddbimfllbgmecjijbbfpabc*,malware,malicious,https://layerxsecurity.com/blog/aiframe-fake-ai-assistant-extensions-targeting-260000-chrome-users-via-injected-iframes/,chrome,https://chromewebstore.google.com/detail/gnaekhndaddbimfllbgmecjijbbfpabc,critical,,2026-08-03,ExtSentry (github.com/mthcht/awesome-lists)
hgnjolbjpjmhepcbjgeeallnamkjnfgi,AI Letter Generator,*hgnjolbjpjmhepcbjgeeallnamkjnfgi*,malware,malicious,https://layerxsecurity.com/blog/aiframe-fake-ai-assistant-extensions-targeting-260000-chrome-users-via-injected-iframes/,chrome,https://chromewebstore.google.com/detail/hgnjolbjpjmhepcbjgeeallnamkjnfgi,critical,,2026-08-03,ExtSentry (github.com/mthcht/awesome-lists)
lodlcpnbppgipaimgbjgniokjcnpiiad,AI Message Generator,*lodlcpnbppgipaimgbjgniokjcnpiiad*,malware,malicious,https://layerxsecurity.com/blog/aiframe-fake-ai-assistant-extensions-targeting-260000-chrome-users-via-injected-iframes/,chrome,https://chromewebstore.google.com/detail/lodlcpnbppgipaimgbjgniokjcnpiiad,critical,,2026-08-03,ExtSentry (github.com/mthcht/awesome-lists)
cmpmhhjahlioglkleiofbjodhhiejhei,AI Translator,*cmpmhhjahlioglkleiofbjodhhiejhei*,malware,malicious,https://layerxsecurity.com/blog/aiframe-fake-ai-assistant-extensions-targeting-260000-chrome-users-via-injected-iframes/,chrome,https://chromewebstore.google.com/detail/cmpmhhjahlioglkleiofbjodhhiejhei,critical,,2026-08-03,ExtSentry (github.com/mthcht/awesome-lists)
bilfflcophfehljhpnklmcelkoiffapb,AI For Translation,*bilfflcophfehljhpnklmcelkoiffapb*,malware,malicious,https://layerxsecurity.com/blog/aiframe-fake-ai-assistant-extensions-targeting-260000-chrome-users-via-injected-iframes/,chrome,https://chromewebstore.google.com/detail/bilfflcophfehljhpnklmcelkoiffapb,critical,,2026-08-03,ExtSentry (github.com/mthcht/awesome-lists)
cicjlpmjmimeoempffghfglndokjihhn,AI Cover Letter Generator,*cicjlpmjmimeoempffghfglndokjihhn*,malware,malicious,https://layerxsecurity.com/blog/aiframe-fake-ai-assistant-extensions-targeting-260000-chrome-users-via-injected-iframes/,chrome,https://chromewebstore.google.com/detail/cicjlpmjmimeoempffghfglndokjihhn,critical,,2026-08-03,ExtSentry (github.com/mthcht/awesome-lists)
ckneindgfbjnbbiggcmnjeofelhflhaj,AI Image Generator Chat GPT,*ckneindgfbjnbbiggcmnjeofelhflhaj*,malware,malicious,https://layerxsecurity.com/blog/aiframe-fake-ai-assistant-extensions-targeting-260000-chrome-users-via-injected-iframes/,chrome,https://chromewebstore.google.com/detail/ckneindgfbjnbbiggcmnjeofelhflhaj,critical,,2026-08-03,ExtSentry (github.com/mthcht/awesome-lists)
dbclhjpifdfkofnmjfpheiondafpkoed,Ai Wallpaper Generator,*dbclhjpifdfkofnmjfpheiondafpkoed*,malware,malicious,https://layerxsecurity.com/blog/aiframe-fake-ai-assistant-extensions-targeting-260000-chrome-users-via-injected-iframes/,chrome,https://chromewebstore.google.com/detail/dbclhjpifdfkofnmjfpheiondafpkoed,critical,,2026-08-03,ExtSentry (github.com/mthcht/awesome-lists)
ecikmpoikkcelnakpgaeplcjoickgacj,Ai Picture Generator,*ecikmpoikkcelnakpgaeplcjoickgacj*,malware,malicious,https://layerxsecurity.com/blog/aiframe-fake-ai-assistant-extensions-targeting-260000-chrome-users-via-injected-iframes/,chrome,https://chromewebstore.google.com/detail/ecikmpoikkcelnakpgaeplcjoickgacj,critical,,2026-08-03,ExtSentry (github.com/mthcht/awesome-lists)
kepibgehhljlecgaeihhnmibnmikbnga,DeepSeek Download,*kepibgehhljlecgaeihhnmibnmikbnga*,malware,malicious,https://layerxsecurity.com/blog/aiframe-fake-ai-assistant-extensions-targeting-260000-chrome-users-via-injected-iframes/,chrome,https://chromewebstore.google.com/detail/kepibgehhljlecgaeihhnmibnmikbnga,critical,,2026-08-03,ExtSentry (github.com/mthcht/awesome-lists)
ckicoadchmmndbakbokhapncehanaeni,AI Email Writer,*ckicoadchmmndbakbokhapncehanaeni*,malware,malicious,https://layerxsecurity.com/blog/aiframe-fake-ai-assistant-extensions-targeting-260000-chrome-users-via-injected-iframes/,chrome,https://chromewebstore.google.com/detail/ckicoadchmmndbakbokhapncehanaeni,critical,,2026-08-03,ExtSentry (github.com/mthcht/awesome-lists)
fnjinbdmidgjkpmlihcginjipjaoapol,Email Generator AI,*fnjinbdmidgjkpmlihcginjipjaoapol*,malware,malicious,https://layerxsecurity.com/blog/aiframe-fake-ai-assistant-extensions-targeting-260000-chrome-users-via-injected-iframes/,chrome,https://chromewebstore.google.com/detail/fnjinbdmidgjkpmlihcginjipjaoapol,critical,,2026-08-03,ExtSentry (github.com/mthcht/awesome-lists)
gohgeedemmaohocbaccllpkabadoogpl,DeepSeek Chat,*gohgeedemmaohocbaccllpkabadoogpl*,malware,malicious,https://layerxsecurity.com/blog/aiframe-fake-ai-assistant-extensions-targeting-260000-chrome-users-via-injected-iframes/,chrome,https://chromewebstore.google.com/detail/gohgeedemmaohocbaccllpkabadoogpl,critical,,2026-08-03,ExtSentry (github.com/mthcht/awesome-lists)
flnecpdpbhdblkpnegekobahlijbmfok,ChatGPT Picture Generator,*flnecpdpbhdblkpnegekobahlijbmfok*,malware,malicious,https://layerxsecurity.com/blog/aiframe-fake-ai-assistant-extensions-targeting-260000-chrome-users-via-injected-iframes/,chrome,https://chromewebstore.google.com/detail/flnecpdpbhdblkpnegekobahlijbmfok,critical,,2026-08-03,ExtSentry (github.com/mthcht/awesome-lists)
acaeafediijmccnjlokgcdiojiljfpbe,ChatGPT Translate,*acaeafediijmccnjlokgcdiojiljfpbe*,malware,malicious,https://layerxsecurity.com/blog/aiframe-fake-ai-assistant-extensions-targeting-260000-chrome-users-via-injected-iframes/,chrome,https://chromewebstore.google.com/detail/acaeafediijmccnjlokgcdiojiljfpbe,critical,,2026-08-03,ExtSentry (github.com/mthcht/awesome-lists)
kblengdlefjpjkekanpoidgoghdngdgl,AI GPT,*kblengdlefjpjkekanpoidgoghdngdgl*,malware,malicious,https://layerxsecurity.com/blog/aiframe-fake-ai-assistant-extensions-targeting-260000-chrome-users-via-injected-iframes/,chrome,https://chromewebstore.google.com/detail/kblengdlefjpjkekanpoidgoghdngdgl,critical,,2026-08-03,ExtSentry (github.com/mthcht/awesome-lists)
idhknpoceajhnjokpnbicildeoligdgh,ChatGPT Translation,*idhknpoceajhnjokpnbicildeoligdgh*,malware,malicious,https://layerxsecurity.com/blog/aiframe-fake-ai-assistant-extensions-targeting-260000-chrome-users-via-injected-iframes/,chrome,https://chromewebstore.google.com/detail/idhknpoceajhnjokpnbicildeoligdgh,critical,,2026-08-03,ExtSentry (github.com/mthcht/awesome-lists)
fpmkabpaklbhbhegegapfkenkmpipick,Chat GPT for Gmail,*fpmkabpaklbhbhegegapfkenkmpipick*,malware,malicious,https://layerxsecurity.com/blog/aiframe-fake-ai-assistant-extensions-targeting-260000-chrome-users-via-injected-iframes/,chrome,https://chromewebstore.google.com/detail/fpmkabpaklbhbhegegapfkenkmpipick,critical,,2026-08-03,ExtSentry (github.com/mthcht/awesome-lists)
lmiigijnefpkjcenfbinhdpafehaddag,"ChatGPT folder, voice download, prompt manager, free tools – ChatGPT Mods",*lmiigijnefpkjcenfbinhdpafehaddag*,malware,malicious,https://layerxsecurity.com/blog/how-we-discovered-a-campaign-of-16-malicious-extensions-chatgpt/,chrome,https://chromewebstore.google.com/detail/lmiigijnefpkjcenfbinhdpafehaddag,critical,,2026-08-03,ExtSentry (github.com/mthcht/awesome-lists)
obdobankihdfckkbfnoglefmdgmblcld,"ChatGPT voice download, TTS download – ChatGPT Mods",*obdobankihdfckkbfnoglefmdgmblcld*,malware,malicious,https://layerxsecurity.com/blog/how-we-discovered-a-campaign-of-16-malicious-extensions-chatgpt/,chrome,https://chromewebstore.google.com/detail/obdobankihdfckkbfnoglefmdgmblcld,critical,,2026-08-03,ExtSentry (github.com/mthcht/awesome-lists)
kefnabicobeigajdngijnnjmljehknjl,"ChatGPT pin chat, bookmark – ChatGPT Mods",*kefnabicobeigajdngijnnjmljehknjl*,malware,malicious,https://layerxsecurity.com/blog/how-we-discovered-a-campaign-of-16-malicious-extensions-chatgpt/,chrome,https://chromewebstore.google.com/detail/kefnabicobeigajdngijnnjmljehknjl,critical,,2026-08-03,ExtSentry (github.com/mthcht/awesome-lists)
ifjimhnbnbniiiaihphlclkpfikcdkab,"ChatGPT message navigator, history scroller – ChatGPT Mods",*ifjimhnbnbniiiaihphlclkpfikcdkab*,malware,malicious,https://layerxsecurity.com/blog/how-we-discovered-a-campaign-of-16-malicious-extensions-chatgpt/,chrome,https://chromewebstore.google.com/detail/ifjimhnbnbniiiaihphlclkpfikcdkab,critical,,2026-08-03,ExtSentry (github.com/mthcht/awesome-lists)
pfgbcfaiglkcoclichlojeaklcfboieh,"ChatGPT model switch, save advanced model uses – ChatGPT Mods",*pfgbcfaiglkcoclichlojeaklcfboieh*,malware,malicious,https://layerxsecurity.com/blog/how-we-discovered-a-campaign-of-16-malicious-extensions-chatgpt/,chrome,https://chromewebstore.google.com/detail/pfgbcfaiglkcoclichlojeaklcfboieh,critical,,2026-08-03,ExtSentry (github.com/mthcht/awesome-lists)
hljdedgemmmkdalbnmnpoimdedckdkhm,"ChatGPT export, Markdown, JSON, images – ChatGPT Mods",*hljdedgemmmkdalbnmnpoimdedckdkhm*,malware,malicious,https://layerxsecurity.com/blog/how-we-discovered-a-campaign-of-16-malicious-extensions-chatgpt/,chrome,https://chromewebstore.google.com/detail/hljdedgemmmkdalbnmnpoimdedckdkhm,critical,,2026-08-03,ExtSentry (github.com/mthcht/awesome-lists)
afjenpabhpfodjpncbiiahbknnghabdc,ChatGPT Timestamp Display – ChatGPT Mods,*afjenpabhpfodjpncbiiahbknnghabdc*,malware,malicious,https://layerxsecurity.com/blog/how-we-discovered-a-campaign-of-16-malicious-extensions-chatgpt/,chrome,https://chromewebstore.google.com/detail/afjenpabhpfodjpncbiiahbknnghabdc,critical,,2026-08-03,ExtSentry (github.com/mthcht/awesome-lists)
gbcgjnbccjojicobfimcnfjddhpphaod,"ChatGPT bulk delete, Chat manager – ChatGPT Mods",*gbcgjnbccjojicobfimcnfjddhpphaod*,malware,malicious,https://layerxsecurity.com/blog/how-we-discovered-a-campaign-of-16-malicious-extensions-chatgpt/,chrome,https://chromewebstore.google.com/detail/gbcgjnbccjojicobfimcnfjddhpphaod,critical,,2026-08-03,ExtSentry (github.com/mthcht/awesome-lists)
ipjgfhcjeckaibnohigmbcaonfcjepmb,"ChatGPT search history, locate specific messages – ChatGPT Mods",*ipjgfhcjeckaibnohigmbcaonfcjepmb*,malware,malicious,https://layerxsecurity.com/blog/how-we-discovered-a-campaign-of-16-malicious-extensions-chatgpt/,chrome,https://chromewebstore.google.com/detail/ipjgfhcjeckaibnohigmbcaonfcjepmb,critical,,2026-08-03,ExtSentry (github.com/mthcht/awesome-lists)
mmjmcfaejolfbenlplfoihnobnggljij,ChatGPT prompt optimization – ChatGPT Mods,*mmjmcfaejolfbenlplfoihnobnggljij*,malware,malicious,https://layerxsecurity.com/blog/how-we-discovered-a-campaign-of-16-malicious-extensions-chatgpt/,chrome,https://chromewebstore.google.com/detail/mmjmcfaejolfbenlplfoihnobnggljij,critical,,2026-08-03,ExtSentry (github.com/mthcht/awesome-lists)
lechagcebaneoafonkbfkljmbmaaoaec,Collapsed message – ChatGPT Mods,*lechagcebaneoafonkbfkljmbmaaoaec*,malware,malicious,https://layerxsecurity.com/blog/how-we-discovered-a-campaign-of-16-malicious-extensions-chatgpt/,chrome,https://chromewebstore.google.com/detail/lechagcebaneoafonkbfkljmbmaaoaec,critical,,2026-08-03,ExtSentry (github.com/mthcht/awesome-lists)
nhnfaiiobkpbenbbiblmgncgokeknnno,Multi-Profile Management & Switching – ChatGPT Mods,*nhnfaiiobkpbenbbiblmgncgokeknnno*,malware,malicious,https://layerxsecurity.com/blog/how-we-discovered-a-campaign-of-16-malicious-extensions-chatgpt/,chrome,https://chromewebstore.google.com/detail/nhnfaiiobkpbenbbiblmgncgokeknnno,critical,,2026-08-03,ExtSentry (github.com/mthcht/awesome-lists)
hpcejjllhbalkcmdikecfngkepppoknd,Search with ChatGPT – ChatGPT Mods,*hpcejjllhbalkcmdikecfngkepppoknd*,malware,malicious,https://layerxsecurity.com/blog/how-we-discovered-a-campaign-of-16-malicious-extensions-chatgpt/,chrome,https://chromewebstore.google.com/detail/hpcejjllhbalkcmdikecfngkepppoknd,critical,,2026-08-03,ExtSentry (github.com/mthcht/awesome-lists)
hfdpdgblphooommgcjdnnmhpglleaafj,ChatGPT Token counter – ChatGPT Mods,*hfdpdgblphooommgcjdnnmhpglleaafj*,malware,malicious,https://layerxsecurity.com/blog/how-we-discovered-a-campaign-of-16-malicious-extensions-chatgpt/,chrome,https://chromewebstore.google.com/detail/hfdpdgblphooommgcjdnnmhpglleaafj,critical,,2026-08-03,ExtSentry (github.com/mthcht/awesome-lists)
ioaeacncbhpmlkediaagefiegegknglc,"ChatGPT Prompt Manager, Folder, Library, Auto Send – ChatGPT Mods",*ioaeacncbhpmlkediaagefiegegknglc*,malware,malicious,https://layerxsecurity.com/blog/how-we-discovered-a-campaign-of-16-malicious-extensions-chatgpt/,chrome,https://chromewebstore.google.com/detail/ioaeacncbhpmlkediaagefiegegknglc,critical,,2026-08-03,ExtSentry (github.com/mthcht/awesome-lists)
jhohjhmbiakpgedidneeloaoloadlbdj,ChatGPT Mods – Folder Voice Download & More Free Tools,*jhohjhmbiakpgedidneeloaoloadlbdj*,malware,malicious,https://layerxsecurity.com/blog/how-we-discovered-a-campaign-of-16-malicious-extensions-chatgpt/,edge,https://chromewebstore.google.com/detail/jhohjhmbiakpgedidneeloaoloadlbdj,critical,,2026-08-03,ExtSentry (github.com/mthcht/awesome-lists)
kgmeffmlnkfnjpgmdndccklfigfhajen,Emoji keyboard online â copy&past your emoji.,*kgmeffmlnkfnjpgmdndccklfigfhajen*,malware,malicious,https://www.koi.ai/blog/google-and-microsoft-trusted-them-2-3-million-users-installed-them-they-were-malware,chrome,https://chromewebstore.google.com/detail/kgmeffmlnkfnjpgmdndccklfigfhajen,critical,,2026-08-03,ExtSentry (github.com/mthcht/awesome-lists)
dpdibkjjgbaadnnjhkmmnenkmbnhpobj,Free Weather Forecast,*dpdibkjjgbaadnnjhkmmnenkmbnhpobj*,malware,malicious,https://www.koi.ai/blog/google-and-microsoft-trusted-them-2-3-million-users-installed-them-they-were-malware,chrome,https://chromewebstore.google.com/detail/dpdibkjjgbaadnnjhkmmnenkmbnhpobj,critical,,2026-08-03,ExtSentry (github.com/mthcht/awesome-lists)
gaiceihehajjahakcglkhmdbbdclbnlf,Video Speed Controller â Video manager,*gaiceihehajjahakcglkhmdbbdclbnlf*,malware,malicious,https://www.koi.ai/blog/google-and-microsoft-trusted-them-2-3-million-users-installed-them-they-were-malware,chrome,https://chromewebstore.google.com/detail/gaiceihehajjahakcglkhmdbbdclbnlf,critical,,2026-08-03,ExtSentry (github.com/mthcht/awesome-lists)
mlgbkfnjdmaoldgagamcnommbbnhfnhf,Unlock Discord â VPN Proxy to Unblock Discord Anywhere,*mlgbkfnjdmaoldgagamcnommbbnhfnhf*,malware,malicious,https://www.koi.ai/blog/google-and-microsoft-trusted-them-2-3-million-users-installed-them-they-were-malware,chrome,https://chromewebstore.google.com/detail/mlgbkfnjdmaoldgagamcnommbbnhfnhf,critical,,2026-08-03,ExtSentry (github.com/mthcht/awesome-lists)
eckokfcjbjbgjifpcbdmengnabecdakp,Dark Theme â Dark Reader for Chrome,*eckokfcjbjbgjifpcbdmengnabecdakp*,malware,malicious,https://www.koi.ai/blog/google-and-microsoft-trusted-them-2-3-million-users-installed-them-they-were-malware,chrome,https://chromewebstore.google.com/detail/eckokfcjbjbgjifpcbdmengnabecdakp,critical,,2026-08-03,ExtSentry (github.com/mthcht/awesome-lists)
mgbhdehiapbjamfgekfpebmhmnmcmemg,Volume Max â Ultimate Sound Booster,*mgbhdehiapbjamfgekfpebmhmnmcmemg*,malware,malicious,https://www.koi.ai/blog/google-and-microsoft-trusted-them-2-3-million-users-installed-them-they-were-malware,chrome,https://chromewebstore.google.com/detail/mgbhdehiapbjamfgekfpebmhmnmcmemg,critical,,2026-08-03,ExtSentry (github.com/mthcht/awesome-lists)
cbajickflblmpjodnjoldpiicfmecmif,Unblock TikTok â Seamless Access with One-Click Proxy,*cbajickflblmpjodnjoldpiicfmecmif*,malware,malicious,https://www.koi.ai/blog/google-and-microsoft-trusted-them-2-3-million-users-installed-them-they-were-malware,chrome,https://chromewebstore.google.com/detail/cbajickflblmpjodnjoldpiicfmecmif,critical,,2026-08-03,ExtSentry (github.com/mthcht/awesome-lists)
pdbfcnhlobhoahcamoefbfodpmklgmjm,Unlock YouTube VPN,*pdbfcnhlobhoahcamoefbfodpmklgmjm*,malware,malicious,https://www.koi.ai/blog/google-and-microsoft-trusted-them-2-3-million-users-installed-them-they-were-malware,chrome,https://chromewebstore.google.com/detail/pdbfcnhlobhoahcamoefbfodpmklgmjm,critical,,2026-08-03,ExtSentry (github.com/mthcht/awesome-lists)
eokjikchkppnkdipbiggnmlkahcdkikp,"Color Picker, Eyedropper â Geco colorpick",*eokjikchkppnkdipbiggnmlkahcdkikp*,malware,malicious,https://www.koi.ai/blog/google-and-microsoft-trusted-them-2-3-million-users-installed-them-they-were-malware,chrome,https://chromewebstore.google.com/detail/eokjikchkppnkdipbiggnmlkahcdkikp,critical,,2026-08-03,ExtSentry (github.com/mthcht/awesome-lists)
ihbiedpeaicgipncdnnkikeehnjiddck,Weather,*ihbiedpeaicgipncdnnkikeehnjiddck*,malware,malicious,https://www.koi.ai/blog/google-and-microsoft-trusted-them-2-3-million-users-installed-them-they-were-malware,chrome,https://chromewebstore.google.com/detail/ihbiedpeaicgipncdnnkikeehnjiddck,critical,,2026-08-03,ExtSentry (github.com/mthcht/awesome-lists)
jjdajogomggcjifnjgkpghcijgkbcjdi,Unlock TikTok,*jjdajogomggcjifnjgkpghcijgkbcjdi*,malware,malicious,https://www.koi.ai/blog/google-and-microsoft-trusted-them-2-3-million-users-installed-them-they-were-malware,edge,https://chromewebstore.google.com/detail/jjdajogomggcjifnjgkpghcijgkbcjdi,critical,,2026-08-03,ExtSentry (github.com/mthcht/awesome-lists)
mmcnmppeeghenglmidpmjkaiamcacmgm,Volume Booster â Increase your sound,*mmcnmppeeghenglmidpmjkaiamcacmgm*,malware,malicious,https://www.koi.ai/blog/google-and-microsoft-trusted-them-2-3-million-users-installed-them-they-were-malware,edge,https://chromewebstore.google.com/detail/mmcnmppeeghenglmidpmjkaiamcacmgm,critical,,2026-08-03,ExtSentry (github.com/mthcht/awesome-lists)
ojdkklpgpacpicaobnhankbalkkgaafp,Web Sound Equalizer,*ojdkklpgpacpicaobnhankbalkkgaafp*,malware,malicious,https://www.koi.ai/blog/google-and-microsoft-trusted-them-2-3-million-users-installed-them-they-were-malware,edge,https://chromewebstore.google.com/detail/ojdkklpgpacpicaobnhankbalkkgaafp,critical,,2026-08-03,ExtSentry (github.com/mthcht/awesome-lists)
lodeighbngipjjedfelnboplhgediclp,Header Value,*lodeighbngipjjedfelnboplhgediclp*,malware,malicious,https://www.koi.ai/blog/google-and-microsoft-trusted-them-2-3-million-users-installed-them-they-were-malware,edge,https://chromewebstore.google.com/detail/lodeighbngipjjedfelnboplhgediclp,critical,,2026-08-03,ExtSentry (github.com/mthcht/awesome-lists)
hkjagicdaogfgdifaklcgajmgefjllmd,Flash Player â games emulator,*hkjagicdaogfgdifaklcgajmgefjllmd*,malware,malicious,https://www.koi.ai/blog/google-and-microsoft-trusted-them-2-3-million-users-installed-them-they-were-malware,edge,https://chromewebstore.google.com/detail/hkjagicdaogfgdifaklcgajmgefjllmd,critical,,2026-08-03,ExtSentry (github.com/mthcht/awesome-lists)
gflkbgebojohihfnnplhbdakoipdbpdm,Youtube Unblocked,*gflkbgebojohihfnnplhbdakoipdbpdm*,malware,malicious,https://www.koi.ai/blog/google-and-microsoft-trusted-them-2-3-million-users-installed-them-they-were-malware,edge,https://chromewebstore.google.com/detail/gflkbgebojohihfnnplhbdakoipdbpdm,critical,,2026-08-03,ExtSentry (github.com/mthcht/awesome-lists)
kpilmncnoafddjpnbhepaiilgkdcieaf,SearchGPT â ChatGPT for Search Engine,*kpilmncnoafddjpnbhepaiilgkdcieaf*,malware,malicious,https://www.koi.ai/blog/google-and-microsoft-trusted-them-2-3-million-users-installed-them-they-were-malware,edge,https://chromewebstore.google.com/detail/kpilmncnoafddjpnbhepaiilgkdcieaf,critical,,2026-08-03,ExtSentry (github.com/mthcht/awesome-lists)
caibdnkmpnjhjdfnomfhijhmebigcelo,Unlock Discord,*caibdnkmpnjhjdfnomfhijhmebigcelo*,malware,malicious,https://www.koi.ai/blog/google-and-microsoft-trusted-them-2-3-million-users-installed-them-they-were-malware,edge,https://chromewebstore.google.com/detail/caibdnkmpnjhjdfnomfhijhmebigcelo,critical,,2026-08-03,ExtSentry (github.com/mthcht/awesome-lists)
ceibjdigmfbbgcpkkdpmjokkokklodmc,VK Styles - Themes for vk.com,*ceibjdigmfbbgcpkkdpmjokkokklodmc*,malware,malicious,https://www.koi.ai/blog/vk-styles-500k-users-infected-by-chrome-extensions-that-hijack-vkontakte-accounts,chrome,https://chromewebstore.google.com/detail/ceibjdigmfbbgcpkkdpmjokkokklodmc,critical,,2026-08-03,ExtSentry (github.com/mthcht/awesome-lists)
mflibpdjoodmoppignjhciadahapkoch,VK Music - audio saver,*mflibpdjoodmoppignjhciadahapkoch*,malware,malicious,https://www.koi.ai/blog/vk-styles-500k-users-infected-by-chrome-extensions-that-hijack-vkontakte-accounts,chrome,https://chromewebstore.google.com/detail/mflibpdjoodmoppignjhciadahapkoch,critical,,2026-08-03,ExtSentry (github.com/mthcht/awesome-lists)
lgakkahjfibfgmacigibnhcgepajgfdb,Music Downloader - VKsaver,*lgakkahjfibfgmacigibnhcgepajgfdb*,malware,malicious,https://www.koi.ai/blog/vk-styles-500k-users-infected-by-chrome-extensions-that-hijack-vkontakte-accounts,chrome,https://chromewebstore.google.com/detail/lgakkahjfibfgmacigibnhcgepajgfdb,critical,,2026-08-03,ExtSentry (github.com/mthcht/awesome-lists)
bndkfmmbidllaiccmpnbdonijmicaafn,vksaver - music saver vk,*bndkfmmbidllaiccmpnbdonijmicaafn*,malware,malicious,https://www.koi.ai/blog/vk-styles-500k-users-infected-by-chrome-extensions-that-hijack-vkontakte-accounts,chrome,https://chromewebstore.google.com/detail/bndkfmmbidllaiccmpnbdonijmicaafn,critical,,2026-08-03,ExtSentry (github.com/mthcht/awesome-lists)
pcdgkgbadeggbnodegejccjffnoakcoh,VKfeed - Download music and video from VK,*pcdgkgbadeggbnodegejccjffnoakcoh*,malware,malicious,https://www.koi.ai/blog/vk-styles-500k-users-infected-by-chrome-extensions-that-hijack-vkontakte-accounts,chrome,https://chromewebstore.google.com/detail/pcdgkgbadeggbnodegejccjffnoakcoh,critical,,2026-08-03,ExtSentry (github.com/mthcht/awesome-lists)
oldhjammhkghhahhhdcifmmlefibciph,DataByCloud Access,*oldhjammhkghhahhhdcifmmlefibciph*,malware,malicious,https://socket.dev/blog/5-malicious-chrome-extensions-enable-session-hijacking,chrome,https://chromewebstore.google.com/detail/oldhjammhkghhahhhdcifmmlefibciph,critical,,2026-08-03,ExtSentry (github.com/mthcht/awesome-lists)
ijapakghdgckgblfgjobhcfglebbkebf,Tool Access 11,*ijapakghdgckgblfgjobhcfglebbkebf*,malware,malicious,https://socket.dev/blog/5-malicious-chrome-extensions-enable-session-hijacking,chrome,https://chromewebstore.google.com/detail/ijapakghdgckgblfgjobhcfglebbkebf,critical,,2026-08-03,ExtSentry (github.com/mthcht/awesome-lists)
makdmacamkifdldldlelollkkjnoiedg,Data By Cloud 2,*makdmacamkifdldldlelollkkjnoiedg*,malware,malicious,https://socket.dev/blog/5-malicious-chrome-extensions-enable-session-hijacking,chrome,https://chromewebstore.google.com/detail/makdmacamkifdldldlelollkkjnoiedg,critical,,2026-08-03,ExtSentry (github.com/mthcht/awesome-lists)
mbjjeombjeklkbndcjgmfcdhfbjngcam,Data By Cloud 1,*mbjjeombjeklkbndcjgmfcdhfbjngcam*,malware,malicious,https://socket.dev/blog/5-malicious-chrome-extensions-enable-session-hijacking,chrome,https://chromewebstore.google.com/detail/mbjjeombjeklkbndcjgmfcdhfbjngcam,critical,,2026-08-03,ExtSentry (github.com/mthcht/awesome-lists)
bmodapcihjhklpogdpblefpepjolaoij,Software Access,*bmodapcihjhklpogdpblefpepjolaoij*,malware,malicious,https://socket.dev/blog/5-malicious-chrome-extensions-enable-session-hijacking,chrome,https://chromewebstore.google.com/detail/bmodapcihjhklpogdpblefpepjolaoij,critical,,2026-08-03,ExtSentry (github.com/mthcht/awesome-lists)
fbfldogmkadejddihifklefknmikncaj,Phantom Shuttle,*fbfldogmkadejddihifklefknmikncaj*,malware,malicious,https://socket.dev/blog/malicious-chrome-extensions-phantom-shuttle,chrome,https://chromewebstore.google.com/detail/fbfldogmkadejddihifklefknmikncaj,critical,,2026-08-03,ExtSentry (github.com/mthcht/awesome-lists)
ocpcmfmiidofonkbodpdhgddhlcmcofd,Phantom Shuttle,*ocpcmfmiidofonkbodpdhgddhlcmcofd*,malware,malicious,https://socket.dev/blog/malicious-chrome-extensions-phantom-shuttle,chrome,https://chromewebstore.google.com/detail/ocpcmfmiidofonkbodpdhgddhlcmcofd,critical,,2026-08-03,ExtSentry (github.com/mthcht/awesome-lists)
fgpecemjbefkjlcgnhjohdonijdkfooj,Free Unlimited VPN,*fgpecemjbefkjlcgnhjohdonijdkfooj*,malware,malicious,https://layerxsecurity.com/blog/rolypoly-vpn-the-malicious-free-vpn-extension-that-keeps-coming-back/,chrome,https://chromewebstore.google.com/detail/fgpecemjbefkjlcgnhjohdonijdkfooj,critical,,2026-08-03,ExtSentry (github.com/mthcht/awesome-lists)
kekfppnajjchccpkfaogiomfcncbgagc,VPN Professional - Free Unlimited VPN Proxy,*kekfppnajjchccpkfaogiomfcncbgagc*,malware,malicious,https://layerxsecurity.com/blog/rolypoly-vpn-the-malicious-free-vpn-extension-that-keeps-coming-back/,chrome,https://chromewebstore.google.com/detail/kekfppnajjchccpkfaogiomfcncbgagc,critical,,2026-08-03,ExtSentry (github.com/mthcht/awesome-lists)
nhiafglcjghpmcipelflfhkckdpcokid,Ads Cleaner for Facebook,*nhiafglcjghpmcipelflfhkckdpcokid*,malware,malicious,https://layerxsecurity.com/blog/rolypoly-vpn-the-malicious-free-vpn-extension-that-keeps-coming-back/,chrome,https://chromewebstore.google.com/detail/nhiafglcjghpmcipelflfhkckdpcokid,critical,,2026-08-03,ExtSentry (github.com/mthcht/awesome-lists)
hfofhoffdcfcjgmilkpnhkamcgemaban,Ð¡ÐºÐ°ÑÐ°ÑÑ Ð¼ÑÐ·ÑÐºÑ,*hfofhoffdcfcjgmilkpnhkamcgemaban*,malware,malicious,https://layerxsecurity.com/blog/rolypoly-vpn-the-malicious-free-vpn-extension-that-keeps-coming-back/,chrome,https://chromewebstore.google.com/detail/hfofhoffdcfcjgmilkpnhkamcgemaban,critical,,2026-08-03,ExtSentry (github.com/mthcht/awesome-lists)
foiopecknacmiihiocgdjgbjokkpkohc,VPN Professional - Free Secure and Unlimited VPN Proxy Chrome Extension,*foiopecknacmiihiocgdjgbjokkpkohc*,malware,malicious,https://layerxsecurity.com/blog/rolypoly-vpn-the-malicious-free-vpn-extension-that-keeps-coming-back/,chrome,https://chromewebstore.google.com/detail/foiopecknacmiihiocgdjgbjokkpkohc,critical,,2026-08-03,ExtSentry (github.com/mthcht/awesome-lists)
bibjcjfmgapbfoljiojpipaooddpkpai,VPN-free.pro - Free Unlimited VPN,*bibjcjfmgapbfoljiojpipaooddpkpai*,malware,malicious,https://layerxsecurity.com/blog/rolypoly-vpn-the-malicious-free-vpn-extension-that-keeps-coming-back/,chrome,https://chromewebstore.google.com/detail/bibjcjfmgapbfoljiojpipaooddpkpai,critical,,2026-08-03,ExtSentry (github.com/mthcht/awesome-lists)
ngahaphlngmdfhbhkplbglnfhehnpgdb,Ads Blocker,*ngahaphlngmdfhbhkplbglnfhehnpgdb*,malware,malicious,https://layerxsecurity.com/blog/rolypoly-vpn-the-malicious-free-vpn-extension-that-keeps-coming-back/,chrome,https://chromewebstore.google.com/detail/ngahaphlngmdfhbhkplbglnfhehnpgdb,critical,,2026-08-03,ExtSentry (github.com/mthcht/awesome-lists)
ibibeegnncapfdcgpdnnbjbbojglhlmk,OKmusic - ÑÐºÐ°ÑÐ°ÑÑ Ð¼ÑÐ·ÑÐºÑ Ð¸ Ð²Ð¸Ð´ÐµÐ¾ ÐÐ´Ð½Ð¾ÐºÐ»Ð°ÑÑÐ½Ð¸ÐºÐ¸ | OK.ru Music Downloader,*ibibeegnncapfdcgpdnnbjbbojglhlmk*,malware,malicious,https://layerxsecurity.com/blog/rolypoly-vpn-the-malicious-free-vpn-extension-that-keeps-coming-back/,chrome,https://chromewebstore.google.com/detail/ibibeegnncapfdcgpdnnbjbbojglhlmk,critical,,2026-08-03,ExtSentry (github.com/mthcht/awesome-lists)
anlhakiodmebohjmkbciohpglnjifjaa,Speed Dial | Bookmarks | New Tab Page | Quick Access | Custom Search,*anlhakiodmebohjmkbciohpglnjifjaa*,malware,malicious,https://layerxsecurity.com/blog/rolypoly-vpn-the-malicious-free-vpn-extension-that-keeps-coming-back/,chrome,https://chromewebstore.google.com/detail/anlhakiodmebohjmkbciohpglnjifjaa,critical,,2026-08-03,ExtSentry (github.com/mthcht/awesome-lists)
glckmpfajbjppappjlnhhlofhdhlcgaj,Good Tab,*glckmpfajbjppappjlnhhlofhdhlcgaj*,malware,malicious,https://www.security.com/threat-intelligence/chrome-extensions-are-you-getting-more-you-bargained,chrome,https://chromewebstore.google.com/detail/glckmpfajbjppappjlnhhlofhdhlcgaj,critical,,2026-08-03,ExtSentry (github.com/mthcht/awesome-lists)
giecgobdmgdamgffeoankaipjkdjbfep,Children Protection,*giecgobdmgdamgffeoankaipjkdjbfep*,malware,malicious,https://www.security.com/threat-intelligence/chrome-extensions-are-you-getting-more-you-bargained,chrome,https://chromewebstore.google.com/detail/giecgobdmgdamgffeoankaipjkdjbfep,critical,,2026-08-03,ExtSentry (github.com/mthcht/awesome-lists)
bjoddpbfndnpeohkmpbjfhcppkhgobcg,DPS Websafe,*bjoddpbfndnpeohkmpbjfhcppkhgobcg*,malware,malicious,https://www.security.com/threat-intelligence/chrome-extensions-are-you-getting-more-you-bargained,chrome,https://chromewebstore.google.com/detail/bjoddpbfndnpeohkmpbjfhcppkhgobcg,critical,,2026-08-03,ExtSentry (github.com/mthcht/awesome-lists)
beifiidafjobphnbhbbgmgnndjolfcho,Stock Informer,*beifiidafjobphnbhbbgmgnndjolfcho*,malware,malicious,https://www.security.com/threat-intelligence/chrome-extensions-are-you-getting-more-you-bargained,chrome,https://chromewebstore.google.com/detail/beifiidafjobphnbhbbgmgnndjolfcho,critical,,2026-08-03,ExtSentry (github.com/mthcht/awesome-lists)
eagiakjmjnblliacokhcalebgnhellfi,chrome,*eagiakjmjnblliacokhcalebgnhellfi*,malware,malicious,https://www.koi.ai/blog/4-million-browsers-infected-inside-shadypanda-7-year-malware-campaign,chrome,https://chromewebstore.google.com/detail/eagiakjmjnblliacokhcalebgnhellfi,critical,,2026-08-03,ExtSentry (github.com/mthcht/awesome-lists)
ibiejjpajlfljcgjndbonclhcbdcamai,chrome,*ibiejjpajlfljcgjndbonclhcbdcamai*,malware,malicious,https://www.koi.ai/blog/4-million-browsers-infected-inside-shadypanda-7-year-malware-campaign,chrome,https://chromewebstore.google.com/detail/ibiejjpajlfljcgjndbonclhcbdcamai,critical,,2026-08-03,ExtSentry (github.com/mthcht/awesome-lists)
ogjneoecnllmjcegcfpaamfpbiaaiekh,chrome,*ogjneoecnllmjcegcfpaamfpbiaaiekh*,malware,malicious,https://www.koi.ai/blog/4-million-browsers-infected-inside-shadypanda-7-year-malware-campaign,chrome,https://chromewebstore.google.com/detail/ogjneoecnllmjcegcfpaamfpbiaaiekh,critical,,2026-08-03,ExtSentry (github.com/mthcht/awesome-lists)
jbnopeoocgbmnochaadfnhiiimfpbpmf,chrome,*jbnopeoocgbmnochaadfnhiiimfpbpmf*,malware,malicious,https://www.koi.ai/blog/4-million-browsers-infected-inside-shadypanda-7-year-malware-campaign,chrome,https://chromewebstore.google.com/detail/jbnopeoocgbmnochaadfnhiiimfpbpmf,critical,,2026-08-03,ExtSentry (github.com/mthcht/awesome-lists)
ineempkjpmbdejmdgienaphomigjjiej,chrome,*ineempkjpmbdejmdgienaphomigjjiej*,malware,malicious,https://www.koi.ai/blog/4-million-browsers-infected-inside-shadypanda-7-year-malware-campaign,chrome,https://chromewebstore.google.com/detail/ineempkjpmbdejmdgienaphomigjjiej,critical,,2026-08-03,ExtSentry (github.com/mthcht/awesome-lists)
nnnklgkfdfbdijeeglhjfleaoagiagig,chrome,*nnnklgkfdfbdijeeglhjfleaoagiagig*,malware,malicious,https://www.koi.ai/blog/4-million-browsers-infected-inside-shadypanda-7-year-malware-campaign,chrome,https://chromewebstore.google.com/detail/nnnklgkfdfbdijeeglhjfleaoagiagig,critical,,2026-08-03,ExtSentry (github.com/mthcht/awesome-lists)
mljmfnkjmcdmongjnnnbbnajjdbojoci,chrome,*mljmfnkjmcdmongjnnnbbnajjdbojoci*,malware,malicious,https://www.koi.ai/blog/4-million-browsers-infected-inside-shadypanda-7-year-malware-campaign,chrome,https://chromewebstore.google.com/detail/mljmfnkjmcdmongjnnnbbnajjdbojoci,critical,,2026-08-03,ExtSentry (github.com/mthcht/awesome-lists)
llkncpcdceadgibhbedecmkencokjajg,chrome,*llkncpcdceadgibhbedecmkencokjajg*,malware,malicious,https://www.koi.ai/blog/4-million-browsers-infected-inside-shadypanda-7-year-malware-campaign,chrome,https://chromewebstore.google.com/detail/llkncpcdceadgibhbedecmkencokjajg,critical,,2026-08-03,ExtSentry (github.com/mthcht/awesome-lists)
nmfbniajnpceakchicdhfofoejhgjefb,chrome,*nmfbniajnpceakchicdhfofoejhgjefb*,malware,malicious,https://www.koi.ai/blog/4-million-browsers-infected-inside-shadypanda-7-year-malware-campaign,chrome,https://chromewebstore.google.com/detail/nmfbniajnpceakchicdhfofoejhgjefb,critical,,2026-08-03,ExtSentry (github.com/mthcht/awesome-lists)
ijcpbhmpbaafndchbjdjchogaogelnjl,chrome,*ijcpbhmpbaafndchbjdjchogaogelnjl*,malware,malicious,https://www.koi.ai/blog/4-million-browsers-infected-inside-shadypanda-7-year-malware-campaign,chrome,https://chromewebstore.google.com/detail/ijcpbhmpbaafndchbjdjchogaogelnjl,critical,,2026-08-03,ExtSentry (github.com/mthcht/awesome-lists)
olaahjgjlhoehkpemnfognpgmkbedodk,chrome,*olaahjgjlhoehkpemnfognpgmkbedodk*,malware,malicious,https://www.koi.ai/blog/4-million-browsers-infected-inside-shadypanda-7-year-malware-campaign,chrome,https://chromewebstore.google.com/detail/olaahjgjlhoehkpemnfognpgmkbedodk,critical,,2026-08-03,ExtSentry (github.com/mthcht/awesome-lists)
gnhgdhlkojnlgljamagoigaabdmfhfeg,chrome,*gnhgdhlkojnlgljamagoigaabdmfhfeg*,malware,malicious,https://www.koi.ai/blog/4-million-browsers-infected-inside-shadypanda-7-year-malware-campaign,chrome,https://chromewebstore.google.com/detail/gnhgdhlkojnlgljamagoigaabdmfhfeg,critical,,2026-08-03,ExtSentry (github.com/mthcht/awesome-lists)
cihbmmokhmieaidfgamioabhhkggnehm,chrome,*cihbmmokhmieaidfgamioabhhkggnehm*,malware,malicious,https://www.koi.ai/blog/4-million-browsers-infected-inside-shadypanda-7-year-malware-campaign,chrome,https://chromewebstore.google.com/detail/cihbmmokhmieaidfgamioabhhkggnehm,critical,,2026-08-03,ExtSentry (github.com/mthcht/awesome-lists)
lehjnmndiohfaphecnjhopgookigekdk,chrome,*lehjnmndiohfaphecnjhopgookigekdk*,malware,malicious,https://www.koi.ai/blog/4-million-browsers-infected-inside-shadypanda-7-year-malware-campaign,chrome,https://chromewebstore.google.com/detail/lehjnmndiohfaphecnjhopgookigekdk,critical,,2026-08-03,ExtSentry (github.com/mthcht/awesome-lists)
hlcjkaoneihodfmonjnlnnfpdcopgfjk,chrome,*hlcjkaoneihodfmonjnlnnfpdcopgfjk*,malware,malicious,https://www.koi.ai/blog/4-million-browsers-infected-inside-shadypanda-7-year-malware-campaign,chrome,https://chromewebstore.google.com/detail/hlcjkaoneihodfmonjnlnnfpdcopgfjk,critical,,2026-08-03,ExtSentry (github.com/mthcht/awesome-lists)
hmhifpbclhgklaaepgbabgcpfgidkoei,chrome,*hmhifpbclhgklaaepgbabgcpfgidkoei*,malware,malicious,https://www.koi.ai/blog/4-million-browsers-infected-inside-shadypanda-7-year-malware-campaign,chrome,https://chromewebstore.google.com/detail/hmhifpbclhgklaaepgbabgcpfgidkoei,critical,,2026-08-03,ExtSentry (github.com/mthcht/awesome-lists)
lnlononncfdnhdfmgpkdfoibmfdehfoj,chrome,*lnlononncfdnhdfmgpkdfoibmfdehfoj*,malware,malicious,https://www.koi.ai/blog/4-million-browsers-infected-inside-shadypanda-7-year-malware-campaign,chrome,https://chromewebstore.google.com/detail/lnlononncfdnhdfmgpkdfoibmfdehfoj,critical,,2026-08-03,ExtSentry (github.com/mthcht/awesome-lists)
nagbiboibhbjbclhcigklajjdefaiidc,chrome,*nagbiboibhbjbclhcigklajjdefaiidc*,malware,malicious,https://www.koi.ai/blog/4-million-browsers-infected-inside-shadypanda-7-year-malware-campaign,chrome,https://chromewebstore.google.com/detail/nagbiboibhbjbclhcigklajjdefaiidc,critical,,2026-08-03,ExtSentry (github.com/mthcht/awesome-lists)
ofkopmlicnffaiiabnmnaajaimmenkjn,chrome,*ofkopmlicnffaiiabnmnaajaimmenkjn*,malware,malicious,https://www.koi.ai/blog/4-million-browsers-infected-inside-shadypanda-7-year-malware-campaign,chrome,https://chromewebstore.google.com/detail/ofkopmlicnffaiiabnmnaajaimmenkjn,critical,,2026-08-03,ExtSentry (github.com/mthcht/awesome-lists)
ocffbdeldlbilgegmifiakciiicnoaeo,chrome,*ocffbdeldlbilgegmifiakciiicnoaeo*,malware,malicious,https://www.koi.ai/blog/4-million-browsers-infected-inside-shadypanda-7-year-malware-campaign,chrome,https://chromewebstore.google.com/detail/ocffbdeldlbilgegmifiakciiicnoaeo,critical,,2026-08-03,ExtSentry (github.com/mthcht/awesome-lists)
eaokmbopbenbmgegkmoiogmpejlaikea,chrome,*eaokmbopbenbmgegkmoiogmpejlaikea*,malware,malicious,https://www.koi.ai/blog/4-million-browsers-infected-inside-shadypanda-7-year-malware-campaign,chrome,https://chromewebstore.google.com/detail/eaokmbopbenbmgegkmoiogmpejlaikea,critical,,2026-08-03,ExtSentry (github.com/mthcht/awesome-lists)
lhiehjmkpbhhkfapacaiheolgejcifgd,chrome,*lhiehjmkpbhhkfapacaiheolgejcifgd*,malware,malicious,https://www.koi.ai/blog/4-million-browsers-infected-inside-shadypanda-7-year-malware-campaign,chrome,https://chromewebstore.google.com/detail/lhiehjmkpbhhkfapacaiheolgejcifgd,critical,,2026-08-03,ExtSentry (github.com/mthcht/awesome-lists)
ondhgmkgppbdnogfiglikgpdkmkaiggk,chrome,*ondhgmkgppbdnogfiglikgpdkmkaiggk*,malware,malicious,https://www.koi.ai/blog/4-million-browsers-infected-inside-shadypanda-7-year-malware-campaign,chrome,https://chromewebstore.google.com/detail/ondhgmkgppbdnogfiglikgpdkmkaiggk,critical,,2026-08-03,ExtSentry (github.com/mthcht/awesome-lists)
imdgpklnabbkghcbhmkbjbhcomnfdige,chrome,*imdgpklnabbkghcbhmkbjbhcomnfdige*,malware,malicious,https://www.koi.ai/blog/4-million-browsers-infected-inside-shadypanda-7-year-malware-campaign,chrome,https://chromewebstore.google.com/detail/imdgpklnabbkghcbhmkbjbhcomnfdige,critical,,2026-08-03,ExtSentry (github.com/mthcht/awesome-lists)
bpelnogcookhocnaokfpoeinibimbeff,edge,*bpelnogcookhocnaokfpoeinibimbeff*,malware,malicious,https://www.koi.ai/blog/4-million-browsers-infected-inside-shadypanda-7-year-malware-campaign,edge,https://chromewebstore.google.com/detail/bpelnogcookhocnaokfpoeinibimbeff,critical,,2026-08-03,ExtSentry (github.com/mthcht/awesome-lists)
enkihkfondbngohnmlefmobdgkpmejha,edge,*enkihkfondbngohnmlefmobdgkpmejha*,malware,malicious,https://www.koi.ai/blog/4-million-browsers-infected-inside-shadypanda-7-year-malware-campaign,edge,https://chromewebstore.google.com/detail/enkihkfondbngohnmlefmobdgkpmejha,critical,,2026-08-03,ExtSentry (github.com/mthcht/awesome-lists)
hajlmbnnniemimmaehcefkamdadpjlfa,edge,*hajlmbnnniemimmaehcefkamdadpjlfa*,malware,malicious,https://www.koi.ai/blog/4-million-browsers-infected-inside-shadypanda-7-year-malware-campaign,edge,https://chromewebstore.google.com/detail/hajlmbnnniemimmaehcefkamdadpjlfa,critical,,2026-08-03,ExtSentry (github.com/mthcht/awesome-lists)
aadnmeanpbokjjahcnikajejglihibpd,edge,*aadnmeanpbokjjahcnikajejglihibpd*,malware,malicious,https://www.koi.ai/blog/4-million-browsers-infected-inside-shadypanda-7-year-malware-campaign,edge,https://chromewebstore.google.com/detail/aadnmeanpbokjjahcnikajejglihibpd,critical,,2026-08-03,ExtSentry (github.com/mthcht/awesome-lists)
ipnidmjhnoipibbinllilgeohohehabl,edge,*ipnidmjhnoipibbinllilgeohohehabl*,malware,malicious,https://www.koi.ai/blog/4-million-browsers-infected-inside-shadypanda-7-year-malware-campaign,edge,https://chromewebstore.google.com/detail/ipnidmjhnoipibbinllilgeohohehabl,critical,,2026-08-03,ExtSentry (github.com/mthcht/awesome-lists)
fnnigcfbmghcefaboigkhfimeolhhbcp,edge,*fnnigcfbmghcefaboigkhfimeolhhbcp*,malware,malicious,https://www.koi.ai/blog/4-million-browsers-infected-inside-shadypanda-7-year-malware-campaign,edge,https://chromewebstore.google.com/detail/fnnigcfbmghcefaboigkhfimeolhhbcp,critical,,2026-08-03,ExtSentry (github.com/mthcht/awesome-lists)
nlcebdoehkdiojeahkofcfnolkleembf,edge,*nlcebdoehkdiojeahkofcfnolkleembf*,malware,malicious,https://www.koi.ai/blog/4-million-browsers-infected-inside-shadypanda-7-year-malware-campaign,edge,https://chromewebstore.google.com/detail/nlcebdoehkdiojeahkofcfnolkleembf,critical,,2026-08-03,ExtSentry (github.com/mthcht/awesome-lists)
fhababnomjcnhmobbemagohkldaeicad,edge,*fhababnomjcnhmobbemagohkldaeicad*,malware,malicious,https://www.koi.ai/blog/4-million-browsers-infected-inside-shadypanda-7-year-malware-campaign,edge,https://chromewebstore.google.com/detail/fhababnomjcnhmobbemagohkldaeicad,critical,,2026-08-03,ExtSentry (github.com/mthcht/awesome-lists)
nokknhlkpdfppefncfkdebhgfpfilieo,edge,*nokknhlkpdfppefncfkdebhgfpfilieo*,malware,malicious,https://www.koi.ai/blog/4-million-browsers-infected-inside-shadypanda-7-year-malware-campaign,edge,https://chromewebstore.google.com/detail/nokknhlkpdfppefncfkdebhgfpfilieo,critical,,2026-08-03,ExtSentry (github.com/mthcht/awesome-lists)
ljmcneongnlaecabgneiippeacdoimaa,edge,*ljmcneongnlaecabgneiippeacdoimaa*,malware,malicious,https://www.koi.ai/blog/4-million-browsers-infected-inside-shadypanda-7-year-malware-campaign,edge,https://chromewebstore.google.com/detail/ljmcneongnlaecabgneiippeacdoimaa,critical,,2026-08-03,ExtSentry (github.com/mthcht/awesome-lists)
onifebiiejdjncjpjnojlebibonmnhog,edge,*onifebiiejdjncjpjnojlebibonmnhog*,malware,malicious,https://www.koi.ai/blog/4-million-browsers-infected-inside-shadypanda-7-year-malware-campaign,edge,https://chromewebstore.google.com/detail/onifebiiejdjncjpjnojlebibonmnhog,critical,,2026-08-03,ExtSentry (github.com/mthcht/awesome-lists)
dbagndmcddecodlmnlcmhheicgkaglpk,edge,*dbagndmcddecodlmnlcmhheicgkaglpk*,malware,malicious,https://www.koi.ai/blog/4-million-browsers-infected-inside-shadypanda-7-year-malware-campaign,edge,https://chromewebstore.google.com/detail/dbagndmcddecodlmnlcmhheicgkaglpk,critical,,2026-08-03,ExtSentry (github.com/mthcht/awesome-lists)
fmgfcpjmmapcjlknncjgmbolgaecngfo,edge,*fmgfcpjmmapcjlknncjgmbolgaecngfo*,malware,malicious,https://www.koi.ai/blog/4-million-browsers-infected-inside-shadypanda-7-year-malware-campaign,edge,https://chromewebstore.google.com/detail/fmgfcpjmmapcjlknncjgmbolgaecngfo,critical,,2026-08-03,ExtSentry (github.com/mthcht/awesome-lists)
kgmlodoegkmpfkbepkfhgeldidodgohd,edge,*kgmlodoegkmpfkbepkfhgeldidodgohd*,malware,malicious,https://www.koi.ai/blog/4-million-browsers-infected-inside-shadypanda-7-year-malware-campaign,edge,https://chromewebstore.google.com/detail/kgmlodoegkmpfkbepkfhgeldidodgohd,critical,,2026-08-03,ExtSentry (github.com/mthcht/awesome-lists)
hegpgapbnfiibpbkanjemgmdpmmlecbc,edge,*hegpgapbnfiibpbkanjemgmdpmmlecbc*,malware,malicious,https://www.koi.ai/blog/4-million-browsers-infected-inside-shadypanda-7-year-malware-campaign,edge,https://chromewebstore.google.com/detail/hegpgapbnfiibpbkanjemgmdpmmlecbc,critical,,2026-08-03,ExtSentry (github.com/mthcht/awesome-lists)
gkanlgbbnncfafkhlchnadcopcgjkfli,edge,*gkanlgbbnncfafkhlchnadcopcgjkfli*,malware,malicious,https://www.koi.ai/blog/4-million-browsers-infected-inside-shadypanda-7-year-malware-campaign,edge,https://chromewebstore.google.com/detail/gkanlgbbnncfafkhlchnadcopcgjkfli,critical,,2026-08-03,ExtSentry (github.com/mthcht/awesome-lists)
oghgaghnofhhoolfneepjneedejcpiic,edge,*oghgaghnofhhoolfneepjneedejcpiic*,malware,malicious,https://www.koi.ai/blog/4-million-browsers-infected-inside-shadypanda-7-year-malware-campaign,edge,https://chromewebstore.google.com/detail/oghgaghnofhhoolfneepjneedejcpiic,critical,,2026-08-03,ExtSentry (github.com/mthcht/awesome-lists)
fcidgbgogbfdcgijkcfdjcagmhcelpbc,edge,*fcidgbgogbfdcgijkcfdjcagmhcelpbc*,malware,malicious,https://www.koi.ai/blog/4-million-browsers-infected-inside-shadypanda-7-year-malware-campaign,edge,https://chromewebstore.google.com/detail/fcidgbgogbfdcgijkcfdjcagmhcelpbc,critical,,2026-08-03,ExtSentry (github.com/mthcht/awesome-lists)
domfmjgbmkckapepjahpedlpdedmckbj,edge,*domfmjgbmkckapepjahpedlpdedmckbj*,malware,malicious,https://www.koi.ai/blog/4-million-browsers-infected-inside-shadypanda-7-year-malware-campaign,edge,https://chromewebstore.google.com/detail/domfmjgbmkckapepjahpedlpdedmckbj,critical,,2026-08-03,ExtSentry (github.com/mthcht/awesome-lists)
cbkogccidanmoaicgphipbdofakomlak,edge,*cbkogccidanmoaicgphipbdofakomlak*,malware,malicious,https://www.koi.ai/blog/4-million-browsers-infected-inside-shadypanda-7-year-malware-campaign,edge,https://chromewebstore.google.com/detail/cbkogccidanmoaicgphipbdofakomlak,critical,,2026-08-03,ExtSentry (github.com/mthcht/awesome-lists)
bmlifknbfonkgphkpmkeoahgbhbdhebh,edge,*bmlifknbfonkgphkpmkeoahgbhbdhebh*,malware,malicious,https://www.koi.ai/blog/4-million-browsers-infected-inside-shadypanda-7-year-malware-campaign,edge,https://chromewebstore.google.com/detail/bmlifknbfonkgphkpmkeoahgbhbdhebh,critical,,2026-08-03,ExtSentry (github.com/mthcht/awesome-lists)
ghaggkcfafofhcfppignflhlocmcfimd,edge,*ghaggkcfafofhcfppignflhlocmcfimd*,malware,malicious,https://www.koi.ai/blog/4-million-browsers-infected-inside-shadypanda-7-year-malware-campaign,edge,https://chromewebstore.google.com/detail/ghaggkcfafofhcfppignflhlocmcfimd,critical,,2026-08-03,ExtSentry (github.com/mthcht/awesome-lists)
hfeialplaojonefabmojhobdmghnjkmf,edge,*hfeialplaojonefabmojhobdmghnjkmf*,malware,malicious,https://www.koi.ai/blog/4-million-browsers-infected-inside-shadypanda-7-year-malware-campaign,edge,https://chromewebstore.google.com/detail/hfeialplaojonefabmojhobdmghnjkmf,critical,,2026-08-03,ExtSentry (github.com/mthcht/awesome-lists)
boiciofdokedkpmopjnghpkgdakmcpmb,edge,*boiciofdokedkpmopjnghpkgdakmcpmb*,malware,malicious,https://www.koi.ai/blog/4-million-browsers-infected-inside-shadypanda-7-year-malware-campaign,edge,https://chromewebstore.google.com/detail/boiciofdokedkpmopjnghpkgdakmcpmb,critical,,2026-08-03,ExtSentry (github.com/mthcht/awesome-lists)
ibfpbjfnpcgmiggfildbcngccoomddmj,edge,*ibfpbjfnpcgmiggfildbcngccoomddmj*,malware,malicious,https://www.koi.ai/blog/4-million-browsers-infected-inside-shadypanda-7-year-malware-campaign,edge,https://chromewebstore.google.com/detail/ibfpbjfnpcgmiggfildbcngccoomddmj,critical,,2026-08-03,ExtSentry (github.com/mthcht/awesome-lists)
idjhfmgaddmdojcfmhcjnnbhnhbmhipd,edge,*idjhfmgaddmdojcfmhcjnnbhnhbmhipd*,malware,malicious,https://www.koi.ai/blog/4-million-browsers-infected-inside-shadypanda-7-year-malware-campaign,edge,https://chromewebstore.google.com/detail/idjhfmgaddmdojcfmhcjnnbhnhbmhipd,critical,,2026-08-03,ExtSentry (github.com/mthcht/awesome-lists)
jhgfinhjcamijjoikplacnfknpchndgb,edge,*jhgfinhjcamijjoikplacnfknpchndgb*,malware,malicious,https://www.koi.ai/blog/4-million-browsers-infected-inside-shadypanda-7-year-malware-campaign,edge,https://chromewebstore.google.com/detail/jhgfinhjcamijjoikplacnfknpchndgb,critical,,2026-08-03,ExtSentry (github.com/mthcht/awesome-lists)
cgjgmbppcoolfkbkjhoogdpkboohhgel,edge,*cgjgmbppcoolfkbkjhoogdpkboohhgel*,malware,malicious,https://www.koi.ai/blog/4-million-browsers-infected-inside-shadypanda-7-year-malware-campaign,edge,https://chromewebstore.google.com/detail/cgjgmbppcoolfkbkjhoogdpkboohhgel,critical,,2026-08-03,ExtSentry (github.com/mthcht/awesome-lists)
afooldonhjnhddgnfahlepchipjennab,edge,*afooldonhjnhddgnfahlepchipjennab*,malware,malicious,https://www.koi.ai/blog/4-million-browsers-infected-inside-shadypanda-7-year-malware-campaign,edge,https://chromewebstore.google.com/detail/afooldonhjnhddgnfahlepchipjennab,critical,,2026-08-03,ExtSentry (github.com/mthcht/awesome-lists)
fkbcbgffcclobgbombinljckbelhnpif,edge,*fkbcbgffcclobgbombinljckbelhnpif*,malware,malicious,https://www.koi.ai/blog/4-million-browsers-infected-inside-shadypanda-7-year-malware-campaign,edge,https://chromewebstore.google.com/detail/fkbcbgffcclobgbombinljckbelhnpif,critical,,2026-08-03,ExtSentry (github.com/mthcht/awesome-lists)
fpokgjmlcemklhmilomcljolhnbaaajk,edge,*fpokgjmlcemklhmilomcljolhnbaaajk*,malware,malicious,https://www.koi.ai/blog/4-million-browsers-infected-inside-shadypanda-7-year-malware-campaign,edge,https://chromewebstore.google.com/detail/fpokgjmlcemklhmilomcljolhnbaaajk,critical,,2026-08-03,ExtSentry (github.com/mthcht/awesome-lists)
hadkldcldaanpomhhllacdmglkoepaed,edge,*hadkldcldaanpomhhllacdmglkoepaed*,malware,malicious,https://www.koi.ai/blog/4-million-browsers-infected-inside-shadypanda-7-year-malware-campaign,edge,https://chromewebstore.google.com/detail/hadkldcldaanpomhhllacdmglkoepaed,critical,,2026-08-03,ExtSentry (github.com/mthcht/awesome-lists)
iedkeilnpbkeecjpmkelnglnjpnacnlh,edge,*iedkeilnpbkeecjpmkelnglnjpnacnlh*,malware,malicious,https://www.koi.ai/blog/4-million-browsers-infected-inside-shadypanda-7-year-malware-campaign,edge,https://chromewebstore.google.com/detail/iedkeilnpbkeecjpmkelnglnjpnacnlh,critical,,2026-08-03,ExtSentry (github.com/mthcht/awesome-lists)
hjfmkkelabjoojjmjljidocklbibphgl,edge,*hjfmkkelabjoojjmjljidocklbibphgl*,malware,malicious,https://www.koi.ai/blog/4-million-browsers-infected-inside-shadypanda-7-year-malware-campaign,edge,https://chromewebstore.google.com/detail/hjfmkkelabjoojjmjljidocklbibphgl,critical,,2026-08-03,ExtSentry (github.com/mthcht/awesome-lists)
dhjmmcjnajkpnbnbpagglbbfpbacoffm,edge,*dhjmmcjnajkpnbnbpagglbbfpbacoffm*,malware,malicious,https://www.koi.ai/blog/4-million-browsers-infected-inside-shadypanda-7-year-malware-campaign,edge,https://chromewebstore.google.com/detail/dhjmmcjnajkpnbnbpagglbbfpbacoffm,critical,,2026-08-03,ExtSentry (github.com/mthcht/awesome-lists)
cgehahdmoijenmnhinajnojmmlnipckl,edge,*cgehahdmoijenmnhinajnojmmlnipckl*,malware,malicious,https://www.koi.ai/blog/4-million-browsers-infected-inside-shadypanda-7-year-malware-campaign,edge,https://chromewebstore.google.com/detail/cgehahdmoijenmnhinajnojmmlnipckl,critical,,2026-08-03,ExtSentry (github.com/mthcht/awesome-lists)
fjigdpmfeomndepihcinokhcphdojepm,edge,*fjigdpmfeomndepihcinokhcphdojepm*,malware,malicious,https://www.koi.ai/blog/4-million-browsers-infected-inside-shadypanda-7-year-malware-campaign,edge,https://chromewebstore.google.com/detail/fjigdpmfeomndepihcinokhcphdojepm,critical,,2026-08-03,ExtSentry (github.com/mthcht/awesome-lists)
chmcepembfffejphepoongapnlchjgil,edge,*chmcepembfffejphepoongapnlchjgil*,malware,malicious,https://www.koi.ai/blog/4-million-browsers-infected-inside-shadypanda-7-year-malware-campaign,edge,https://chromewebstore.google.com/detail/chmcepembfffejphepoongapnlchjgil,critical,,2026-08-03,ExtSentry (github.com/mthcht/awesome-lists)
googojfbnbhbbnpfpdnffnklipgifngn,edge,*googojfbnbhbbnpfpdnffnklipgifngn*,malware,malicious,https://www.koi.ai/blog/4-million-browsers-infected-inside-shadypanda-7-year-malware-campaign,edge,https://chromewebstore.google.com/detail/googojfbnbhbbnpfpdnffnklipgifngn,critical,,2026-08-03,ExtSentry (github.com/mthcht/awesome-lists)
fodcokjckpkfpegbekkiallamhedahjd,edge,*fodcokjckpkfpegbekkiallamhedahjd*,malware,malicious,https://www.koi.ai/blog/4-million-browsers-infected-inside-shadypanda-7-year-malware-campaign,edge,https://chromewebstore.google.com/detail/fodcokjckpkfpegbekkiallamhedahjd,critical,,2026-08-03,ExtSentry (github.com/mthcht/awesome-lists)
igiakpjhacibmaichhgbagdkjmjbnanl,edge,*igiakpjhacibmaichhgbagdkjmjbnanl*,malware,malicious,https://www.koi.ai/blog/4-million-browsers-infected-inside-shadypanda-7-year-malware-campaign,edge,https://chromewebstore.google.com/detail/igiakpjhacibmaichhgbagdkjmjbnanl,critical,,2026-08-03,ExtSentry (github.com/mthcht/awesome-lists)
omkjakddaeljdfgekdjebbbiboljnalk,edge,*omkjakddaeljdfgekdjebbbiboljnalk*,malware,malicious,https://www.koi.ai/blog/4-million-browsers-infected-inside-shadypanda-7-year-malware-campaign,edge,https://chromewebstore.google.com/detail/omkjakddaeljdfgekdjebbbiboljnalk,critical,,2026-08-03,ExtSentry (github.com/mthcht/awesome-lists)
llilhpmmhicmiaoancaafdgganakopfg,edge,*llilhpmmhicmiaoancaafdgganakopfg*,malware,malicious,https://www.koi.ai/blog/4-million-browsers-infected-inside-shadypanda-7-year-malware-campaign,edge,https://chromewebstore.google.com/detail/llilhpmmhicmiaoancaafdgganakopfg,critical,,2026-08-03,ExtSentry (github.com/mthcht/awesome-lists)
nemkiffjklgaooligallbpmhdmmhepll,edge,*nemkiffjklgaooligallbpmhdmmhepll*,malware,malicious,https://www.koi.ai/blog/4-million-browsers-infected-inside-shadypanda-7-year-malware-campaign,edge,https://chromewebstore.google.com/detail/nemkiffjklgaooligallbpmhdmmhepll,critical,,2026-08-03,ExtSentry (github.com/mthcht/awesome-lists)
papedehkgfhnagdiempdbhlgcnioofnd,edge,*papedehkgfhnagdiempdbhlgcnioofnd*,malware,malicious,https://www.koi.ai/blog/4-million-browsers-infected-inside-shadypanda-7-year-malware-campaign,edge,https://chromewebstore.google.com/detail/papedehkgfhnagdiempdbhlgcnioofnd,critical,,2026-08-03,ExtSentry (github.com/mthcht/awesome-lists)
glfddenhiaacfmhoiebfeljnfkkkmbjb,edge,*glfddenhiaacfmhoiebfeljnfkkkmbjb*,malware,malicious,https://www.koi.ai/blog/4-million-browsers-infected-inside-shadypanda-7-year-malware-campaign,edge,https://chromewebstore.google.com/detail/glfddenhiaacfmhoiebfeljnfkkkmbjb,critical,,2026-08-03,ExtSentry (github.com/mthcht/awesome-lists)
pkjfghocapckmendmgdmppjccbplccbg,edge,*pkjfghocapckmendmgdmppjccbplccbg*,malware,malicious,https://www.koi.ai/blog/4-million-browsers-infected-inside-shadypanda-7-year-malware-campaign,edge,https://chromewebstore.google.com/detail/pkjfghocapckmendmgdmppjccbplccbg,critical,,2026-08-03,ExtSentry (github.com/mthcht/awesome-lists)
gbcjipmcpedgndgdnfofbhgnkmghoamm,edge,*gbcjipmcpedgndgdnfofbhgnkmghoamm*,malware,malicious,https://www.koi.ai/blog/4-million-browsers-infected-inside-shadypanda-7-year-malware-campaign,edge,https://chromewebstore.google.com/detail/gbcjipmcpedgndgdnfofbhgnkmghoamm,critical,,2026-08-03,ExtSentry (github.com/mthcht/awesome-lists)
ncapkionddmdmfocnjfcfpnimepibggf,edge,*ncapkionddmdmfocnjfcfpnimepibggf*,malware,malicious,https://www.koi.ai/blog/4-million-browsers-infected-inside-shadypanda-7-year-malware-campaign,edge,https://chromewebstore.google.com/detail/ncapkionddmdmfocnjfcfpnimepibggf,critical,,2026-08-03,ExtSentry (github.com/mthcht/awesome-lists)
klggeioacnkkpdcnapgcoicnblliidmf,edge,*klggeioacnkkpdcnapgcoicnblliidmf*,malware,malicious,https://www.koi.ai/blog/4-million-browsers-infected-inside-shadypanda-7-year-malware-campaign,edge,https://chromewebstore.google.com/detail/klggeioacnkkpdcnapgcoicnblliidmf,critical,,2026-08-03,ExtSentry (github.com/mthcht/awesome-lists)
klgjbnheihgnmimajhohfcldhfpjnahe,edge,*klgjbnheihgnmimajhohfcldhfpjnahe*,malware,malicious,https://www.koi.ai/blog/4-million-browsers-infected-inside-shadypanda-7-year-malware-campaign,edge,https://chromewebstore.google.com/detail/klgjbnheihgnmimajhohfcldhfpjnahe,critical,,2026-08-03,ExtSentry (github.com/mthcht/awesome-lists)
acogeoajdpgplfhidldckbjkkpgeebod,edge,*acogeoajdpgplfhidldckbjkkpgeebod*,malware,malicious,https://www.koi.ai/blog/4-million-browsers-infected-inside-shadypanda-7-year-malware-campaign,edge,https://chromewebstore.google.com/detail/acogeoajdpgplfhidldckbjkkpgeebod,critical,,2026-08-03,ExtSentry (github.com/mthcht/awesome-lists)
ekndlocgcngbpebppapnpalpjfnkoffh,edge,*ekndlocgcngbpebppapnpalpjfnkoffh*,malware,malicious,https://www.koi.ai/blog/4-million-browsers-infected-inside-shadypanda-7-year-malware-campaign,edge,https://chromewebstore.google.com/detail/ekndlocgcngbpebppapnpalpjfnkoffh,critical,,2026-08-03,ExtSentry (github.com/mthcht/awesome-lists)
elckfehnjdbghpoheamjffpdbbogjhie,edge,*elckfehnjdbghpoheamjffpdbbogjhie*,malware,malicious,https://www.koi.ai/blog/4-million-browsers-infected-inside-shadypanda-7-year-malware-campaign,edge,https://chromewebstore.google.com/detail/elckfehnjdbghpoheamjffpdbbogjhie,critical,,2026-08-03,ExtSentry (github.com/mthcht/awesome-lists)
dmpceopfiajfdnoiebfankfoabfehdpn,edge,*dmpceopfiajfdnoiebfankfoabfehdpn*,malware,malicious,https://www.koi.ai/blog/4-million-browsers-infected-inside-shadypanda-7-year-malware-campaign,edge,https://chromewebstore.google.com/detail/dmpceopfiajfdnoiebfankfoabfehdpn,critical,,2026-08-03,ExtSentry (github.com/mthcht/awesome-lists)
gpolcigkhldaighngmmmcjldkkiaonbg,edge,*gpolcigkhldaighngmmmcjldkkiaonbg*,malware,malicious,https://www.koi.ai/blog/4-million-browsers-infected-inside-shadypanda-7-year-malware-campaign,edge,https://chromewebstore.google.com/detail/gpolcigkhldaighngmmmcjldkkiaonbg,critical,,2026-08-03,ExtSentry (github.com/mthcht/awesome-lists)
dfakjobhimnibdmkbgpkijoihplhcnil,edge,*dfakjobhimnibdmkbgpkijoihplhcnil*,malware,malicious,https://www.koi.ai/blog/4-million-browsers-infected-inside-shadypanda-7-year-malware-campaign,edge,https://chromewebstore.google.com/detail/dfakjobhimnibdmkbgpkijoihplhcnil,critical,,2026-08-03,ExtSentry (github.com/mthcht/awesome-lists)
hbghbdhfibifdgnbpaogepnkekonkdgc,edge,*hbghbdhfibifdgnbpaogepnkekonkdgc*,malware,malicious,https://www.koi.ai/blog/4-million-browsers-infected-inside-shadypanda-7-year-malware-campaign,edge,https://chromewebstore.google.com/detail/hbghbdhfibifdgnbpaogepnkekonkdgc,critical,,2026-08-03,ExtSentry (github.com/mthcht/awesome-lists)
fppchnhginnfabgenhihpncnphhafmac,edge,*fppchnhginnfabgenhihpncnphhafmac*,malware,malicious,https://www.koi.ai/blog/4-million-browsers-infected-inside-shadypanda-7-year-malware-campaign,edge,https://chromewebstore.google.com/detail/fppchnhginnfabgenhihpncnphhafmac,critical,,2026-08-03,ExtSentry (github.com/mthcht/awesome-lists)
ghhddclfklljabeodmcejjjlhoaaiban,edge,*ghhddclfklljabeodmcejjjlhoaaiban*,malware,malicious,https://www.koi.ai/blog/4-million-browsers-infected-inside-shadypanda-7-year-malware-campaign,edge,https://chromewebstore.google.com/detail/ghhddclfklljabeodmcejjjlhoaaiban,critical,,2026-08-03,ExtSentry (github.com/mthcht/awesome-lists)
bppelgkcnhfkicolffhlkbdghdnjdkhi,edge,*bppelgkcnhfkicolffhlkbdghdnjdkhi*,malware,malicious,https://www.koi.ai/blog/4-million-browsers-infected-inside-shadypanda-7-year-malware-campaign,edge,https://chromewebstore.google.com/detail/bppelgkcnhfkicolffhlkbdghdnjdkhi,critical,,2026-08-03,ExtSentry (github.com/mthcht/awesome-lists)
ikgaleggljchgbihlaanjbkekmmgccam,edge,*ikgaleggljchgbihlaanjbkekmmgccam*,malware,malicious,https://www.koi.ai/blog/4-million-browsers-infected-inside-shadypanda-7-year-malware-campaign,edge,https://chromewebstore.google.com/detail/ikgaleggljchgbihlaanjbkekmmgccam,critical,,2026-08-03,ExtSentry (github.com/mthcht/awesome-lists)
bdhjinjoglaijpffoamhhnhooeimgoap,edge,*bdhjinjoglaijpffoamhhnhooeimgoap*,malware,malicious,https://www.koi.ai/blog/4-million-browsers-infected-inside-shadypanda-7-year-malware-campaign,edge,https://chromewebstore.google.com/detail/bdhjinjoglaijpffoamhhnhooeimgoap,critical,,2026-08-03,ExtSentry (github.com/mthcht/awesome-lists)
fjioinpkgmlcioajfnncgldldcnabffe,edge,*fjioinpkgmlcioajfnncgldldcnabffe*,malware,malicious,https://www.koi.ai/blog/4-million-browsers-infected-inside-shadypanda-7-year-malware-campaign,edge,https://chromewebstore.google.com/detail/fjioinpkgmlcioajfnncgldldcnabffe,critical,,2026-08-03,ExtSentry (github.com/mthcht/awesome-lists)
opncjjhgbllenobgbfjbblhghmdpmpbj,edge,*opncjjhgbllenobgbfjbblhghmdpmpbj*,malware,malicious,https://www.koi.ai/blog/4-million-browsers-infected-inside-shadypanda-7-year-malware-campaign,edge,https://chromewebstore.google.com/detail/opncjjhgbllenobgbfjbblhghmdpmpbj,critical,,2026-08-03,ExtSentry (github.com/mthcht/awesome-lists)
cbijiaccpnkbdpgbmiiipedpepbhioel,edge,*cbijiaccpnkbdpgbmiiipedpepbhioel*,malware,malicious,https://www.koi.ai/blog/4-million-browsers-infected-inside-shadypanda-7-year-malware-campaign,edge,https://chromewebstore.google.com/detail/cbijiaccpnkbdpgbmiiipedpepbhioel,critical,,2026-08-03,ExtSentry (github.com/mthcht/awesome-lists)
fbbmnieefocnacnecccgmedmcbhlkcpm,edge,*fbbmnieefocnacnecccgmedmcbhlkcpm*,malware,malicious,https://www.koi.ai/blog/4-million-browsers-infected-inside-shadypanda-7-year-malware-campaign,edge,https://chromewebstore.google.com/detail/fbbmnieefocnacnecccgmedmcbhlkcpm,critical,,2026-08-03,ExtSentry (github.com/mthcht/awesome-lists)
hmbacpfgehmmoloinfmkgkpjoagiogai,edge,*hmbacpfgehmmoloinfmkgkpjoagiogai*,malware,malicious,https://www.koi.ai/blog/4-million-browsers-infected-inside-shadypanda-7-year-malware-campaign,edge,https://chromewebstore.google.com/detail/hmbacpfgehmmoloinfmkgkpjoagiogai,critical,,2026-08-03,ExtSentry (github.com/mthcht/awesome-lists)
paghkadkhiladedijgodgghaajppmpcg,edge,*paghkadkhiladedijgodgghaajppmpcg*,malware,malicious,https://www.koi.ai/blog/4-million-browsers-infected-inside-shadypanda-7-year-malware-campaign,edge,https://chromewebstore.google.com/detail/paghkadkhiladedijgodgghaajppmpcg,critical,,2026-08-03,ExtSentry (github.com/mthcht/awesome-lists)
bafbmfpfepdlgnfkgfbobplkkaoakjcl,edge,*bafbmfpfepdlgnfkgfbobplkkaoakjcl*,malware,malicious,https://www.koi.ai/blog/4-million-browsers-infected-inside-shadypanda-7-year-malware-campaign,edge,https://chromewebstore.google.com/detail/bafbmfpfepdlgnfkgfbobplkkaoakjcl,critical,,2026-08-03,ExtSentry (github.com/mthcht/awesome-lists)
kcpkoopmfjhdpgjohcbgkbjpmbjmhgoi,edge,*kcpkoopmfjhdpgjohcbgkbjpmbjmhgoi*,malware,malicious,https://www.koi.ai/blog/4-million-browsers-infected-inside-shadypanda-7-year-malware-campaign,edge,https://chromewebstore.google.com/detail/kcpkoopmfjhdpgjohcbgkbjpmbjmhgoi,critical,,2026-08-03,ExtSentry (github.com/mthcht/awesome-lists)
jelgelidmodjpmohbapbghdgcpncahki,edge,*jelgelidmodjpmohbapbghdgcpncahki*,malware,malicious,https://www.koi.ai/blog/4-million-browsers-infected-inside-shadypanda-7-year-malware-campaign,edge,https://chromewebstore.google.com/detail/jelgelidmodjpmohbapbghdgcpncahki,critical,,2026-08-03,ExtSentry (github.com/mthcht/awesome-lists)
lfgakdlafdenmaikccbojgcofkkhmolj,edge,*lfgakdlafdenmaikccbojgcofkkhmolj*,malware,malicious,https://www.koi.ai/blog/4-million-browsers-infected-inside-shadypanda-7-year-malware-campaign,edge,https://chromewebstore.google.com/detail/lfgakdlafdenmaikccbojgcofkkhmolj,critical,,2026-08-03,ExtSentry (github.com/mthcht/awesome-lists)
hdfknlljfbdfjdjhfgoonpphpigjjjak,edge,*hdfknlljfbdfjdjhfgoonpphpigjjjak*,malware,malicious,https://www.koi.ai/blog/4-million-browsers-infected-inside-shadypanda-7-year-malware-campaign,edge,https://chromewebstore.google.com/detail/hdfknlljfbdfjdjhfgoonpphpigjjjak,critical,,2026-08-03,ExtSentry (github.com/mthcht/awesome-lists)
kpfbijpdidioaomoecdbfaodhajbcjfl,edge,*kpfbijpdidioaomoecdbfaodhajbcjfl*,malware,malicious,https://www.koi.ai/blog/4-million-browsers-infected-inside-shadypanda-7-year-malware-campaign,edge,https://chromewebstore.google.com/detail/kpfbijpdidioaomoecdbfaodhajbcjfl,critical,,2026-08-03,ExtSentry (github.com/mthcht/awesome-lists)
fckphkcbpgmappcgnfieaacjbknhkhin,edge,*fckphkcbpgmappcgnfieaacjbknhkhin*,malware,malicious,https://www.koi.ai/blog/4-million-browsers-infected-inside-shadypanda-7-year-malware-campaign,edge,https://chromewebstore.google.com/detail/fckphkcbpgmappcgnfieaacjbknhkhin,critical,,2026-08-03,ExtSentry (github.com/mthcht/awesome-lists)
lhfdakoonenpbggbeephofdlflloghhi,edge,*lhfdakoonenpbggbeephofdlflloghhi*,malware,malicious,https://www.koi.ai/blog/4-million-browsers-infected-inside-shadypanda-7-year-malware-campaign,edge,https://chromewebstore.google.com/detail/lhfdakoonenpbggbeephofdlflloghhi,critical,,2026-08-03,ExtSentry (github.com/mthcht/awesome-lists)
ljjngehkphcdnnapgciajcdbcpgmpknc,edge,*ljjngehkphcdnnapgciajcdbcpgmpknc*,malware,malicious,https://www.koi.ai/blog/4-million-browsers-infected-inside-shadypanda-7-year-malware-campaign,edge,https://chromewebstore.google.com/detail/ljjngehkphcdnnapgciajcdbcpgmpknc,critical,,2026-08-03,ExtSentry (github.com/mthcht/awesome-lists)
ejfocpkjndmkbloiobcdhkkoeekcpkik,edge,*ejfocpkjndmkbloiobcdhkkoeekcpkik*,malware,malicious,https://www.koi.ai/blog/4-million-browsers-infected-inside-shadypanda-7-year-malware-campaign,edge,https://chromewebstore.google.com/detail/ejfocpkjndmkbloiobcdhkkoeekcpkik,critical,,2026-08-03,ExtSentry (github.com/mthcht/awesome-lists)
ccdimkoieijdbgdlkfjjfncmihmlpanj,edge,*ccdimkoieijdbgdlkfjjfncmihmlpanj*,malware,malicious,https://www.koi.ai/blog/4-million-browsers-infected-inside-shadypanda-7-year-malware-campaign,edge,https://chromewebstore.google.com/detail/ccdimkoieijdbgdlkfjjfncmihmlpanj,critical,,2026-08-03,ExtSentry (github.com/mthcht/awesome-lists)
agdlpnhabjfcbeiempefhpgikapcapjb,edge,*agdlpnhabjfcbeiempefhpgikapcapjb*,malware,malicious,https://www.koi.ai/blog/4-million-browsers-infected-inside-shadypanda-7-year-malware-campaign,edge,https://chromewebstore.google.com/detail/agdlpnhabjfcbeiempefhpgikapcapjb,critical,,2026-08-03,ExtSentry (github.com/mthcht/awesome-lists)
mddfnhdadbofiifdebeiegecchpkbgdb,edge,*mddfnhdadbofiifdebeiegecchpkbgdb*,malware,malicious,https://www.koi.ai/blog/4-million-browsers-infected-inside-shadypanda-7-year-malware-campaign,edge,https://chromewebstore.google.com/detail/mddfnhdadbofiifdebeiegecchpkbgdb,critical,,2026-08-03,ExtSentry (github.com/mthcht/awesome-lists)
alknmfpopohfpdpafdmobclioihdkhjh,edge,*alknmfpopohfpdpafdmobclioihdkhjh*,malware,malicious,https://www.koi.ai/blog/4-million-browsers-infected-inside-shadypanda-7-year-malware-campaign,edge,https://chromewebstore.google.com/detail/alknmfpopohfpdpafdmobclioihdkhjh,critical,,2026-08-03,ExtSentry (github.com/mthcht/awesome-lists)
hlglicejgohbanllnmnjllajhmnhjjel,edge,*hlglicejgohbanllnmnjllajhmnhjjel*,malware,malicious,https://www.koi.ai/blog/4-million-browsers-infected-inside-shadypanda-7-year-malware-campaign,edge,https://chromewebstore.google.com/detail/hlglicejgohbanllnmnjllajhmnhjjel,critical,,2026-08-03,ExtSentry (github.com/mthcht/awesome-lists)
iaccapfapbjahnhcmkgjjonlccbhdpjl,edge,*iaccapfapbjahnhcmkgjjonlccbhdpjl*,malware,malicious,https://www.koi.ai/blog/4-million-browsers-infected-inside-shadypanda-7-year-malware-campaign,edge,https://chromewebstore.google.com/detail/iaccapfapbjahnhcmkgjjonlccbhdpjl,critical,,2026-08-03,ExtSentry (github.com/mthcht/awesome-lists)
ehmnkbambjnodfbjcebjffilahbfjdml,edge,*ehmnkbambjnodfbjcebjffilahbfjdml*,malware,malicious,https://www.koi.ai/blog/4-million-browsers-infected-inside-shadypanda-7-year-malware-campaign,edge,https://chromewebstore.google.com/detail/ehmnkbambjnodfbjcebjffilahbfjdml,critical,,2026-08-03,ExtSentry (github.com/mthcht/awesome-lists)
ngbfciefgjgijkkmpalnmhikoojilkob,edge,*ngbfciefgjgijkkmpalnmhikoojilkob*,malware,malicious,https://www.koi.ai/blog/4-million-browsers-infected-inside-shadypanda-7-year-malware-campaign,edge,https://chromewebstore.google.com/detail/ngbfciefgjgijkkmpalnmhikoojilkob,critical,,2026-08-03,ExtSentry (github.com/mthcht/awesome-lists)
laholcgeblfbgdhkbiidbpiofdcbpeeo,edge,*laholcgeblfbgdhkbiidbpiofdcbpeeo*,malware,malicious,https://www.koi.ai/blog/4-million-browsers-infected-inside-shadypanda-7-year-malware-campaign,edge,https://chromewebstore.google.com/detail/laholcgeblfbgdhkbiidbpiofdcbpeeo,critical,,2026-08-03,ExtSentry (github.com/mthcht/awesome-lists)
njoedigapanaggiabjafnaklppphempm,edge,*njoedigapanaggiabjafnaklppphempm*,malware,malicious,https://www.koi.ai/blog/4-million-browsers-infected-inside-shadypanda-7-year-malware-campaign,edge,https://chromewebstore.google.com/detail/njoedigapanaggiabjafnaklppphempm,critical,,2026-08-03,ExtSentry (github.com/mthcht/awesome-lists)
fomlombffdkflbliepgpgcnagolnegjn,edge,*fomlombffdkflbliepgpgcnagolnegjn*,malware,malicious,https://www.koi.ai/blog/4-million-browsers-infected-inside-shadypanda-7-year-malware-campaign,edge,https://chromewebstore.google.com/detail/fomlombffdkflbliepgpgcnagolnegjn,critical,,2026-08-03,ExtSentry (github.com/mthcht/awesome-lists)
jpoofbjomdefajdjcimmaoildecebkjc,edge,*jpoofbjomdefajdjcimmaoildecebkjc*,malware,malicious,https://www.koi.ai/blog/4-million-browsers-infected-inside-shadypanda-7-year-malware-campaign,edge,https://chromewebstore.google.com/detail/jpoofbjomdefajdjcimmaoildecebkjc,critical,,2026-08-03,ExtSentry (github.com/mthcht/awesome-lists)
nhdiopbebcklbkpfnhipecgfhdhdbfhb,edge,*nhdiopbebcklbkpfnhipecgfhdhdbfhb*,malware,malicious,https://www.koi.ai/blog/4-million-browsers-infected-inside-shadypanda-7-year-malware-campaign,edge,https://chromewebstore.google.com/detail/nhdiopbebcklbkpfnhipecgfhdhdbfhb,critical,,2026-08-03,ExtSentry (github.com/mthcht/awesome-lists)
gdnhikbabcflemolpeaaknnieodgpiie,edge,*gdnhikbabcflemolpeaaknnieodgpiie*,malware,malicious,https://www.koi.ai/blog/4-million-browsers-infected-inside-shadypanda-7-year-malware-campaign,edge,https://chromewebstore.google.com/detail/gdnhikbabcflemolpeaaknnieodgpiie,critical,,2026-08-03,ExtSentry (github.com/mthcht/awesome-lists)
bbdioggpbhhodagchciaeaggdponnhpa,edge,*bbdioggpbhhodagchciaeaggdponnhpa*,malware,malicious,https://www.koi.ai/blog/4-million-browsers-infected-inside-shadypanda-7-year-malware-campaign,edge,https://chromewebstore.google.com/detail/bbdioggpbhhodagchciaeaggdponnhpa,critical,,2026-08-03,ExtSentry (github.com/mthcht/awesome-lists)
ikajognfijokhbgjdhgpemljgcjclpmn,edge,*ikajognfijokhbgjdhgpemljgcjclpmn*,malware,malicious,https://www.koi.ai/blog/4-million-browsers-infected-inside-shadypanda-7-year-malware-campaign,edge,https://chromewebstore.google.com/detail/ikajognfijokhbgjdhgpemljgcjclpmn,critical,,2026-08-03,ExtSentry (github.com/mthcht/awesome-lists)
lmnjiioclbjphkggicmldippjojgmldk,edge,*lmnjiioclbjphkggicmldippjojgmldk*,malware,malicious,https://www.koi.ai/blog/4-million-browsers-infected-inside-shadypanda-7-year-malware-campaign,edge,https://chromewebstore.google.com/detail/lmnjiioclbjphkggicmldippjojgmldk,critical,,2026-08-03,ExtSentry (github.com/mthcht/awesome-lists)
ffgihbmcfcihmpbegcfdkmafaplheknk,edge,*ffgihbmcfcihmpbegcfdkmafaplheknk*,malware,malicious,https://www.koi.ai/blog/4-million-browsers-infected-inside-shadypanda-7-year-malware-campaign,edge,https://chromewebstore.google.com/detail/ffgihbmcfcihmpbegcfdkmafaplheknk,critical,,2026-08-03,ExtSentry (github.com/mthcht/awesome-lists)
lgnjdldkappogbkljaiedgogobcgemch,edge,*lgnjdldkappogbkljaiedgogobcgemch*,malware,malicious,https://www.koi.ai/blog/4-million-browsers-infected-inside-shadypanda-7-year-malware-campaign,edge,https://chromewebstore.google.com/detail/lgnjdldkappogbkljaiedgogobcgemch,critical,,2026-08-03,ExtSentry (github.com/mthcht/awesome-lists)
hiodlpcelfelhpinhgngoopbmclcaghd,edge,*hiodlpcelfelhpinhgngoopbmclcaghd*,malware,malicious,https://www.koi.ai/blog/4-million-browsers-infected-inside-shadypanda-7-year-malware-campaign,edge,https://chromewebstore.google.com/detail/hiodlpcelfelhpinhgngoopbmclcaghd,critical,,2026-08-03,ExtSentry (github.com/mthcht/awesome-lists)
mnophppbmlnlfobakddidbcgcjakipin,edge,*mnophppbmlnlfobakddidbcgcjakipin*,malware,malicious,https://www.koi.ai/blog/4-million-browsers-infected-inside-shadypanda-7-year-malware-campaign,edge,https://chromewebstore.google.com/detail/mnophppbmlnlfobakddidbcgcjakipin,critical,,2026-08-03,ExtSentry (github.com/mthcht/awesome-lists)
jbajdpebknffiaenkdhopebkolgdlfaf,edge,*jbajdpebknffiaenkdhopebkolgdlfaf*,malware,malicious,https://www.koi.ai/blog/4-million-browsers-infected-inside-shadypanda-7-year-malware-campaign,edge,https://chromewebstore.google.com/detail/jbajdpebknffiaenkdhopebkolgdlfaf,critical,,2026-08-03,ExtSentry (github.com/mthcht/awesome-lists)
ejdihbblcbdfobabjfebfjfopenohbjb,edge,*ejdihbblcbdfobabjfebfjfopenohbjb*,malware,malicious,https://www.koi.ai/blog/4-million-browsers-infected-inside-shadypanda-7-year-malware-campaign,edge,https://chromewebstore.google.com/detail/ejdihbblcbdfobabjfebfjfopenohbjb,critical,,2026-08-03,ExtSentry (github.com/mthcht/awesome-lists)
ikkoanocgpdmmiamnkogipbpdpckcahn,edge,*ikkoanocgpdmmiamnkogipbpdpckcahn*,malware,malicious,https://www.koi.ai/blog/4-million-browsers-infected-inside-shadypanda-7-year-malware-campaign,edge,https://chromewebstore.google.com/detail/ikkoanocgpdmmiamnkogipbpdpckcahn,critical,,2026-08-03,ExtSentry (github.com/mthcht/awesome-lists)
ileojfedpkdbkcchpnghhaebfoimamop,edge,*ileojfedpkdbkcchpnghhaebfoimamop*,malware,malicious,https://www.koi.ai/blog/4-million-browsers-infected-inside-shadypanda-7-year-malware-campaign,edge,https://chromewebstore.google.com/detail/ileojfedpkdbkcchpnghhaebfoimamop,critical,,2026-08-03,ExtSentry (github.com/mthcht/awesome-lists)
akialmafcdmkelghnomeneinkcllnoih,edge,*akialmafcdmkelghnomeneinkcllnoih*,malware,malicious,https://www.koi.ai/blog/4-million-browsers-infected-inside-shadypanda-7-year-malware-campaign,edge,https://chromewebstore.google.com/detail/akialmafcdmkelghnomeneinkcllnoih,critical,,2026-08-03,ExtSentry (github.com/mthcht/awesome-lists)
eholblediahnodlgigdkdhkkpmbiafoj,edge,*eholblediahnodlgigdkdhkkpmbiafoj*,malware,malicious,https://www.koi.ai/blog/4-million-browsers-infected-inside-shadypanda-7-year-malware-campaign,edge,https://chromewebstore.google.com/detail/eholblediahnodlgigdkdhkkpmbiafoj,critical,,2026-08-03,ExtSentry (github.com/mthcht/awesome-lists)
ipokalojgdmhfpagmhnjokidnpjfnfik,edge,*ipokalojgdmhfpagmhnjokidnpjfnfik*,malware,malicious,https://www.koi.ai/blog/4-million-browsers-infected-inside-shadypanda-7-year-malware-campaign,edge,https://chromewebstore.google.com/detail/ipokalojgdmhfpagmhnjokidnpjfnfik,critical,,2026-08-03,ExtSentry (github.com/mthcht/awesome-lists)
hdpmmcmblgbkllldbccfdejchjlpochf,edge,*hdpmmcmblgbkllldbccfdejchjlpochf*,malware,malicious,https://www.koi.ai/blog/4-million-browsers-infected-inside-shadypanda-7-year-malware-campaign,edge,https://chromewebstore.google.com/detail/hdpmmcmblgbkllldbccfdejchjlpochf,critical,,2026-08-03,ExtSentry (github.com/mthcht/awesome-lists)
iphacjobmeoknlhenjfiilbkddgaljad,edge,*iphacjobmeoknlhenjfiilbkddgaljad*,malware,malicious,https://www.koi.ai/blog/4-million-browsers-infected-inside-shadypanda-7-year-malware-campaign,edge,https://chromewebstore.google.com/detail/iphacjobmeoknlhenjfiilbkddgaljad,critical,,2026-08-03,ExtSentry (github.com/mthcht/awesome-lists)
jiiggekklbbojgfmdenimcdkmidnfofl,edge,*jiiggekklbbojgfmdenimcdkmidnfofl*,malware,malicious,https://www.koi.ai/blog/4-million-browsers-infected-inside-shadypanda-7-year-malware-campaign,edge,https://chromewebstore.google.com/detail/jiiggekklbbojgfmdenimcdkmidnfofl,critical,,2026-08-03,ExtSentry (github.com/mthcht/awesome-lists)
gkhggnaplpjkghjjcmpmnmidjndojpcn,edge,*gkhggnaplpjkghjjcmpmnmidjndojpcn*,malware,malicious,https://www.koi.ai/blog/4-million-browsers-infected-inside-shadypanda-7-year-malware-campaign,edge,https://chromewebstore.google.com/detail/gkhggnaplpjkghjjcmpmnmidjndojpcn,critical,,2026-08-03,ExtSentry (github.com/mthcht/awesome-lists)
opakkgodhhongnhbdkgjgdlcbknacpaa,edge,*opakkgodhhongnhbdkgjgdlcbknacpaa*,malware,malicious,https://www.koi.ai/blog/4-million-browsers-infected-inside-shadypanda-7-year-malware-campaign,edge,https://chromewebstore.google.com/detail/opakkgodhhongnhbdkgjgdlcbknacpaa,critical,,2026-08-03,ExtSentry (github.com/mthcht/awesome-lists)
nkjomoafjgemogbdkhledkoeaflnmgfi,edge,*nkjomoafjgemogbdkhledkoeaflnmgfi*,malware,malicious,https://www.koi.ai/blog/4-million-browsers-infected-inside-shadypanda-7-year-malware-campaign,edge,https://chromewebstore.google.com/detail/nkjomoafjgemogbdkhledkoeaflnmgfi,critical,,2026-08-03,ExtSentry (github.com/mthcht/awesome-lists)
ebileebbekdcpfjlekjapgmbgpfigled,edge,*ebileebbekdcpfjlekjapgmbgpfigled*,malware,malicious,https://www.koi.ai/blog/4-million-browsers-infected-inside-shadypanda-7-year-malware-campaign,edge,https://chromewebstore.google.com/detail/ebileebbekdcpfjlekjapgmbgpfigled,critical,,2026-08-03,ExtSentry (github.com/mthcht/awesome-lists)
oaacndacaoelmkhfilennooagoelpjop,edge,*oaacndacaoelmkhfilennooagoelpjop*,malware,malicious,https://www.koi.ai/blog/4-million-browsers-infected-inside-shadypanda-7-year-malware-campaign,edge,https://chromewebstore.google.com/detail/oaacndacaoelmkhfilennooagoelpjop,critical,,2026-08-03,ExtSentry (github.com/mthcht/awesome-lists)
ljkgnegaajfacghepjiajibgdpfmcfip,edge,*ljkgnegaajfacghepjiajibgdpfmcfip*,malware,malicious,https://www.koi.ai/blog/4-million-browsers-infected-inside-shadypanda-7-year-malware-campaign,edge,https://chromewebstore.google.com/detail/ljkgnegaajfacghepjiajibgdpfmcfip,critical,,2026-08-03,ExtSentry (github.com/mthcht/awesome-lists)
hgolomhkdcpmbgckhebdhdknaemlbbaa,edge,*hgolomhkdcpmbgckhebdhdknaemlbbaa*,malware,malicious,https://www.koi.ai/blog/4-million-browsers-infected-inside-shadypanda-7-year-malware-campaign,edge,https://chromewebstore.google.com/detail/hgolomhkdcpmbgckhebdhdknaemlbbaa,critical,,2026-08-03,ExtSentry (github.com/mthcht/awesome-lists)
bboeoilakaofjkdmekpgeigieokkpgfn,edge,*bboeoilakaofjkdmekpgeigieokkpgfn*,malware,malicious,https://www.koi.ai/blog/4-million-browsers-infected-inside-shadypanda-7-year-malware-campaign,edge,https://chromewebstore.google.com/detail/bboeoilakaofjkdmekpgeigieokkpgfn,critical,,2026-08-03,ExtSentry (github.com/mthcht/awesome-lists)
dkkpollfhjoiapcenojlmgempmjekcla,edge,*dkkpollfhjoiapcenojlmgempmjekcla*,malware,malicious,https://www.koi.ai/blog/4-million-browsers-infected-inside-shadypanda-7-year-malware-campaign,edge,https://chromewebstore.google.com/detail/dkkpollfhjoiapcenojlmgempmjekcla,critical,,2026-08-03,ExtSentry (github.com/mthcht/awesome-lists)
emiocjgakibimbopobplmfldkldhhiad,edge,*emiocjgakibimbopobplmfldkldhhiad*,malware,malicious,https://www.koi.ai/blog/4-million-browsers-infected-inside-shadypanda-7-year-malware-campaign,edge,https://chromewebstore.google.com/detail/emiocjgakibimbopobplmfldkldhhiad,critical,,2026-08-03,ExtSentry (github.com/mthcht/awesome-lists)
nchdmembkfgkejljapneliogidkchiop,edge,*nchdmembkfgkejljapneliogidkchiop*,malware,malicious,https://www.koi.ai/blog/4-million-browsers-infected-inside-shadypanda-7-year-malware-campaign,edge,https://chromewebstore.google.com/detail/nchdmembkfgkejljapneliogidkchiop,critical,,2026-08-03,ExtSentry (github.com/mthcht/awesome-lists)
lljplndkobdgkjilfmfiefpldkhkhbbd,edge,*lljplndkobdgkjilfmfiefpldkhkhbbd*,malware,malicious,https://www.koi.ai/blog/4-million-browsers-infected-inside-shadypanda-7-year-malware-campaign,edge,https://chromewebstore.google.com/detail/lljplndkobdgkjilfmfiefpldkhkhbbd,critical,,2026-08-03,ExtSentry (github.com/mthcht/awesome-lists)
hofaaigdagglolgiefkbencchnekjejl,edge,*hofaaigdagglolgiefkbencchnekjejl*,malware,malicious,https://www.koi.ai/blog/4-million-browsers-infected-inside-shadypanda-7-year-malware-campaign,edge,https://chromewebstore.google.com/detail/hofaaigdagglolgiefkbencchnekjejl,critical,,2026-08-03,ExtSentry (github.com/mthcht/awesome-lists)
hohobnhiiohgcipklpncfmjkjpmejjni,edge,*hohobnhiiohgcipklpncfmjkjpmejjni*,malware,malicious,https://www.koi.ai/blog/4-million-browsers-infected-inside-shadypanda-7-year-malware-campaign,edge,https://chromewebstore.google.com/detail/hohobnhiiohgcipklpncfmjkjpmejjni,critical,,2026-08-03,ExtSentry (github.com/mthcht/awesome-lists)
jocnjcakendmllafpmjailfnlndaaklf,edge,*jocnjcakendmllafpmjailfnlndaaklf*,malware,malicious,https://www.koi.ai/blog/4-million-browsers-infected-inside-shadypanda-7-year-malware-campaign,edge,https://chromewebstore.google.com/detail/jocnjcakendmllafpmjailfnlndaaklf,critical,,2026-08-03,ExtSentry (github.com/mthcht/awesome-lists)
bjdclfjlhgcdcpjhmhfggkkfacipilai,edge,*bjdclfjlhgcdcpjhmhfggkkfacipilai*,malware,malicious,https://www.koi.ai/blog/4-million-browsers-infected-inside-shadypanda-7-year-malware-campaign,edge,https://chromewebstore.google.com/detail/bjdclfjlhgcdcpjhmhfggkkfacipilai,critical,,2026-08-03,ExtSentry (github.com/mthcht/awesome-lists)
ahebpkbnckhgjmndfjejibjjahjdlhdb,edge,*ahebpkbnckhgjmndfjejibjjahjdlhdb*,malware,malicious,https://www.koi.ai/blog/4-million-browsers-infected-inside-shadypanda-7-year-malware-campaign,edge,https://chromewebstore.google.com/detail/ahebpkbnckhgjmndfjejibjjahjdlhdb,critical,,2026-08-03,ExtSentry (github.com/mthcht/awesome-lists)
enaigkcpmpohpbokbfllbkijmllmpafm,edge,*enaigkcpmpohpbokbfllbkijmllmpafm*,malware,malicious,https://www.koi.ai/blog/4-million-browsers-infected-inside-shadypanda-7-year-malware-campaign,edge,https://chromewebstore.google.com/detail/enaigkcpmpohpbokbfllbkijmllmpafm,critical,,2026-08-03,ExtSentry (github.com/mthcht/awesome-lists)
bpngofombcjloljkoafhmpcjclkekfbh,edge,*bpngofombcjloljkoafhmpcjclkekfbh*,malware,malicious,https://www.koi.ai/blog/4-million-browsers-infected-inside-shadypanda-7-year-malware-campaign,edge,https://chromewebstore.google.com/detail/bpngofombcjloljkoafhmpcjclkekfbh,critical,,2026-08-03,ExtSentry (github.com/mthcht/awesome-lists)
cacbflgkiidgcekflfgdnjdnaalfmkob,edge,*cacbflgkiidgcekflfgdnjdnaalfmkob*,malware,malicious,https://www.koi.ai/blog/4-million-browsers-infected-inside-shadypanda-7-year-malware-campaign,edge,https://chromewebstore.google.com/detail/cacbflgkiidgcekflfgdnjdnaalfmkob,critical,,2026-08-03,ExtSentry (github.com/mthcht/awesome-lists)
ibmgdfenfldppaodbahpgcoebmmkdbac,edge,*ibmgdfenfldppaodbahpgcoebmmkdbac*,malware,malicious,https://www.koi.ai/blog/4-million-browsers-infected-inside-shadypanda-7-year-malware-campaign,edge,https://chromewebstore.google.com/detail/ibmgdfenfldppaodbahpgcoebmmkdbac,critical,,2026-08-03,ExtSentry (github.com/mthcht/awesome-lists)
deopfbighgnpgfmhjeccdifdmhcjckoe,1ClickVPN Proxy for Edge,*deopfbighgnpgfmhjeccdifdmhcjckoe*,malware,malicious,https://www.koi.ai/blog/urban-vpn-browser-extension-ai-conversations-data-collection,edge,https://chromewebstore.google.com/detail/deopfbighgnpgfmhjeccdifdmhcjckoe,critical,,2026-08-03,ExtSentry (github.com/mthcht/awesome-lists)
gcogpdjkkamgkakkjgeefgpcheonclca,Urban Ad Blocker,*gcogpdjkkamgkakkjgeefgpcheonclca*,malware,malicious,https://www.koi.ai/blog/urban-vpn-browser-extension-ai-conversations-data-collection,edge,https://chromewebstore.google.com/detail/gcogpdjkkamgkakkjgeefgpcheonclca,critical,,2026-08-03,ExtSentry (github.com/mthcht/awesome-lists)
jckkfbfmofganecnnpfndfjifnimpcel,Urban Browser Guard,*jckkfbfmofganecnnpfndfjifnimpcel*,malware,malicious,https://www.koi.ai/blog/urban-vpn-browser-extension-ai-conversations-data-collection,edge,https://chromewebstore.google.com/detail/jckkfbfmofganecnnpfndfjifnimpcel,critical,,2026-08-03,ExtSentry (github.com/mthcht/awesome-lists)
nimlmejbmnecnaghgmbahmbaddhjbecg,Urban VPN Proxy,*nimlmejbmnecnaghgmbahmbaddhjbecg*,malware,malicious,https://www.koi.ai/blog/urban-vpn-browser-extension-ai-conversations-data-collection,edge,https://chromewebstore.google.com/detail/nimlmejbmnecnaghgmbahmbaddhjbecg,critical,,2026-08-03,ExtSentry (github.com/mthcht/awesome-lists)
pphgdbgldlmicfdkhondlafkiomnelnk,1ClickVPN Proxy for Chrome,*pphgdbgldlmicfdkhondlafkiomnelnk*,malware,malicious,https://www.koi.ai/blog/urban-vpn-browser-extension-ai-conversations-data-collection,chrome,https://chromewebstore.google.com/detail/pphgdbgldlmicfdkhondlafkiomnelnk,critical,,2026-08-03,ExtSentry (github.com/mthcht/awesome-lists)
feflcgofneboehfdeebcfglbodaceghj,Urban Ad Blocker,*feflcgofneboehfdeebcfglbodaceghj*,malware,malicious,https://www.koi.ai/blog/urban-vpn-browser-extension-ai-conversations-data-collection,chrome,https://chromewebstore.google.com/detail/feflcgofneboehfdeebcfglbodaceghj,critical,,2026-08-03,ExtSentry (github.com/mthcht/awesome-lists)
almalgbpmcfpdaopimbdchdliminoign,Urban Browser Guard,*almalgbpmcfpdaopimbdchdliminoign*,malware,malicious,https://www.koi.ai/blog/urban-vpn-browser-extension-ai-conversations-data-collection,chrome,https://chromewebstore.google.com/detail/almalgbpmcfpdaopimbdchdliminoign,critical,,2026-08-03,ExtSentry (github.com/mthcht/awesome-lists)
eppiocemhmnlbhjplcgkofciiegomcon,Urban VPN Proxy,*eppiocemhmnlbhjplcgkofciiegomcon*,malware,malicious,https://www.koi.ai/blog/urban-vpn-browser-extension-ai-conversations-data-collection,chrome,https://chromewebstore.google.com/detail/eppiocemhmnlbhjplcgkofciiegomcon,critical,,2026-08-03,ExtSentry (github.com/mthcht/awesome-lists)
inhcgfpbfdjbjogdfjbclgolkmhnooop,"AI Sidebar with Deepseek, ChatGPT, Claude and more.",*inhcgfpbfdjbjogdfjbclgolkmhnooop*,malware,malicious,https://www.ox.security/blog/malicious-chrome-extensions-steal-chatgpt-deepseek-conversations/,hash: 20ba72e91d7685926c8c1c5b4646616fa9d769e32c1bc4e9f15dddaf3429cea7,https://chromewebstore.google.com/detail/inhcgfpbfdjbjogdfjbclgolkmhnooop,critical,,2026-08-03,ExtSentry (github.com/mthcht/awesome-lists)
fnmihdojmnkclgjpcoonokmkhjpjechg,"Chat GPT for Chrome with GPT-5, Claude Sonnet & DeepSeek AI",*fnmihdojmnkclgjpcoonokmkhjpjechg*,malware,malicious,https://www.ox.security/blog/malicious-chrome-extensions-steal-chatgpt-deepseek-conversations/,hash: 98d1f151872c27d0abae3887f7d6cb6e4ce29e99ad827cb077e1232bc4a69c00,https://chromewebstore.google.com/detail/fnmihdojmnkclgjpcoonokmkhjpjechg,critical,,2026-08-03,ExtSentry (github.com/mthcht/awesome-lists)
pdlmjggogjgoaifncfpkhldgfilgghgc,Screenshot Master,*pdlmjggogjgoaifncfpkhldgfilgghgc*,malware,malicious,https://chromewebstore.google.com/detail/empty-title/pdlmjggogjgoaifncfpkhldgfilgghgc,Warning from Microsoft Edge: This extension contains malware,https://chromewebstore.google.com/detail/pdlmjggogjgoaifncfpkhldgfilgghgc,critical,,2026-08-03,ExtSentry (github.com/mthcht/awesome-lists)
odccobbfnngplckpongkahajfjpnbcck,Fire Shield Secure Search,*odccobbfnngplckpongkahajfjpnbcck*,compromised,malicious,https://docs.google.com/spreadsheets/d/1LN7MQ_9W5QHIyZjjqXK7JnSiCLlcF4aBRhmZKon-p4U/edit?gid=0#gid=0,d6f3723a513e50c6fe6510760b3fda576a5ccfebc69a283627a19e2be8983b3f - https://chromewebstore.google.com/detail/odccobbfnngplckpongkahajfjpnbcck,https://chromewebstore.google.com/detail/odccobbfnngplckpongkahajfjpnbcck,critical,,2026-08-03,ExtSentry (github.com/mthcht/awesome-lists)
afefmfbcccnppcaiebpmbpmddhilkkdi,Fire Shield Chrome Safety,*afefmfbcccnppcaiebpmbpmddhilkkdi*,compromised,malicious,https://docs.google.com/spreadsheets/d/1LN7MQ_9W5QHIyZjjqXK7JnSiCLlcF4aBRhmZKon-p4U/edit?gid=0#gid=0,87291e54f36b97ac8745294b19953e6e1b3e748b895ec28d23a73d28104c50e1 - https://chromewebstore.google.com/detail/afefmfbcccnppcaiebpmbpmddhilkkdi,https://chromewebstore.google.com/detail/afefmfbcccnppcaiebpmbpmddhilkkdi,critical,,2026-08-03,ExtSentry (github.com/mthcht/awesome-lists)
oaljkhbgbedmfoiieocoenglpaeogjmf,Safe Search for Chromeâ¢,*oaljkhbgbedmfoiieocoenglpaeogjmf*,compromised,malicious,https://docs.google.com/spreadsheets/d/1LN7MQ_9W5QHIyZjjqXK7JnSiCLlcF4aBRhmZKon-p4U/edit?gid=0#gid=0,08f8aa9e27683b5a764b1df5642f084f140f75d030902655deac8ad912674bdb - https://chromewebstore.google.com/detail/oaljkhbgbedmfoiieocoenglpaeogjmf,https://chromewebstore.google.com/detail/oaljkhbgbedmfoiieocoenglpaeogjmf,critical,,2026-08-03,ExtSentry (github.com/mthcht/awesome-lists)
ndajnaaobjaganokllcgbapngenfbgkc,Fire Shield Extension Protection,*ndajnaaobjaganokllcgbapngenfbgkc*,compromised,malicious,https://docs.google.com/spreadsheets/d/1LN7MQ_9W5QHIyZjjqXK7JnSiCLlcF4aBRhmZKon-p4U/edit?gid=0#gid=0,b910b3b41d3e1b0cee4ca0a1dbcb5cef2568840e72754b0c3bcae062f2a06bd2 - https://chromewebstore.google.com/detail/ndajnaaobjaganokllcgbapngenfbgkc,https://chromewebstore.google.com/detail/ndajnaaobjaganokllcgbapngenfbgkc,critical,,2026-08-03,ExtSentry (github.com/mthcht/awesome-lists)
okjdbeegldeilceaflghgfdemobmfhbd,Browser Checkup for Chrome by Doctor,*okjdbeegldeilceaflghgfdemobmfhbd*,compromised,malicious,https://docs.google.com/spreadsheets/d/1LN7MQ_9W5QHIyZjjqXK7JnSiCLlcF4aBRhmZKon-p4U/edit?gid=0#gid=0,f8e11786a42064ee8d62933fc2e7b5a5a1d46d58d15b09918c6a2b4e955bd20f - https://chromewebstore.google.com/detail/okjdbeegldeilceaflghgfdemobmfhbd,https://chromewebstore.google.com/detail/okjdbeegldeilceaflghgfdemobmfhbd,critical,,2026-08-03,ExtSentry (github.com/mthcht/awesome-lists)
jhigofkbdbndeooldpdhmphldaglejlh,Protecto for Chromeâ¢,*jhigofkbdbndeooldpdhmphldaglejlh*,compromised,malicious,https://docs.google.com/spreadsheets/d/1LN7MQ_9W5QHIyZjjqXK7JnSiCLlcF4aBRhmZKon-p4U/edit?gid=0#gid=0,11d94ba1d2f1388276afe8ca38f4ff712c6c56314b814315f9a37d472e54b9bc - https://chromewebstore.google.com/detail/jhigofkbdbndeooldpdhmphldaglejlh,https://chromewebstore.google.com/detail/jhigofkbdbndeooldpdhmphldaglejlh,critical,,2026-08-03,ExtSentry (github.com/mthcht/awesome-lists)
pmgmbeeafpdjjhmeaalneginpmdhamhe,Unbiased Search by Protecto,*pmgmbeeafpdjjhmeaalneginpmdhamhe*,compromised,malicious,https://docs.google.com/spreadsheets/d/1LN7MQ_9W5QHIyZjjqXK7JnSiCLlcF4aBRhmZKon-p4U/edit?gid=0#gid=0,e253c3b0454e7b9a9a4caafe681167d9466b50808d0414e242a79453b757eb55 - https://chromewebstore.google.com/detail/pmgmbeeafpdjjhmeaalneginpmdhamhe,https://chromewebstore.google.com/detail/pmgmbeeafpdjjhmeaalneginpmdhamhe,critical,,2026-08-03,ExtSentry (github.com/mthcht/awesome-lists)
eobcealmgdjeoheieiobkedbgddicaba,Securify Your Browser,*eobcealmgdjeoheieiobkedbgddicaba*,compromised,malicious,https://docs.google.com/spreadsheets/d/1LN7MQ_9W5QHIyZjjqXK7JnSiCLlcF4aBRhmZKon-p4U/edit?gid=0#gid=0,7f5fe81ba24ef6a6ceabccca48915c14b1c819b50aea8cb5fb1ce4248e529573 - https://chromewebstore.google.com/detail/eobcealmgdjeoheieiobkedbgddicaba,https://chromewebstore.google.com/detail/eobcealmgdjeoheieiobkedbgddicaba,critical,,2026-08-03,ExtSentry (github.com/mthcht/awesome-lists)
lnedcnepmplnjmfdiclhbfhneconamoj,Web Privacy Assistant,*lnedcnepmplnjmfdiclhbfhneconamoj*,compromised,malicious,https://docs.google.com/spreadsheets/d/1LN7MQ_9W5QHIyZjjqXK7JnSiCLlcF4aBRhmZKon-p4U/edit?gid=0#gid=0,fcd319ffe8e12a99aceba5d893b8150921a081f97ee4089de89b793beda55fd9 - https://chromewebstore.google.com/detail/lnedcnepmplnjmfdiclhbfhneconamoj,https://chromewebstore.google.com/detail/lnedcnepmplnjmfdiclhbfhneconamoj,critical,,2026-08-03,ExtSentry (github.com/mthcht/awesome-lists)
gadjnphfolikkffmppnicebdfimlblkj,Securify Kid Protection,*gadjnphfolikkffmppnicebdfimlblkj*,compromised,malicious,https://docs.google.com/spreadsheets/d/1LN7MQ_9W5QHIyZjjqXK7JnSiCLlcF4aBRhmZKon-p4U/edit?gid=0#gid=0,3399ac457432a14d0a10662d2aa997596c5dd285a892040c0cadc83ad591ed20 - https://chromewebstore.google.com/detail/gadjnphfolikkffmppnicebdfimlblkj,https://chromewebstore.google.com/detail/gadjnphfolikkffmppnicebdfimlblkj,critical,,2026-08-03,ExtSentry (github.com/mthcht/awesome-lists)
njfkgeajknkffkngdmjmjninkbgjedlo,Bing Search by Securify,*njfkgeajknkffkngdmjmjninkbgjedlo*,compromised,malicious,https://docs.google.com/spreadsheets/d/1LN7MQ_9W5QHIyZjjqXK7JnSiCLlcF4aBRhmZKon-p4U/edit?gid=0#gid=0,8c1f21370205f6ff154904f742f62cbd423bd9a9968396d93ecef1497f0286a1 - https://chromewebstore.google.com/detail/njfkgeajknkffkngdmjmjninkbgjedlo,https://chromewebstore.google.com/detail/njfkgeajknkffkngdmjmjninkbgjedlo,critical,,2026-08-03,ExtSentry (github.com/mthcht/awesome-lists)
eldjnmdpkecnjjkmmgndpcibgkfpodfh,Browse Securely for Chromeâ¢,*eldjnmdpkecnjjkmmgndpcibgkfpodfh*,compromised,malicious,https://docs.google.com/spreadsheets/d/1LN7MQ_9W5QHIyZjjqXK7JnSiCLlcF4aBRhmZKon-p4U/edit?gid=0#gid=0,c6836815e6c096176a902bf6434f3c4bf42ed2e897ed1ecd3c2e1c3d93a56691 - https://chromewebstore.google.com/detail/eldjnmdpkecnjjkmmgndpcibgkfpodfh,https://chromewebstore.google.com/detail/eldjnmdpkecnjjkmmgndpcibgkfpodfh,critical,,2026-08-03,ExtSentry (github.com/mthcht/awesome-lists)
omieocempinhilcpbmnfdaamgomapded,Better Browse by SecurySearch,*omieocempinhilcpbmnfdaamgomapded*,compromised,malicious,https://docs.google.com/spreadsheets/d/1LN7MQ_9W5QHIyZjjqXK7JnSiCLlcF4aBRhmZKon-p4U/edit?gid=0#gid=0,4fc101f2a4f590564265515a907e43ea43b2ec87ef4d737eb1be1b710e7b6c6d - https://chromewebstore.google.com/detail/omieocempinhilcpbmnfdaamgomapded,https://chromewebstore.google.com/detail/omieocempinhilcpbmnfdaamgomapded,critical,,2026-08-03,ExtSentry (github.com/mthcht/awesome-lists)
ilgbcnkedmncjlhpfconadpjnhlflejf,Check My Permissions for Chrome,*ilgbcnkedmncjlhpfconadpjnhlflejf*,compromised,malicious,https://docs.google.com/spreadsheets/d/1LN7MQ_9W5QHIyZjjqXK7JnSiCLlcF4aBRhmZKon-p4U/edit?gid=0#gid=0,e009f12eb85b430062a2a96395709cc9c48e60e24536050ac318513ee1c446f1 - https://chromewebstore.google.com/detail/ilgbcnkedmncjlhpfconadpjnhlflejf,https://chromewebstore.google.com/detail/ilgbcnkedmncjlhpfconadpjnhlflejf,critical,,2026-08-03,ExtSentry (github.com/mthcht/awesome-lists)
okggiiagcegdfiajlkodohfkeemnjlnd,Website Safety for Chrome,*okggiiagcegdfiajlkodohfkeemnjlnd*,compromised,malicious,https://docs.google.com/spreadsheets/d/1LN7MQ_9W5QHIyZjjqXK7JnSiCLlcF4aBRhmZKon-p4U/edit?gid=0#gid=0,11b6d9c6b1f6f02634a41963265317a08b8c1896b2097066f174f726a01660ab - https://chromewebstore.google.com/detail/okggiiagcegdfiajlkodohfkeemnjlnd,https://chromewebstore.google.com/detail/okggiiagcegdfiajlkodohfkeemnjlnd,critical,,2026-08-03,ExtSentry (github.com/mthcht/awesome-lists)
jgajjllfidghjkjfipmjbaegafkdpfha,MultiSearch for Chromeâ¢,*jgajjllfidghjkjfipmjbaegafkdpfha*,compromised,malicious,https://docs.google.com/spreadsheets/d/1LN7MQ_9W5QHIyZjjqXK7JnSiCLlcF4aBRhmZKon-p4U/edit?gid=0#gid=0,ef40e6409fccd223d1e7cb8e126f679dfd23acf5c723ab764cbe3c578e2fa162 - https://chromewebstore.google.com/detail/jgajjllfidghjkjfipmjbaegafkdpfha,https://chromewebstore.google.com/detail/jgajjllfidghjkjfipmjbaegafkdpfha,critical,,2026-08-03,ExtSentry (github.com/mthcht/awesome-lists)
gpibjjfllodpcfhcjpamonnblkbinbie,Global search for Chromeâ¢,*gpibjjfllodpcfhcjpamonnblkbinbie*,compromised,malicious,https://docs.google.com/spreadsheets/d/1LN7MQ_9W5QHIyZjjqXK7JnSiCLlcF4aBRhmZKon-p4U/edit?gid=0#gid=0,3c75743d653cf7c1ba4bf4da5e64120bbdd2e73b529b07cc2aeb43acb2703375 - https://chromewebstore.google.com/detail/gpibjjfllodpcfhcjpamonnblkbinbie,https://chromewebstore.google.com/detail/gpibjjfllodpcfhcjpamonnblkbinbie,critical,,2026-08-03,ExtSentry (github.com/mthcht/awesome-lists)
hpdpddnfjaacnbcnoohlcipfafkbmdja,Map Search for Chromeâ¢,*hpdpddnfjaacnbcnoohlcipfafkbmdja*,compromised,malicious,https://docs.google.com/spreadsheets/d/1LN7MQ_9W5QHIyZjjqXK7JnSiCLlcF4aBRhmZKon-p4U/edit?gid=0#gid=0,3c75743d653cf7c1ba4bf4da5e64120bbdd2e73b529b07cc2aeb43acb2703375 - https://chromewebstore.google.com/detail/hpdpddnfjaacnbcnoohlcipfafkbmdja,https://chromewebstore.google.com/detail/hpdpddnfjaacnbcnoohlcipfafkbmdja,critical,,2026-08-03,ExtSentry (github.com/mthcht/awesome-lists)
lljnhidbljbfkejjcfogkhgmgdihjmlf,Watch Tower Overview,*lljnhidbljbfkejjcfogkhgmgdihjmlf*,compromised,malicious,https://docs.google.com/spreadsheets/d/1LN7MQ_9W5QHIyZjjqXK7JnSiCLlcF4aBRhmZKon-p4U/edit?gid=0#gid=0,452ddd62c8cf237715bba3daa00fea0f57c0192130541ceec4787ac2002b326a - https://chromewebstore.google.com/detail/lljnhidbljbfkejjcfogkhgmgdihjmlf,https://chromewebstore.google.com/detail/lljnhidbljbfkejjcfogkhgmgdihjmlf,critical,,2026-08-03,ExtSentry (github.com/mthcht/awesome-lists)
gclgncjpanihjpbjbecgfmfnipggcckn,Incognito Shield for Chromeâ¢,*gclgncjpanihjpbjbecgfmfnipggcckn*,compromised,malicious,https://docs.google.com/spreadsheets/d/1LN7MQ_9W5QHIyZjjqXK7JnSiCLlcF4aBRhmZKon-p4U/edit?gid=0#gid=0,65706bb84997bf62c63bbc89f6a4bac16228dc9cf43245b2342c575842d0d41f - https://chromewebstore.google.com/detail/gclgncjpanihjpbjbecgfmfnipggcckn,https://chromewebstore.google.com/detail/gclgncjpanihjpbjbecgfmfnipggcckn,critical,,2026-08-03,ExtSentry (github.com/mthcht/awesome-lists)
cpehflfpgdgofpocagbdeecjlfhjfjdh,In Site Search for Chromeâ¢,*cpehflfpgdgofpocagbdeecjlfhjfjdh*,compromised,malicious,https://docs.google.com/spreadsheets/d/1LN7MQ_9W5QHIyZjjqXK7JnSiCLlcF4aBRhmZKon-p4U/edit?gid=0#gid=0,b834ed03e310fce30ad96b66613485a8285d6ec60de2d0d2450de097881383cf - https://chromewebstore.google.com/detail/cpehflfpgdgofpocagbdeecjlfhjfjdh,https://chromewebstore.google.com/detail/cpehflfpgdgofpocagbdeecjlfhjfjdh,critical,,2026-08-03,ExtSentry (github.com/mthcht/awesome-lists)
mdenajpfccjjjnbochgkdahmnipfpelc,Privacy Guard for Chromeâ¢,*mdenajpfccjjjnbochgkdahmnipfpelc*,compromised,malicious,https://docs.google.com/spreadsheets/d/1LN7MQ_9W5QHIyZjjqXK7JnSiCLlcF4aBRhmZKon-p4U/edit?gid=0#gid=0,e5dfb0745883b5ec089ba10d391941d7b87c6ecbde5e61b8f33053e307651046 - https://chromewebstore.google.com/detail/mdenajpfccjjjnbochgkdahmnipfpelc,https://chromewebstore.google.com/detail/mdenajpfccjjjnbochgkdahmnipfpelc,critical,,2026-08-03,ExtSentry (github.com/mthcht/awesome-lists)
eoclijfghiglinncpceohgaigfgnlbim,Yahoo Search by Ghost,*eoclijfghiglinncpceohgaigfgnlbim*,compromised,malicious,https://docs.google.com/spreadsheets/d/1LN7MQ_9W5QHIyZjjqXK7JnSiCLlcF4aBRhmZKon-p4U/edit?gid=0#gid=0,5a12e22b2760207406177dcfdcaf94bb125a993b88bc1a6f69161b5193867ca2 - https://chromewebstore.google.com/detail/eoclijfghiglinncpceohgaigfgnlbim,https://chromewebstore.google.com/detail/eoclijfghiglinncpceohgaigfgnlbim,critical,,2026-08-03,ExtSentry (github.com/mthcht/awesome-lists)
cghdfcbncfjhleinblpalngjhojokjeo,Private Search for Chromeâ¢,*cghdfcbncfjhleinblpalngjhojokjeo*,compromised,malicious,https://docs.google.com/spreadsheets/d/1LN7MQ_9W5QHIyZjjqXK7JnSiCLlcF4aBRhmZKon-p4U/edit?gid=0#gid=0,085f1974517c8f316e43a4efb96935accc8b42aea4d3a4ef1a47fa975e2b0053 - https://chromewebstore.google.com/detail/cghdfcbncfjhleinblpalngjhojokjeo,https://chromewebstore.google.com/detail/cghdfcbncfjhleinblpalngjhojokjeo,critical,,2026-08-03,ExtSentry (github.com/mthcht/awesome-lists)
jeahgicmhigopdgilnmclihdjjlhnmop,Total Safety for Chromeâ¢,*jeahgicmhigopdgilnmclihdjjlhnmop*,compromised,malicious,https://docs.google.com/spreadsheets/d/1LN7MQ_9W5QHIyZjjqXK7JnSiCLlcF4aBRhmZKon-p4U/edit?gid=0#gid=0,14baafa8635573324f36562782756432870e56c8feedc52435d34f92d9709354 - https://chromewebstore.google.com/detail/jeahgicmhigopdgilnmclihdjjlhnmop,https://chromewebstore.google.com/detail/jeahgicmhigopdgilnmclihdjjlhnmop,critical,,2026-08-03,ExtSentry (github.com/mthcht/awesome-lists)
edbhdbhgdbanjhdnpjcianjgfmdkgbcf,Data Shield for Chrome,*edbhdbhgdbanjhdnpjcianjgfmdkgbcf*,compromised,malicious,https://docs.google.com/spreadsheets/d/1LN7MQ_9W5QHIyZjjqXK7JnSiCLlcF4aBRhmZKon-p4U/edit?gid=0#gid=0,ba6f82fe69e1de8a66ec425ab0db2a3151250495ca3fdadbc0f1e35dd670fc50 - https://chromewebstore.google.com/detail/edbhdbhgdbanjhdnpjcianjgfmdkgbcf,https://chromewebstore.google.com/detail/edbhdbhgdbanjhdnpjcianjgfmdkgbcf,critical,,2026-08-03,ExtSentry (github.com/mthcht/awesome-lists)
jjnfhbcilcppomkcmkbbmcadoihkkgah,Browser WatchDog for Chrome,*jjnfhbcilcppomkcmkbbmcadoihkkgah*,compromised,malicious,https://docs.google.com/spreadsheets/d/1LN7MQ_9W5QHIyZjjqXK7JnSiCLlcF4aBRhmZKon-p4U/edit?gid=0#gid=0,2a4714dc3435330bc901b72f473e9c04448e9d8566ea0ee8e148858868253eb0 - https://chromewebstore.google.com/detail/jjnfhbcilcppomkcmkbbmcadoihkkgah,https://chromewebstore.google.com/detail/jjnfhbcilcppomkcmkbbmcadoihkkgah,critical,,2026-08-03,ExtSentry (github.com/mthcht/awesome-lists)
dmnajaiijohbndidolbdbpicdjanombo,Incognito Search for Chromeâ¢,*dmnajaiijohbndidolbdbpicdjanombo*,compromised,malicious,https://docs.google.com/spreadsheets/d/1LN7MQ_9W5QHIyZjjqXK7JnSiCLlcF4aBRhmZKon-p4U/edit?gid=0#gid=0,bb8dfc9e01e8ce209ed7e797e2fd174dee3a5cc49ea44a11e82c384ff7ebb56f - https://chromewebstore.google.com/detail/dmnajaiijohbndidolbdbpicdjanombo,https://chromewebstore.google.com/detail/dmnajaiijohbndidolbdbpicdjanombo,critical,,2026-08-03,ExtSentry (github.com/mthcht/awesome-lists)
gpghebehjahceknfdcfifeifhdbongld,Web Results for Chromeâ¢,*gpghebehjahceknfdcfifeifhdbongld*,compromised,malicious,https://docs.google.com/spreadsheets/d/1LN7MQ_9W5QHIyZjjqXK7JnSiCLlcF4aBRhmZKon-p4U/edit?gid=0#gid=0,6168d90117726300438ca6633175e78033a2abb74eb040fa6f70f7428ef5a62b - https://chromewebstore.google.com/detail/gpghebehjahceknfdcfifeifhdbongld,https://chromewebstore.google.com/detail/gpghebehjahceknfdcfifeifhdbongld,critical,,2026-08-03,ExtSentry (github.com/mthcht/awesome-lists)
gidejehfgombmkfflghejpncblgfkagj,Cuponomia - Coupon and Cashback,*gidejehfgombmkfflghejpncblgfkagj*,compromised,malicious,https://docs.google.com/spreadsheets/d/1LN7MQ_9W5QHIyZjjqXK7JnSiCLlcF4aBRhmZKon-p4U/edit?gid=0#gid=0,0cb15d9cbfbce2804def4b83a0da112bbebbf121f44798973f764fa3de66470b - https://chromewebstore.google.com/detail/gidejehfgombmkfflghejpncblgfkagj,https://chromewebstore.google.com/detail/gidejehfgombmkfflghejpncblgfkagj,critical,,2026-08-03,ExtSentry (github.com/mthcht/awesome-lists)
koolcjajfdkjjfklmidahmcjhcmmkhma,Securify for Chromeâ¢,*koolcjajfdkjjfklmidahmcjhcmmkhma*,compromised,malicious,https://docs.google.com/spreadsheets/d/1LN7MQ_9W5QHIyZjjqXK7JnSiCLlcF4aBRhmZKon-p4U/edit?gid=0#gid=0,55e8cf4d99fc6d79baac3de87ebac1f94268898286bb365f5f837082ce525861 - https://chromewebstore.google.com/detail/koolcjajfdkjjfklmidahmcjhcmmkhma,https://chromewebstore.google.com/detail/koolcjajfdkjjfklmidahmcjhcmmkhma,critical,,2026-08-03,ExtSentry (github.com/mthcht/awesome-lists)
gijlkeaijpeaoihdajcgmiajeoonnkoj,Securify Advanced Web Protection,*gijlkeaijpeaoihdajcgmiajeoonnkoj*,compromised,malicious,https://docs.google.com/spreadsheets/d/1LN7MQ_9W5QHIyZjjqXK7JnSiCLlcF4aBRhmZKon-p4U/edit?gid=0#gid=0,77c9f67b696c888c5d5f0c093e53074c5607b6759568bd89e3d287b643836c64 - https://chromewebstore.google.com/detail/gijlkeaijpeaoihdajcgmiajeoonnkoj,https://chromewebstore.google.com/detail/gijlkeaijpeaoihdajcgmiajeoonnkoj,critical,,2026-08-03,ExtSentry (github.com/mthcht/awesome-lists)
kldgaejigkhpgmfglbamggiglngkifck,News Search for Chromeâ¢,*kldgaejigkhpgmfglbamggiglngkifck*,compromised,malicious,https://docs.google.com/spreadsheets/d/1LN7MQ_9W5QHIyZjjqXK7JnSiCLlcF4aBRhmZKon-p4U/edit?gid=0#gid=0,6c35b77d5a140b794900774f720af2398ecdca42e63ef897ef71470e6b5f67c7 - https://chromewebstore.google.com/detail/kldgaejigkhpgmfglbamggiglngkifck,https://chromewebstore.google.com/detail/kldgaejigkhpgmfglbamggiglngkifck,critical,,2026-08-03,ExtSentry (github.com/mthcht/awesome-lists)
ojlhcbolfcndnojcjhhjgmdblnojgefm,SecuryBrowse for Chromeâ¢,*ojlhcbolfcndnojcjhhjgmdblnojgefm*,compromised,malicious,https://docs.google.com/spreadsheets/d/1LN7MQ_9W5QHIyZjjqXK7JnSiCLlcF4aBRhmZKon-p4U/edit?gid=0#gid=0,95aa3147637125e0246150df8a06c8e60af9c75929026af1285e74984f9a3f74 - https://chromewebstore.google.com/detail/ojlhcbolfcndnojcjhhjgmdblnojgefm,https://chromewebstore.google.com/detail/ojlhcbolfcndnojcjhhjgmdblnojgefm,critical,,2026-08-03,ExtSentry (github.com/mthcht/awesome-lists)
kiecdaoopedhfgapicmpebbhodepnbbp,Choose Your Chrome Tools,*kiecdaoopedhfgapicmpebbhodepnbbp*,compromised,malicious,https://docs.google.com/spreadsheets/d/1LN7MQ_9W5QHIyZjjqXK7JnSiCLlcF4aBRhmZKon-p4U/edit?gid=0#gid=0,0f0c7fd3d76f3428280a47d2f4d981efdb86a6cafe6db99e31e73c5f3f3c188f - https://chromewebstore.google.com/detail/kiecdaoopedhfgapicmpebbhodepnbbp,https://chromewebstore.google.com/detail/kiecdaoopedhfgapicmpebbhodepnbbp,critical,,2026-08-03,ExtSentry (github.com/mthcht/awesome-lists)
dmakkciciccnjgmfjflpbdfkdnmpfghp,Securify Viewpoint Searchâ¢,*dmakkciciccnjgmfjflpbdfkdnmpfghp*,compromised,malicious,https://docs.google.com/spreadsheets/d/1LN7MQ_9W5QHIyZjjqXK7JnSiCLlcF4aBRhmZKon-p4U/edit?gid=0#gid=0,09b06e96534fa2ee58d77bf55ca57119d8024a52aaa99dad9a319a1fea28d895 - https://chromewebstore.google.com/detail/dmakkciciccnjgmfjflpbdfkdnmpfghp,https://chromewebstore.google.com/detail/dmakkciciccnjgmfjflpbdfkdnmpfghp,critical,,2026-08-03,ExtSentry (github.com/mthcht/awesome-lists)
ebhcaliljppmelancooakfgcgcceiind,Quick Manuals for Chromeâ¢,*ebhcaliljppmelancooakfgcgcceiind*,compromised,malicious,https://docs.google.com/spreadsheets/d/1LN7MQ_9W5QHIyZjjqXK7JnSiCLlcF4aBRhmZKon-p4U/edit?gid=0#gid=0,7fae3cd1a10099f2429cc22f088a27d295bb9ab13aaed643acb40130977d4a6c - https://chromewebstore.google.com/detail/ebhcaliljppmelancooakfgcgcceiind,https://chromewebstore.google.com/detail/ebhcaliljppmelancooakfgcgcceiind,critical,,2026-08-03,ExtSentry (github.com/mthcht/awesome-lists)
eekblbhfmladafbmpgkdedmolbjkjbnc,Search Images on Chromeâ¢,*eekblbhfmladafbmpgkdedmolbjkjbnc*,compromised,malicious,https://docs.google.com/spreadsheets/d/1LN7MQ_9W5QHIyZjjqXK7JnSiCLlcF4aBRhmZKon-p4U/edit?gid=0#gid=0,d3d57d1148597a3a52d9b6fdf2f3d5766da59017276d4cd0d44e1718e871c9e6 - https://chromewebstore.google.com/detail/eekblbhfmladafbmpgkdedmolbjkjbnc,https://chromewebstore.google.com/detail/eekblbhfmladafbmpgkdedmolbjkjbnc,critical,,2026-08-03,ExtSentry (github.com/mthcht/awesome-lists)
ejkdgndbgpfcaggpmnijcbddlnmdnpka,Givero Search for Chromeâ¢,*ejkdgndbgpfcaggpmnijcbddlnmdnpka*,compromised,malicious,https://docs.google.com/spreadsheets/d/1LN7MQ_9W5QHIyZjjqXK7JnSiCLlcF4aBRhmZKon-p4U/edit?gid=0#gid=0,ecdbd1b012712eb96a030ce75e298172edaf87930b0ee0c131665b228af58307 - https://chromewebstore.google.com/detail/ejkdgndbgpfcaggpmnijcbddlnmdnpka,https://chromewebstore.google.com/detail/ejkdgndbgpfcaggpmnijcbddlnmdnpka,critical,,2026-08-03,ExtSentry (github.com/mthcht/awesome-lists)
fojomppheellamdaddnbgommepnlkooh,Secured Connection by SecuryBrowse,*fojomppheellamdaddnbgommepnlkooh*,compromised,malicious,https://docs.google.com/spreadsheets/d/1LN7MQ_9W5QHIyZjjqXK7JnSiCLlcF4aBRhmZKon-p4U/edit?gid=0#gid=0,603490bbfc1c0ebd083657ee6cb2635060723a03407d0006c685f635e09ffeef - https://chromewebstore.google.com/detail/fojomppheellamdaddnbgommepnlkooh,https://chromewebstore.google.com/detail/fojomppheellamdaddnbgommepnlkooh,critical,,2026-08-03,ExtSentry (github.com/mthcht/awesome-lists)
gmbebpcapalekeaoekfhpbioilghcfmp,AI Browser Managerâ¢,*gmbebpcapalekeaoekfhpbioilghcfmp*,compromised,malicious,https://docs.google.com/spreadsheets/d/1LN7MQ_9W5QHIyZjjqXK7JnSiCLlcF4aBRhmZKon-p4U/edit?gid=0#gid=0,1c504492b3aa0ab27048405192bd22e83aa905e58fcacb056166311b4d202390 - https://chromewebstore.google.com/detail/gmbebpcapalekeaoekfhpbioilghcfmp,https://chromewebstore.google.com/detail/gmbebpcapalekeaoekfhpbioilghcfmp,critical,,2026-08-03,ExtSentry (github.com/mthcht/awesome-lists)
ndcphhjcebhifabfmebineokbfdnbphm,Protected Browsing on Chromeâ¢,*ndcphhjcebhifabfmebineokbfdnbphm*,compromised,malicious,https://docs.google.com/spreadsheets/d/1LN7MQ_9W5QHIyZjjqXK7JnSiCLlcF4aBRhmZKon-p4U/edit?gid=0#gid=0,f66a41b92f25488afc6bc2d1edd7e7b578da578b272e07ad53dbcd66360308de - https://chromewebstore.google.com/detail/ndcphhjcebhifabfmebineokbfdnbphm,https://chromewebstore.google.com/detail/ndcphhjcebhifabfmebineokbfdnbphm,critical,,2026-08-03,ExtSentry (github.com/mthcht/awesome-lists)
oghbffaoaooigagpockijkpfpgmnibkh,ChatGPT Search for Chromeâ¢,*oghbffaoaooigagpockijkpfpgmnibkh*,compromised,malicious,https://docs.google.com/spreadsheets/d/1LN7MQ_9W5QHIyZjjqXK7JnSiCLlcF4aBRhmZKon-p4U/edit?gid=0#gid=0,abcd772d6c39b0c324ae7ffcd9957c81c49d9ceddaf6597ed176af236ba1500f - https://chromewebstore.google.com/detail/oghbffaoaooigagpockijkpfpgmnibkh,https://chromewebstore.google.com/detail/oghbffaoaooigagpockijkpfpgmnibkh,critical,,2026-08-03,ExtSentry (github.com/mthcht/awesome-lists)
oppeaknhldjjnfnflbcedipjbnbimhhf,Games Search for Chromeâ¢,*oppeaknhldjjnfnflbcedipjbnbimhhf*,compromised,malicious,https://docs.google.com/spreadsheets/d/1LN7MQ_9W5QHIyZjjqXK7JnSiCLlcF4aBRhmZKon-p4U/edit?gid=0#gid=0,953bb630d822912e7c65d286e1652fa5d6541984eda407b6bb1754baebdc7255 - https://chromewebstore.google.com/detail/oppeaknhldjjnfnflbcedipjbnbimhhf,https://chromewebstore.google.com/detail/oppeaknhldjjnfnflbcedipjbnbimhhf,critical,,2026-08-03,ExtSentry (github.com/mthcht/awesome-lists)
pcfapghfanllmbdfiipeiihpkojekckk,Address Checker for Chromeâ¢,*pcfapghfanllmbdfiipeiihpkojekckk*,compromised,malicious,https://docs.google.com/spreadsheets/d/1LN7MQ_9W5QHIyZjjqXK7JnSiCLlcF4aBRhmZKon-p4U/edit?gid=0#gid=0,6155ae043989d69b7366cdd8d00b1c79ca6a340ac1fca32f33e5ac7d370a68a3 - https://chromewebstore.google.com/detail/pcfapghfanllmbdfiipeiihpkojekckk,https://chromewebstore.google.com/detail/pcfapghfanllmbdfiipeiihpkojekckk,critical,,2026-08-03,ExtSentry (github.com/mthcht/awesome-lists)
lfmdddfdacgdimongmjclgijepoknmjm,Recipe Search for Chromeâ¢,*lfmdddfdacgdimongmjclgijepoknmjm*,compromised,malicious,https://docs.google.com/spreadsheets/d/1LN7MQ_9W5QHIyZjjqXK7JnSiCLlcF4aBRhmZKon-p4U/edit?gid=0#gid=0,600b6e793a16e8d64b2342f8ae5898445faa8d35178966b78ba78e052687bfff - https://chromewebstore.google.com/detail/lfmdddfdacgdimongmjclgijepoknmjm,https://chromewebstore.google.com/detail/lfmdddfdacgdimongmjclgijepoknmjm,critical,,2026-08-03,ExtSentry (github.com/mthcht/awesome-lists)
pmannhofeaiadkcdbcebhnkcnkjjnfpn,Search Safely by SecurySearch,*pmannhofeaiadkcdbcebhnkcnkjjnfpn*,compromised,malicious,https://docs.google.com/spreadsheets/d/1LN7MQ_9W5QHIyZjjqXK7JnSiCLlcF4aBRhmZKon-p4U/edit?gid=0#gid=0,b1fc614c999e44d70022850e91d5a929a2571dd6a69ba8b8fad14999eeba1b3f - https://chromewebstore.google.com/detail/pmannhofeaiadkcdbcebhnkcnkjjnfpn,https://chromewebstore.google.com/detail/pmannhofeaiadkcdbcebhnkcnkjjnfpn,critical,,2026-08-03,ExtSentry (github.com/mthcht/awesome-lists)
lkbfbidpkbeicafnnhlaockggaknjolf,SecurySearch for Chrome,*lkbfbidpkbeicafnnhlaockggaknjolf*,compromised,malicious,https://docs.google.com/spreadsheets/d/1LN7MQ_9W5QHIyZjjqXK7JnSiCLlcF4aBRhmZKon-p4U/edit?gid=0#gid=0,2967273d9288f95b51492cd1115a8772856fd5f8618562dbce12b002e4a4c981 - https://chromewebstore.google.com/detail/lkbfbidpkbeicafnnhlaockggaknjolf,https://chromewebstore.google.com/detail/lkbfbidpkbeicafnnhlaockggaknjolf,critical,,2026-08-03,ExtSentry (github.com/mthcht/awesome-lists)
adjpoipklnhlapjijccnemdhkcphcegd,Website Orientations,*adjpoipklnhlapjijccnemdhkcphcegd*,compromised,malicious,https://docs.google.com/spreadsheets/d/1LN7MQ_9W5QHIyZjjqXK7JnSiCLlcF4aBRhmZKon-p4U/edit?gid=0#gid=0,c2b383fbc12603657e5a766fabaa34d1f1ad9992d2e8433a50308c8e62060866 - https://chromewebstore.google.com/detail/adjpoipklnhlapjijccnemdhkcphcegd,https://chromewebstore.google.com/detail/adjpoipklnhlapjijccnemdhkcphcegd,critical,,2026-08-03,ExtSentry (github.com/mthcht/awesome-lists)
dkcjihabohaldgjkdmenepolojcjdaah,Protecto Whois Searchâ¢,*dkcjihabohaldgjkdmenepolojcjdaah*,compromised,malicious,https://docs.google.com/spreadsheets/d/1LN7MQ_9W5QHIyZjjqXK7JnSiCLlcF4aBRhmZKon-p4U/edit?gid=0#gid=0,81d1cf9a56551f2b47dc9a4eb06aa8f72db9ea39781909b301438cc8adf06c76 - https://chromewebstore.google.com/detail/dkcjihabohaldgjkdmenepolojcjdaah,https://chromewebstore.google.com/detail/dkcjihabohaldgjkdmenepolojcjdaah,critical,,2026-08-03,ExtSentry (github.com/mthcht/awesome-lists)
iiegilogjnagependdonbfcmfmmaamon,Productive Search for Chromeâ¢,*iiegilogjnagependdonbfcmfmmaamon*,compromised,malicious,https://docs.google.com/spreadsheets/d/1LN7MQ_9W5QHIyZjjqXK7JnSiCLlcF4aBRhmZKon-p4U/edit?gid=0#gid=0,a83b24c4aeea3b3d58b9bbf2710eb3abdd77b5fcf4826cf0b26a87fbe0670e9b - https://chromewebstore.google.com/detail/iiegilogjnagependdonbfcmfmmaamon,https://chromewebstore.google.com/detail/iiegilogjnagependdonbfcmfmmaamon,critical,,2026-08-03,ExtSentry (github.com/mthcht/awesome-lists)
aiaaeimmjjeceodjpficfnjckenedbon,Secure Search for Chromeâ¢,*aiaaeimmjjeceodjpficfnjckenedbon*,compromised,malicious,https://docs.google.com/spreadsheets/d/1LN7MQ_9W5QHIyZjjqXK7JnSiCLlcF4aBRhmZKon-p4U/edit?gid=0#gid=0,a555c832850347a7bcf4f68eb71e779aaf44fb8183093308c90affaecea6d4d8 - https://chromewebstore.google.com/detail/aiaaeimmjjeceodjpficfnjckenedbon,https://chromewebstore.google.com/detail/aiaaeimmjjeceodjpficfnjckenedbon,critical,,2026-08-03,ExtSentry (github.com/mthcht/awesome-lists)
alogdolelipkojjgggejccalcbdioolg,Yahoo SecurySearchâ¢,*alogdolelipkojjgggejccalcbdioolg*,compromised,malicious,https://docs.google.com/spreadsheets/d/1LN7MQ_9W5QHIyZjjqXK7JnSiCLlcF4aBRhmZKon-p4U/edit?gid=0#gid=0,b7594d4b41df90a60f2c21a7d65533a6ee5c1035f8c13739b2b82eda1e906e31 - https://chromewebstore.google.com/detail/alogdolelipkojjgggejccalcbdioolg,https://chromewebstore.google.com/detail/alogdolelipkojjgggejccalcbdioolg,critical,,2026-08-03,ExtSentry (github.com/mthcht/awesome-lists)
fchgahponkgfomlgieipannlfanfbfak,ProtectMyInfo for Chromeâ¢,*fchgahponkgfomlgieipannlfanfbfak*,compromised,malicious,https://docs.google.com/spreadsheets/d/1LN7MQ_9W5QHIyZjjqXK7JnSiCLlcF4aBRhmZKon-p4U/edit?gid=0#gid=0,be8e9dd6ac1c8765c9768dd4f3fd02211cc391c40b1b0a4f845fe4ab3f74321a - https://chromewebstore.google.com/detail/fchgahponkgfomlgieipannlfanfbfak,https://chromewebstore.google.com/detail/fchgahponkgfomlgieipannlfanfbfak,critical,,2026-08-03,ExtSentry (github.com/mthcht/awesome-lists)
ldanhaibkdifncinbpjdjpambmofmpkf,Advanced Search for Chromeâ¢,*ldanhaibkdifncinbpjdjpambmofmpkf*,compromised,malicious,https://docs.google.com/spreadsheets/d/1LN7MQ_9W5QHIyZjjqXK7JnSiCLlcF4aBRhmZKon-p4U/edit?gid=0#gid=0,87b6fbe16b10b854013f94e69b36db349b39da122b46306fc4d0d44716bccabc - https://chromewebstore.google.com/detail/ldanhaibkdifncinbpjdjpambmofmpkf,https://chromewebstore.google.com/detail/ldanhaibkdifncinbpjdjpambmofmpkf,critical,,2026-08-03,ExtSentry (github.com/mthcht/awesome-lists)
aehjmdkbfemaefoebbihbfcmhehgimcl,New Tab for Chrome â¢,*aehjmdkbfemaefoebbihbfcmhehgimcl*,compromised,malicious,https://docs.google.com/spreadsheets/d/1LN7MQ_9W5QHIyZjjqXK7JnSiCLlcF4aBRhmZKon-p4U/edit?gid=0#gid=0,25d29e926313b6485294ad63642e3f3d5ba8cdf375fa24af7fb8122ea7ac35b8 - https://chromewebstore.google.com/detail/aehjmdkbfemaefoebbihbfcmhehgimcl,https://chromewebstore.google.com/detail/aehjmdkbfemaefoebbihbfcmhehgimcl,critical,,2026-08-03,ExtSentry (github.com/mthcht/awesome-lists)
fhbohimaelbohpjbbldcngcnapnedx765dodjp,Binance Chain Wallet,*fhbohimaelbohpjbbldcngcnapnedx765dodjp*,cryptocurrency,sensitive,https://www.unpac.me/results/2556d787-13e4-47d5-80d9-23522332a0b1/,Often targeted by stealers,https://chromewebstore.google.com/detail/fhbohimaelbohpjbbldcngcnapnedx765dodjp,low,,2026-08-03,ExtSentry (github.com/mthcht/awesome-lists)
fnjhmkhhmkbedx765jkkabndcnnogagogbneec,Ronin Wallet,*fnjhmkhhmkbedx765jkkabndcnnogagogbneec*,cryptocurrency,sensitive,https://www.unpac.me/results/2556d787-13e4-47d5-80d9-23522332a0b1/,Often targeted by stealers,https://chromewebstore.google.com/detail/fnjhmkhhmkbedx765jkkabndcnnogagogbneec,low,,2026-08-03,ExtSentry (github.com/mthcht/awesome-lists)
akoofbljmjeodfmdpjndmmnifglppjdi,Native messaging host for WebTruffleHog,*akoofbljmjeodfmdpjndmmnifglppjdi*,Credential Access,offensive,https://github.com/c3l3si4n/webtrufflehog/blob/5e3d76da3d72a09367e9a0eb158f25418863e230/com.webtrufflehog.json#L7,Browser extension that leverages TruffleHog to scan web traffic in real-time for exposed secrets,https://chromewebstore.google.com/detail/akoofbljmjeodfmdpjndmmnifglppjdi,medium,,2026-08-03,ExtSentry (github.com/mthcht/awesome-lists)
hdemabfejemmmicoabglpocdmmkjphpo,Smartproxy Extension,*hdemabfejemmmicoabglpocdmmkjphpo*,Defense Evasion,phishing,https://chromewebstore.google.com/detail/smartproxy-extension/hdemabfejemmmicoabglpocdmmkjphpo,residentials proxies often used by attackers in phishing attempts,https://chromewebstore.google.com/detail/hdemabfejemmmicoabglpocdmmkjphpo,high,,2026-08-03,ExtSentry (github.com/mthcht/awesome-lists)
aopkheicgfmacnpdebpdffbhfilcoecb,Honey: Automatic Coupons & Rewards,*aopkheicgfmacnpdebpdffbhfilcoecb*,scam,deceptive,https://www.youtube.com/watch?v=vc4yL3YTwWk,not a malware - scamming activities - chrome extension ID list https://bsky.app/profile/hexacorn.bsky.social/post/3lfchb6r5yk2l,https://chromewebstore.google.com/detail/aopkheicgfmacnpdebpdffbhfilcoecb,high,,2026-08-03,ExtSentry (github.com/mthcht/awesome-lists)
bmnlcjabgnpnenekpadlanbbkooimhnj,Honey: Automatic Coupons & Rewards,*bmnlcjabgnpnenekpadlanbbkooimhnj*,scam,deceptive,https://www.youtube.com/watch?v=vc4yL3YTwWk,not a malware - scamming activities - chrome extension ID list https://bsky.app/profile/hexacorn.bsky.social/post/3lfchb6r5yk2l,https://chromewebstore.google.com/detail/bmnlcjabgnpnenekpadlanbbkooimhnj,high,,2026-08-03,ExtSentry (github.com/mthcht/awesome-lists)
oleahcaoibfbcoejnabdeleldpicbjgi,Honey: Automatic Coupons & Rewards,*oleahcaoibfbcoejnabdeleldpicbjgi*,scam,deceptive,https://www.youtube.com/watch?v=vc4yL3YTwWk,not a malware - scamming activities - chrome extension ID list https://bsky.app/profile/hexacorn.bsky.social/post/3lfchb6r5yk2l,https://chromewebstore.google.com/detail/oleahcaoibfbcoejnabdeleldpicbjgi,high,,2026-08-03,ExtSentry (github.com/mthcht/awesome-lists)
amnbcmdbanbkjhnfoeceemmmdiepnbpp,Honey: Automatic Coupons & Rewards,*amnbcmdbanbkjhnfoeceemmmdiepnbpp*,scam,deceptive,https://www.youtube.com/watch?v=vc4yL3YTwWk,not a malware - scamming activities - edge extension ID list https://bsky.app/profile/hexacorn.bsky.social/post/3lfchb6r5yk2l,https://chromewebstore.google.com/detail/amnbcmdbanbkjhnfoeceemmmdiepnbpp,high,,2026-08-03,ExtSentry (github.com/mthcht/awesome-lists)
jid1-93CWPmRbVPjRQA@jetpack,Honey: Automatic Coupons & Rewards,*jid1-93CWPmRbVPjRQA@jetpack*,scam,deceptive,https://www.youtube.com/watch?v=vc4yL3YTwWk,not a malware - scamming activities - firefox extension ID list https://bsky.app/profile/hexacorn.bsky.social/post/3lfchb6r5yk2l,https://chromewebstore.google.com/detail/jid1-93CWPmRbVPjRQA@jetpack,high,,2026-08-03,ExtSentry (github.com/mthcht/awesome-lists)
bibjgkidgpfbblifamdlkdlhgihmfohh,AI Assistant - ChatGPT and Gemini for Chrome,*bibjgkidgpfbblifamdlkdlhgihmfohh*,compromised,malicious,https://www.extensiontotal.com/cyberhaven-incident-live,compromised extensions,https://chromewebstore.google.com/detail/bibjgkidgpfbblifamdlkdlhgihmfohh,critical,,2026-08-03,ExtSentry (github.com/mthcht/awesome-lists)
pkgciiiancapdlpcbppfkmeaieppikkk,Bard AI chat,*pkgciiiancapdlpcbppfkmeaieppikkk*,compromised,malicious,https://www.extensiontotal.com/cyberhaven-incident-live,compromised extensions,https://chromewebstore.google.com/detail/pkgciiiancapdlpcbppfkmeaieppikkk,critical,,2026-08-03,ExtSentry (github.com/mthcht/awesome-lists)
epdjhgbipjpbbhoccdeipghoihibnfja,GPT 4 Summary with OpenAI,*epdjhgbipjpbbhoccdeipghoihibnfja*,compromised,malicious,https://www.extensiontotal.com/cyberhaven-incident-live,compromised extensions,https://chromewebstore.google.com/detail/epdjhgbipjpbbhoccdeipghoihibnfja,critical,,2026-08-03,ExtSentry (github.com/mthcht/awesome-lists)
bbdnohkpnbkdkmnkddobeafboooinpla,vSearch Copilot AI Assistant for Chrome,*bbdnohkpnbkdkmnkddobeafboooinpla*,compromised,malicious,https://www.extensiontotal.com/cyberhaven-incident-live,compromised extensions,https://chromewebstore.google.com/detail/bbdnohkpnbkdkmnkddobeafboooinpla,critical,,2026-08-03,ExtSentry (github.com/mthcht/awesome-lists)
befflofjcniongenjmbkgkoljhgliihe,TinaMind - The GPT-4o-powered AI Assistant!,*befflofjcniongenjmbkgkoljhgliihe*,compromised,malicious,https://www.extensiontotal.com/cyberhaven-incident-live,compromised extensions,https://chromewebstore.google.com/detail/befflofjcniongenjmbkgkoljhgliihe,critical,,2026-08-03,ExtSentry (github.com/mthcht/awesome-lists)
cedgndijpacnfbdggppddacngjfdkaca,Wayin AI,*cedgndijpacnfbdggppddacngjfdkaca*,compromised,malicious,https://www.extensiontotal.com/cyberhaven-incident-live,compromised extensions,https://chromewebstore.google.com/detail/cedgndijpacnfbdggppddacngjfdkaca,critical,,2026-08-03,ExtSentry (github.com/mthcht/awesome-lists)
nnpnnpemnckcfdebeekibpiijlicmpom,VPNCity,*nnpnnpemnckcfdebeekibpiijlicmpom*,compromised,malicious,https://www.extensiontotal.com/cyberhaven-incident-live,compromised extensions,https://chromewebstore.google.com/detail/nnpnnpemnckcfdebeekibpiijlicmpom,critical,,2026-08-03,ExtSentry (github.com/mthcht/awesome-lists)
dpggmcodlahmljkhlmpgpdcffdaoccni,Internxt VPN,*dpggmcodlahmljkhlmpgpdcffdaoccni*,compromised,malicious,https://www.extensiontotal.com/cyberhaven-incident-live,compromised extensions,https://chromewebstore.google.com/detail/dpggmcodlahmljkhlmpgpdcffdaoccni,critical,,2026-08-03,ExtSentry (github.com/mthcht/awesome-lists)
cplhlgabfijoiabgkigdafklbhhdkahj,Vidnoz Flex - Video recorder & Video share,*cplhlgabfijoiabgkigdafklbhhdkahj*,compromised,malicious,https://www.extensiontotal.com/cyberhaven-incident-live,compromised extensions,https://chromewebstore.google.com/detail/cplhlgabfijoiabgkigdafklbhhdkahj,critical,,2026-08-03,ExtSentry (github.com/mthcht/awesome-lists)
egmennebgadmncfjafcemlecimkepcle,VidHelper - Video Downloader,*egmennebgadmncfjafcemlecimkepcle*,compromised,malicious,https://www.extensiontotal.com/cyberhaven-incident-live,compromised extensions,https://chromewebstore.google.com/detail/egmennebgadmncfjafcemlecimkepcle,critical,,2026-08-03,ExtSentry (github.com/mthcht/awesome-lists)
acmfnomgphggonodopogfbmkneepfgnh,Bookmark Favicon Changer,*acmfnomgphggonodopogfbmkneepfgnh*,compromised,malicious,https://www.extensiontotal.com/cyberhaven-incident-live,compromised extensions,https://chromewebstore.google.com/detail/acmfnomgphggonodopogfbmkneepfgnh,critical,,2026-08-03,ExtSentry (github.com/mthcht/awesome-lists)
mnhffkhmpnefgklngfmlndmkimimbphc,Castorus,*mnhffkhmpnefgklngfmlndmkimimbphc*,compromised,malicious,https://www.extensiontotal.com/cyberhaven-incident-live,compromised extensions,https://chromewebstore.google.com/detail/mnhffkhmpnefgklngfmlndmkimimbphc,critical,,2026-08-03,ExtSentry (github.com/mthcht/awesome-lists)
oaikpkmjciadfpddlpjjdapglcihgdle,Uvoice,*oaikpkmjciadfpddlpjjdapglcihgdle*,compromised,malicious,https://www.extensiontotal.com/cyberhaven-incident-live,compromised extensions,https://chromewebstore.google.com/detail/oaikpkmjciadfpddlpjjdapglcihgdle,critical,,2026-08-03,ExtSentry (github.com/mthcht/awesome-lists)
fbmlcbhdmilaggedifpihjgkkmdgeljh,compromised extensions,*fbmlcbhdmilaggedifpihjgkkmdgeljh*,compromised,malicious,https://www.extensiontotal.com/cyberhaven-incident-live,compromised extensions,https://chromewebstore.google.com/detail/fbmlcbhdmilaggedifpihjgkkmdgeljh,critical,,2026-08-03,ExtSentry (github.com/mthcht/awesome-lists)
kkodiihpgodmdankclfibbiphjkfdenh,Parrot Talks,*kkodiihpgodmdankclfibbiphjkfdenh*,compromised,malicious,https://www.extensiontotal.com/cyberhaven-incident-live,compromised extensions,https://chromewebstore.google.com/detail/kkodiihpgodmdankclfibbiphjkfdenh,critical,,2026-08-03,ExtSentry (github.com/mthcht/awesome-lists)
oeiomhmbaapihbilkfkhmlajkeegnjhe,Primus (prev. PADO),*oeiomhmbaapihbilkfkhmlajkeegnjhe*,compromised,malicious,https://www.extensiontotal.com/cyberhaven-incident-live,compromised extensions,https://chromewebstore.google.com/detail/oeiomhmbaapihbilkfkhmlajkeegnjhe,critical,,2026-08-03,ExtSentry (github.com/mthcht/awesome-lists)
jiofmdifioeejeilfkpegipdjiopiekl,YesCaptcha assistant,*jiofmdifioeejeilfkpegipdjiopiekl*,compromised,malicious,https://www.extensiontotal.com/cyberhaven-incident-live,compromised extensions,https://chromewebstore.google.com/detail/jiofmdifioeejeilfkpegipdjiopiekl,critical,,2026-08-03,ExtSentry (github.com/mthcht/awesome-lists)
hihblcmlaaademjlakdpicchbjnnnkbo,Proxy SwitchyOmega (V3),*hihblcmlaaademjlakdpicchbjnnnkbo*,compromised,malicious,https://www.extensiontotal.com/cyberhaven-incident-live,compromised extensions,https://chromewebstore.google.com/detail/hihblcmlaaademjlakdpicchbjnnnkbo,critical,,2026-08-03,ExtSentry (github.com/mthcht/awesome-lists)
ndlbedplllcgconngcnfmkadhokfaaln,GraphQL Network Inspector,*ndlbedplllcgconngcnfmkadhokfaaln*,compromised,malicious,https://www.extensiontotal.com/cyberhaven-incident-live,compromised extensions,https://chromewebstore.google.com/detail/ndlbedplllcgconngcnfmkadhokfaaln,critical,,2026-08-03,ExtSentry (github.com/mthcht/awesome-lists)
igbodamhgjohafcenbcljfegbipdfjpk,Keyboard History Recorder,*igbodamhgjohafcenbcljfegbipdfjpk*,compromised,malicious,https://www.extensiontotal.com/cyberhaven-incident-live,compromised extensions,https://chromewebstore.google.com/detail/igbodamhgjohafcenbcljfegbipdfjpk,critical,,2026-08-03,ExtSentry (github.com/mthcht/awesome-lists)
bgejafhieobnfpjlpcjjggoboebonfcg,ChatGPT Assistant - Smart Search,*bgejafhieobnfpjlpcjjggoboebonfcg*,compromised,malicious,https://www.extensiontotal.com/cyberhaven-incident-live,compromised extensions,https://chromewebstore.google.com/detail/bgejafhieobnfpjlpcjjggoboebonfcg,critical,,2026-08-03,ExtSentry (github.com/mthcht/awesome-lists)
llimhhconnjiflfimocjggfjdlmlhblm,Reader Mode,*llimhhconnjiflfimocjggfjdlmlhblm*,compromised,malicious,https://www.extensiontotal.com/cyberhaven-incident-live,compromised extensions,https://chromewebstore.google.com/detail/llimhhconnjiflfimocjggfjdlmlhblm,critical,,2026-08-03,ExtSentry (github.com/mthcht/awesome-lists)
hodiladlefdpcbemnbbcpclbmknkiaem,Visual Effects for Google Meet,*hodiladlefdpcbemnbbcpclbmknkiaem*,compromised,malicious,https://www.extensiontotal.com/cyberhaven-incident-live,compromised extensions,https://chromewebstore.google.com/detail/hodiladlefdpcbemnbbcpclbmknkiaem,critical,,2026-08-03,ExtSentry (github.com/mthcht/awesome-lists)
epikoohpebngmakjinphfiagogjcnddm,AI Shop Buddy,*epikoohpebngmakjinphfiagogjcnddm*,compromised,malicious,https://www.extensiontotal.com/cyberhaven-incident-live,compromised extensions,https://chromewebstore.google.com/detail/epikoohpebngmakjinphfiagogjcnddm,critical,,2026-08-03,ExtSentry (github.com/mthcht/awesome-lists)
pajkjnmeojmbapicmbpliphjmcekeaac,Cyberhaven security extension V3,*pajkjnmeojmbapicmbpliphjmcekeaac*,compromised,malicious,https://www.extensiontotal.com/cyberhaven-incident-live,compromised extensions,https://chromewebstore.google.com/detail/pajkjnmeojmbapicmbpliphjmcekeaac,critical,,2026-08-03,ExtSentry (github.com/mthcht/awesome-lists)
ogbhbgkiojdollpjbhbamafmedkeockb,Earny - Up to 20% Cash Back,*ogbhbgkiojdollpjbhbamafmedkeockb*,compromised,malicious,https://www.extensiontotal.com/cyberhaven-incident-live,compromised extensions,https://chromewebstore.google.com/detail/ogbhbgkiojdollpjbhbamafmedkeockb,critical,,2026-08-03,ExtSentry (github.com/mthcht/awesome-lists)
eanofdhdfbcalhflpbdipkjjkoimeeod,Rewards Search Automator,*eanofdhdfbcalhflpbdipkjjkoimeeod*,compromised,malicious,https://www.extensiontotal.com/cyberhaven-incident-live,compromised extensions,https://chromewebstore.google.com/detail/eanofdhdfbcalhflpbdipkjjkoimeeod,critical,,2026-08-03,ExtSentry (github.com/mthcht/awesome-lists)
ekpkdmohpdnebfedjjfklhpefgpgaaji,Tackker - online keylogger tool,*ekpkdmohpdnebfedjjfklhpefgpgaaji*,compromised,malicious,https://www.extensiontotal.com/cyberhaven-incident-live,compromised extensions,https://chromewebstore.google.com/detail/ekpkdmohpdnebfedjjfklhpefgpgaaji,critical,,2026-08-03,ExtSentry (github.com/mthcht/awesome-lists)
miglaibdlgminlepgeifekifakochlka,Sort by Oldest,*miglaibdlgminlepgeifekifakochlka*,compromised,malicious,https://www.extensiontotal.com/cyberhaven-incident-live,compromised extensions,https://chromewebstore.google.com/detail/miglaibdlgminlepgeifekifakochlka,critical,,2026-08-03,ExtSentry (github.com/mthcht/awesome-lists)
mbindhfolmpijhodmgkloeeppmkhpmhc,Email Hunter,*mbindhfolmpijhodmgkloeeppmkhpmhc*,compromised,malicious,https://www.extensiontotal.com/cyberhaven-incident-live,compromised extensions,https://chromewebstore.google.com/detail/mbindhfolmpijhodmgkloeeppmkhpmhc,critical,,2026-08-03,ExtSentry (github.com/mthcht/awesome-lists)
eaijffijbobmnonfhilihbejadplhddo,8Web Mirror,*eaijffijbobmnonfhilihbejadplhddo*,compromised,malicious,https://www.extensiontotal.com/cyberhaven-incident-live,compromised extensions,https://chromewebstore.google.com/detail/eaijffijbobmnonfhilihbejadplhddo,critical,,2026-08-03,ExtSentry (github.com/mthcht/awesome-lists)
lbneaaedflankmgmfbmaplggbmjjmbae,ChatGPT App,*lbneaaedflankmgmfbmaplggbmjjmbae*,compromised,malicious,https://www.extensiontotal.com/cyberhaven-incident-live,compromised extensions,https://chromewebstore.google.com/detail/lbneaaedflankmgmfbmaplggbmjjmbae,critical,,2026-08-03,ExtSentry (github.com/mthcht/awesome-lists)
hmiaoahjllhfgebflooeeefeiafpkfde,Hi AI,*hmiaoahjllhfgebflooeeefeiafpkfde*,compromised,malicious,https://www.extensiontotal.com/cyberhaven-incident-live,compromised extensions,https://chromewebstore.google.com/detail/hmiaoahjllhfgebflooeeefeiafpkfde,critical,,2026-08-03,ExtSentry (github.com/mthcht/awesome-lists)
pdkmmfdfggfpibdjbbghggcllhhainjo,compromised extensions,*pdkmmfdfggfpibdjbbghggcllhhainjo*,compromised,malicious,https://www.extensiontotal.com/cyberhaven-incident-live,compromised extensions,https://chromewebstore.google.com/detail/pdkmmfdfggfpibdjbbghggcllhhainjo,critical,,2026-08-03,ExtSentry (github.com/mthcht/awesome-lists)
emedckhdnioeieppmeojgegjfkhdlaeo,compromised extensions,*emedckhdnioeieppmeojgegjfkhdlaeo*,compromised,malicious,https://www.extensiontotal.com/cyberhaven-incident-live,compromised extensions,https://chromewebstore.google.com/detail/emedckhdnioeieppmeojgegjfkhdlaeo,critical,,2026-08-03,ExtSentry (github.com/mthcht/awesome-lists)
didhgeamncokiaegffipckhhcpnmlcbl,compromised extensions,*didhgeamncokiaegffipckhhcpnmlcbl*,compromised,malicious,https://www.extensiontotal.com/cyberhaven-incident-live,compromised extensions,https://chromewebstore.google.com/detail/didhgeamncokiaegffipckhhcpnmlcbl,critical,,2026-08-03,ExtSentry (github.com/mthcht/awesome-lists)
gcmjkmgdlgnkkcocmoeiminaijmmjnii,Often targeted by stealers - installed by localxpose,*gcmjkmgdlgnkkcocmoeiminaijmmjnii*,cryptocurrency,sensitive,https://www.virustotal.com/gui/file/17a9356024d2fa2ae8f327fc5babc10eb859e0c433e768cd03a50dd9c7880601,Often targeted by stealers - installed by localxpose,https://chromewebstore.google.com/detail/gcmjkmgdlgnkkcocmoeiminaijmmjnii,low,,2026-08-03,ExtSentry (github.com/mthcht/awesome-lists)
ijacbjjjpmhencpkoghphdgbooifplmn,Shwmae,*ijacbjjjpmhencpkoghphdgbooifplmn*,Credential Access,offensive,https://github.com/CCob/Shwmae/blob/73415c28a0ac01727a1fde46e208ba5759b2ff23/ShwmaeExt/webauthn-inject.js#L34,Shwmae (shuh-my) is a Windows Hello abuse tool - webauthn-inject.js browser extension id,https://chromewebstore.google.com/detail/ijacbjjjpmhencpkoghphdgbooifplmn,medium,,2026-08-03,ExtSentry (github.com/mthcht/awesome-lists)
inomeogfingihgjfjlpeplalcfajhgai,Chrome Remote Desktop,*inomeogfingihgjfjlpeplalcfajhgai*,RMM,greyware,,,https://chromewebstore.google.com/detail/inomeogfingihgjfjlpeplalcfajhgai,medium,,2026-08-03,ExtSentry (github.com/mthcht/awesome-lists)
bfleegjcoffelppfmadimianphbcdjkb,Fleetd,*bfleegjcoffelppfmadimianphbcdjkb*,RMM,greyware,https://github.com/fleetdm/fleet/blob/80e60433482a34c6f0e758a2ff300b43f4a3a1a5/ee/fleetd-chrome/README.md?plain=1#L81,Fleetd Chrome Extension,https://chromewebstore.google.com/detail/bfleegjcoffelppfmadimianphbcdjkb,medium,,2026-08-03,ExtSentry (github.com/mthcht/awesome-lists)
heamnjbnflcikcggoiplibfommfbkjpj,Zeal,*heamnjbnflcikcggoiplibfommfbkjpj*,cryptocurrency,sensitive,fixme,Often targeted by stealers,https://chromewebstore.google.com/detail/heamnjbnflcikcggoiplibfommfbkjpj,low,,2026-08-03,ExtSentry (github.com/mthcht/awesome-lists)
ibnejdfjmmkpcnlpebklmnkoeoihofec,TronLink,*ibnejdfjmmkpcnlpebklmnkoeoihofec*,cryptocurrency,sensitive,https://www.unpac.me/results/2556d787-13e4-47d5-80d9-23522332a0b1/,Often targeted by stealers,https://chromewebstore.google.com/detail/ibnejdfjmmkpcnlpebklmnkoeoihofec,low,,2026-08-03,ExtSentry (github.com/mthcht/awesome-lists)
nphplpgoakhhjchkkhmiggakijnkhfnd,Ton,*nphplpgoakhhjchkkhmiggakijnkhfnd*,cryptocurrency,sensitive,fixme,Often targeted by stealers,https://chromewebstore.google.com/detail/nphplpgoakhhjchkkhmiggakijnkhfnd,low,,2026-08-03,ExtSentry (github.com/mthcht/awesome-lists)
mfgccjchihfkkindfppnaooecgfneiii,TokenPocket,*mfgccjchihfkkindfppnaooecgfneiii*,cryptocurrency,sensitive,fixme,Often targeted by stealers,https://chromewebstore.google.com/detail/mfgccjchihfkkindfppnaooecgfneiii,low,,2026-08-03,ExtSentry (github.com/mthcht/awesome-lists)
lgmpcpglpngdoalbgeoldeajfclnhafa,SafePal,*lgmpcpglpngdoalbgeoldeajfclnhafa*,cryptocurrency,sensitive,fixme,Often targeted by stealers,https://chromewebstore.google.com/detail/lgmpcpglpngdoalbgeoldeajfclnhafa,low,,2026-08-03,ExtSentry (github.com/mthcht/awesome-lists)
jnmbobjmhlngoefaiojfljckilhhlhcj,OneKey,*jnmbobjmhlngoefaiojfljckilhhlhcj*,cryptocurrency,sensitive,fixme,Often targeted by stealers,https://chromewebstore.google.com/detail/jnmbobjmhlngoefaiojfljckilhhlhcj,low,,2026-08-03,ExtSentry (github.com/mthcht/awesome-lists)
mcohilncbfahbmgdjkbpemcciiolgcge,OKX,*mcohilncbfahbmgdjkbpemcciiolgcge*,cryptocurrency,sensitive,fixme,Often targeted by stealers,https://chromewebstore.google.com/detail/mcohilncbfahbmgdjkbpemcciiolgcge,low,,2026-08-03,ExtSentry (github.com/mthcht/awesome-lists)
mcbigmjiafegjnnogedioegffbooigli,Ethos Sui,*mcbigmjiafegjnnogedioegffbooigli*,cryptocurrency,sensitive,fixme,Often targeted by stealers,https://chromewebstore.google.com/detail/mcbigmjiafegjnnogedioegffbooigli,low,,2026-08-03,ExtSentry (github.com/mthcht/awesome-lists)
kkpllkodjeloidieedojogacfhpaihoh,Enkrypt,*kkpllkodjeloidieedojogacfhpaihoh*,cryptocurrency,sensitive,fixme,Often targeted by stealers,https://chromewebstore.google.com/detail/kkpllkodjeloidieedojogacfhpaihoh,low,,2026-08-03,ExtSentry (github.com/mthcht/awesome-lists)
hifafgmccdpekplomjjkcfgodnhcellj,Crypto.com,*hifafgmccdpekplomjjkcfgodnhcellj*,cryptocurrency,sensitive,fixme,Often targeted by stealers,https://chromewebstore.google.com/detail/hifafgmccdpekplomjjkcfgodnhcellj,low,,2026-08-03,ExtSentry (github.com/mthcht/awesome-lists)
odbfpeeihdkbihmopkbjmoonfanlbfcl,Coinbase,*odbfpeeihdkbihmopkbjmoonfanlbfcl*,cryptocurrency,sensitive,fixme,Often targeted by stealers,https://chromewebstore.google.com/detail/odbfpeeihdkbihmopkbjmoonfanlbfcl,low,,2026-08-03,ExtSentry (github.com/mthcht/awesome-lists)
bopcbmipnjdcdfflfgjdgdjejmgpoaab,BlockWallet,*bopcbmipnjdcdfflfgjdgdjejmgpoaab*,cryptocurrency,sensitive,fixme,Often targeted by stealers,https://chromewebstore.google.com/detail/bopcbmipnjdcdfflfgjdgdjejmgpoaab,low,,2026-08-03,ExtSentry (github.com/mthcht/awesome-lists)
dlcobpjiigpikoobohmabehhmhfoodbb,Argent X,*dlcobpjiigpikoobohmabehhmhfoodbb*,cryptocurrency,sensitive,fixme,Often targeted by stealers,https://chromewebstore.google.com/detail/dlcobpjiigpikoobohmabehhmhfoodbb,low,,2026-08-03,ExtSentry (github.com/mthcht/awesome-lists)
cnmamaachppnkjgnildpdmkaakejnhae,AuroWallet,*cnmamaachppnkjgnildpdmkaakejnhae*,cryptocurrency,sensitive,https://chromewebstore.google.com/detail/auro-wallet/cnmamaachppnkjgnildpdmkaakejnhae,Often targeted by stealers,https://chromewebstore.google.com/detail/cnmamaachppnkjgnildpdmkaakejnhae,low,,2026-08-03,ExtSentry (github.com/mthcht/awesome-lists)
dhkplhfnhceodhffomolpfigojocbpcb,Babylon,*dhkplhfnhceodhffomolpfigojocbpcb*,PUP,privacy,N/A,PUP Babylon Spyware redirects browser searches potentially leading to malwares,https://chromewebstore.google.com/detail/dhkplhfnhceodhffomolpfigojocbpcb,low,,2026-08-03,ExtSentry (github.com/mthcht/awesome-lists)
fhbohimaelbohpjbbldcngcnapndodjp,BinanceWallet,*fhbohimaelbohpjbbldcngcnapndodjp*,cryptocurrency,sensitive,https://chromewebstore.google.com/detail/bnb-chain-wallet/fhbohimaelbohpjbbldcngcnapndodjp,Often targeted by stealers,https://chromewebstore.google.com/detail/fhbohimaelbohpjbbldcngcnapndodjp,low,,2026-08-03,ExtSentry (github.com/mthcht/awesome-lists)
ijmpgkjfkbfhoebgogflfebnmejmfbml,BitClip,*ijmpgkjfkbfhoebgogflfebnmejmfbml*,cryptocurrency,sensitive,N/A,Often targeted by stealers,https://chromewebstore.google.com/detail/ijmpgkjfkbfhoebgogflfebnmejmfbml,low,,2026-08-03,ExtSentry (github.com/mthcht/awesome-lists)
oijajbhmelbcoclnkdmembiacmeghbae,Bitoke,*oijajbhmelbcoclnkdmembiacmeghbae*,cryptocurrency,sensitive,N/A,Often targeted by stealers,https://chromewebstore.google.com/detail/oijajbhmelbcoclnkdmembiacmeghbae,low,,2026-08-03,ExtSentry (github.com/mthcht/awesome-lists)
fihkakfobkmkjojpchpfgcmhfjnmnfpi,BitAppWallet,*fihkakfobkmkjojpchpfgcmhfjnmnfpi*,cryptocurrency,sensitive,N/A,Often targeted by stealers,https://chromewebstore.google.com/detail/fihkakfobkmkjojpchpfgcmhfjnmnfpi,low,,2026-08-03,ExtSentry (github.com/mthcht/awesome-lists)
nlgbhdfgdhgbiamfdfmbikcdghidoadd,Byone,*nlgbhdfgdhgbiamfdfmbikcdghidoadd*,cryptocurrency,sensitive,https://chromewebstore.google.com/detail/byone/nlgbhdfgdhgbiamfdfmbikcdghidoadd,Often targeted by stealers,https://chromewebstore.google.com/detail/nlgbhdfgdhgbiamfdfmbikcdghidoadd,low,,2026-08-03,ExtSentry (github.com/mthcht/awesome-lists)
apnehcjmnengpnmccpaibjmhhoadaico,CardWallet,*apnehcjmnengpnmccpaibjmhhoadaico*,cryptocurrency,sensitive,https://chromewebstore.google.com/detail/cwallet/apnehcjmnengpnmccpaibjmhhoadaico,Often targeted by stealers,https://chromewebstore.google.com/detail/apnehcjmnengpnmccpaibjmhhoadaico,low,,2026-08-03,ExtSentry (github.com/mthcht/awesome-lists)
nhnkbkgjikgcigadomkphalanndcapjk,CloverWallet,*nhnkbkgjikgcigadomkphalanndcapjk*,cryptocurrency,sensitive,https://chromewebstore.google.com/detail/portefeuille-clv/nhnkbkgjikgcigadomkphalanndcapjk,Often targeted by stealers,https://chromewebstore.google.com/detail/nhnkbkgjikgcigadomkphalanndcapjk,low,,2026-08-03,ExtSentry (github.com/mthcht/awesome-lists)
aeachknmefphepccionboohckonoeemg,Coin89,*aeachknmefphepccionboohckonoeemg*,cryptocurrency,sensitive,https://chromewebstore.google.com/detail/coin98-wallet/aeachknmefphepccionboohckonoeemg,Often targeted by stealers,https://chromewebstore.google.com/detail/aeachknmefphepccionboohckonoeemg,low,,2026-08-03,ExtSentry (github.com/mthcht/awesome-lists)
dhgnlgphgchebgoemcjekedjjbifijid,CryptoAirdrops,*dhgnlgphgchebgoemcjekedjjbifijid*,cryptocurrency,sensitive,N/A,Often targeted by stealers,https://chromewebstore.google.com/detail/dhgnlgphgchebgoemcjekedjjbifijid,low,,2026-08-03,ExtSentry (github.com/mthcht/awesome-lists)
dkdedlpgdmmkkfjabffeganieamfklkm,CyanoWallet,*dkdedlpgdmmkkfjabffeganieamfklkm*,cryptocurrency,sensitive,https://chromewebstore.google.com/detail/cyano-wallet/dkdedlpgdmmkkfjabffeganieamfklkm,Often targeted by stealers,https://chromewebstore.google.com/detail/dkdedlpgdmmkkfjabffeganieamfklkm,low,,2026-08-03,ExtSentry (github.com/mthcht/awesome-lists)
blnieiiffboillknjnepogjhkgnoapac,EQUALWallet,*blnieiiffboillknjnepogjhkgnoapac*,cryptocurrency,sensitive,N/A,Often targeted by stealers,https://chromewebstore.google.com/detail/blnieiiffboillknjnepogjhkgnoapac,low,,2026-08-03,ExtSentry (github.com/mthcht/awesome-lists)
hnhobjmcibchnmglfbldbfabcgaknlkj,Flint,*hnhobjmcibchnmglfbldbfabcgaknlkj*,cryptocurrency,sensitive,https://chromewebstore.google.com/detail/flint-wallet/hnhobjmcibchnmglfbldbfabcgaknlkj,Often targeted by stealers,https://chromewebstore.google.com/detail/hnhobjmcibchnmglfbldbfabcgaknlkj,low,,2026-08-03,ExtSentry (github.com/mthcht/awesome-lists)
copjnifcecdedocejpaapepagaodgpbh,FreaksAxie,*copjnifcecdedocejpaapepagaodgpbh*,cryptocurrency,sensitive,https://chromewebstore.google.com/detail/freaks-axie-extension/copjnifcecdedocejpaapepagaodgpbh,Often targeted by stealers,https://chromewebstore.google.com/detail/copjnifcecdedocejpaapepagaodgpbh,low,,2026-08-03,ExtSentry (github.com/mthcht/awesome-lists)
jbdaocneiiinmjbjlgalhcelgbejmnid,Guarda,*jbdaocneiiinmjbjlgalhcelgbejmnid*,cryptocurrency,sensitive,N/A,Often targeted by stealers,https://chromewebstore.google.com/detail/jbdaocneiiinmjbjlgalhcelgbejmnid,low,,2026-08-03,ExtSentry (github.com/mthcht/awesome-lists)
pfmopbbadnfoelckkcmjjeaaegjpjjbk,GophotoIt,*pfmopbbadnfoelckkcmjjeaaegjpjjbk*,PUP,privacy,N/A,PUP GophotoIt Spyware redirects browser searches potentially leading to malwares,https://chromewebstore.google.com/detail/pfmopbbadnfoelckkcmjjeaaegjpjjbk,low,,2026-08-03,ExtSentry (github.com/mthcht/awesome-lists)
nkddgncdjgjfcddamfgcmfnlhccnimig,GuildWallet,*nkddgncdjgjfcddamfgcmfnlhccnimig*,cryptocurrency,sensitive,N/A,Often targeted by stealers,https://chromewebstore.google.com/detail/nkddgncdjgjfcddamfgcmfnlhccnimig,low,,2026-08-03,ExtSentry (github.com/mthcht/awesome-lists)
nanjmdknhkinifnkgdcggcfnhdaammmj,guildwallet,*nanjmdknhkinifnkgdcggcfnhdaammmj*,cryptocurrency,sensitive,N/A,Often targeted by stealers,https://chromewebstore.google.com/detail/nanjmdknhkinifnkgdcggcfnhdaammmj,low,,2026-08-03,ExtSentry (github.com/mthcht/awesome-lists)
bcopgchhojmggmffilplmbdicgaihlkp,HyconLiteClient,*bcopgchhojmggmffilplmbdicgaihlkp*,cryptocurrency,sensitive,https://chromewebstore.google.com/detail/hycon-lite-client/bcopgchhojmggmffilplmbdicgaihlkp,Often targeted by stealers,https://chromewebstore.google.com/detail/bcopgchhojmggmffilplmbdicgaihlkp,low,,2026-08-03,ExtSentry (github.com/mthcht/awesome-lists)
flpiciilemghbmfalicajoolhkkenfel,ICONex,*flpiciilemghbmfalicajoolhkkenfel*,cryptocurrency,sensitive,https://chromewebstore.google.com/detail/iconex/flpiciilemghbmfalicajoolhkkenfel,Often targeted by stealers,https://chromewebstore.google.com/detail/flpiciilemghbmfalicajoolhkkenfel,low,,2026-08-03,ExtSentry (github.com/mthcht/awesome-lists)
kncchdigobghenbbaddojjnnaogfppfj,iWallet,*kncchdigobghenbbaddojjnnaogfppfj*,cryptocurrency,sensitive,https://chromewebstore.google.com/detail/iwallet/kncchdigobghenbbaddojjnnaogfppfj,Often targeted by stealers,https://chromewebstore.google.com/detail/kncchdigobghenbbaddojjnnaogfppfj,low,,2026-08-03,ExtSentry (github.com/mthcht/awesome-lists)
dmkamcknogkgcdfhhbddcghachkejeap,Keplr,*dmkamcknogkgcdfhhbddcghachkejeap*,cryptocurrency,sensitive,https://chromewebstore.google.com/detail/keplr/dmkamcknogkgcdfhhbddcghachkejeap,Often targeted by stealers,https://chromewebstore.google.com/detail/dmkamcknogkgcdfhhbddcghachkejeap,low,,2026-08-03,ExtSentry (github.com/mthcht/awesome-lists)
hcflpincpppdclinealmandijcmnkbgn,KHC,*hcflpincpppdclinealmandijcmnkbgn*,cryptocurrency,sensitive,N/A,Often targeted by stealers,https://chromewebstore.google.com/detail/hcflpincpppdclinealmandijcmnkbgn,low,,2026-08-03,ExtSentry (github.com/mthcht/awesome-lists)
cihmoadaighcejopammfbmddcmdekcje,Leaf Walle,*cihmoadaighcejopammfbmddcmdekcje*,cryptocurrency,sensitive,https://chromewebstore.google.com/detail/leafwallet-easy-to-use-eo/cihmoadaighcejopammfbmddcmdekcje,Often targeted by stealers,https://chromewebstore.google.com/detail/cihmoadaighcejopammfbmddcmdekcje,low,,2026-08-03,ExtSentry (github.com/mthcht/awesome-lists)
kpfopkelmapcoipemfendmdcghnegimn,LiqualityWallet,*kpfopkelmapcoipemfendmdcghnegimn*,cryptocurrency,sensitive,N/A,Often targeted by stealers,https://chromewebstore.google.com/detail/kpfopkelmapcoipemfendmdcghnegimn,low,,2026-08-03,ExtSentry (github.com/mthcht/awesome-lists)
afbcbjpbpfadlkmhmclhkeeodmamcflc,MathWallet,*afbcbjpbpfadlkmhmclhkeeodmamcflc*,cryptocurrency,sensitive,https://chromewebstore.google.com/detail/math-wallet/afbcbjpbpfadlkmhmclhkeeodmamcflc,Often targeted by stealers,https://chromewebstore.google.com/detail/afbcbjpbpfadlkmhmclhkeeodmamcflc,low,,2026-08-03,ExtSentry (github.com/mthcht/awesome-lists)
nkbihfbeogaeaoehlefnkodbefgpgknn,Metamask,*nkbihfbeogaeaoehlefnkodbefgpgknn*,cryptocurrency,sensitive,https://chromewebstore.google.com/detail/metamask/nkbihfbeogaeaoehlefnkodbefgpgknn,Often targeted by stealers,https://chromewebstore.google.com/detail/nkbihfbeogaeaoehlefnkodbefgpgknn,low,,2026-08-03,ExtSentry (github.com/mthcht/awesome-lists)
ejbalbakoplchlghecdaedx765lmeeeajnimhm,Metamask,*ejbalbakoplchlghecdaedx765lmeeeajnimhm*,cryptocurrency,sensitive,https://www.unpac.me/results/2556d787-13e4-47d5-80d9-23522332a0b1/,Often targeted by stealers,https://chromewebstore.google.com/detail/ejbalbakoplchlghecdaedx765lmeeeajnimhm,low,,2026-08-03,ExtSentry (github.com/mthcht/awesome-lists)
bkklifkecemccedpkhcebagjpehhabfb,MetaWallet,*bkklifkecemccedpkhcebagjpehhabfb*,cryptocurrency,sensitive,https://chromewebstore.google.com/detail/metawallet/bkklifkecemccedpkhcebagjpehhabfb,Often targeted by stealers,https://chromewebstore.google.com/detail/bkklifkecemccedpkhcebagjpehhabfb,low,,2026-08-03,ExtSentry (github.com/mthcht/awesome-lists)
nlbmnnijcnlegkjjpcfjclmcfggfefdm,MEW CX,*nlbmnnijcnlegkjjpcfjclmcfggfefdm*,cryptocurrency,sensitive,N/A,Often targeted by stealers,https://chromewebstore.google.com/detail/nlbmnnijcnlegkjjpcfjclmcfggfefdm,low,,2026-08-03,ExtSentry (github.com/mthcht/awesome-lists)
nknhiehlklippafakaeklbeglecifhad,NaboxWallet,*nknhiehlklippafakaeklbeglecifhad*,cryptocurrency,sensitive,https://chromewebstore.google.com/detail/nabox-wallet/nknhiehlklippafakaeklbeglecifhad,Often targeted by stealers,https://chromewebstore.google.com/detail/nknhiehlklippafakaeklbeglecifhad,low,,2026-08-03,ExtSentry (github.com/mthcht/awesome-lists)
lpfcbjknijpeeillifnkikgncikgfhdo,Nami,*lpfcbjknijpeeillifnkikgncikgfhdo*,cryptocurrency,sensitive,https://chromewebstore.google.com/detail/nami/lpfcbjknijpeeillifnkikgncikgfhdo,Often targeted by stealers,https://chromewebstore.google.com/detail/lpfcbjknijpeeillifnkikgncikgfhdo,low,,2026-08-03,ExtSentry (github.com/mthcht/awesome-lists)
onofpnbbkehpmmoabgpcpmigafmmnjhl,NashExtension,*onofpnbbkehpmmoabgpcpmigafmmnjhl*,cryptocurrency,sensitive,N/A,Often targeted by stealers,https://chromewebstore.google.com/detail/onofpnbbkehpmmoabgpcpmigafmmnjhl,low,,2026-08-03,ExtSentry (github.com/mthcht/awesome-lists)
ffnbelfdoeiohenkjibnmadjiehjhajb,Yoroi,*ffnbelfdoeiohenkjibnmadjiehjhajb*,cryptocurrency,sensitive,https://github.com/mallorybowes/chrome-mal-ids,Often targeted by stealers,https://chromewebstore.google.com/detail/ffnbelfdoeiohenkjibnmadjiehjhajb,low,,2026-08-03,ExtSentry (github.com/mthcht/awesome-lists)
cjelfplplebdjjenllpjcblmjkfcffne,Jaxx Liberty,*cjelfplplebdjjenllpjcblmjkfcffne*,cryptocurrency,sensitive,https://github.com/mallorybowes/chrome-mal-ids,Often targeted by stealers,https://chromewebstore.google.com/detail/cjelfplplebdjjenllpjcblmjkfcffne,low,,2026-08-03,ExtSentry (github.com/mthcht/awesome-lists)
gaedmjdfmmahhbjefcbgaolhhanlaolb,Authy,*gaedmjdfmmahhbjefcbgaolhhanlaolb*,cryptocurrency,sensitive,https://github.com/mallorybowes/chrome-mal-ids,Often targeted by stealers,https://chromewebstore.google.com/detail/gaedmjdfmmahhbjefcbgaolhhanlaolb,low,,2026-08-03,ExtSentry (github.com/mthcht/awesome-lists)
bhghoamapcdpbohphigoooaddinpkbai,Authenticator,*bhghoamapcdpbohphigoooaddinpkbai*,cryptocurrency,sensitive,https://github.com/mallorybowes/chrome-mal-ids,Often targeted by stealers,https://chromewebstore.google.com/detail/bhghoamapcdpbohphigoooaddinpkbai,low,,2026-08-03,ExtSentry (github.com/mthcht/awesome-lists)
jiidiaalihmmhddjgbnbgdfflelocpak,BitKeep,*jiidiaalihmmhddjgbnbgdfflelocpak*,cryptocurrency,sensitive,https://github.com/mallorybowes/chrome-mal-ids,Often targeted by stealers,https://chromewebstore.google.com/detail/jiidiaalihmmhddjgbnbgdfflelocpak,low,,2026-08-03,ExtSentry (github.com/mthcht/awesome-lists)
okejhknhopdbemmfefjglkdfdhpfmflg,BitKeep,*okejhknhopdbemmfefjglkdfdhpfmflg*,cryptocurrency,sensitive,https://github.com/mallorybowes/chrome-mal-ids,Often targeted by stealers,https://chromewebstore.google.com/detail/okejhknhopdbemmfefjglkdfdhpfmflg,low,,2026-08-03,ExtSentry (github.com/mthcht/awesome-lists)
hkkpjehhcnhgefhbdcgfkeegglpjchdc,Braavos Smart Wallet,*hkkpjehhcnhgefhbdcgfkeegglpjchdc*,cryptocurrency,sensitive,https://github.com/mallorybowes/chrome-mal-ids,Often targeted by stealers,https://chromewebstore.google.com/detail/hkkpjehhcnhgefhbdcgfkeegglpjchdc,low,,2026-08-03,ExtSentry (github.com/mthcht/awesome-lists)
hnfanknocfeofbddgcijnmhnfnkdnaad,Coinbase Wallet,*hnfanknocfeofbddgcijnmhnfnkdnaad*,cryptocurrency,sensitive,https://github.com/mallorybowes/chrome-mal-ids,Often targeted by stealers,https://chromewebstore.google.com/detail/hnfanknocfeofbddgcijnmhnfnkdnaad,low,,2026-08-03,ExtSentry (github.com/mthcht/awesome-lists)
oeljdldpnmdbchonielidgobddffflal,EOS Authenticator,*oeljdldpnmdbchonielidgobddffflal*,cryptocurrency,sensitive,https://github.com/mallorybowes/chrome-mal-ids,Often targeted by stealers,https://chromewebstore.google.com/detail/oeljdldpnmdbchonielidgobddffflal,low,,2026-08-03,ExtSentry (github.com/mthcht/awesome-lists)
aholpfdialjgjfhomihkjbmgjidlcdno,Exodus Web3,*aholpfdialjgjfhomihkjbmgjidlcdno*,cryptocurrency,sensitive,https://github.com/mallorybowes/chrome-mal-ids,Often targeted by stealers,https://chromewebstore.google.com/detail/aholpfdialjgjfhomihkjbmgjidlcdno,low,,2026-08-03,ExtSentry (github.com/mthcht/awesome-lists)
ghocjofkdpicneaokfekohclmkfmepbp,Exodus Web3,*ghocjofkdpicneaokfekohclmkfmepbp*,cryptocurrency,sensitive,https://github.com/mallorybowes/chrome-mal-ids,Often targeted by stealers,https://chromewebstore.google.com/detail/ghocjofkdpicneaokfekohclmkfmepbp,low,,2026-08-03,ExtSentry (github.com/mthcht/awesome-lists)
cjmkndjhnagcfbpiemnkdpomccnjblmj,Finnie,*cjmkndjhnagcfbpiemnkdpomccnjblmj*,cryptocurrency,sensitive,https://github.com/mallorybowes/chrome-mal-ids,Often targeted by stealers,https://chromewebstore.google.com/detail/cjmkndjhnagcfbpiemnkdpomccnjblmj,low,,2026-08-03,ExtSentry (github.com/mthcht/awesome-lists)
ilgcnhelpchnceeipipijaljkblbcobl,GAuth Authenticator,*ilgcnhelpchnceeipipijaljkblbcobl*,cryptocurrency,sensitive,https://github.com/mallorybowes/chrome-mal-ids,Often targeted by stealers,https://chromewebstore.google.com/detail/ilgcnhelpchnceeipipijaljkblbcobl,low,,2026-08-03,ExtSentry (github.com/mthcht/awesome-lists)
hpglfhgfnhbgpjdenjgmdgoeiappafln,Guarda,*hpglfhgfnhbgpjdenjgmdgoeiappafln*,cryptocurrency,sensitive,https://github.com/mallorybowes/chrome-mal-ids,Often targeted by stealers,https://chromewebstore.google.com/detail/hpglfhgfnhbgpjdenjgmdgoeiappafln,low,,2026-08-03,ExtSentry (github.com/mthcht/awesome-lists)
acdamagkdfmpkclpoglgnbddngblgibo,Guarda Wallet,*acdamagkdfmpkclpoglgnbddngblgibo*,cryptocurrency,sensitive,https://github.com/mallorybowes/chrome-mal-ids,Often targeted by stealers,https://chromewebstore.google.com/detail/acdamagkdfmpkclpoglgnbddngblgibo,low,,2026-08-03,ExtSentry (github.com/mthcht/awesome-lists)
knogkgcdfhhbddcghachkejeap,Keplr,*knogkgcdfhhbddcghachkejeap*,cryptocurrency,sensitive,https://github.com/mallorybowes/chrome-mal-ids,Often targeted by stealers,https://chromewebstore.google.com/detail/knogkgcdfhhbddcghachkejeap,low,,2026-08-03,ExtSentry (github.com/mthcht/awesome-lists)
ejbalbakoplchlghecdalmeeeajnimhm,MetaMask,*ejbalbakoplchlghecdalmeeeajnimhm*,cryptocurrency,sensitive,https://github.com/mallorybowes/chrome-mal-ids,Often targeted by stealers,https://chromewebstore.google.com/detail/ejbalbakoplchlghecdalmeeeajnimhm,low,,2026-08-03,ExtSentry (github.com/mthcht/awesome-lists)
djclckkglechooblngghdinmeemkbgci,MetaMask,*djclckkglechooblngghdinmeemkbgci*,cryptocurrency,sensitive,https://github.com/mallorybowes/chrome-mal-ids,Often targeted by stealers,https://chromewebstore.google.com/detail/djclckkglechooblngghdinmeemkbgci,low,,2026-08-03,ExtSentry (github.com/mthcht/awesome-lists)
fcckkdbjnoikooededlapcalpionmalo,MOBOX WALLET,*fcckkdbjnoikooededlapcalpionmalo*,cryptocurrency,sensitive,https://github.com/mallorybowes/chrome-mal-ids,Often targeted by stealers,https://chromewebstore.google.com/detail/fcckkdbjnoikooededlapcalpionmalo,low,,2026-08-03,ExtSentry (github.com/mthcht/awesome-lists)
bfnaelmomeimhlpmgjnjophhpkkoljpa,Phantom,*bfnaelmomeimhlpmgjnjophhpkkoljpa*,cryptocurrency,sensitive,https://github.com/mallorybowes/chrome-mal-ids,Often targeted by stealers,https://chromewebstore.google.com/detail/bfnaelmomeimhlpmgjnjophhpkkoljpa,low,,2026-08-03,ExtSentry (github.com/mthcht/awesome-lists)
hgmoaheomcjnaheggkfafnjilfcefbmo,Rabet,*hgmoaheomcjnaheggkfafnjilfcefbmo*,cryptocurrency,sensitive,https://github.com/mallorybowes/chrome-mal-ids,Often targeted by stealers,https://chromewebstore.google.com/detail/hgmoaheomcjnaheggkfafnjilfcefbmo,low,,2026-08-03,ExtSentry (github.com/mthcht/awesome-lists)
fnjhmkhhmkbjkkabndcnnogagogbneec,Ronin Wallet,*fnjhmkhhmkbjkkabndcnnogagogbneec*,cryptocurrency,sensitive,https://github.com/mallorybowes/chrome-mal-ids,Often targeted by stealers,https://chromewebstore.google.com/detail/fnjhmkhhmkbjkkabndcnnogagogbneec,low,,2026-08-03,ExtSentry (github.com/mthcht/awesome-lists)
hfljlochmlccoobkbcgpmkpjagogcgpk,Solana Wallet,*hfljlochmlccoobkbcgpmkpjagogcgpk*,cryptocurrency,sensitive,https://github.com/mallorybowes/chrome-mal-ids,Often targeted by stealers,https://chromewebstore.google.com/detail/hfljlochmlccoobkbcgpmkpjagogcgpk,low,,2026-08-03,ExtSentry (github.com/mthcht/awesome-lists)
cmndjbecilbocjfkibfbifhngkdmjgog,Swash,*cmndjbecilbocjfkibfbifhngkdmjgog*,cryptocurrency,sensitive,https://github.com/mallorybowes/chrome-mal-ids,Often targeted by stealers,https://chromewebstore.google.com/detail/cmndjbecilbocjfkibfbifhngkdmjgog,low,,2026-08-03,ExtSentry (github.com/mthcht/awesome-lists)
mnfifefkajgofkcjkemidiaecocnkjeh,TezBox,*mnfifefkajgofkcjkemidiaecocnkjeh*,cryptocurrency,sensitive,https://github.com/mallorybowes/chrome-mal-ids,Often targeted by stealers,https://chromewebstore.google.com/detail/mnfifefkajgofkcjkemidiaecocnkjeh,low,,2026-08-03,ExtSentry (github.com/mthcht/awesome-lists)
aiifbnbfobpmeekipheeijimdpnlpgpp,Terra Station,*aiifbnbfobpmeekipheeijimdpnlpgpp*,cryptocurrency,sensitive,https://github.com/mallorybowes/chrome-mal-ids,Often targeted by stealers,https://chromewebstore.google.com/detail/aiifbnbfobpmeekipheeijimdpnlpgpp,low,,2026-08-03,ExtSentry (github.com/mthcht/awesome-lists)
egjidjbpglichdcondbcbdnbeeppgdph,Trust Wallet,*egjidjbpglichdcondbcbdnbeeppgdph*,cryptocurrency,sensitive,https://github.com/mallorybowes/chrome-mal-ids,Often targeted by stealers,https://chromewebstore.google.com/detail/egjidjbpglichdcondbcbdnbeeppgdph,low,,2026-08-03,ExtSentry (github.com/mthcht/awesome-lists)
heaomjafhiehddpnmncmhhpjaloainkn,Trust Wallet,*heaomjafhiehddpnmncmhhpjaloainkn*,cryptocurrency,sensitive,https://github.com/mallorybowes/chrome-mal-ids,Often targeted by stealers,https://chromewebstore.google.com/detail/heaomjafhiehddpnmncmhhpjaloainkn,low,,2026-08-03,ExtSentry (github.com/mthcht/awesome-lists)
mijjdbgpgbflkaooedaemnlciddmamai,Waves Keeper,*mijjdbgpgbflkaooedaemnlciddmamai*,cryptocurrency,sensitive,https://github.com/mallorybowes/chrome-mal-ids,Often targeted by stealers,https://chromewebstore.google.com/detail/mijjdbgpgbflkaooedaemnlciddmamai,low,,2026-08-03,ExtSentry (github.com/mthcht/awesome-lists)
bocpokimicclpaiekenaeelehdjllofo,XDCPay,*bocpokimicclpaiekenaeelehdjllofo*,cryptocurrency,sensitive,https://github.com/mallorybowes/chrome-mal-ids,Often targeted by stealers,https://chromewebstore.google.com/detail/bocpokimicclpaiekenaeelehdjllofo,low,,2026-08-03,ExtSentry (github.com/mthcht/awesome-lists)
akoiaibnepcedcplijmiamnaigbepmcb,Yoroi,*akoiaibnepcedcplijmiamnaigbepmcb*,cryptocurrency,sensitive,https://github.com/mallorybowes/chrome-mal-ids,Often targeted by stealers,https://chromewebstore.google.com/detail/akoiaibnepcedcplijmiamnaigbepmcb,low,,2026-08-03,ExtSentry (github.com/mthcht/awesome-lists)
klnaejjgbibmhlephnhpmaofohgkpgkd,ZilPay,*klnaejjgbibmhlephnhpmaofohgkpgkd*,cryptocurrency,sensitive,https://github.com/mallorybowes/chrome-mal-ids,Often targeted by stealers,https://chromewebstore.google.com/detail/klnaejjgbibmhlephnhpmaofohgkpgkd,low,,2026-08-03,ExtSentry (github.com/mthcht/awesome-lists)
ppdadbejkmjnefldpcdjhnkpbjkikoip,Oasis,*ppdadbejkmjnefldpcdjhnkpbjkikoip*,cryptocurrency,sensitive,https://chromewebstore.google.com/detail/rose-wallet/ppdadbejkmjnefldpcdjhnkpbjkikoip,Often targeted by stealers,https://chromewebstore.google.com/detail/ppdadbejkmjnefldpcdjhnkpbjkikoip,low,,2026-08-03,ExtSentry (github.com/mthcht/awesome-lists)
infeboajgfhgbjpjbeppbkgnabfdkdaf,OneKey,*infeboajgfhgbjpjbeppbkgnabfdkdaf*,cryptocurrency,sensitive,N/A,Often targeted by stealers,https://chromewebstore.google.com/detail/infeboajgfhgbjpjbeppbkgnabfdkdaf,low,,2026-08-03,ExtSentry (github.com/mthcht/awesome-lists)
jojhfeoedkpkglbfimdfabpdfjaoolaf,Polymesh Wallet,*jojhfeoedkpkglbfimdfabpdfjaoolaf*,cryptocurrency,sensitive,https://chromewebstore.google.com/detail/polymesh-wallet/jojhfeoedkpkglbfimdfabpdfjaoolaf,Often targeted by stealers,https://chromewebstore.google.com/detail/jojhfeoedkpkglbfimdfabpdfjaoolaf,low,,2026-08-03,ExtSentry (github.com/mthcht/awesome-lists)
acmacodkjbdgmoleebolmdjonilkdbch,Rabby,*acmacodkjbdgmoleebolmdjonilkdbch*,cryptocurrency,sensitive,https://chromewebstore.google.com/detail/rabby-wallet/acmacodkjbdgmoleebolmdjonilkdbch,Often targeted by stealers,https://chromewebstore.google.com/detail/acmacodkjbdgmoleebolmdjonilkdbch,low,,2026-08-03,ExtSentry (github.com/mthcht/awesome-lists)
cphhlgmgameodnhkjdmkpanlelnlohao,Saturn Wallet,*cphhlgmgameodnhkjdmkpanlelnlohao*,cryptocurrency,sensitive,https://chromewebstore.google.com/detail/neoline/cphhlgmgameodnhkjdmkpanlelnlohao,Often targeted by stealers,https://chromewebstore.google.com/detail/cphhlgmgameodnhkjdmkpanlelnlohao,low,,2026-08-03,ExtSentry (github.com/mthcht/awesome-lists)
fhmfendgdocmcbmfikdcogofphimnkno,sollet,*fhmfendgdocmcbmfikdcogofphimnkno*,cryptocurrency,sensitive,N/A,Often targeted by stealers,https://chromewebstore.google.com/detail/fhmfendgdocmcbmfikdcogofphimnkno,low,,2026-08-03,ExtSentry (github.com/mthcht/awesome-lists)
ookjlbkiijinhpmnjffcofjonbfbgaoc,Temple,*ookjlbkiijinhpmnjffcofjonbfbgaoc*,cryptocurrency,sensitive,https://chromewebstore.google.com/detail/temple-tezos-wallet/ookjlbkiijinhpmnjffcofjonbfbgaoc,Often targeted by stealers,https://chromewebstore.google.com/detail/ookjlbkiijinhpmnjffcofjonbfbgaoc,low,,2026-08-03,ExtSentry (github.com/mthcht/awesome-lists)
aaaailpifkkekipiachodfkfmgmiapmp,Toolbar.Ask,*aaaailpifkkekipiachodfkfmgmiapmp*,PUP,privacy,N/A,toolbar ads Spyware potentially leading to malwares,https://chromewebstore.google.com/detail/aaaailpifkkekipiachodfkfmgmiapmp,low,,2026-08-03,ExtSentry (github.com/mthcht/awesome-lists)
pnndplcbkakcplkjnolgbkdgjikjednm,TronWallet,*pnndplcbkakcplkjnolgbkdgjikjednm*,cryptocurrency,sensitive,https://chromewebstore.google.com/detail/tron-wallet-explorer-tron/pnndplcbkakcplkjnolgbkdgjikjednm,Often targeted by stealers,https://chromewebstore.google.com/detail/pnndplcbkakcplkjnolgbkdgjikjednm,low,,2026-08-03,ExtSentry (github.com/mthcht/awesome-lists)
amkmjjmmflddogmhpjloimipbofnfjih,Wombat,*amkmjjmmflddogmhpjloimipbofnfjih*,cryptocurrency,sensitive,https://chromewebstore.google.com/detail/wombat-gaming-wallet-for/amkmjjmmflddogmhpjloimipbofnfjih,Often targeted by stealers,https://chromewebstore.google.com/detail/amkmjjmmflddogmhpjloimipbofnfjih,low,,2026-08-03,ExtSentry (github.com/mthcht/awesome-lists)
hmeobnfnfcmdkdcmlblgagmfpfboieaf,XDefiWallet,*hmeobnfnfcmdkdcmlblgagmfpfboieaf*,cryptocurrency,sensitive,https://chromewebstore.google.com/detail/xdefi-wallet/hmeobnfnfcmdkdcmlblgagmfpfboieaf,Often targeted by stealers,https://chromewebstore.google.com/detail/hmeobnfnfcmdkdcmlblgagmfpfboieaf,low,,2026-08-03,ExtSentry (github.com/mthcht/awesome-lists)
imloifkgjagghnncjkhggdhalmcnfklk,Trezor Password Manager,*imloifkgjagghnncjkhggdhalmcnfklk*,password manager,sensitive,https://www.unpac.me/results/2556d787-13e4-47d5-80d9-23522332a0b1/,Often targeted by stealers,https://chromewebstore.google.com/detail/imloifkgjagghnncjkhggdhalmcnfklk,low,,2026-08-03,ExtSentry (github.com/mthcht/awesome-lists)
fdjamakpfbbddfjaooikfcpapjohcfmg,Dashlane,*fdjamakpfbbddfjaooikfcpapjohcfmg*,password manager,sensitive,https://chromewebstore.google.com/detail/dashlane-gestionnaire-de/fdjamakpfbbddfjaooikfcpapjohcfmg,Often targeted by stealers,https://chromewebstore.google.com/detail/fdjamakpfbbddfjaooikfcpapjohcfmg,low,,2026-08-03,ExtSentry (github.com/mthcht/awesome-lists)
hdokiejnpimakedhajhdlcegeplioahd,Lastpass,*hdokiejnpimakedhajhdlcegeplioahd*,password manager,sensitive,https://chromewebstore.google.com/detail/lastpass-free-password-ma/hdokiejnpimakedhajhdlcegeplioahd,Often targeted by stealers,https://chromewebstore.google.com/detail/hdokiejnpimakedhajhdlcegeplioahd,low,,2026-08-03,ExtSentry (github.com/mthcht/awesome-lists)
caljgklbbfbcjjanaijlacgncafpegll,Avira Password Manager,*caljgklbbfbcjjanaijlacgncafpegll*,password manager,sensitive,https://chromewebstore.google.com/detail/avira-password-manager/caljgklbbfbcjjanaijlacgncafpegll,Often targeted by stealers,https://chromewebstore.google.com/detail/caljgklbbfbcjjanaijlacgncafpegll,low,,2026-08-03,ExtSentry (github.com/mthcht/awesome-lists)
admmjipmmciaobhojoghlmleefbicajg,Norton Password Manager,*admmjipmmciaobhojoghlmleefbicajg*,password manager,sensitive,https://chromewebstore.google.com/detail/norton-password-manager/admmjipmmciaobhojoghlmleefbicajg,Often targeted by stealers,https://chromewebstore.google.com/detail/admmjipmmciaobhojoghlmleefbicajg,low,,2026-08-03,ExtSentry (github.com/mthcht/awesome-lists)
bfogiafebfohielmmehodmfbbebbbpei,Keeper Password Manager & Digital Vault,*bfogiafebfohielmmehodmfbbebbbpei*,password manager,sensitive,https://chromewebstore.google.com/detail/keeper%C2%AE-password-manager/bfogiafebfohielmmehodmfbbebbbpei,Often targeted by stealers,https://chromewebstore.google.com/detail/bfogiafebfohielmmehodmfbbebbbpei,low,,2026-08-03,ExtSentry (github.com/mthcht/awesome-lists)
nngceckbapebfimnlniiiahkandclblb,Bitwarden Password Manager,*nngceckbapebfimnlniiiahkandclblb*,password manager,sensitive,https://chromewebstore.google.com/detail/bitwarden-password-manage/nngceckbapebfimnlniiiahkandclblb,Often targeted by stealers,https://chromewebstore.google.com/detail/nngceckbapebfimnlniiiahkandclblb,low,,2026-08-03,ExtSentry (github.com/mthcht/awesome-lists)
aeblfdkhhhdcdjpifhhbdiojplfjncoa,1Password,*aeblfdkhhhdcdjpifhhbdiojplfjncoa*,password manager,sensitive,https://chromewebstore.google.com/detail/1password-%E2%80%93-password-mana/aeblfdkhhhdcdjpifhhbdiojplfjncoa,Often targeted by stealers,https://chromewebstore.google.com/detail/aeblfdkhhhdcdjpifhhbdiojplfjncoa,low,,2026-08-03,ExtSentry (github.com/mthcht/awesome-lists)
ghmbeldphafepmbegfdlkpapadhbakde,ProtonPass,*ghmbeldphafepmbegfdlkpapadhbakde*,password manager,sensitive,https://chromewebstore.google.com/detail/proton-pass-free-password/ghmbeldphafepmbegfdlkpapadhbakde,Often targeted by stealers,https://chromewebstore.google.com/detail/ghmbeldphafepmbegfdlkpapadhbakde,low,,2026-08-03,ExtSentry (github.com/mthcht/awesome-lists)
fjoaledfpmneenckfbpdfhkmimnjocfa,NordVPN,*fjoaledfpmneenckfbpdfhkmimnjocfa*,PROXY/VPN,Defense Evasion,https://chromewebstore.google.com/detail/nordvpn-vpn-proxy-for-pri/fjoaledfpmneenckfbpdfhkmimnjocfa,Bypassing enterprise security,https://chromewebstore.google.com/detail/fjoaledfpmneenckfbpdfhkmimnjocfa,high,,2026-08-03,ExtSentry (github.com/mthcht/awesome-lists)
fphgeikpdcdcheaochkhldmnfblfogla,NordVPN,*fphgeikpdcdcheaochkhldmnfblfogla*,PROXY/VPN,Defense Evasion,https://microsoftedge.microsoft.com/addons/detail/nordvpn-the-fastest-vpn/fphgeikpdcdcheaochkhldmnfblfogla,Bypassing enterprise security,https://chromewebstore.google.com/detail/fphgeikpdcdcheaochkhldmnfblfogla,high,,2026-08-03,ExtSentry (github.com/mthcht/awesome-lists)
ffbkglfijbcbgblgflchnbphjdllaogb,CyberGhost VPN,*ffbkglfijbcbgblgflchnbphjdllaogb*,PROXY/VPN,Defense Evasion,https://chromewebstore.google.com/detail/stay-secure-with-cybergho/ffbkglfijbcbgblgflchnbphjdllaogb,Bypassing enterprise security,https://chromewebstore.google.com/detail/ffbkglfijbcbgblgflchnbphjdllaogb,high,,2026-08-03,ExtSentry (github.com/mthcht/awesome-lists)
akcocjjpkmlniicdeemdceeajlmoabhg,1VPN,*akcocjjpkmlniicdeemdceeajlmoabhg*,PROXY/VPN,Defense Evasion,https://chromewebstore.google.com/detail/free-vpn-1vpn/akcocjjpkmlniicdeemdceeajlmoabhg,Bypassing enterprise security,https://chromewebstore.google.com/detail/akcocjjpkmlniicdeemdceeajlmoabhg,high,,2026-08-03,ExtSentry (github.com/mthcht/awesome-lists)
fgddmllnllkalaagkghckoinaemmogpe,ExpressVPN,*fgddmllnllkalaagkghckoinaemmogpe*,PROXY/VPN,Defense Evasion,https://chromewebstore.google.com/detail/expressvpn-vpn-proxy-for/fgddmllnllkalaagkghckoinaemmogpe,Bypassing enterprise security,https://chromewebstore.google.com/detail/fgddmllnllkalaagkghckoinaemmogpe,high,,2026-08-03,ExtSentry (github.com/mthcht/awesome-lists)
niapdbllcanepiiimjjndipklodoedlc,Adware.Yontoo,*niapdbllcanepiiimjjndipklodoedlc*,malware,malicious,https://www.trendmicro.com/vinfo/us/threat-encyclopedia/malware/troj_dloader.giw,Trojan Downloader - TROJ_DLOADER.GIW,https://chromewebstore.google.com/detail/niapdbllcanepiiimjjndipklodoedlc,critical,,2026-08-03,ExtSentry (github.com/mthcht/awesome-lists)
lgjdgmdbfhobkdbcjnpnlmhnplnidkkp,N/A,*lgjdgmdbfhobkdbcjnpnlmhnplnidkkp*,malware,malicious,https://palant.info/2023/05/31/more-malicious-extensions-in-chrome-web-store/,malicious extensions observed by palant.info,https://chromewebstore.google.com/detail/lgjdgmdbfhobkdbcjnpnlmhnplnidkkp,critical,,2026-08-03,ExtSentry (github.com/mthcht/awesome-lists)
chmfnmjfghjpdamlofhlonnnnokkpbao,N/A,*chmfnmjfghjpdamlofhlonnnnokkpbao*,malware,malicious,https://palant.info/2023/05/31/more-malicious-extensions-in-chrome-web-store/,malicious extensions observed by palant.info,https://chromewebstore.google.com/detail/chmfnmjfghjpdamlofhlonnnnokkpbao,critical,,2026-08-03,ExtSentry (github.com/mthcht/awesome-lists)
lklmhefoneonjalpjcnhaidnodopinib,N/A,*lklmhefoneonjalpjcnhaidnodopinib*,malware,malicious,https://palant.info/2023/05/31/more-malicious-extensions-in-chrome-web-store/,malicious extensions observed by palant.info,https://chromewebstore.google.com/detail/lklmhefoneonjalpjcnhaidnodopinib,critical,,2026-08-03,ExtSentry (github.com/mthcht/awesome-lists)
ciifcakemmcbbdpmljdohdmbodagmela,N/A,*ciifcakemmcbbdpmljdohdmbodagmela*,malware,malicious,https://palant.info/2023/05/31/more-malicious-extensions-in-chrome-web-store/,malicious extensions observed by palant.info,https://chromewebstore.google.com/detail/ciifcakemmcbbdpmljdohdmbodagmela,critical,,2026-08-03,ExtSentry (github.com/mthcht/awesome-lists)
meljmedplehjlnnaempfdoecookjenph,N/A,*meljmedplehjlnnaempfdoecookjenph*,malware,malicious,https://palant.info/2023/05/31/more-malicious-extensions-in-chrome-web-store/,malicious extensions observed by palant.info,https://chromewebstore.google.com/detail/meljmedplehjlnnaempfdoecookjenph,critical,,2026-08-03,ExtSentry (github.com/mthcht/awesome-lists)
lipmdblppejomolopniipdjlpfjcojob,N/A,*lipmdblppejomolopniipdjlpfjcojob*,malware,malicious,https://palant.info/2023/05/31/more-malicious-extensions-in-chrome-web-store/,malicious extensions observed by palant.info,https://chromewebstore.google.com/detail/lipmdblppejomolopniipdjlpfjcojob,critical,,2026-08-03,ExtSentry (github.com/mthcht/awesome-lists)
lmcboojgmmaafdmgacncdpjnpnnhpmei,N/A,*lmcboojgmmaafdmgacncdpjnpnnhpmei*,malware,malicious,https://palant.info/2023/05/31/more-malicious-extensions-in-chrome-web-store/,malicious extensions observed by palant.info,https://chromewebstore.google.com/detail/lmcboojgmmaafdmgacncdpjnpnnhpmei,critical,,2026-08-03,ExtSentry (github.com/mthcht/awesome-lists)
icnekagcncdgpdnpoecofjinkplbnocm,N/A,*icnekagcncdgpdnpoecofjinkplbnocm*,malware,malicious,https://palant.info/2023/05/31/more-malicious-extensions-in-chrome-web-store/,malicious extensions observed by palant.info,https://chromewebstore.google.com/detail/icnekagcncdgpdnpoecofjinkplbnocm,critical,,2026-08-03,ExtSentry (github.com/mthcht/awesome-lists)
bahogceckgcanpcoabcdgmoidngedmfo,N/A,*bahogceckgcanpcoabcdgmoidngedmfo*,malware,malicious,https://palant.info/2023/05/31/more-malicious-extensions-in-chrome-web-store/,malicious extensions observed by palant.info,https://chromewebstore.google.com/detail/bahogceckgcanpcoabcdgmoidngedmfo,critical,,2026-08-03,ExtSentry (github.com/mthcht/awesome-lists)
bkpdalonclochcahhipekbnedhklcdnp,N/A,*bkpdalonclochcahhipekbnedhklcdnp*,malware,malicious,https://palant.info/2023/05/31/more-malicious-extensions-in-chrome-web-store/,malicious extensions observed by palant.info,https://chromewebstore.google.com/detail/bkpdalonclochcahhipekbnedhklcdnp,critical,,2026-08-03,ExtSentry (github.com/mthcht/awesome-lists)
magnkhldhhgdlhikeighmhlhonpmlolk,N/A,*magnkhldhhgdlhikeighmhlhonpmlolk*,malware,malicious,https://palant.info/2023/05/31/more-malicious-extensions-in-chrome-web-store/,malicious extensions observed by palant.info,https://chromewebstore.google.com/detail/magnkhldhhgdlhikeighmhlhonpmlolk,critical,,2026-08-03,ExtSentry (github.com/mthcht/awesome-lists)
edadmcnnkkkgmofibeehgaffppadbnbi,N/A,*edadmcnnkkkgmofibeehgaffppadbnbi*,malware,malicious,https://palant.info/2023/05/31/more-malicious-extensions-in-chrome-web-store/,malicious extensions observed by palant.info,https://chromewebstore.google.com/detail/edadmcnnkkkgmofibeehgaffppadbnbi,critical,,2026-08-03,ExtSentry (github.com/mthcht/awesome-lists)
ajneghihjbebmnljfhlpdmjjpifeaokc,N/A,*ajneghihjbebmnljfhlpdmjjpifeaokc*,malware,malicious,https://palant.info/2023/05/31/more-malicious-extensions-in-chrome-web-store/,malicious extensions observed by palant.info,https://chromewebstore.google.com/detail/ajneghihjbebmnljfhlpdmjjpifeaokc,critical,,2026-08-03,ExtSentry (github.com/mthcht/awesome-lists)
nadenkhojomjfdcppbhhncbfakfjiabp,N/A,*nadenkhojomjfdcppbhhncbfakfjiabp*,malware,malicious,https://palant.info/2023/05/31/more-malicious-extensions-in-chrome-web-store/,malicious extensions observed by palant.info,https://chromewebstore.google.com/detail/nadenkhojomjfdcppbhhncbfakfjiabp,critical,,2026-08-03,ExtSentry (github.com/mthcht/awesome-lists)
pbdpfhmbdldfoioggnphkiocpidecmbp,N/A,*pbdpfhmbdldfoioggnphkiocpidecmbp*,malware,malicious,https://palant.info/2023/05/31/more-malicious-extensions-in-chrome-web-store/,malicious extensions observed by palant.info,https://chromewebstore.google.com/detail/pbdpfhmbdldfoioggnphkiocpidecmbp,critical,,2026-08-03,ExtSentry (github.com/mthcht/awesome-lists)
hdgdghnfcappcodemanhafioghjhlbpb,N/A,*hdgdghnfcappcodemanhafioghjhlbpb*,malware,malicious,https://palant.info/2023/05/31/more-malicious-extensions-in-chrome-web-store/,malicious extensions observed by palant.info,https://chromewebstore.google.com/detail/hdgdghnfcappcodemanhafioghjhlbpb,critical,,2026-08-03,ExtSentry (github.com/mthcht/awesome-lists)
fbjfihoienmhbjflbobnmimfijpngkpa,N/A,*fbjfihoienmhbjflbobnmimfijpngkpa*,malware,malicious,https://palant.info/2023/05/31/more-malicious-extensions-in-chrome-web-store/,malicious extensions observed by palant.info,https://chromewebstore.google.com/detail/fbjfihoienmhbjflbobnmimfijpngkpa,critical,,2026-08-03,ExtSentry (github.com/mthcht/awesome-lists)
kjeffohcijbnlkgoaibmdcfconakaajm,N/A,*kjeffohcijbnlkgoaibmdcfconakaajm*,malware,malicious,https://palant.info/2023/05/31/more-malicious-extensions-in-chrome-web-store/,malicious extensions observed by palant.info,https://chromewebstore.google.com/detail/kjeffohcijbnlkgoaibmdcfconakaajm,critical,,2026-08-03,ExtSentry (github.com/mthcht/awesome-lists)
djmpbcihmblfdlkcfncodakgopmpgpgh,N/A,*djmpbcihmblfdlkcfncodakgopmpgpgh*,malware,malicious,https://palant.info/2023/05/31/more-malicious-extensions-in-chrome-web-store/,malicious extensions observed by palant.info,https://chromewebstore.google.com/detail/djmpbcihmblfdlkcfncodakgopmpgpgh,critical,,2026-08-03,ExtSentry (github.com/mthcht/awesome-lists)
obeokabcpoilgegepbhlcleanmpgkhcp,N/A,*obeokabcpoilgegepbhlcleanmpgkhcp*,malware,malicious,https://palant.info/2023/05/31/more-malicious-extensions-in-chrome-web-store/,malicious extensions observed by palant.info,https://chromewebstore.google.com/detail/obeokabcpoilgegepbhlcleanmpgkhcp,critical,,2026-08-03,ExtSentry (github.com/mthcht/awesome-lists)
mcmdolplhpeopapnlpbjceoofpgmkahc,N/A,*mcmdolplhpeopapnlpbjceoofpgmkahc*,malware,malicious,https://palant.info/2023/05/31/more-malicious-extensions-in-chrome-web-store/,malicious extensions observed by palant.info,https://chromewebstore.google.com/detail/mcmdolplhpeopapnlpbjceoofpgmkahc,critical,,2026-08-03,ExtSentry (github.com/mthcht/awesome-lists)
dppnhoaonckcimpejpjodcdoenfjleme,N/A,*dppnhoaonckcimpejpjodcdoenfjleme*,malware,malicious,https://palant.info/2023/05/31/more-malicious-extensions-in-chrome-web-store/,malicious extensions observed by palant.info,https://chromewebstore.google.com/detail/dppnhoaonckcimpejpjodcdoenfjleme,critical,,2026-08-03,ExtSentry (github.com/mthcht/awesome-lists)
idgncaddojiejegdmkofblgplkgmeipk,N/A,*idgncaddojiejegdmkofblgplkgmeipk*,malware,malicious,https://palant.info/2023/05/31/more-malicious-extensions-in-chrome-web-store/,malicious extensions observed by palant.info,https://chromewebstore.google.com/detail/idgncaddojiejegdmkofblgplkgmeipk,critical,,2026-08-03,ExtSentry (github.com/mthcht/awesome-lists)
deebfeldnfhemlnidojiiidadkgnglpi,N/A,*deebfeldnfhemlnidojiiidadkgnglpi*,malware,malicious,https://palant.info/2023/05/31/more-malicious-extensions-in-chrome-web-store/,malicious extensions observed by palant.info,https://chromewebstore.google.com/detail/deebfeldnfhemlnidojiiidadkgnglpi,critical,,2026-08-03,ExtSentry (github.com/mthcht/awesome-lists)
gfbgiekofllpkpaoadjhbbfnljbcimoh,N/A,*gfbgiekofllpkpaoadjhbbfnljbcimoh*,malware,malicious,https://palant.info/2023/05/31/more-malicious-extensions-in-chrome-web-store/,malicious extensions observed by palant.info,https://chromewebstore.google.com/detail/gfbgiekofllpkpaoadjhbbfnljbcimoh,critical,,2026-08-03,ExtSentry (github.com/mthcht/awesome-lists)
pbebadpeajadcmaoofljnnfgofehnpeo,N/A,*pbebadpeajadcmaoofljnnfgofehnpeo*,malware,malicious,https://palant.info/2023/05/31/more-malicious-extensions-in-chrome-web-store/,malicious extensions observed by palant.info,https://chromewebstore.google.com/detail/pbebadpeajadcmaoofljnnfgofehnpeo,critical,,2026-08-03,ExtSentry (github.com/mthcht/awesome-lists)
flmihfcdcgigpfcfjpdcniidbfnffdcf,N/A,*flmihfcdcgigpfcfjpdcniidbfnffdcf*,malware,malicious,https://palant.info/2023/05/31/more-malicious-extensions-in-chrome-web-store/,malicious extensions observed by palant.info,https://chromewebstore.google.com/detail/flmihfcdcgigpfcfjpdcniidbfnffdcf,critical,,2026-08-03,ExtSentry (github.com/mthcht/awesome-lists)
pinnfpbpjancnbidnnhpemakncopaega,N/A,*pinnfpbpjancnbidnnhpemakncopaega*,malware,malicious,https://palant.info/2023/05/31/more-malicious-extensions-in-chrome-web-store/,malicious extensions observed by palant.info,https://chromewebstore.google.com/detail/pinnfpbpjancnbidnnhpemakncopaega,critical,,2026-08-03,ExtSentry (github.com/mthcht/awesome-lists)
iicpikopjmmincpjkckdngpkmlcchold,N/A,*iicpikopjmmincpjkckdngpkmlcchold*,malware,malicious,https://palant.info/2023/05/31/more-malicious-extensions-in-chrome-web-store/,malicious extensions observed by palant.info,https://chromewebstore.google.com/detail/iicpikopjmmincpjkckdngpkmlcchold,critical,,2026-08-03,ExtSentry (github.com/mthcht/awesome-lists)
bjlcpoknpgaoaollojjdnbdojdclidkh,N/A,*bjlcpoknpgaoaollojjdnbdojdclidkh*,malware,malicious,https://palant.info/2023/05/31/more-malicious-extensions-in-chrome-web-store/,malicious extensions observed by palant.info,https://chromewebstore.google.com/detail/bjlcpoknpgaoaollojjdnbdojdclidkh,critical,,2026-08-03,ExtSentry (github.com/mthcht/awesome-lists)
okclicinnbnfkgchommiamjnkjcibfid,N/A,*okclicinnbnfkgchommiamjnkjcibfid*,malware,malicious,https://palant.info/2023/05/31/more-malicious-extensions-in-chrome-web-store/,malicious extensions observed by palant.info,https://chromewebstore.google.com/detail/okclicinnbnfkgchommiamjnkjcibfid,critical,,2026-08-03,ExtSentry (github.com/mthcht/awesome-lists)
pcjmcnhpobkjnhajhhleejfmpeoahclc,N/A,*pcjmcnhpobkjnhajhhleejfmpeoahclc*,malware,malicious,https://palant.info/2023/05/31/more-malicious-extensions-in-chrome-web-store/,malicious extensions observed by palant.info,https://chromewebstore.google.com/detail/pcjmcnhpobkjnhajhhleejfmpeoahclc,critical,,2026-08-03,ExtSentry (github.com/mthcht/awesome-lists)
hinhmojdkodmficpockledafoeodokmc,N/A,*hinhmojdkodmficpockledafoeodokmc*,malware,malicious,https://palant.info/2023/05/31/more-malicious-extensions-in-chrome-web-store/,malicious extensions observed by palant.info,https://chromewebstore.google.com/detail/hinhmojdkodmficpockledafoeodokmc,critical,,2026-08-03,ExtSentry (github.com/mthcht/awesome-lists)
gcnceeflimggoamelclcbhcdggcmnglm,N/A,*gcnceeflimggoamelclcbhcdggcmnglm*,malware,malicious,https://palant.info/2023/05/31/more-malicious-extensions-in-chrome-web-store/,malicious extensions observed by palant.info,https://chromewebstore.google.com/detail/gcnceeflimggoamelclcbhcdggcmnglm,critical,,2026-08-03,ExtSentry (github.com/mthcht/awesome-lists)
kacljcbejojnapnmiifgckbafkojcncf,N/A,*kacljcbejojnapnmiifgckbafkojcncf*,malware,malicious,https://palant.info/2023/06/05/introducing-pcvark-and-their-malicious-ad-blockers/,malicious extensions observed by palant.info,https://chromewebstore.google.com/detail/kacljcbejojnapnmiifgckbafkojcncf,critical,,2026-08-03,ExtSentry (github.com/mthcht/awesome-lists)
jhkhlgaomejplkanglolfpcmfknnomle,N/A,*jhkhlgaomejplkanglolfpcmfknnomle*,malware,malicious,https://palant.info/2023/06/05/introducing-pcvark-and-their-malicious-ad-blockers/,malicious extensions observed by palant.info,https://chromewebstore.google.com/detail/jhkhlgaomejplkanglolfpcmfknnomle,critical,,2026-08-03,ExtSentry (github.com/mthcht/awesome-lists)
nkmooloiipfcknccapehflmampkaniji,N/A,*nkmooloiipfcknccapehflmampkaniji*,malware,malicious,https://palant.info/2023/06/05/introducing-pcvark-and-their-malicious-ad-blockers/,malicious extensions observed by palant.info,https://chromewebstore.google.com/detail/nkmooloiipfcknccapehflmampkaniji,critical,,2026-08-03,ExtSentry (github.com/mthcht/awesome-lists)
kgddnoifhgfdhcpbkkjdgokfnkkmdcen,N/A,*kgddnoifhgfdhcpbkkjdgokfnkkmdcen*,malware,malicious,https://palant.info/2023/06/05/introducing-pcvark-and-their-malicious-ad-blockers/,malicious extensions observed by palant.info,https://chromewebstore.google.com/detail/kgddnoifhgfdhcpbkkjdgokfnkkmdcen,critical,,2026-08-03,ExtSentry (github.com/mthcht/awesome-lists)
gbdjcgalliefpinpmggefbloehmmknca,N/A,*gbdjcgalliefpinpmggefbloehmmknca*,malware,malicious,https://palant.info/2023/06/08/another-cluster-of-potentially-malicious-chrome-extensions/,malicious extensions observed by palant.info,https://chromewebstore.google.com/detail/gbdjcgalliefpinpmggefbloehmmknca,critical,,2026-08-03,ExtSentry (github.com/mthcht/awesome-lists)
eggeoellnjnnglaibpcmggjnjifeebpi,N/A,*eggeoellnjnnglaibpcmggjnjifeebpi*,malware,malicious,https://palant.info/2023/06/08/another-cluster-of-potentially-malicious-chrome-extensions/,malicious extensions observed by palant.info,https://chromewebstore.google.com/detail/eggeoellnjnnglaibpcmggjnjifeebpi,critical,,2026-08-03,ExtSentry (github.com/mthcht/awesome-lists)
ionpbgeeliajehajombdeflogfpgmmel,N/A,*ionpbgeeliajehajombdeflogfpgmmel*,malware,malicious,https://palant.info/2023/06/08/another-cluster-of-potentially-malicious-chrome-extensions/,malicious extensions observed by palant.info,https://chromewebstore.google.com/detail/ionpbgeeliajehajombdeflogfpgmmel,critical,,2026-08-03,ExtSentry (github.com/mthcht/awesome-lists)
jaekigmcljkkalnicnjoafgfjoefkpeg,N/A,*jaekigmcljkkalnicnjoafgfjoefkpeg*,malware,malicious,https://palant.info/2023/06/08/another-cluster-of-potentially-malicious-chrome-extensions/,malicious extensions observed by palant.info,https://chromewebstore.google.com/detail/jaekigmcljkkalnicnjoafgfjoefkpeg,critical,,2026-08-03,ExtSentry (github.com/mthcht/awesome-lists)
aeilijiaejfdnbagnpannhdoaljpkbhe,N/A,*aeilijiaejfdnbagnpannhdoaljpkbhe*,malware,malicious,https://palant.info/2023/06/08/another-cluster-of-potentially-malicious-chrome-extensions/,malicious extensions observed by palant.info,https://chromewebstore.google.com/detail/aeilijiaejfdnbagnpannhdoaljpkbhe,critical,,2026-08-03,ExtSentry (github.com/mthcht/awesome-lists)
afdfpkhbdpioonfeknablodaejkklbdn,N/A,*afdfpkhbdpioonfeknablodaejkklbdn*,malware,malicious,https://palant.info/2023/06/08/another-cluster-of-potentially-malicious-chrome-extensions/,malicious extensions observed by palant.info,https://chromewebstore.google.com/detail/afdfpkhbdpioonfeknablodaejkklbdn,critical,,2026-08-03,ExtSentry (github.com/mthcht/awesome-lists)
anflghppebdhjipndogapfagemgnlblh,N/A,*anflghppebdhjipndogapfagemgnlblh*,malware,malicious,https://palant.info/2023/06/08/another-cluster-of-potentially-malicious-chrome-extensions/,malicious extensions observed by palant.info,https://chromewebstore.google.com/detail/anflghppebdhjipndogapfagemgnlblh,critical,,2026-08-03,ExtSentry (github.com/mthcht/awesome-lists)
anmbbeeiaollmpadookgoakpfjkbidaf,N/A,*anmbbeeiaollmpadookgoakpfjkbidaf*,malware,malicious,https://palant.info/2023/06/08/another-cluster-of-potentially-malicious-chrome-extensions/,malicious extensions observed by palant.info,https://chromewebstore.google.com/detail/anmbbeeiaollmpadookgoakpfjkbidaf,critical,,2026-08-03,ExtSentry (github.com/mthcht/awesome-lists)
bebmphofpgkhclocdbgomhnjcpelbenh,N/A,*bebmphofpgkhclocdbgomhnjcpelbenh*,malware,malicious,https://palant.info/2023/06/08/another-cluster-of-potentially-malicious-chrome-extensions/,malicious extensions observed by palant.info,https://chromewebstore.google.com/detail/bebmphofpgkhclocdbgomhnjcpelbenh,critical,,2026-08-03,ExtSentry (github.com/mthcht/awesome-lists)
bmkgbgkneealfabgnjfeljaiegpginpl,N/A,*bmkgbgkneealfabgnjfeljaiegpginpl*,malware,malicious,https://palant.info/2023/06/08/another-cluster-of-potentially-malicious-chrome-extensions/,malicious extensions observed by palant.info,https://chromewebstore.google.com/detail/bmkgbgkneealfabgnjfeljaiegpginpl,critical,,2026-08-03,ExtSentry (github.com/mthcht/awesome-lists)
ccjlpblmgkncnnimcmbanbnhbggdpkie,N/A,*ccjlpblmgkncnnimcmbanbnhbggdpkie*,malware,malicious,https://palant.info/2023/06/08/another-cluster-of-potentially-malicious-chrome-extensions/,malicious extensions observed by palant.info,https://chromewebstore.google.com/detail/ccjlpblmgkncnnimcmbanbnhbggdpkie,critical,,2026-08-03,ExtSentry (github.com/mthcht/awesome-lists)
cclhgechkjghfaoebihpklmllnnlnbdb,N/A,*cclhgechkjghfaoebihpklmllnnlnbdb*,malware,malicious,https://palant.info/2023/06/08/another-cluster-of-potentially-malicious-chrome-extensions/,malicious extensions observed by palant.info,https://chromewebstore.google.com/detail/cclhgechkjghfaoebihpklmllnnlnbdb,critical,,2026-08-03,ExtSentry (github.com/mthcht/awesome-lists)
cfegchignldpfnjpodhcklmgleaoanhi,N/A,*cfegchignldpfnjpodhcklmgleaoanhi*,malware,malicious,https://palant.info/2023/06/08/another-cluster-of-potentially-malicious-chrome-extensions/,malicious extensions observed by palant.info,https://chromewebstore.google.com/detail/cfegchignldpfnjpodhcklmgleaoanhi,critical,,2026-08-03,ExtSentry (github.com/mthcht/awesome-lists)
cfllfglbkmnbkcibbjoghimalbileaic,N/A,*cfllfglbkmnbkcibbjoghimalbileaic*,malware,malicious,https://palant.info/2023/06/08/another-cluster-of-potentially-malicious-chrome-extensions/,malicious extensions observed by palant.info,https://chromewebstore.google.com/detail/cfllfglbkmnbkcibbjoghimalbileaic,critical,,2026-08-03,ExtSentry (github.com/mthcht/awesome-lists)
cjljdgfhkjbdbkcdkfojleidpldagmao,N/A,*cjljdgfhkjbdbkcdkfojleidpldagmao*,malware,malicious,https://palant.info/2023/06/08/another-cluster-of-potentially-malicious-chrome-extensions/,malicious extensions observed by palant.info,https://chromewebstore.google.com/detail/cjljdgfhkjbdbkcdkfojleidpldagmao,critical,,2026-08-03,ExtSentry (github.com/mthcht/awesome-lists)
coabfkgengacobjpmdlmmihhhfnhbjdm,N/A,*coabfkgengacobjpmdlmmihhhfnhbjdm*,malware,malicious,https://palant.info/2023/06/08/another-cluster-of-potentially-malicious-chrome-extensions/,malicious extensions observed by palant.info,https://chromewebstore.google.com/detail/coabfkgengacobjpmdlmmihhhfnhbjdm,critical,,2026-08-03,ExtSentry (github.com/mthcht/awesome-lists)
dcaffjpclkkjfacgfofgpjbmgjnjlpmh,N/A,*dcaffjpclkkjfacgfofgpjbmgjnjlpmh*,malware,malicious,https://palant.info/2023/06/08/another-cluster-of-potentially-malicious-chrome-extensions/,malicious extensions observed by palant.info,https://chromewebstore.google.com/detail/dcaffjpclkkjfacgfofgpjbmgjnjlpmh,critical,,2026-08-03,ExtSentry (github.com/mthcht/awesome-lists)
djekgpcemgcnfkjldcclcpcjhemofcib,N/A,*djekgpcemgcnfkjldcclcpcjhemofcib*,malware,malicious,https://palant.info/2023/06/08/another-cluster-of-potentially-malicious-chrome-extensions/,malicious extensions observed by palant.info,https://chromewebstore.google.com/detail/djekgpcemgcnfkjldcclcpcjhemofcib,critical,,2026-08-03,ExtSentry (github.com/mthcht/awesome-lists)
dkbccihpiccbcheieabdbjikohfdfaje,N/A,*dkbccihpiccbcheieabdbjikohfdfaje*,malware,malicious,https://palant.info/2023/06/08/another-cluster-of-potentially-malicious-chrome-extensions/,malicious extensions observed by palant.info,https://chromewebstore.google.com/detail/dkbccihpiccbcheieabdbjikohfdfaje,critical,,2026-08-03,ExtSentry (github.com/mthcht/awesome-lists)
dlpimjmonhbmamocpboifndnnakgknbf,N/A,*dlpimjmonhbmamocpboifndnnakgknbf*,malware,malicious,https://palant.info/2023/06/08/another-cluster-of-potentially-malicious-chrome-extensions/,malicious extensions observed by palant.info,https://chromewebstore.google.com/detail/dlpimjmonhbmamocpboifndnnakgknbf,critical,,2026-08-03,ExtSentry (github.com/mthcht/awesome-lists)
dmbjkidogjmmlejdmnecpmfapdmidfjg,N/A,*dmbjkidogjmmlejdmnecpmfapdmidfjg*,malware,malicious,https://palant.info/2023/06/08/another-cluster-of-potentially-malicious-chrome-extensions/,malicious extensions observed by palant.info,https://chromewebstore.google.com/detail/dmbjkidogjmmlejdmnecpmfapdmidfjg,critical,,2026-08-03,ExtSentry (github.com/mthcht/awesome-lists)
dneifdhdmnmmlobjbimlkcnhkbidmlek,N/A,*dneifdhdmnmmlobjbimlkcnhkbidmlek*,malware,malicious,https://palant.info/2023/06/08/another-cluster-of-potentially-malicious-chrome-extensions/,malicious extensions observed by palant.info,https://chromewebstore.google.com/detail/dneifdhdmnmmlobjbimlkcnhkbidmlek,critical,,2026-08-03,ExtSentry (github.com/mthcht/awesome-lists)
doiiaejbgndnnnomcdhefcbfnbbjfbib,N/A,*doiiaejbgndnnnomcdhefcbfnbbjfbib*,malware,malicious,https://palant.info/2023/06/08/another-cluster-of-potentially-malicious-chrome-extensions/,malicious extensions observed by palant.info,https://chromewebstore.google.com/detail/doiiaejbgndnnnomcdhefcbfnbbjfbib,critical,,2026-08-03,ExtSentry (github.com/mthcht/awesome-lists)
dpfofggmkhdbfcciajfdphofclabnogo,N/A,*dpfofggmkhdbfcciajfdphofclabnogo*,malware,malicious,https://palant.info/2023/06/08/another-cluster-of-potentially-malicious-chrome-extensions/,malicious extensions observed by palant.info,https://chromewebstore.google.com/detail/dpfofggmkhdbfcciajfdphofclabnogo,critical,,2026-08-03,ExtSentry (github.com/mthcht/awesome-lists)
eabhkjojehdleajkbigffmpnaelncapp,N/A,*eabhkjojehdleajkbigffmpnaelncapp*,malware,malicious,https://palant.info/2023/06/08/another-cluster-of-potentially-malicious-chrome-extensions/,malicious extensions observed by palant.info,https://chromewebstore.google.com/detail/eabhkjojehdleajkbigffmpnaelncapp,critical,,2026-08-03,ExtSentry (github.com/mthcht/awesome-lists)
ealojglnbikknifbgleaceopepceakfn,N/A,*ealojglnbikknifbgleaceopepceakfn*,malware,malicious,https://palant.info/2023/06/08/another-cluster-of-potentially-malicious-chrome-extensions/,malicious extensions observed by palant.info,https://chromewebstore.google.com/detail/ealojglnbikknifbgleaceopepceakfn,critical,,2026-08-03,ExtSentry (github.com/mthcht/awesome-lists)
ebdbcfomjliacpblnioignhfhjeajpch,N/A,*ebdbcfomjliacpblnioignhfhjeajpch*,malware,malicious,https://palant.info/2023/06/08/another-cluster-of-potentially-malicious-chrome-extensions/,malicious extensions observed by palant.info,https://chromewebstore.google.com/detail/ebdbcfomjliacpblnioignhfhjeajpch,critical,,2026-08-03,ExtSentry (github.com/mthcht/awesome-lists)
edlifbnjlicfpckhgjhflgkeeibhhcii,N/A,*edlifbnjlicfpckhgjhflgkeeibhhcii*,malware,malicious,https://palant.info/2023/06/08/another-cluster-of-potentially-malicious-chrome-extensions/,malicious extensions observed by palant.info,https://chromewebstore.google.com/detail/edlifbnjlicfpckhgjhflgkeeibhhcii,critical,,2026-08-03,ExtSentry (github.com/mthcht/awesome-lists)
ehmneimbopigfgchjglgngamiccjkijh,N/A,*ehmneimbopigfgchjglgngamiccjkijh*,malware,malicious,https://palant.info/2023/06/08/another-cluster-of-potentially-malicious-chrome-extensions/,malicious extensions observed by palant.info,https://chromewebstore.google.com/detail/ehmneimbopigfgchjglgngamiccjkijh,critical,,2026-08-03,ExtSentry (github.com/mthcht/awesome-lists)
ehpgcagmhpndkmglombjndkdmggkgnge,N/A,*ehpgcagmhpndkmglombjndkdmggkgnge*,malware,malicious,https://palant.info/2023/06/08/another-cluster-of-potentially-malicious-chrome-extensions/,malicious extensions observed by palant.info,https://chromewebstore.google.com/detail/ehpgcagmhpndkmglombjndkdmggkgnge,critical,,2026-08-03,ExtSentry (github.com/mthcht/awesome-lists)
ejllkedmklophclpgonojjkaliafeilj,N/A,*ejllkedmklophclpgonojjkaliafeilj*,malware,malicious,https://palant.info/2023/06/08/another-cluster-of-potentially-malicious-chrome-extensions/,malicious extensions observed by palant.info,https://chromewebstore.google.com/detail/ejllkedmklophclpgonojjkaliafeilj,critical,,2026-08-03,ExtSentry (github.com/mthcht/awesome-lists)
ekjogkoigkhbgdgpolejnjfmhdcgaoof,N/A,*ekjogkoigkhbgdgpolejnjfmhdcgaoof*,malware,malicious,https://palant.info/2023/06/08/another-cluster-of-potentially-malicious-chrome-extensions/,malicious extensions observed by palant.info,https://chromewebstore.google.com/detail/ekjogkoigkhbgdgpolejnjfmhdcgaoof,critical,,2026-08-03,ExtSentry (github.com/mthcht/awesome-lists)
elpdbicokgbedckgblmbhoamophfbchi,N/A,*elpdbicokgbedckgblmbhoamophfbchi*,malware,malicious,https://palant.info/2023/06/08/another-cluster-of-potentially-malicious-chrome-extensions/,malicious extensions observed by palant.info,https://chromewebstore.google.com/detail/elpdbicokgbedckgblmbhoamophfbchi,critical,,2026-08-03,ExtSentry (github.com/mthcht/awesome-lists)
emeokgokialpjadjaoeiplmnkjoaegng,N/A,*emeokgokialpjadjaoeiplmnkjoaegng*,malware,malicious,https://palant.info/2023/06/08/another-cluster-of-potentially-malicious-chrome-extensions/,malicious extensions observed by palant.info,https://chromewebstore.google.com/detail/emeokgokialpjadjaoeiplmnkjoaegng,critical,,2026-08-03,ExtSentry (github.com/mthcht/awesome-lists)
epeigjgefhajkiiallmfblgglmdbhfab,N/A,*epeigjgefhajkiiallmfblgglmdbhfab*,malware,malicious,https://palant.info/2023/06/08/another-cluster-of-potentially-malicious-chrome-extensions/,malicious extensions observed by palant.info,https://chromewebstore.google.com/detail/epeigjgefhajkiiallmfblgglmdbhfab,critical,,2026-08-03,ExtSentry (github.com/mthcht/awesome-lists)
eplfglplnlljjpeiccbgnijecmkeimed,N/A,*eplfglplnlljjpeiccbgnijecmkeimed*,malware,malicious,https://palant.info/2023/06/08/another-cluster-of-potentially-malicious-chrome-extensions/,malicious extensions observed by palant.info,https://chromewebstore.google.com/detail/eplfglplnlljjpeiccbgnijecmkeimed,critical,,2026-08-03,ExtSentry (github.com/mthcht/awesome-lists)
fbbjijdngocdplimineplmdllhjkaece,N/A,*fbbjijdngocdplimineplmdllhjkaece*,malware,malicious,https://palant.info/2023/06/08/another-cluster-of-potentially-malicious-chrome-extensions/,malicious extensions observed by palant.info,https://chromewebstore.google.com/detail/fbbjijdngocdplimineplmdllhjkaece,critical,,2026-08-03,ExtSentry (github.com/mthcht/awesome-lists)
fbjhgeaafhlbjiejehpjdnghinlcceak,N/A,*fbjhgeaafhlbjiejehpjdnghinlcceak*,malware,malicious,https://palant.info/2023/06/08/another-cluster-of-potentially-malicious-chrome-extensions/,malicious extensions observed by palant.info,https://chromewebstore.google.com/detail/fbjhgeaafhlbjiejehpjdnghinlcceak,critical,,2026-08-03,ExtSentry (github.com/mthcht/awesome-lists)
fedchalbmgfhdobblebblldiblbmpgdj,N/A,*fedchalbmgfhdobblebblldiblbmpgdj*,malware,malicious,https://palant.info/2023/06/08/another-cluster-of-potentially-malicious-chrome-extensions/,malicious extensions observed by palant.info,https://chromewebstore.google.com/detail/fedchalbmgfhdobblebblldiblbmpgdj,critical,,2026-08-03,ExtSentry (github.com/mthcht/awesome-lists)
fobaamfiblkoobhjpiigemmdegbmpohd,N/A,*fobaamfiblkoobhjpiigemmdegbmpohd*,malware,malicious,https://palant.info/2023/06/08/another-cluster-of-potentially-malicious-chrome-extensions/,malicious extensions observed by palant.info,https://chromewebstore.google.com/detail/fobaamfiblkoobhjpiigemmdegbmpohd,critical,,2026-08-03,ExtSentry (github.com/mthcht/awesome-lists)
gceehiicnbpehbbdaloolaanlnddailm,N/A,*gceehiicnbpehbbdaloolaanlnddailm*,malware,malicious,https://palant.info/2023/06/08/another-cluster-of-potentially-malicious-chrome-extensions/,malicious extensions observed by palant.info,https://chromewebstore.google.com/detail/gceehiicnbpehbbdaloolaanlnddailm,critical,,2026-08-03,ExtSentry (github.com/mthcht/awesome-lists)
ggacghlcchiiejclfdajbpkbjfgjhfol,N/A,*ggacghlcchiiejclfdajbpkbjfgjhfol*,malware,malicious,https://palant.info/2023/06/08/another-cluster-of-potentially-malicious-chrome-extensions/,malicious extensions observed by palant.info,https://chromewebstore.google.com/detail/ggacghlcchiiejclfdajbpkbjfgjhfol,critical,,2026-08-03,ExtSentry (github.com/mthcht/awesome-lists)
gjjbmfigjpgnehjioicaalopaikcnheo,N/A,*gjjbmfigjpgnehjioicaalopaikcnheo*,malware,malicious,https://palant.info/2023/06/08/another-cluster-of-potentially-malicious-chrome-extensions/,malicious extensions observed by palant.info,https://chromewebstore.google.com/detail/gjjbmfigjpgnehjioicaalopaikcnheo,critical,,2026-08-03,ExtSentry (github.com/mthcht/awesome-lists)
gpdfpljioapjogbnlpmganakfjcemifk,N/A,*gpdfpljioapjogbnlpmganakfjcemifk*,malware,malicious,https://palant.info/2023/06/08/another-cluster-of-potentially-malicious-chrome-extensions/,malicious extensions observed by palant.info,https://chromewebstore.google.com/detail/gpdfpljioapjogbnlpmganakfjcemifk,critical,,2026-08-03,ExtSentry (github.com/mthcht/awesome-lists)
hjlekdknhjogancdagnndeenmobeofgm,N/A,*hjlekdknhjogancdagnndeenmobeofgm*,malware,malicious,https://palant.info/2023/06/08/another-cluster-of-potentially-malicious-chrome-extensions/,malicious extensions observed by palant.info,https://chromewebstore.google.com/detail/hjlekdknhjogancdagnndeenmobeofgm,critical,,2026-08-03,ExtSentry (github.com/mthcht/awesome-lists)
hlbdhflagoegglpdminhlpenkdgloabe,N/A,*hlbdhflagoegglpdminhlpenkdgloabe*,malware,malicious,https://palant.info/2023/06/08/another-cluster-of-potentially-malicious-chrome-extensions/,malicious extensions observed by palant.info,https://chromewebstore.google.com/detail/hlbdhflagoegglpdminhlpenkdgloabe,critical,,2026-08-03,ExtSentry (github.com/mthcht/awesome-lists)
hnfabcchmopgohnhkcojhocneefbnffg,N/A,*hnfabcchmopgohnhkcojhocneefbnffg*,malware,malicious,https://palant.info/2023/06/08/another-cluster-of-potentially-malicious-chrome-extensions/,malicious extensions observed by palant.info,https://chromewebstore.google.com/detail/hnfabcchmopgohnhkcojhocneefbnffg,critical,,2026-08-03,ExtSentry (github.com/mthcht/awesome-lists)
iabflonngmpkalkpbjonemaamlgdghea,N/A,*iabflonngmpkalkpbjonemaamlgdghea*,malware,malicious,https://palant.info/2023/06/08/another-cluster-of-potentially-malicious-chrome-extensions/,malicious extensions observed by palant.info,https://chromewebstore.google.com/detail/iabflonngmpkalkpbjonemaamlgdghea,critical,,2026-08-03,ExtSentry (github.com/mthcht/awesome-lists)
ibppednjgooiepmkgdcoppnmbhmieefh,N/A,*ibppednjgooiepmkgdcoppnmbhmieefh*,malware,malicious,https://palant.info/2023/06/08/another-cluster-of-potentially-malicious-chrome-extensions/,malicious extensions observed by palant.info,https://chromewebstore.google.com/detail/ibppednjgooiepmkgdcoppnmbhmieefh,critical,,2026-08-03,ExtSentry (github.com/mthcht/awesome-lists)
icchadngbpkcegnabnabhkjkfkfflmpj,N/A,*icchadngbpkcegnabnabhkjkfkfflmpj*,malware,malicious,https://palant.info/2023/06/08/another-cluster-of-potentially-malicious-chrome-extensions/,malicious extensions observed by palant.info,https://chromewebstore.google.com/detail/icchadngbpkcegnabnabhkjkfkfflmpj,critical,,2026-08-03,ExtSentry (github.com/mthcht/awesome-lists)
ielooaepfhfcnmihgnabkldnpddnnldl,N/A,*ielooaepfhfcnmihgnabkldnpddnnldl*,malware,malicious,https://palant.info/2023/06/08/another-cluster-of-potentially-malicious-chrome-extensions/,malicious extensions observed by palant.info,https://chromewebstore.google.com/detail/ielooaepfhfcnmihgnabkldnpddnnldl,critical,,2026-08-03,ExtSentry (github.com/mthcht/awesome-lists)
ifdepgnnjpnbkcgempionjablajancjc,N/A,*ifdepgnnjpnbkcgempionjablajancjc*,malware,malicious,https://palant.info/2023/06/08/another-cluster-of-potentially-malicious-chrome-extensions/,malicious extensions observed by palant.info,https://chromewebstore.google.com/detail/ifdepgnnjpnbkcgempionjablajancjc,critical,,2026-08-03,ExtSentry (github.com/mthcht/awesome-lists)
ijejnggjjphlenbhmjhhgcdpehhacaal,N/A,*ijejnggjjphlenbhmjhhgcdpehhacaal*,malware,malicious,https://palant.info/2023/06/08/another-cluster-of-potentially-malicious-chrome-extensions/,malicious extensions observed by palant.info,https://chromewebstore.google.com/detail/ijejnggjjphlenbhmjhhgcdpehhacaal,critical,,2026-08-03,ExtSentry (github.com/mthcht/awesome-lists)
iklgljbighkgbjoecoddejooldolenbj,N/A,*iklgljbighkgbjoecoddejooldolenbj*,malware,malicious,https://palant.info/2023/06/08/another-cluster-of-potentially-malicious-chrome-extensions/,malicious extensions observed by palant.info,https://chromewebstore.google.com/detail/iklgljbighkgbjoecoddejooldolenbj,critical,,2026-08-03,ExtSentry (github.com/mthcht/awesome-lists)
imopknpgdihifjkjpmjaagcagkefddnb,N/A,*imopknpgdihifjkjpmjaagcagkefddnb*,malware,malicious,https://palant.info/2023/06/08/another-cluster-of-potentially-malicious-chrome-extensions/,malicious extensions observed by palant.info,https://chromewebstore.google.com/detail/imopknpgdihifjkjpmjaagcagkefddnb,critical,,2026-08-03,ExtSentry (github.com/mthcht/awesome-lists)
jchmabokofdoabocpiicjljelmackhho,N/A,*jchmabokofdoabocpiicjljelmackhho*,malware,malicious,https://palant.info/2023/06/08/another-cluster-of-potentially-malicious-chrome-extensions/,malicious extensions observed by palant.info,https://chromewebstore.google.com/detail/jchmabokofdoabocpiicjljelmackhho,critical,,2026-08-03,ExtSentry (github.com/mthcht/awesome-lists)
jdlkkmamiaikhfampledjnhhkbeifokk,N/A,*jdlkkmamiaikhfampledjnhhkbeifokk*,malware,malicious,https://palant.info/2023/06/08/another-cluster-of-potentially-malicious-chrome-extensions/,malicious extensions observed by palant.info,https://chromewebstore.google.com/detail/jdlkkmamiaikhfampledjnhhkbeifokk,critical,,2026-08-03,ExtSentry (github.com/mthcht/awesome-lists)
jglemppahimembneahjbkhjknnefeeio,N/A,*jglemppahimembneahjbkhjknnefeeio*,malware,malicious,https://palant.info/2023/06/08/another-cluster-of-potentially-malicious-chrome-extensions/,malicious extensions observed by palant.info,https://chromewebstore.google.com/detail/jglemppahimembneahjbkhjknnefeeio,critical,,2026-08-03,ExtSentry (github.com/mthcht/awesome-lists)
jiaopkfkampgnnkckajcbdgannoipcne,N/A,*jiaopkfkampgnnkckajcbdgannoipcne*,malware,malicious,https://palant.info/2023/06/08/another-cluster-of-potentially-malicious-chrome-extensions/,malicious extensions observed by palant.info,https://chromewebstore.google.com/detail/jiaopkfkampgnnkckajcbdgannoipcne,critical,,2026-08-03,ExtSentry (github.com/mthcht/awesome-lists)
jjgnkfncaadmaobenjjpmngdpgalemho,N/A,*jjgnkfncaadmaobenjjpmngdpgalemho*,malware,malicious,https://palant.info/2023/06/08/another-cluster-of-potentially-malicious-chrome-extensions/,malicious extensions observed by palant.info,https://chromewebstore.google.com/detail/jjgnkfncaadmaobenjjpmngdpgalemho,critical,,2026-08-03,ExtSentry (github.com/mthcht/awesome-lists)
jlbpahgopcmomkgegpbmopfodolajhbl,N/A,*jlbpahgopcmomkgegpbmopfodolajhbl*,malware,malicious,https://palant.info/2023/06/08/another-cluster-of-potentially-malicious-chrome-extensions/,malicious extensions observed by palant.info,https://chromewebstore.google.com/detail/jlbpahgopcmomkgegpbmopfodolajhbl,critical,,2026-08-03,ExtSentry (github.com/mthcht/awesome-lists)
jpefmbpcbebpjpmelobfakahfdcgcmkl,N/A,*jpefmbpcbebpjpmelobfakahfdcgcmkl*,malware,malicious,https://palant.info/2023/06/08/another-cluster-of-potentially-malicious-chrome-extensions/,malicious extensions observed by palant.info,https://chromewebstore.google.com/detail/jpefmbpcbebpjpmelobfakahfdcgcmkl,critical,,2026-08-03,ExtSentry (github.com/mthcht/awesome-lists)
khdnaopfklkdcloiinccnaflffmfcioa,N/A,*khdnaopfklkdcloiinccnaflffmfcioa*,malware,malicious,https://palant.info/2023/06/08/another-cluster-of-potentially-malicious-chrome-extensions/,malicious extensions observed by palant.info,https://chromewebstore.google.com/detail/khdnaopfklkdcloiinccnaflffmfcioa,critical,,2026-08-03,ExtSentry (github.com/mthcht/awesome-lists)
kjgkmceledmpdnmgmppiekdbnamccdjp,N/A,*kjgkmceledmpdnmgmppiekdbnamccdjp*,malware,malicious,https://palant.info/2023/06/08/another-cluster-of-potentially-malicious-chrome-extensions/,malicious extensions observed by palant.info,https://chromewebstore.google.com/detail/kjgkmceledmpdnmgmppiekdbnamccdjp,critical,,2026-08-03,ExtSentry (github.com/mthcht/awesome-lists)
laameccjpleogmfhilmffpdbiibgbekf,N/A,*laameccjpleogmfhilmffpdbiibgbekf*,malware,malicious,https://palant.info/2023/06/08/another-cluster-of-potentially-malicious-chrome-extensions/,malicious extensions observed by palant.info,https://chromewebstore.google.com/detail/laameccjpleogmfhilmffpdbiibgbekf,critical,,2026-08-03,ExtSentry (github.com/mthcht/awesome-lists)
lagdcjmbchphhndlbpfajelapcodekll,N/A,*lagdcjmbchphhndlbpfajelapcodekll*,malware,malicious,https://palant.info/2023/06/08/another-cluster-of-potentially-malicious-chrome-extensions/,malicious extensions observed by palant.info,https://chromewebstore.google.com/detail/lagdcjmbchphhndlbpfajelapcodekll,critical,,2026-08-03,ExtSentry (github.com/mthcht/awesome-lists)
lbohagbplppjcpllnhdichjldhfgkicb,N/A,*lbohagbplppjcpllnhdichjldhfgkicb*,malware,malicious,https://palant.info/2023/06/08/another-cluster-of-potentially-malicious-chrome-extensions/,malicious extensions observed by palant.info,https://chromewebstore.google.com/detail/lbohagbplppjcpllnhdichjldhfgkicb,critical,,2026-08-03,ExtSentry (github.com/mthcht/awesome-lists)
ledkggjjapdgojgihnaploncccgiadhg,N/A,*ledkggjjapdgojgihnaploncccgiadhg*,malware,malicious,https://palant.info/2023/06/08/another-cluster-of-potentially-malicious-chrome-extensions/,malicious extensions observed by palant.info,https://chromewebstore.google.com/detail/ledkggjjapdgojgihnaploncccgiadhg,critical,,2026-08-03,ExtSentry (github.com/mthcht/awesome-lists)
lgecddhfcfhlmllljooldkbbijdcnlpe,N/A,*lgecddhfcfhlmllljooldkbbijdcnlpe*,malware,malicious,https://palant.info/2023/06/08/another-cluster-of-potentially-malicious-chrome-extensions/,malicious extensions observed by palant.info,https://chromewebstore.google.com/detail/lgecddhfcfhlmllljooldkbbijdcnlpe,critical,,2026-08-03,ExtSentry (github.com/mthcht/awesome-lists)
lkahpjghmdhpiojknppmlenngmpkkfma,N/A,*lkahpjghmdhpiojknppmlenngmpkkfma*,malware,malicious,https://palant.info/2023/06/08/another-cluster-of-potentially-malicious-chrome-extensions/,malicious extensions observed by palant.info,https://chromewebstore.google.com/detail/lkahpjghmdhpiojknppmlenngmpkkfma,critical,,2026-08-03,ExtSentry (github.com/mthcht/awesome-lists)
lkciiknpgglgbbcgcpbpobjabglmpkle,N/A,*lkciiknpgglgbbcgcpbpobjabglmpkle*,malware,malicious,https://palant.info/2023/06/08/another-cluster-of-potentially-malicious-chrome-extensions/,malicious extensions observed by palant.info,https://chromewebstore.google.com/detail/lkciiknpgglgbbcgcpbpobjabglmpkle,critical,,2026-08-03,ExtSentry (github.com/mthcht/awesome-lists)
lkhhagecaghfakddbncibijbjmgfhfdm,N/A,*lkhhagecaghfakddbncibijbjmgfhfdm*,malware,malicious,https://palant.info/2023/06/08/another-cluster-of-potentially-malicious-chrome-extensions/,malicious extensions observed by palant.info,https://chromewebstore.google.com/detail/lkhhagecaghfakddbncibijbjmgfhfdm,critical,,2026-08-03,ExtSentry (github.com/mthcht/awesome-lists)
lknpbgnookklokdjomiildnlalffjmma,N/A,*lknpbgnookklokdjomiildnlalffjmma*,malware,malicious,https://palant.info/2023/06/08/another-cluster-of-potentially-malicious-chrome-extensions/,malicious extensions observed by palant.info,https://chromewebstore.google.com/detail/lknpbgnookklokdjomiildnlalffjmma,critical,,2026-08-03,ExtSentry (github.com/mthcht/awesome-lists)
lojpdfjjionbhgplcangflkalmiadhfi,N/A,*lojpdfjjionbhgplcangflkalmiadhfi*,malware,malicious,https://palant.info/2023/06/08/another-cluster-of-potentially-malicious-chrome-extensions/,malicious extensions observed by palant.info,https://chromewebstore.google.com/detail/lojpdfjjionbhgplcangflkalmiadhfi,critical,,2026-08-03,ExtSentry (github.com/mthcht/awesome-lists)
mdkiofbiinbmlblcfhfjgmclhdfikkpm,N/A,*mdkiofbiinbmlblcfhfjgmclhdfikkpm*,malware,malicious,https://palant.info/2023/06/08/another-cluster-of-potentially-malicious-chrome-extensions/,malicious extensions observed by palant.info,https://chromewebstore.google.com/detail/mdkiofbiinbmlblcfhfjgmclhdfikkpm,critical,,2026-08-03,ExtSentry (github.com/mthcht/awesome-lists)
meffljleomgifbbcffejnmhjagncfpbd,N/A,*meffljleomgifbbcffejnmhjagncfpbd*,malware,malicious,https://palant.info/2023/06/08/another-cluster-of-potentially-malicious-chrome-extensions/,malicious extensions observed by palant.info,https://chromewebstore.google.com/detail/meffljleomgifbbcffejnmhjagncfpbd,critical,,2026-08-03,ExtSentry (github.com/mthcht/awesome-lists)
mejjgaogggabifjfjdbnobinfibaamla,N/A,*mejjgaogggabifjfjdbnobinfibaamla*,malware,malicious,https://palant.info/2023/06/08/another-cluster-of-potentially-malicious-chrome-extensions/,malicious extensions observed by palant.info,https://chromewebstore.google.com/detail/mejjgaogggabifjfjdbnobinfibaamla,critical,,2026-08-03,ExtSentry (github.com/mthcht/awesome-lists)
mhpcabliilgadobjpkameggapnpeppdg,N/A,*mhpcabliilgadobjpkameggapnpeppdg*,malware,malicious,https://palant.info/2023/06/08/another-cluster-of-potentially-malicious-chrome-extensions/,malicious extensions observed by palant.info,https://chromewebstore.google.com/detail/mhpcabliilgadobjpkameggapnpeppdg,critical,,2026-08-03,ExtSentry (github.com/mthcht/awesome-lists)
mkjjckchdfhjbpckippbnipkdnlidbeb,N/A,*mkjjckchdfhjbpckippbnipkdnlidbeb*,malware,malicious,https://palant.info/2023/06/08/another-cluster-of-potentially-malicious-chrome-extensions/,malicious extensions observed by palant.info,https://chromewebstore.google.com/detail/mkjjckchdfhjbpckippbnipkdnlidbeb,critical,,2026-08-03,ExtSentry (github.com/mthcht/awesome-lists)
mldaiedoebimcgkokmknonjefkionldi,N/A,*mldaiedoebimcgkokmknonjefkionldi*,malware,malicious,https://palant.info/2023/06/08/another-cluster-of-potentially-malicious-chrome-extensions/,malicious extensions observed by palant.info,https://chromewebstore.google.com/detail/mldaiedoebimcgkokmknonjefkionldi,critical,,2026-08-03,ExtSentry (github.com/mthcht/awesome-lists)
mlkjjjmhjijlmafgjlpkiobpdocdbncj,N/A,*mlkjjjmhjijlmafgjlpkiobpdocdbncj*,malware,malicious,https://palant.info/2023/06/08/another-cluster-of-potentially-malicious-chrome-extensions/,malicious extensions observed by palant.info,https://chromewebstore.google.com/detail/mlkjjjmhjijlmafgjlpkiobpdocdbncj,critical,,2026-08-03,ExtSentry (github.com/mthcht/awesome-lists)
mndiaaeaiclnmjcnacogaacoejchdclp,N/A,*mndiaaeaiclnmjcnacogaacoejchdclp*,malware,malicious,https://palant.info/2023/06/08/another-cluster-of-potentially-malicious-chrome-extensions/,malicious extensions observed by palant.info,https://chromewebstore.google.com/detail/mndiaaeaiclnmjcnacogaacoejchdclp,critical,,2026-08-03,ExtSentry (github.com/mthcht/awesome-lists)
mnlohknjofogcljbcknkakphddjpijak,N/A,*mnlohknjofogcljbcknkakphddjpijak*,malware,malicious,https://palant.info/2023/06/08/another-cluster-of-potentially-malicious-chrome-extensions/,malicious extensions observed by palant.info,https://chromewebstore.google.com/detail/mnlohknjofogcljbcknkakphddjpijak,critical,,2026-08-03,ExtSentry (github.com/mthcht/awesome-lists)
nhnfcgpcbfclhfafjlooihdfghaeinfc,N/A,*nhnfcgpcbfclhfafjlooihdfghaeinfc*,malware,malicious,https://palant.info/2023/06/08/another-cluster-of-potentially-malicious-chrome-extensions/,malicious extensions observed by palant.info,https://chromewebstore.google.com/detail/nhnfcgpcbfclhfafjlooihdfghaeinfc,critical,,2026-08-03,ExtSentry (github.com/mthcht/awesome-lists)
ninecedhhpccjifamhafbdelibdjibgd,N/A,*ninecedhhpccjifamhafbdelibdjibgd*,malware,malicious,https://palant.info/2023/06/08/another-cluster-of-potentially-malicious-chrome-extensions/,malicious extensions observed by palant.info,https://chromewebstore.google.com/detail/ninecedhhpccjifamhafbdelibdjibgd,critical,,2026-08-03,ExtSentry (github.com/mthcht/awesome-lists)
nmigaijibiabddkkmjhlehchpmgbokfj,N/A,*nmigaijibiabddkkmjhlehchpmgbokfj*,malware,malicious,https://palant.info/2023/06/08/another-cluster-of-potentially-malicious-chrome-extensions/,malicious extensions observed by palant.info,https://chromewebstore.google.com/detail/nmigaijibiabddkkmjhlehchpmgbokfj,critical,,2026-08-03,ExtSentry (github.com/mthcht/awesome-lists)
npdkkcjlmhcnnaoobfdjndibfkkhhdfn,N/A,*npdkkcjlmhcnnaoobfdjndibfkkhhdfn*,malware,malicious,https://palant.info/2023/06/08/another-cluster-of-potentially-malicious-chrome-extensions/,malicious extensions observed by palant.info,https://chromewebstore.google.com/detail/npdkkcjlmhcnnaoobfdjndibfkkhhdfn,critical,,2026-08-03,ExtSentry (github.com/mthcht/awesome-lists)
npmjjkphdlmbeidbdbfefgedondknlaf,N/A,*npmjjkphdlmbeidbdbfefgedondknlaf*,malware,malicious,https://palant.info/2023/06/08/another-cluster-of-potentially-malicious-chrome-extensions/,malicious extensions observed by palant.info,https://chromewebstore.google.com/detail/npmjjkphdlmbeidbdbfefgedondknlaf,critical,,2026-08-03,ExtSentry (github.com/mthcht/awesome-lists)
oakbcaafbicdddpdlhbchhpblmhefngh,N/A,*oakbcaafbicdddpdlhbchhpblmhefngh*,malware,malicious,https://palant.info/2023/06/08/another-cluster-of-potentially-malicious-chrome-extensions/,malicious extensions observed by palant.info,https://chromewebstore.google.com/detail/oakbcaafbicdddpdlhbchhpblmhefngh,critical,,2026-08-03,ExtSentry (github.com/mthcht/awesome-lists)
obdhcplpbliifflekgclobogbdliddjd,N/A,*obdhcplpbliifflekgclobogbdliddjd*,malware,malicious,https://palant.info/2023/06/08/another-cluster-of-potentially-malicious-chrome-extensions/,malicious extensions observed by palant.info,https://chromewebstore.google.com/detail/obdhcplpbliifflekgclobogbdliddjd,critical,,2026-08-03,ExtSentry (github.com/mthcht/awesome-lists)
ocginjipilabheemhfbedijlhajbcabh,N/A,*ocginjipilabheemhfbedijlhajbcabh*,malware,malicious,https://palant.info/2023/06/08/another-cluster-of-potentially-malicious-chrome-extensions/,malicious extensions observed by palant.info,https://chromewebstore.google.com/detail/ocginjipilabheemhfbedijlhajbcabh,critical,,2026-08-03,ExtSentry (github.com/mthcht/awesome-lists)
oepjogknopbbibcjcojmedaepolkghpb,N/A,*oepjogknopbbibcjcojmedaepolkghpb*,malware,malicious,https://palant.info/2023/06/08/another-cluster-of-potentially-malicious-chrome-extensions/,malicious extensions observed by palant.info,https://chromewebstore.google.com/detail/oepjogknopbbibcjcojmedaepolkghpb,critical,,2026-08-03,ExtSentry (github.com/mthcht/awesome-lists)
ofpnikijgfhlmmjlpkfaifhhdonchhoi,N/A,*ofpnikijgfhlmmjlpkfaifhhdonchhoi*,malware,malicious,https://palant.info/2023/06/08/another-cluster-of-potentially-malicious-chrome-extensions/,malicious extensions observed by palant.info,https://chromewebstore.google.com/detail/ofpnikijgfhlmmjlpkfaifhhdonchhoi,critical,,2026-08-03,ExtSentry (github.com/mthcht/awesome-lists)
ogadflejmplcdhcldlloonbiekhnlopp,N/A,*ogadflejmplcdhcldlloonbiekhnlopp*,malware,malicious,https://palant.info/2023/06/08/another-cluster-of-potentially-malicious-chrome-extensions/,malicious extensions observed by palant.info,https://chromewebstore.google.com/detail/ogadflejmplcdhcldlloonbiekhnlopp,critical,,2026-08-03,ExtSentry (github.com/mthcht/awesome-lists)
ogfjgagnmkiigilnoiabkbbajinanlbn,N/A,*ogfjgagnmkiigilnoiabkbbajinanlbn*,malware,malicious,https://palant.info/2023/06/08/another-cluster-of-potentially-malicious-chrome-extensions/,malicious extensions observed by palant.info,https://chromewebstore.google.com/detail/ogfjgagnmkiigilnoiabkbbajinanlbn,critical,,2026-08-03,ExtSentry (github.com/mthcht/awesome-lists)
okkffdhbfplmbjblhgapnchjinanmnij,N/A,*okkffdhbfplmbjblhgapnchjinanmnij*,malware,malicious,https://palant.info/2023/06/08/another-cluster-of-potentially-malicious-chrome-extensions/,malicious extensions observed by palant.info,https://chromewebstore.google.com/detail/okkffdhbfplmbjblhgapnchjinanmnij,critical,,2026-08-03,ExtSentry (github.com/mthcht/awesome-lists)
oodkhhminilgphkdofffddlgopkgbgpm,N/A,*oodkhhminilgphkdofffddlgopkgbgpm*,malware,malicious,https://palant.info/2023/06/08/another-cluster-of-potentially-malicious-chrome-extensions/,malicious extensions observed by palant.info,https://chromewebstore.google.com/detail/oodkhhminilgphkdofffddlgopkgbgpm,critical,,2026-08-03,ExtSentry (github.com/mthcht/awesome-lists)
pegfdldddiilihjahcpdehhhfcbibipg,N/A,*pegfdldddiilihjahcpdehhhfcbibipg*,malware,malicious,https://palant.info/2023/06/08/another-cluster-of-potentially-malicious-chrome-extensions/,malicious extensions observed by palant.info,https://chromewebstore.google.com/detail/pegfdldddiilihjahcpdehhhfcbibipg,critical,,2026-08-03,ExtSentry (github.com/mthcht/awesome-lists)
phfkifnjcmdcmljnnablahicoabkokbg,N/A,*phfkifnjcmdcmljnnablahicoabkokbg*,malware,malicious,https://palant.info/2023/06/08/another-cluster-of-potentially-malicious-chrome-extensions/,malicious extensions observed by palant.info,https://chromewebstore.google.com/detail/phfkifnjcmdcmljnnablahicoabkokbg,critical,,2026-08-03,ExtSentry (github.com/mthcht/awesome-lists)
phjbepamfhjgjdgmbhmfflhnlohldchb,N/A,*phjbepamfhjgjdgmbhmfflhnlohldchb*,malware,malicious,https://palant.info/2023/06/08/another-cluster-of-potentially-malicious-chrome-extensions/,malicious extensions observed by palant.info,https://chromewebstore.google.com/detail/phjbepamfhjgjdgmbhmfflhnlohldchb,critical,,2026-08-03,ExtSentry (github.com/mthcht/awesome-lists)
pjbgfifennfhnbkhoidkdchbflppjncb,N/A,*pjbgfifennfhnbkhoidkdchbflppjncb*,malware,malicious,https://palant.info/2023/06/08/another-cluster-of-potentially-malicious-chrome-extensions/,malicious extensions observed by palant.info,https://chromewebstore.google.com/detail/pjbgfifennfhnbkhoidkdchbflppjncb,critical,,2026-08-03,ExtSentry (github.com/mthcht/awesome-lists)
plmlopfeeobajiecodiggabcihohcnge,N/A,*plmlopfeeobajiecodiggabcihohcnge*,malware,malicious,https://palant.info/2023/06/08/another-cluster-of-potentially-malicious-chrome-extensions/,malicious extensions observed by palant.info,https://chromewebstore.google.com/detail/plmlopfeeobajiecodiggabcihohcnge,critical,,2026-08-03,ExtSentry (github.com/mthcht/awesome-lists)
pmilcmjbofinpnbnpanpdadijibcgifc,N/A,*pmilcmjbofinpnbnpanpdadijibcgifc*,malware,malicious,https://palant.info/2023/06/08/another-cluster-of-potentially-malicious-chrome-extensions/,malicious extensions observed by palant.info,https://chromewebstore.google.com/detail/pmilcmjbofinpnbnpanpdadijibcgifc,critical,,2026-08-03,ExtSentry (github.com/mthcht/awesome-lists)
pmnphobdokkajkpbkajlaiooipfcpgio,N/A,*pmnphobdokkajkpbkajlaiooipfcpgio*,malware,malicious,https://palant.info/2023/06/08/another-cluster-of-potentially-malicious-chrome-extensions/,malicious extensions observed by palant.info,https://chromewebstore.google.com/detail/pmnphobdokkajkpbkajlaiooipfcpgio,critical,,2026-08-03,ExtSentry (github.com/mthcht/awesome-lists)
pnanegnllonoiklmmlegcaajoicfifcm,N/A,*pnanegnllonoiklmmlegcaajoicfifcm*,malware,malicious,https://palant.info/2023/06/08/another-cluster-of-potentially-malicious-chrome-extensions/,malicious extensions observed by palant.info,https://chromewebstore.google.com/detail/pnanegnllonoiklmmlegcaajoicfifcm,critical,,2026-08-03,ExtSentry (github.com/mthcht/awesome-lists)
pnlphjjfielecalmmjjdhjjninkbjdod,N/A,*pnlphjjfielecalmmjjdhjjninkbjdod*,malware,malicious,https://palant.info/2023/06/08/another-cluster-of-potentially-malicious-chrome-extensions/,malicious extensions observed by palant.info,https://chromewebstore.google.com/detail/pnlphjjfielecalmmjjdhjjninkbjdod,critical,,2026-08-03,ExtSentry (github.com/mthcht/awesome-lists)
pooaemmkohlphkekccfajnbcokjlbehk,N/A,*pooaemmkohlphkekccfajnbcokjlbehk*,malware,malicious,https://palant.info/2023/06/08/another-cluster-of-potentially-malicious-chrome-extensions/,malicious extensions observed by palant.info,https://chromewebstore.google.com/detail/pooaemmkohlphkekccfajnbcokjlbehk,critical,,2026-08-03,ExtSentry (github.com/mthcht/awesome-lists)
fmlpbbognkocpajihchioognkmdeeldo,N/A,*fmlpbbognkocpajihchioognkmdeeldo*,malware,malicious,https://palant.info/2023/06/08/another-cluster-of-potentially-malicious-chrome-extensions/#c000003,malicious extensions observed by palant.info,https://chromewebstore.google.com/detail/fmlpbbognkocpajihchioognkmdeeldo,critical,,2026-08-03,ExtSentry (github.com/mthcht/awesome-lists)
goaebigflkhjjblmofhoggdhebgnielo,N/A,*goaebigflkhjjblmofhoggdhebgnielo*,malware,malicious,https://palant.info/2023/06/08/another-cluster-of-potentially-malicious-chrome-extensions/#c000003,malicious extensions observed by palant.info,https://chromewebstore.google.com/detail/goaebigflkhjjblmofhoggdhebgnielo,critical,,2026-08-03,ExtSentry (github.com/mthcht/awesome-lists)
igkkmokkmlbkkgdnkkancbonkbbmkioc,N/A,*igkkmokkmlbkkgdnkkancbonkbbmkioc*,malware,malicious,https://palant.info/2023/06/08/another-cluster-of-potentially-malicious-chrome-extensions/#c000003,malicious extensions observed by palant.info,https://chromewebstore.google.com/detail/igkkmokkmlbkkgdnkkancbonkbbmkioc,critical,,2026-08-03,ExtSentry (github.com/mthcht/awesome-lists)
lopnbnfpjmgpbppclhclehhgafnifija,N/A,*lopnbnfpjmgpbppclhclehhgafnifija*,malware,malicious,https://palant.info/2023/06/08/another-cluster-of-potentially-malicious-chrome-extensions/#c000003,malicious extensions observed by palant.info,https://chromewebstore.google.com/detail/lopnbnfpjmgpbppclhclehhgafnifija,critical,,2026-08-03,ExtSentry (github.com/mthcht/awesome-lists)
kgfeiebnfmmfpomhochmlfmdmjmfedfj,N/A,*kgfeiebnfmmfpomhochmlfmdmjmfedfj*,malware,malicious,https://palant.info/2023/06/14/why-browser-extension-games-need-access-to-all-websites/,malicious extensions observed by palant.info,https://chromewebstore.google.com/detail/kgfeiebnfmmfpomhochmlfmdmjmfedfj,critical,,2026-08-03,ExtSentry (github.com/mthcht/awesome-lists)
pmlcjncilaaaemknfefmegedhcgelmee,N/A,*pmlcjncilaaaemknfefmegedhcgelmee*,malware,malicious,https://palant.info/2023/06/14/why-browser-extension-games-need-access-to-all-websites/,malicious extensions observed by palant.info,https://chromewebstore.google.com/detail/pmlcjncilaaaemknfefmegedhcgelmee,critical,,2026-08-03,ExtSentry (github.com/mthcht/awesome-lists)
ohdgnoepeabcfdkboidmaedenahioohf,N/A,*ohdgnoepeabcfdkboidmaedenahioohf*,malware,malicious,https://palant.info/2023/06/14/why-browser-extension-games-need-access-to-all-websites/,malicious extensions observed by palant.info,https://chromewebstore.google.com/detail/ohdgnoepeabcfdkboidmaedenahioohf,critical,,2026-08-03,ExtSentry (github.com/mthcht/awesome-lists)
dnbipceilikdgjmeiagblfckeialaela,N/A,*dnbipceilikdgjmeiagblfckeialaela*,malware,malicious,https://palant.info/2023/06/14/why-browser-extension-games-need-access-to-all-websites/,malicious extensions observed by palant.info,https://chromewebstore.google.com/detail/dnbipceilikdgjmeiagblfckeialaela,critical,,2026-08-03,ExtSentry (github.com/mthcht/awesome-lists)
aciipkgmbljbcokcnhjbjdhilpngemnj,N/A,*aciipkgmbljbcokcnhjbjdhilpngemnj*,malware,malicious,https://palant.info/2023/06/14/why-browser-extension-games-need-access-to-all-websites/,malicious extensions observed by palant.info,https://chromewebstore.google.com/detail/aciipkgmbljbcokcnhjbjdhilpngemnj,critical,,2026-08-03,ExtSentry (github.com/mthcht/awesome-lists)
nlmjpeojbncdmlfkpppngdnolhfgiehn,N/A,*nlmjpeojbncdmlfkpppngdnolhfgiehn*,malware,malicious,https://palant.info/2023/06/14/why-browser-extension-games-need-access-to-all-websites/,malicious extensions observed by palant.info,https://chromewebstore.google.com/detail/nlmjpeojbncdmlfkpppngdnolhfgiehn,critical,,2026-08-03,ExtSentry (github.com/mthcht/awesome-lists)
phjhbkdgnjaokligmkimgnlagccanodn,N/A,*phjhbkdgnjaokligmkimgnlagccanodn*,malware,malicious,https://palant.info/2023/06/14/why-browser-extension-games-need-access-to-all-websites/,malicious extensions observed by palant.info,https://chromewebstore.google.com/detail/phjhbkdgnjaokligmkimgnlagccanodn,critical,,2026-08-03,ExtSentry (github.com/mthcht/awesome-lists)
fkhpfgpmejefmjaeelgoopkcglgafedm,N/A,*fkhpfgpmejefmjaeelgoopkcglgafedm*,malware,malicious,https://palant.info/2023/06/14/why-browser-extension-games-need-access-to-all-websites/,malicious extensions observed by palant.info,https://chromewebstore.google.com/detail/fkhpfgpmejefmjaeelgoopkcglgafedm,critical,,2026-08-03,ExtSentry (github.com/mthcht/awesome-lists)
kekdpkbijjffmohdaonbpeeaiknhbkhj,N/A,*kekdpkbijjffmohdaonbpeeaiknhbkhj*,malware,malicious,https://palant.info/2023/06/14/why-browser-extension-games-need-access-to-all-websites/,malicious extensions observed by palant.info,https://chromewebstore.google.com/detail/kekdpkbijjffmohdaonbpeeaiknhbkhj,critical,,2026-08-03,ExtSentry (github.com/mthcht/awesome-lists)
mcmmiinopedfbaoongoclagidncaacbd,N/A,*mcmmiinopedfbaoongoclagidncaacbd*,malware,malicious,https://palant.info/2023/06/14/why-browser-extension-games-need-access-to-all-websites/,malicious extensions observed by palant.info,https://chromewebstore.google.com/detail/mcmmiinopedfbaoongoclagidncaacbd,critical,,2026-08-03,ExtSentry (github.com/mthcht/awesome-lists)
ndcokkmfmiaecmndbpohaogmpmchfpkk,N/A,*ndcokkmfmiaecmndbpohaogmpmchfpkk*,malware,malicious,https://palant.info/2023/06/14/why-browser-extension-games-need-access-to-all-websites/,malicious extensions observed by palant.info,https://chromewebstore.google.com/detail/ndcokkmfmiaecmndbpohaogmpmchfpkk,critical,,2026-08-03,ExtSentry (github.com/mthcht/awesome-lists)
cpmpjapeeidaikiiemnddfgfdfjjhgif,N/A,*cpmpjapeeidaikiiemnddfgfdfjjhgif*,malware,malicious,https://palant.info/2023/06/14/why-browser-extension-games-need-access-to-all-websites/,malicious extensions observed by palant.info,https://chromewebstore.google.com/detail/cpmpjapeeidaikiiemnddfgfdfjjhgif,critical,,2026-08-03,ExtSentry (github.com/mthcht/awesome-lists)
ajefbooiifdkmgkpjkanmgbjbndfbfhg,N/A,*ajefbooiifdkmgkpjkanmgbjbndfbfhg*,malware,malicious,https://palant.info/2023/06/14/why-browser-extension-games-need-access-to-all-websites/,malicious extensions observed by palant.info,https://chromewebstore.google.com/detail/ajefbooiifdkmgkpjkanmgbjbndfbfhg,critical,,2026-08-03,ExtSentry (github.com/mthcht/awesome-lists)
acmnokigkgihogfbeooklgemindnbine,N/A,*acmnokigkgihogfbeooklgemindnbine*,malware,malicious,https://awakesecurity.com/wp-content/uploads/2020/06/GalComm-Malicious-Chrome-Extensions-Appendix-B.txt,malicious chrome extensions lists from https://github.com/mallorybowes/chrome-mal-ids,https://chromewebstore.google.com/detail/acmnokigkgihogfbeooklgemindnbine,critical,,2026-08-03,ExtSentry (github.com/mthcht/awesome-lists)
apgohnlmnmkblgfplgnlmkjcpocgfomp,N/A,*apgohnlmnmkblgfplgnlmkjcpocgfomp*,malware,malicious,https://awakesecurity.com/wp-content/uploads/2020/06/GalComm-Malicious-Chrome-Extensions-Appendix-B.txt,malicious chrome extensions lists from https://github.com/mallorybowes/chrome-mal-ids,https://chromewebstore.google.com/detail/apgohnlmnmkblgfplgnlmkjcpocgfomp,critical,,2026-08-03,ExtSentry (github.com/mthcht/awesome-lists)
apjnadhmhgdobcdanndaphcpmnjbnfng,N/A,*apjnadhmhgdobcdanndaphcpmnjbnfng*,malware,malicious,https://awakesecurity.com/wp-content/uploads/2020/06/GalComm-Malicious-Chrome-Extensions-Appendix-B.txt,malicious chrome extensions lists from https://github.com/mallorybowes/chrome-mal-ids,https://chromewebstore.google.com/detail/apjnadhmhgdobcdanndaphcpmnjbnfng,critical,,2026-08-03,ExtSentry (github.com/mthcht/awesome-lists)
bahkljhhdeciiaodlkppoonappfnheoi,N/A,*bahkljhhdeciiaodlkppoonappfnheoi*,malware,malicious,https://awakesecurity.com/wp-content/uploads/2020/06/GalComm-Malicious-Chrome-Extensions-Appendix-B.txt,malicious chrome extensions lists from https://github.com/mallorybowes/chrome-mal-ids,https://chromewebstore.google.com/detail/bahkljhhdeciiaodlkppoonappfnheoi,critical,,2026-08-03,ExtSentry (github.com/mthcht/awesome-lists)
bannaglhmenocdjcmlkhkcciioaepfpj,N/A,*bannaglhmenocdjcmlkhkcciioaepfpj*,malware,malicious,https://awakesecurity.com/wp-content/uploads/2020/06/GalComm-Malicious-Chrome-Extensions-Appendix-B.txt,malicious chrome extensions lists from https://github.com/mallorybowes/chrome-mal-ids,https://chromewebstore.google.com/detail/bannaglhmenocdjcmlkhkcciioaepfpj,critical,,2026-08-03,ExtSentry (github.com/mthcht/awesome-lists)
bgffinjklipdhacmidehoncomokcmjmh,N/A,*bgffinjklipdhacmidehoncomokcmjmh*,malware,malicious,https://awakesecurity.com/wp-content/uploads/2020/06/GalComm-Malicious-Chrome-Extensions-Appendix-B.txt,malicious chrome extensions lists from https://github.com/mallorybowes/chrome-mal-ids,https://chromewebstore.google.com/detail/bgffinjklipdhacmidehoncomokcmjmh,critical,,2026-08-03,ExtSentry (github.com/mthcht/awesome-lists)
bifdhahddjbdbjmiekcnmeiffabcfjgh,N/A,*bifdhahddjbdbjmiekcnmeiffabcfjgh*,malware,malicious,https://awakesecurity.com/wp-content/uploads/2020/06/GalComm-Malicious-Chrome-Extensions-Appendix-B.txt,malicious chrome extensions lists from https://github.com/mallorybowes/chrome-mal-ids,https://chromewebstore.google.com/detail/bifdhahddjbdbjmiekcnmeiffabcfjgh,critical,,2026-08-03,ExtSentry (github.com/mthcht/awesome-lists)
bjpknhldlbknoidifkjnnkpginjgkgnm,N/A,*bjpknhldlbknoidifkjnnkpginjgkgnm*,malware,malicious,https://awakesecurity.com/wp-content/uploads/2020/06/GalComm-Malicious-Chrome-Extensions-Appendix-B.txt,malicious chrome extensions lists from https://github.com/mallorybowes/chrome-mal-ids,https://chromewebstore.google.com/detail/bjpknhldlbknoidifkjnnkpginjgkgnm,critical,,2026-08-03,ExtSentry (github.com/mthcht/awesome-lists)
blngdeeenccpfjbkolalandfmiinhkak,N/A,*blngdeeenccpfjbkolalandfmiinhkak*,malware,malicious,https://awakesecurity.com/wp-content/uploads/2020/06/GalComm-Malicious-Chrome-Extensions-Appendix-B.txt,malicious chrome extensions lists from https://github.com/mallorybowes/chrome-mal-ids,https://chromewebstore.google.com/detail/blngdeeenccpfjbkolalandfmiinhkak,critical,,2026-08-03,ExtSentry (github.com/mthcht/awesome-lists)
ccdfhjebekpopcelcfkpgagbehppkadi,N/A,*ccdfhjebekpopcelcfkpgagbehppkadi*,malware,malicious,https://awakesecurity.com/wp-content/uploads/2020/06/GalComm-Malicious-Chrome-Extensions-Appendix-B.txt,malicious chrome extensions lists from https://github.com/mallorybowes/chrome-mal-ids,https://chromewebstore.google.com/detail/ccdfhjebekpopcelcfkpgagbehppkadi,critical,,2026-08-03,ExtSentry (github.com/mthcht/awesome-lists)
cceejgojinihpakmciijfdgafhpchigo,N/A,*cceejgojinihpakmciijfdgafhpchigo*,malware,malicious,https://awakesecurity.com/wp-content/uploads/2020/06/GalComm-Malicious-Chrome-Extensions-Appendix-B.txt,malicious chrome extensions lists from https://github.com/mallorybowes/chrome-mal-ids,https://chromewebstore.google.com/detail/cceejgojinihpakmciijfdgafhpchigo,critical,,2026-08-03,ExtSentry (github.com/mthcht/awesome-lists)
cebjhmljaodmgmcaecenghhikkjdfabo,N/A,*cebjhmljaodmgmcaecenghhikkjdfabo*,malware,malicious,https://awakesecurity.com/wp-content/uploads/2020/06/GalComm-Malicious-Chrome-Extensions-Appendix-B.txt,malicious chrome extensions lists from https://github.com/mallorybowes/chrome-mal-ids,https://chromewebstore.google.com/detail/cebjhmljaodmgmcaecenghhikkjdfabo,critical,,2026-08-03,ExtSentry (github.com/mthcht/awesome-lists)
chbpnonhcgdbcpicacolalkgjlcjkbbd,N/A,*chbpnonhcgdbcpicacolalkgjlcjkbbd*,malware,malicious,https://awakesecurity.com/wp-content/uploads/2020/06/GalComm-Malicious-Chrome-Extensions-Appendix-B.txt,malicious chrome extensions lists from https://github.com/mallorybowes/chrome-mal-ids,https://chromewebstore.google.com/detail/chbpnonhcgdbcpicacolalkgjlcjkbbd,critical,,2026-08-03,ExtSentry (github.com/mthcht/awesome-lists)
cifafogcmckphmnbeipgkpfbjphmajbc,N/A,*cifafogcmckphmnbeipgkpfbjphmajbc*,malware,malicious,https://awakesecurity.com/wp-content/uploads/2020/06/GalComm-Malicious-Chrome-Extensions-Appendix-B.txt,malicious chrome extensions lists from https://github.com/mallorybowes/chrome-mal-ids,https://chromewebstore.google.com/detail/cifafogcmckphmnbeipgkpfbjphmajbc,critical,,2026-08-03,ExtSentry (github.com/mthcht/awesome-lists)
clopbiaijcfolfmjebjinippgmdkkppj,N/A,*clopbiaijcfolfmjebjinippgmdkkppj*,malware,malicious,https://awakesecurity.com/wp-content/uploads/2020/06/GalComm-Malicious-Chrome-Extensions-Appendix-B.txt,malicious chrome extensions lists from https://github.com/mallorybowes/chrome-mal-ids,https://chromewebstore.google.com/detail/clopbiaijcfolfmjebjinippgmdkkppj,critical,,2026-08-03,ExtSentry (github.com/mthcht/awesome-lists)
cpgoblgcfemdmaolmfhpoifikehgbjbf,N/A,*cpgoblgcfemdmaolmfhpoifikehgbjbf*,malware,malicious,https://awakesecurity.com/wp-content/uploads/2020/06/GalComm-Malicious-Chrome-Extensions-Appendix-B.txt,malicious chrome extensions lists from https://github.com/mallorybowes/chrome-mal-ids,https://chromewebstore.google.com/detail/cpgoblgcfemdmaolmfhpoifikehgbjbf,critical,,2026-08-03,ExtSentry (github.com/mthcht/awesome-lists)
dcmjopnlojhkngkmagminjbiahokmfig,N/A,*dcmjopnlojhkngkmagminjbiahokmfig*,malware,malicious,https://awakesecurity.com/wp-content/uploads/2020/06/GalComm-Malicious-Chrome-Extensions-Appendix-B.txt,malicious chrome extensions lists from https://github.com/mallorybowes/chrome-mal-ids,https://chromewebstore.google.com/detail/dcmjopnlojhkngkmagminjbiahokmfig,critical,,2026-08-03,ExtSentry (github.com/mthcht/awesome-lists)
deiiiklocnibjflinkfmefpofgcfhdga,N/A,*deiiiklocnibjflinkfmefpofgcfhdga*,malware,malicious,https://awakesecurity.com/wp-content/uploads/2020/06/GalComm-Malicious-Chrome-Extensions-Appendix-B.txt,malicious chrome extensions lists from https://github.com/mallorybowes/chrome-mal-ids,https://chromewebstore.google.com/detail/deiiiklocnibjflinkfmefpofgcfhdga,critical,,2026-08-03,ExtSentry (github.com/mthcht/awesome-lists)
dipecofobdcjnpffbkmfkdbfmjfjfgmn,N/A,*dipecofobdcjnpffbkmfkdbfmjfjfgmn*,malware,malicious,https://awakesecurity.com/wp-content/uploads/2020/06/GalComm-Malicious-Chrome-Extensions-Appendix-B.txt,malicious chrome extensions lists from https://github.com/mallorybowes/chrome-mal-ids,https://chromewebstore.google.com/detail/dipecofobdcjnpffbkmfkdbfmjfjfgmn,critical,,2026-08-03,ExtSentry (github.com/mthcht/awesome-lists)
dopkmmcoegcjggfanajnindneifffpck,N/A,*dopkmmcoegcjggfanajnindneifffpck*,malware,malicious,https://awakesecurity.com/wp-content/uploads/2020/06/GalComm-Malicious-Chrome-Extensions-Appendix-B.txt,malicious chrome extensions lists from https://github.com/mallorybowes/chrome-mal-ids,https://chromewebstore.google.com/detail/dopkmmcoegcjggfanajnindneifffpck,critical,,2026-08-03,ExtSentry (github.com/mthcht/awesome-lists)
dopmojabcdlfbnppmjeaajclohofnbol,N/A,*dopmojabcdlfbnppmjeaajclohofnbol*,malware,malicious,https://awakesecurity.com/wp-content/uploads/2020/06/GalComm-Malicious-Chrome-Extensions-Appendix-B.txt,malicious chrome extensions lists from https://github.com/mallorybowes/chrome-mal-ids,https://chromewebstore.google.com/detail/dopmojabcdlfbnppmjeaajclohofnbol,critical,,2026-08-03,ExtSentry (github.com/mthcht/awesome-lists)
edcepmkpdojmciieeijebkodahjfliif,N/A,*edcepmkpdojmciieeijebkodahjfliif*,malware,malicious,https://awakesecurity.com/wp-content/uploads/2020/06/GalComm-Malicious-Chrome-Extensions-Appendix-B.txt,malicious chrome extensions lists from https://github.com/mallorybowes/chrome-mal-ids,https://chromewebstore.google.com/detail/edcepmkpdojmciieeijebkodahjfliif,critical,,2026-08-03,ExtSentry (github.com/mthcht/awesome-lists)
ekbecnhekcpbfgdchfjcfmnocdfpcanj,N/A,*ekbecnhekcpbfgdchfjcfmnocdfpcanj*,malware,malicious,https://awakesecurity.com/wp-content/uploads/2020/06/GalComm-Malicious-Chrome-Extensions-Appendix-B.txt,malicious chrome extensions lists from https://github.com/mallorybowes/chrome-mal-ids,https://chromewebstore.google.com/detail/ekbecnhekcpbfgdchfjcfmnocdfpcanj,critical,,2026-08-03,ExtSentry (github.com/mthcht/awesome-lists)
elflophcopcglipligoibfejllmndhmp,N/A,*elflophcopcglipligoibfejllmndhmp*,malware,malicious,https://awakesecurity.com/wp-content/uploads/2020/06/GalComm-Malicious-Chrome-Extensions-Appendix-B.txt,malicious chrome extensions lists from https://github.com/mallorybowes/chrome-mal-ids,https://chromewebstore.google.com/detail/elflophcopcglipligoibfejllmndhmp,critical,,2026-08-03,ExtSentry (github.com/mthcht/awesome-lists)
eogfeijdemimhpfhlpjoifeckijeejkc,N/A,*eogfeijdemimhpfhlpjoifeckijeejkc*,malware,malicious,https://awakesecurity.com/wp-content/uploads/2020/06/GalComm-Malicious-Chrome-Extensions-Appendix-B.txt,malicious chrome extensions lists from https://github.com/mallorybowes/chrome-mal-ids,https://chromewebstore.google.com/detail/eogfeijdemimhpfhlpjoifeckijeejkc,critical,,2026-08-03,ExtSentry (github.com/mthcht/awesome-lists)
fcobokliblbalmjmahdebcdalglnieii,N/A,*fcobokliblbalmjmahdebcdalglnieii*,malware,malicious,https://awakesecurity.com/wp-content/uploads/2020/06/GalComm-Malicious-Chrome-Extensions-Appendix-B.txt,malicious chrome extensions lists from https://github.com/mallorybowes/chrome-mal-ids,https://chromewebstore.google.com/detail/fcobokliblbalmjmahdebcdalglnieii,critical,,2026-08-03,ExtSentry (github.com/mthcht/awesome-lists)
fgafnjobnempajahhgebbbpkpegcdlbf,N/A,*fgafnjobnempajahhgebbbpkpegcdlbf*,malware,malicious,https://awakesecurity.com/wp-content/uploads/2020/06/GalComm-Malicious-Chrome-Extensions-Appendix-B.txt,malicious chrome extensions lists from https://github.com/mallorybowes/chrome-mal-ids,https://chromewebstore.google.com/detail/fgafnjobnempajahhgebbbpkpegcdlbf,critical,,2026-08-03,ExtSentry (github.com/mthcht/awesome-lists)
fgcomdacecoimaejookmlcfogngmfmli,N/A,*fgcomdacecoimaejookmlcfogngmfmli*,malware,malicious,https://awakesecurity.com/wp-content/uploads/2020/06/GalComm-Malicious-Chrome-Extensions-Appendix-B.txt,malicious chrome extensions lists from https://github.com/mallorybowes/chrome-mal-ids,https://chromewebstore.google.com/detail/fgcomdacecoimaejookmlcfogngmfmli,critical,,2026-08-03,ExtSentry (github.com/mthcht/awesome-lists)
fgmeppijnhhafacemgoocgelcflipnfd,N/A,*fgmeppijnhhafacemgoocgelcflipnfd*,malware,malicious,https://awakesecurity.com/wp-content/uploads/2020/06/GalComm-Malicious-Chrome-Extensions-Appendix-B.txt,malicious chrome extensions lists from https://github.com/mallorybowes/chrome-mal-ids,https://chromewebstore.google.com/detail/fgmeppijnhhafacemgoocgelcflipnfd,critical,,2026-08-03,ExtSentry (github.com/mthcht/awesome-lists)
fhanjgcjamaagccdkanegeefdpdkeban,N/A,*fhanjgcjamaagccdkanegeefdpdkeban*,malware,malicious,https://awakesecurity.com/wp-content/uploads/2020/06/GalComm-Malicious-Chrome-Extensions-Appendix-B.txt,malicious chrome extensions lists from https://github.com/mallorybowes/chrome-mal-ids,https://chromewebstore.google.com/detail/fhanjgcjamaagccdkanegeefdpdkeban,critical,,2026-08-03,ExtSentry (github.com/mthcht/awesome-lists)
flfkimeelfnpapcgmobfgfifhackkend,N/A,*flfkimeelfnpapcgmobfgfifhackkend*,malware,malicious,https://awakesecurity.com/wp-content/uploads/2020/06/GalComm-Malicious-Chrome-Extensions-Appendix-B.txt,malicious chrome extensions lists from https://github.com/mallorybowes/chrome-mal-ids,https://chromewebstore.google.com/detail/flfkimeelfnpapcgmobfgfifhackkend,critical,,2026-08-03,ExtSentry (github.com/mthcht/awesome-lists)
fmahbaepkpdimfcjpopjklankbbhdobk,N/A,*fmahbaepkpdimfcjpopjklankbbhdobk*,malware,malicious,https://awakesecurity.com/wp-content/uploads/2020/06/GalComm-Malicious-Chrome-Extensions-Appendix-B.txt,malicious chrome extensions lists from https://github.com/mallorybowes/chrome-mal-ids,https://chromewebstore.google.com/detail/fmahbaepkpdimfcjpopjklankbbhdobk,critical,,2026-08-03,ExtSentry (github.com/mthcht/awesome-lists)
foebfmkeamadbhjcdglihfijdaohomlm,N/A,*foebfmkeamadbhjcdglihfijdaohomlm*,malware,malicious,https://awakesecurity.com/wp-content/uploads/2020/06/GalComm-Malicious-Chrome-Extensions-Appendix-B.txt,malicious chrome extensions lists from https://github.com/mallorybowes/chrome-mal-ids,https://chromewebstore.google.com/detail/foebfmkeamadbhjcdglihfijdaohomlm,critical,,2026-08-03,ExtSentry (github.com/mthcht/awesome-lists)
fpngnlpmkfkhodklbljnncdcmkiopide,N/A,*fpngnlpmkfkhodklbljnncdcmkiopide*,malware,malicious,https://awakesecurity.com/wp-content/uploads/2020/06/GalComm-Malicious-Chrome-Extensions-Appendix-B.txt,malicious chrome extensions lists from https://github.com/mallorybowes/chrome-mal-ids,https://chromewebstore.google.com/detail/fpngnlpmkfkhodklbljnncdcmkiopide,critical,,2026-08-03,ExtSentry (github.com/mthcht/awesome-lists)
gdifegeihkihjbkkgdijkcpkjekoicbl,N/A,*gdifegeihkihjbkkgdijkcpkjekoicbl*,malware,malicious,https://awakesecurity.com/wp-content/uploads/2020/06/GalComm-Malicious-Chrome-Extensions-Appendix-B.txt,malicious chrome extensions lists from https://github.com/mallorybowes/chrome-mal-ids,https://chromewebstore.google.com/detail/gdifegeihkihjbkkgdijkcpkjekoicbl,critical,,2026-08-03,ExtSentry (github.com/mthcht/awesome-lists)
gfcmbgjehfhemioddkpcipehdfnjmief,N/A,*gfcmbgjehfhemioddkpcipehdfnjmief*,malware,malicious,https://awakesecurity.com/wp-content/uploads/2020/06/GalComm-Malicious-Chrome-Extensions-Appendix-B.txt,malicious chrome extensions lists from https://github.com/mallorybowes/chrome-mal-ids,https://chromewebstore.google.com/detail/gfcmbgjehfhemioddkpcipehdfnjmief,critical,,2026-08-03,ExtSentry (github.com/mthcht/awesome-lists)
gfdefkjpjdbiiclhimebabkmclmiiegk,N/A,*gfdefkjpjdbiiclhimebabkmclmiiegk*,malware,malicious,https://awakesecurity.com/wp-content/uploads/2020/06/GalComm-Malicious-Chrome-Extensions-Appendix-B.txt,malicious chrome extensions lists from https://github.com/mallorybowes/chrome-mal-ids,https://chromewebstore.google.com/detail/gfdefkjpjdbiiclhimebabkmclmiiegk,critical,,2026-08-03,ExtSentry (github.com/mthcht/awesome-lists)
ggijmaajgdkdijomfipnpdfijcnodpip,N/A,*ggijmaajgdkdijomfipnpdfijcnodpip*,malware,malicious,https://awakesecurity.com/wp-content/uploads/2020/06/GalComm-Malicious-Chrome-Extensions-Appendix-B.txt,malicious chrome extensions lists from https://github.com/mallorybowes/chrome-mal-ids,https://chromewebstore.google.com/detail/ggijmaajgdkdijomfipnpdfijcnodpip,critical,,2026-08-03,ExtSentry (github.com/mthcht/awesome-lists)
ghgjhnkjohlnmngbniijbkidigifekaa,N/A,*ghgjhnkjohlnmngbniijbkidigifekaa*,malware,malicious,https://awakesecurity.com/wp-content/uploads/2020/06/GalComm-Malicious-Chrome-Extensions-Appendix-B.txt,malicious chrome extensions lists from https://github.com/mallorybowes/chrome-mal-ids,https://chromewebstore.google.com/detail/ghgjhnkjohlnmngbniijbkidigifekaa,critical,,2026-08-03,ExtSentry (github.com/mthcht/awesome-lists)
gllihgnfnbpdmnppfjdlkciijkddfohn,N/A,*gllihgnfnbpdmnppfjdlkciijkddfohn*,malware,malicious,https://awakesecurity.com/wp-content/uploads/2020/06/GalComm-Malicious-Chrome-Extensions-Appendix-B.txt,malicious chrome extensions lists from https://github.com/mallorybowes/chrome-mal-ids,https://chromewebstore.google.com/detail/gllihgnfnbpdmnppfjdlkciijkddfohn,critical,,2026-08-03,ExtSentry (github.com/mthcht/awesome-lists)
gmmohhcojdhgbjjahhpkfhbapgcfgfne,N/A,*gmmohhcojdhgbjjahhpkfhbapgcfgfne*,malware,malicious,https://awakesecurity.com/wp-content/uploads/2020/06/GalComm-Malicious-Chrome-Extensions-Appendix-B.txt,malicious chrome extensions lists from https://github.com/mallorybowes/chrome-mal-ids,https://chromewebstore.google.com/detail/gmmohhcojdhgbjjahhpkfhbapgcfgfne,critical,,2026-08-03,ExtSentry (github.com/mthcht/awesome-lists)
gofhadkfcffpjdbonbladicjdbkpickk,N/A,*gofhadkfcffpjdbonbladicjdbkpickk*,malware,malicious,https://awakesecurity.com/wp-content/uploads/2020/06/GalComm-Malicious-Chrome-Extensions-Appendix-B.txt,malicious chrome extensions lists from https://github.com/mallorybowes/chrome-mal-ids,https://chromewebstore.google.com/detail/gofhadkfcffpjdbonbladicjdbkpickk,critical,,2026-08-03,ExtSentry (github.com/mthcht/awesome-lists)
hapicipmkalhnklammmfdblkngahelln,N/A,*hapicipmkalhnklammmfdblkngahelln*,malware,malicious,https://awakesecurity.com/wp-content/uploads/2020/06/GalComm-Malicious-Chrome-Extensions-Appendix-B.txt,malicious chrome extensions lists from https://github.com/mallorybowes/chrome-mal-ids,https://chromewebstore.google.com/detail/hapicipmkalhnklammmfdblkngahelln,critical,,2026-08-03,ExtSentry (github.com/mthcht/awesome-lists)
hijipblimhboccjcnnjnjelcdmceeafa,N/A,*hijipblimhboccjcnnjnjelcdmceeafa*,malware,malicious,https://awakesecurity.com/wp-content/uploads/2020/06/GalComm-Malicious-Chrome-Extensions-Appendix-B.txt,malicious chrome extensions lists from https://github.com/mallorybowes/chrome-mal-ids,https://chromewebstore.google.com/detail/hijipblimhboccjcnnjnjelcdmceeafa,critical,,2026-08-03,ExtSentry (github.com/mthcht/awesome-lists)
hmamdkecijcegebmhndhcihjjkndbjgk,N/A,*hmamdkecijcegebmhndhcihjjkndbjgk*,malware,malicious,https://awakesecurity.com/wp-content/uploads/2020/06/GalComm-Malicious-Chrome-Extensions-Appendix-B.txt,malicious chrome extensions lists from https://github.com/mallorybowes/chrome-mal-ids,https://chromewebstore.google.com/detail/hmamdkecijcegebmhndhcihjjkndbjgk,critical,,2026-08-03,ExtSentry (github.com/mthcht/awesome-lists)
hodfejbmfdhcgolcglcojkpfdjjdepji,N/A,*hodfejbmfdhcgolcglcojkpfdjjdepji*,malware,malicious,https://awakesecurity.com/wp-content/uploads/2020/06/GalComm-Malicious-Chrome-Extensions-Appendix-B.txt,malicious chrome extensions lists from https://github.com/mallorybowes/chrome-mal-ids,https://chromewebstore.google.com/detail/hodfejbmfdhcgolcglcojkpfdjjdepji,critical,,2026-08-03,ExtSentry (github.com/mthcht/awesome-lists)
hpfijbjnmddglpmogpaeofdbehkpball,N/A,*hpfijbjnmddglpmogpaeofdbehkpball*,malware,malicious,https://awakesecurity.com/wp-content/uploads/2020/06/GalComm-Malicious-Chrome-Extensions-Appendix-B.txt,malicious chrome extensions lists from https://github.com/mallorybowes/chrome-mal-ids,https://chromewebstore.google.com/detail/hpfijbjnmddglpmogpaeofdbehkpball,critical,,2026-08-03,ExtSentry (github.com/mthcht/awesome-lists)
ianfonfnhjeidghdegbkbbjgliiciiic,N/A,*ianfonfnhjeidghdegbkbbjgliiciiic*,malware,malicious,https://awakesecurity.com/wp-content/uploads/2020/06/GalComm-Malicious-Chrome-Extensions-Appendix-B.txt,malicious chrome extensions lists from https://github.com/mallorybowes/chrome-mal-ids,https://chromewebstore.google.com/detail/ianfonfnhjeidghdegbkbbjgliiciiic,critical,,2026-08-03,ExtSentry (github.com/mthcht/awesome-lists)
ibfjiddieiljjjccjemgnoopkpmpniej,N/A,*ibfjiddieiljjjccjemgnoopkpmpniej*,malware,malicious,https://awakesecurity.com/wp-content/uploads/2020/06/GalComm-Malicious-Chrome-Extensions-Appendix-B.txt,malicious chrome extensions lists from https://github.com/mallorybowes/chrome-mal-ids,https://chromewebstore.google.com/detail/ibfjiddieiljjjccjemgnoopkpmpniej,critical,,2026-08-03,ExtSentry (github.com/mthcht/awesome-lists)
inhdgbalcopmbpjfincjponejamhaeop,N/A,*inhdgbalcopmbpjfincjponejamhaeop*,malware,malicious,https://awakesecurity.com/wp-content/uploads/2020/06/GalComm-Malicious-Chrome-Extensions-Appendix-B.txt,malicious chrome extensions lists from https://github.com/mallorybowes/chrome-mal-ids,https://chromewebstore.google.com/detail/inhdgbalcopmbpjfincjponejamhaeop,critical,,2026-08-03,ExtSentry (github.com/mthcht/awesome-lists)
iondldgmpaoekbgabgconiajpbkebkin,N/A,*iondldgmpaoekbgabgconiajpbkebkin*,malware,malicious,https://awakesecurity.com/wp-content/uploads/2020/06/GalComm-Malicious-Chrome-Extensions-Appendix-B.txt,malicious chrome extensions lists from https://github.com/mallorybowes/chrome-mal-ids,https://chromewebstore.google.com/detail/iondldgmpaoekbgabgconiajpbkebkin,critical,,2026-08-03,ExtSentry (github.com/mthcht/awesome-lists)
ipagcbjbgailmjeaojmpiddflpbgjngl,N/A,*ipagcbjbgailmjeaojmpiddflpbgjngl*,malware,malicious,https://awakesecurity.com/wp-content/uploads/2020/06/GalComm-Malicious-Chrome-Extensions-Appendix-B.txt,malicious chrome extensions lists from https://github.com/mallorybowes/chrome-mal-ids,https://chromewebstore.google.com/detail/ipagcbjbgailmjeaojmpiddflpbgjngl,critical,,2026-08-03,ExtSentry (github.com/mthcht/awesome-lists)
jagbooldjnemiedoagckjomjegkopfno,N/A,*jagbooldjnemiedoagckjomjegkopfno*,malware,malicious,https://awakesecurity.com/wp-content/uploads/2020/06/GalComm-Malicious-Chrome-Extensions-Appendix-B.txt,malicious chrome extensions lists from https://github.com/mallorybowes/chrome-mal-ids,https://chromewebstore.google.com/detail/jagbooldjnemiedoagckjomjegkopfno,critical,,2026-08-03,ExtSentry (github.com/mthcht/awesome-lists)
jdheollkkpfglhohnpgkonecdealeebn,N/A,*jdheollkkpfglhohnpgkonecdealeebn*,malware,malicious,https://awakesecurity.com/wp-content/uploads/2020/06/GalComm-Malicious-Chrome-Extensions-Appendix-B.txt,malicious chrome extensions lists from https://github.com/mallorybowes/chrome-mal-ids,https://chromewebstore.google.com/detail/jdheollkkpfglhohnpgkonecdealeebn,critical,,2026-08-03,ExtSentry (github.com/mthcht/awesome-lists)
jfefcmidfkpncdkjkkghhmjkafanhiam,N/A,*jfefcmidfkpncdkjkkghhmjkafanhiam*,malware,malicious,https://awakesecurity.com/wp-content/uploads/2020/06/GalComm-Malicious-Chrome-Extensions-Appendix-B.txt,malicious chrome extensions lists from https://github.com/mallorybowes/chrome-mal-ids,https://chromewebstore.google.com/detail/jfefcmidfkpncdkjkkghhmjkafanhiam,critical,,2026-08-03,ExtSentry (github.com/mthcht/awesome-lists)
jfgkpeobcmjlocjpfgocelimhppdmigj,N/A,*jfgkpeobcmjlocjpfgocelimhppdmigj*,malware,malicious,https://awakesecurity.com/wp-content/uploads/2020/06/GalComm-Malicious-Chrome-Extensions-Appendix-B.txt,malicious chrome extensions lists from https://github.com/mallorybowes/chrome-mal-ids,https://chromewebstore.google.com/detail/jfgkpeobcmjlocjpfgocelimhppdmigj,critical,,2026-08-03,ExtSentry (github.com/mthcht/awesome-lists)
jghiljaagglmcdeopnjkfhcikjnddhhc,N/A,*jghiljaagglmcdeopnjkfhcikjnddhhc*,malware,malicious,https://awakesecurity.com/wp-content/uploads/2020/06/GalComm-Malicious-Chrome-Extensions-Appendix-B.txt,malicious chrome extensions lists from https://github.com/mallorybowes/chrome-mal-ids,https://chromewebstore.google.com/detail/jghiljaagglmcdeopnjkfhcikjnddhhc,critical,,2026-08-03,ExtSentry (github.com/mthcht/awesome-lists)
jgjakaebbliafihodjhpkpankimhckdf,N/A,*jgjakaebbliafihodjhpkpankimhckdf*,malware,malicious,https://awakesecurity.com/wp-content/uploads/2020/06/GalComm-Malicious-Chrome-Extensions-Appendix-B.txt,malicious chrome extensions lists from https://github.com/mallorybowes/chrome-mal-ids,https://chromewebstore.google.com/detail/jgjakaebbliafihodjhpkpankimhckdf,critical,,2026-08-03,ExtSentry (github.com/mthcht/awesome-lists)
jiiinmeiedloeiabcgkdcbbpfelmbaff,N/A,*jiiinmeiedloeiabcgkdcbbpfelmbaff*,malware,malicious,https://awakesecurity.com/wp-content/uploads/2020/06/GalComm-Malicious-Chrome-Extensions-Appendix-B.txt,malicious chrome extensions lists from https://github.com/mallorybowes/chrome-mal-ids,https://chromewebstore.google.com/detail/jiiinmeiedloeiabcgkdcbbpfelmbaff,critical,,2026-08-03,ExtSentry (github.com/mthcht/awesome-lists)
jkdngiblfdmfjhiahibnnhcjncehcgab,N/A,*jkdngiblfdmfjhiahibnnhcjncehcgab*,malware,malicious,https://awakesecurity.com/wp-content/uploads/2020/06/GalComm-Malicious-Chrome-Extensions-Appendix-B.txt,malicious chrome extensions lists from https://github.com/mallorybowes/chrome-mal-ids,https://chromewebstore.google.com/detail/jkdngiblfdmfjhiahibnnhcjncehcgab,critical,,2026-08-03,ExtSentry (github.com/mthcht/awesome-lists)
jkofpdjclecgjcfomkaajhhmmhnninia,N/A,*jkofpdjclecgjcfomkaajhhmmhnninia*,malware,malicious,https://awakesecurity.com/wp-content/uploads/2020/06/GalComm-Malicious-Chrome-Extensions-Appendix-B.txt,malicious chrome extensions lists from https://github.com/mallorybowes/chrome-mal-ids,https://chromewebstore.google.com/detail/jkofpdjclecgjcfomkaajhhmmhnninia,critical,,2026-08-03,ExtSentry (github.com/mthcht/awesome-lists)
kbdbmddhlgckaggdapibpihadohhelao,N/A,*kbdbmddhlgckaggdapibpihadohhelao*,malware,malicious,https://awakesecurity.com/wp-content/uploads/2020/06/GalComm-Malicious-Chrome-Extensions-Appendix-B.txt,malicious chrome extensions lists from https://github.com/mallorybowes/chrome-mal-ids,https://chromewebstore.google.com/detail/kbdbmddhlgckaggdapibpihadohhelao,critical,,2026-08-03,ExtSentry (github.com/mthcht/awesome-lists)
keceijnpfmmlnebgnkhojinbkopolaom,N/A,*keceijnpfmmlnebgnkhojinbkopolaom*,malware,malicious,https://awakesecurity.com/wp-content/uploads/2020/06/GalComm-Malicious-Chrome-Extensions-Appendix-B.txt,malicious chrome extensions lists from https://github.com/mallorybowes/chrome-mal-ids,https://chromewebstore.google.com/detail/keceijnpfmmlnebgnkhojinbkopolaom,critical,,2026-08-03,ExtSentry (github.com/mthcht/awesome-lists)
khhemdcdllgomlbleegjdpbeflgbomcj,N/A,*khhemdcdllgomlbleegjdpbeflgbomcj*,malware,malicious,https://awakesecurity.com/wp-content/uploads/2020/06/GalComm-Malicious-Chrome-Extensions-Appendix-B.txt,malicious chrome extensions lists from https://github.com/mallorybowes/chrome-mal-ids,https://chromewebstore.google.com/detail/khhemdcdllgomlbleegjdpbeflgbomcj,critical,,2026-08-03,ExtSentry (github.com/mthcht/awesome-lists)
kjdcopljcgiekkmjhinmcpioncofoclg,N/A,*kjdcopljcgiekkmjhinmcpioncofoclg*,malware,malicious,https://awakesecurity.com/wp-content/uploads/2020/06/GalComm-Malicious-Chrome-Extensions-Appendix-B.txt,malicious chrome extensions lists from https://github.com/mallorybowes/chrome-mal-ids,https://chromewebstore.google.com/detail/kjdcopljcgiekkmjhinmcpioncofoclg,critical,,2026-08-03,ExtSentry (github.com/mthcht/awesome-lists)
kjgaljeofmfgjfipajjeeflbknekghma,N/A,*kjgaljeofmfgjfipajjeeflbknekghma*,malware,malicious,https://awakesecurity.com/wp-content/uploads/2020/06/GalComm-Malicious-Chrome-Extensions-Appendix-B.txt,malicious chrome extensions lists from https://github.com/mallorybowes/chrome-mal-ids,https://chromewebstore.google.com/detail/kjgaljeofmfgjfipajjeeflbknekghma,critical,,2026-08-03,ExtSentry (github.com/mthcht/awesome-lists)
labpefoeghdmpbfijhnnejdmnjccgplc,N/A,*labpefoeghdmpbfijhnnejdmnjccgplc*,malware,malicious,https://awakesecurity.com/wp-content/uploads/2020/06/GalComm-Malicious-Chrome-Extensions-Appendix-B.txt,malicious chrome extensions lists from https://github.com/mallorybowes/chrome-mal-ids,https://chromewebstore.google.com/detail/labpefoeghdmpbfijhnnejdmnjccgplc,critical,,2026-08-03,ExtSentry (github.com/mthcht/awesome-lists)
lameokaalbmnhgapanlloeichlbjloak,N/A,*lameokaalbmnhgapanlloeichlbjloak*,malware,malicious,https://awakesecurity.com/wp-content/uploads/2020/06/GalComm-Malicious-Chrome-Extensions-Appendix-B.txt,malicious chrome extensions lists from https://github.com/mallorybowes/chrome-mal-ids,https://chromewebstore.google.com/detail/lameokaalbmnhgapanlloeichlbjloak,critical,,2026-08-03,ExtSentry (github.com/mthcht/awesome-lists)
lbeekfefglldjjenkaekhnogoplpmfin,N/A,*lbeekfefglldjjenkaekhnogoplpmfin*,malware,malicious,https://awakesecurity.com/wp-content/uploads/2020/06/GalComm-Malicious-Chrome-Extensions-Appendix-B.txt,malicious chrome extensions lists from https://github.com/mallorybowes/chrome-mal-ids,https://chromewebstore.google.com/detail/lbeekfefglldjjenkaekhnogoplpmfin,critical,,2026-08-03,ExtSentry (github.com/mthcht/awesome-lists)
lbhddhdfbcdcfbbbmimncbakkjobaedh,N/A,*lbhddhdfbcdcfbbbmimncbakkjobaedh*,malware,malicious,https://awakesecurity.com/wp-content/uploads/2020/06/GalComm-Malicious-Chrome-Extensions-Appendix-B.txt,malicious chrome extensions lists from https://github.com/mallorybowes/chrome-mal-ids,https://chromewebstore.google.com/detail/lbhddhdfbcdcfbbbmimncbakkjobaedh,critical,,2026-08-03,ExtSentry (github.com/mthcht/awesome-lists)
ldoiiiffclpggehajofeffljablcodif,N/A,*ldoiiiffclpggehajofeffljablcodif*,malware,malicious,https://awakesecurity.com/wp-content/uploads/2020/06/GalComm-Malicious-Chrome-Extensions-Appendix-B.txt,malicious chrome extensions lists from https://github.com/mallorybowes/chrome-mal-ids,https://chromewebstore.google.com/detail/ldoiiiffclpggehajofeffljablcodif,critical,,2026-08-03,ExtSentry (github.com/mthcht/awesome-lists)
lhjdepbplpkgmghgiphdjpnagpmhijbg,N/A,*lhjdepbplpkgmghgiphdjpnagpmhijbg*,malware,malicious,https://awakesecurity.com/wp-content/uploads/2020/06/GalComm-Malicious-Chrome-Extensions-Appendix-B.txt,malicious chrome extensions lists from https://github.com/mallorybowes/chrome-mal-ids,https://chromewebstore.google.com/detail/lhjdepbplpkgmghgiphdjpnagpmhijbg,critical,,2026-08-03,ExtSentry (github.com/mthcht/awesome-lists)
ljddilebjpmmomoppeemckhpilhmoaok,N/A,*ljddilebjpmmomoppeemckhpilhmoaok*,malware,malicious,https://awakesecurity.com/wp-content/uploads/2020/06/GalComm-Malicious-Chrome-Extensions-Appendix-B.txt,malicious chrome extensions lists from https://github.com/mallorybowes/chrome-mal-ids,https://chromewebstore.google.com/detail/ljddilebjpmmomoppeemckhpilhmoaok,critical,,2026-08-03,ExtSentry (github.com/mthcht/awesome-lists)
ljnfpiodfojmjfbiechgkbkhikfbknjc,N/A,*ljnfpiodfojmjfbiechgkbkhikfbknjc*,malware,malicious,https://awakesecurity.com/wp-content/uploads/2020/06/GalComm-Malicious-Chrome-Extensions-Appendix-B.txt,malicious chrome extensions lists from https://github.com/mallorybowes/chrome-mal-ids,https://chromewebstore.google.com/detail/ljnfpiodfojmjfbiechgkbkhikfbknjc,critical,,2026-08-03,ExtSentry (github.com/mthcht/awesome-lists)
lnlkgfpceclfhomgocnnenmadlhanghf,N/A,*lnlkgfpceclfhomgocnnenmadlhanghf*,malware,malicious,https://awakesecurity.com/wp-content/uploads/2020/06/GalComm-Malicious-Chrome-Extensions-Appendix-B.txt,malicious chrome extensions lists from https://github.com/mallorybowes/chrome-mal-ids,https://chromewebstore.google.com/detail/lnlkgfpceclfhomgocnnenmadlhanghf,critical,,2026-08-03,ExtSentry (github.com/mthcht/awesome-lists)
loigeafmbglngofpkkddgobapkkcaena,N/A,*loigeafmbglngofpkkddgobapkkcaena*,malware,malicious,https://awakesecurity.com/wp-content/uploads/2020/06/GalComm-Malicious-Chrome-Extensions-Appendix-B.txt,malicious chrome extensions lists from https://github.com/mallorybowes/chrome-mal-ids,https://chromewebstore.google.com/detail/loigeafmbglngofpkkddgobapkkcaena,critical,,2026-08-03,ExtSentry (github.com/mthcht/awesome-lists)
lpajppfbbiafpmbeompbinpigbemekcg,N/A,*lpajppfbbiafpmbeompbinpigbemekcg*,malware,malicious,https://awakesecurity.com/wp-content/uploads/2020/06/GalComm-Malicious-Chrome-Extensions-Appendix-B.txt,malicious chrome extensions lists from https://github.com/mallorybowes/chrome-mal-ids,https://chromewebstore.google.com/detail/lpajppfbbiafpmbeompbinpigbemekcg,critical,,2026-08-03,ExtSentry (github.com/mthcht/awesome-lists)
majekhlfhmeeplofdolkddbecmgjgplm,N/A,*majekhlfhmeeplofdolkddbecmgjgplm*,malware,malicious,https://awakesecurity.com/wp-content/uploads/2020/06/GalComm-Malicious-Chrome-Extensions-Appendix-B.txt,malicious chrome extensions lists from https://github.com/mallorybowes/chrome-mal-ids,https://chromewebstore.google.com/detail/majekhlfhmeeplofdolkddbecmgjgplm,critical,,2026-08-03,ExtSentry (github.com/mthcht/awesome-lists)
mapafdeimlgplbahigmhneiibemhgcnc,N/A,*mapafdeimlgplbahigmhneiibemhgcnc*,malware,malicious,https://awakesecurity.com/wp-content/uploads/2020/06/GalComm-Malicious-Chrome-Extensions-Appendix-B.txt,malicious chrome extensions lists from https://github.com/mallorybowes/chrome-mal-ids,https://chromewebstore.google.com/detail/mapafdeimlgplbahigmhneiibemhgcnc,critical,,2026-08-03,ExtSentry (github.com/mthcht/awesome-lists)
mcfeaailfhmpdphgnheboncfiikfkenn,N/A,*mcfeaailfhmpdphgnheboncfiikfkenn*,malware,malicious,https://awakesecurity.com/wp-content/uploads/2020/06/GalComm-Malicious-Chrome-Extensions-Appendix-B.txt,malicious chrome extensions lists from https://github.com/mallorybowes/chrome-mal-ids,https://chromewebstore.google.com/detail/mcfeaailfhmpdphgnheboncfiikfkenn,critical,,2026-08-03,ExtSentry (github.com/mthcht/awesome-lists)
mgkjakldpclhkfadefnoncnjkiaffpkp,N/A,*mgkjakldpclhkfadefnoncnjkiaffpkp*,malware,malicious,https://awakesecurity.com/wp-content/uploads/2020/06/GalComm-Malicious-Chrome-Extensions-Appendix-B.txt,malicious chrome extensions lists from https://github.com/mallorybowes/chrome-mal-ids,https://chromewebstore.google.com/detail/mgkjakldpclhkfadefnoncnjkiaffpkp,critical,,2026-08-03,ExtSentry (github.com/mthcht/awesome-lists)
mhinpnedhapjlbgnhcifjdkklbeefbpa,N/A,*mhinpnedhapjlbgnhcifjdkklbeefbpa*,malware,malicious,https://awakesecurity.com/wp-content/uploads/2020/06/GalComm-Malicious-Chrome-Extensions-Appendix-B.txt,malicious chrome extensions lists from https://github.com/mallorybowes/chrome-mal-ids,https://chromewebstore.google.com/detail/mhinpnedhapjlbgnhcifjdkklbeefbpa,critical,,2026-08-03,ExtSentry (github.com/mthcht/awesome-lists)
mihiainclhehjnklijgpokdpldjmjdap,N/A,*mihiainclhehjnklijgpokdpldjmjdap*,malware,malicious,https://awakesecurity.com/wp-content/uploads/2020/06/GalComm-Malicious-Chrome-Extensions-Appendix-B.txt,malicious chrome extensions lists from https://github.com/mallorybowes/chrome-mal-ids,https://chromewebstore.google.com/detail/mihiainclhehjnklijgpokdpldjmjdap,critical,,2026-08-03,ExtSentry (github.com/mthcht/awesome-lists)
mmkakbkmcnchdopphcbphjioggaanmim,N/A,*mmkakbkmcnchdopphcbphjioggaanmim*,malware,malicious,https://awakesecurity.com/wp-content/uploads/2020/06/GalComm-Malicious-Chrome-Extensions-Appendix-B.txt,malicious chrome extensions lists from https://github.com/mallorybowes/chrome-mal-ids,https://chromewebstore.google.com/detail/mmkakbkmcnchdopphcbphjioggaanmim,critical,,2026-08-03,ExtSentry (github.com/mthcht/awesome-lists)
mopkkgobjofbkkgemcidkndbglkcfhjj,N/A,*mopkkgobjofbkkgemcidkndbglkcfhjj*,malware,malicious,https://awakesecurity.com/wp-content/uploads/2020/06/GalComm-Malicious-Chrome-Extensions-Appendix-B.txt,malicious chrome extensions lists from https://github.com/mallorybowes/chrome-mal-ids,https://chromewebstore.google.com/detail/mopkkgobjofbkkgemcidkndbglkcfhjj,critical,,2026-08-03,ExtSentry (github.com/mthcht/awesome-lists)
mpifmhgignilkmeckejgamolchmgfdom,N/A,*mpifmhgignilkmeckejgamolchmgfdom*,malware,malicious,https://awakesecurity.com/wp-content/uploads/2020/06/GalComm-Malicious-Chrome-Extensions-Appendix-B.txt,malicious chrome extensions lists from https://github.com/mallorybowes/chrome-mal-ids,https://chromewebstore.google.com/detail/mpifmhgignilkmeckejgamolchmgfdom,critical,,2026-08-03,ExtSentry (github.com/mthcht/awesome-lists)
nabmpeienmkmicpjckkgihobgleppbkc,N/A,*nabmpeienmkmicpjckkgihobgleppbkc*,malware,malicious,https://awakesecurity.com/wp-content/uploads/2020/06/GalComm-Malicious-Chrome-Extensions-Appendix-B.txt,malicious chrome extensions lists from https://github.com/mallorybowes/chrome-mal-ids,https://chromewebstore.google.com/detail/nabmpeienmkmicpjckkgihobgleppbkc,critical,,2026-08-03,ExtSentry (github.com/mthcht/awesome-lists)
nahhmpbckpgdidfnmfkfgiflpjijilce,N/A,*nahhmpbckpgdidfnmfkfgiflpjijilce*,malware,malicious,https://awakesecurity.com/wp-content/uploads/2020/06/GalComm-Malicious-Chrome-Extensions-Appendix-B.txt,malicious chrome extensions lists from https://github.com/mallorybowes/chrome-mal-ids,https://chromewebstore.google.com/detail/nahhmpbckpgdidfnmfkfgiflpjijilce,critical,,2026-08-03,ExtSentry (github.com/mthcht/awesome-lists)
ncepfbpjhkahgdemgmjmcgbgnfdinnhk,N/A,*ncepfbpjhkahgdemgmjmcgbgnfdinnhk*,malware,malicious,https://awakesecurity.com/wp-content/uploads/2020/06/GalComm-Malicious-Chrome-Extensions-Appendix-B.txt,malicious chrome extensions lists from https://github.com/mallorybowes/chrome-mal-ids,https://chromewebstore.google.com/detail/ncepfbpjhkahgdemgmjmcgbgnfdinnhk,critical,,2026-08-03,ExtSentry (github.com/mthcht/awesome-lists)
npaklgbiblcbpokaiddpmmbknncnbljb,N/A,*npaklgbiblcbpokaiddpmmbknncnbljb*,malware,malicious,https://awakesecurity.com/wp-content/uploads/2020/06/GalComm-Malicious-Chrome-Extensions-Appendix-B.txt,malicious chrome extensions lists from https://github.com/mallorybowes/chrome-mal-ids,https://chromewebstore.google.com/detail/npaklgbiblcbpokaiddpmmbknncnbljb,critical,,2026-08-03,ExtSentry (github.com/mthcht/awesome-lists)
npdfkclmbnoklkdebjfodpendkepbjek,N/A,*npdfkclmbnoklkdebjfodpendkepbjek*,malware,malicious,https://awakesecurity.com/wp-content/uploads/2020/06/GalComm-Malicious-Chrome-Extensions-Appendix-B.txt,malicious chrome extensions lists from https://github.com/mallorybowes/chrome-mal-ids,https://chromewebstore.google.com/detail/npdfkclmbnoklkdebjfodpendkepbjek,critical,,2026-08-03,ExtSentry (github.com/mthcht/awesome-lists)
nplenkhhmalidgamfdejkblbaihndkcm,N/A,*nplenkhhmalidgamfdejkblbaihndkcm*,malware,malicious,https://awakesecurity.com/wp-content/uploads/2020/06/GalComm-Malicious-Chrome-Extensions-Appendix-B.txt,malicious chrome extensions lists from https://github.com/mallorybowes/chrome-mal-ids,https://chromewebstore.google.com/detail/nplenkhhmalidgamfdejkblbaihndkcm,critical,,2026-08-03,ExtSentry (github.com/mthcht/awesome-lists)
oalfdomffplbcimjikgaklfamodahpmi,N/A,*oalfdomffplbcimjikgaklfamodahpmi*,malware,malicious,https://awakesecurity.com/wp-content/uploads/2020/06/GalComm-Malicious-Chrome-Extensions-Appendix-B.txt,malicious chrome extensions lists from https://github.com/mallorybowes/chrome-mal-ids,https://chromewebstore.google.com/detail/oalfdomffplbcimjikgaklfamodahpmi,critical,,2026-08-03,ExtSentry (github.com/mthcht/awesome-lists)
odnakbaioopckimfnkllgijmkikhfhhf,N/A,*odnakbaioopckimfnkllgijmkikhfhhf*,malware,malicious,https://awakesecurity.com/wp-content/uploads/2020/06/GalComm-Malicious-Chrome-Extensions-Appendix-B.txt,malicious chrome extensions lists from https://github.com/mallorybowes/chrome-mal-ids,https://chromewebstore.google.com/detail/odnakbaioopckimfnkllgijmkikhfhhf,critical,,2026-08-03,ExtSentry (github.com/mthcht/awesome-lists)
oklejhdbgggnfaggiidiaokelehcfjdp,N/A,*oklejhdbgggnfaggiidiaokelehcfjdp*,malware,malicious,https://awakesecurity.com/wp-content/uploads/2020/06/GalComm-Malicious-Chrome-Extensions-Appendix-B.txt,malicious chrome extensions lists from https://github.com/mallorybowes/chrome-mal-ids,https://chromewebstore.google.com/detail/oklejhdbgggnfaggiidiaokelehcfjdp,critical,,2026-08-03,ExtSentry (github.com/mthcht/awesome-lists)
omgeapkgiddakeoklcapboapbamdgmhp,N/A,*omgeapkgiddakeoklcapboapbamdgmhp*,malware,malicious,https://awakesecurity.com/wp-content/uploads/2020/06/GalComm-Malicious-Chrome-Extensions-Appendix-B.txt,malicious chrome extensions lists from https://github.com/mallorybowes/chrome-mal-ids,https://chromewebstore.google.com/detail/omgeapkgiddakeoklcapboapbamdgmhp,critical,,2026-08-03,ExtSentry (github.com/mthcht/awesome-lists)
oonbcpdabjcggcklopgbdagbfnkhbgbe,N/A,*oonbcpdabjcggcklopgbdagbfnkhbgbe*,malware,malicious,https://awakesecurity.com/wp-content/uploads/2020/06/GalComm-Malicious-Chrome-Extensions-Appendix-B.txt,malicious chrome extensions lists from https://github.com/mallorybowes/chrome-mal-ids,https://chromewebstore.google.com/detail/oonbcpdabjcggcklopgbdagbfnkhbgbe,critical,,2026-08-03,ExtSentry (github.com/mthcht/awesome-lists)
opahibnipmkjincplepgjiiinbfmppmh,N/A,*opahibnipmkjincplepgjiiinbfmppmh*,malware,malicious,https://awakesecurity.com/wp-content/uploads/2020/06/GalComm-Malicious-Chrome-Extensions-Appendix-B.txt,malicious chrome extensions lists from https://github.com/mallorybowes/chrome-mal-ids,https://chromewebstore.google.com/detail/opahibnipmkjincplepgjiiinbfmppmh,critical,,2026-08-03,ExtSentry (github.com/mthcht/awesome-lists)
pamchlfnkebmjbfbknoclehcpfclbhpl,N/A,*pamchlfnkebmjbfbknoclehcpfclbhpl*,malware,malicious,https://awakesecurity.com/wp-content/uploads/2020/06/GalComm-Malicious-Chrome-Extensions-Appendix-B.txt,malicious chrome extensions lists from https://github.com/mallorybowes/chrome-mal-ids,https://chromewebstore.google.com/detail/pamchlfnkebmjbfbknoclehcpfclbhpl,critical,,2026-08-03,ExtSentry (github.com/mthcht/awesome-lists)
pchfjdkempbhcjdifpfphmgdmnmadgce,N/A,*pchfjdkempbhcjdifpfphmgdmnmadgce*,malware,malicious,https://awakesecurity.com/wp-content/uploads/2020/06/GalComm-Malicious-Chrome-Extensions-Appendix-B.txt,malicious chrome extensions lists from https://github.com/mallorybowes/chrome-mal-ids,https://chromewebstore.google.com/detail/pchfjdkempbhcjdifpfphmgdmnmadgce,critical,,2026-08-03,ExtSentry (github.com/mthcht/awesome-lists)
pdpcpceofkopegffcdnffeenbfdldock,N/A,*pdpcpceofkopegffcdnffeenbfdldock*,malware,malicious,https://awakesecurity.com/wp-content/uploads/2020/06/GalComm-Malicious-Chrome-Extensions-Appendix-B.txt,malicious chrome extensions lists from https://github.com/mallorybowes/chrome-mal-ids,https://chromewebstore.google.com/detail/pdpcpceofkopegffcdnffeenbfdldock,critical,,2026-08-03,ExtSentry (github.com/mthcht/awesome-lists)
pgahbiaijngfmbbijfgmchcnkipajgha,N/A,*pgahbiaijngfmbbijfgmchcnkipajgha*,malware,malicious,https://awakesecurity.com/wp-content/uploads/2020/06/GalComm-Malicious-Chrome-Extensions-Appendix-B.txt,malicious chrome extensions lists from https://github.com/mallorybowes/chrome-mal-ids,https://chromewebstore.google.com/detail/pgahbiaijngfmbbijfgmchcnkipajgha,critical,,2026-08-03,ExtSentry (github.com/mthcht/awesome-lists)
pidohlmjfgjbafgfleommlolmbjdcpal,N/A,*pidohlmjfgjbafgfleommlolmbjdcpal*,malware,malicious,https://awakesecurity.com/wp-content/uploads/2020/06/GalComm-Malicious-Chrome-Extensions-Appendix-B.txt,malicious chrome extensions lists from https://github.com/mallorybowes/chrome-mal-ids,https://chromewebstore.google.com/detail/pidohlmjfgjbafgfleommlolmbjdcpal,critical,,2026-08-03,ExtSentry (github.com/mthcht/awesome-lists)
pilplloabdedfmialnfchjomjmpjcoej,N/A,*pilplloabdedfmialnfchjomjmpjcoej*,malware,malicious,https://awakesecurity.com/wp-content/uploads/2020/06/GalComm-Malicious-Chrome-Extensions-Appendix-B.txt,malicious chrome extensions lists from https://github.com/mallorybowes/chrome-mal-ids,https://chromewebstore.google.com/detail/pilplloabdedfmialnfchjomjmpjcoej,critical,,2026-08-03,ExtSentry (github.com/mthcht/awesome-lists)
pklmnoldkkoholegljdkibjjhmegpjep,N/A,*pklmnoldkkoholegljdkibjjhmegpjep*,malware,malicious,https://awakesecurity.com/wp-content/uploads/2020/06/GalComm-Malicious-Chrome-Extensions-Appendix-B.txt,malicious chrome extensions lists from https://github.com/mallorybowes/chrome-mal-ids,https://chromewebstore.google.com/detail/pklmnoldkkoholegljdkibjjhmegpjep,critical,,2026-08-03,ExtSentry (github.com/mthcht/awesome-lists)
pknkncdfjlncijifekldbjmeaiakdbof,N/A,*pknkncdfjlncijifekldbjmeaiakdbof*,malware,malicious,https://awakesecurity.com/wp-content/uploads/2020/06/GalComm-Malicious-Chrome-Extensions-Appendix-B.txt,malicious chrome extensions lists from https://github.com/mallorybowes/chrome-mal-ids,https://chromewebstore.google.com/detail/pknkncdfjlncijifekldbjmeaiakdbof,critical,,2026-08-03,ExtSentry (github.com/mthcht/awesome-lists)
plmgefkiicjfchonlmnbabfebpnpckkk,N/A,*plmgefkiicjfchonlmnbabfebpnpckkk*,malware,malicious,https://awakesecurity.com/wp-content/uploads/2020/06/GalComm-Malicious-Chrome-Extensions-Appendix-B.txt,malicious chrome extensions lists from https://github.com/mallorybowes/chrome-mal-ids,https://chromewebstore.google.com/detail/plmgefkiicjfchonlmnbabfebpnpckkk,critical,,2026-08-03,ExtSentry (github.com/mthcht/awesome-lists)
pnciakodcdnehobpfcjcnnlcpmjlpkac,N/A,*pnciakodcdnehobpfcjcnnlcpmjlpkac*,malware,malicious,https://awakesecurity.com/wp-content/uploads/2020/06/GalComm-Malicious-Chrome-Extensions-Appendix-B.txt,malicious chrome extensions lists from https://github.com/mallorybowes/chrome-mal-ids,https://chromewebstore.google.com/detail/pnciakodcdnehobpfcjcnnlcpmjlpkac,critical,,2026-08-03,ExtSentry (github.com/mthcht/awesome-lists)
ponodoigcmkglddlljanchegmkgkhmgb,N/A,*ponodoigcmkglddlljanchegmkgkhmgb*,malware,malicious,https://awakesecurity.com/wp-content/uploads/2020/06/GalComm-Malicious-Chrome-Extensions-Appendix-B.txt,malicious chrome extensions lists from https://github.com/mallorybowes/chrome-mal-ids,https://chromewebstore.google.com/detail/ponodoigcmkglddlljanchegmkgkhmgb,critical,,2026-08-03,ExtSentry (github.com/mthcht/awesome-lists)
oanbpfkcehelcjjipodkaafialmfejmi,N/A,*oanbpfkcehelcjjipodkaafialmfejmi*,malware,malicious,https://duo.com/labs/research/crxcavator-malvertising-2020,malicious chrome extensions lists from https://github.com/mallorybowes/chrome-mal-ids,https://chromewebstore.google.com/detail/oanbpfkcehelcjjipodkaafialmfejmi,critical,,2026-08-03,ExtSentry (github.com/mthcht/awesome-lists)
lhfibgclamcffnddoicjmoopmgomknmb,N/A,*lhfibgclamcffnddoicjmoopmgomknmb*,malware,malicious,https://duo.com/labs/research/crxcavator-malvertising-2020,malicious chrome extensions lists from https://github.com/mallorybowes/chrome-mal-ids,https://chromewebstore.google.com/detail/lhfibgclamcffnddoicjmoopmgomknmb,critical,,2026-08-03,ExtSentry (github.com/mthcht/awesome-lists)
ilcbbngkolbclhlildojhgjdbkkehfia,N/A,*ilcbbngkolbclhlildojhgjdbkkehfia*,malware,malicious,https://duo.com/labs/research/crxcavator-malvertising-2020,malicious chrome extensions lists from https://github.com/mallorybowes/chrome-mal-ids,https://chromewebstore.google.com/detail/ilcbbngkolbclhlildojhgjdbkkehfia,critical,,2026-08-03,ExtSentry (github.com/mthcht/awesome-lists)
pnhjnmacgahapmnnifmneapinilajfol,N/A,*pnhjnmacgahapmnnifmneapinilajfol*,malware,malicious,https://duo.com/labs/research/crxcavator-malvertising-2020,malicious chrome extensions lists from https://github.com/mallorybowes/chrome-mal-ids,https://chromewebstore.google.com/detail/pnhjnmacgahapmnnifmneapinilajfol,critical,,2026-08-03,ExtSentry (github.com/mthcht/awesome-lists)
ocifcogajbgikalbpphmoedjlcfjkhgh,N/A,*ocifcogajbgikalbpphmoedjlcfjkhgh*,malware,malicious,https://duo.com/labs/research/crxcavator-malvertising-2020,malicious chrome extensions lists from https://github.com/mallorybowes/chrome-mal-ids,https://chromewebstore.google.com/detail/ocifcogajbgikalbpphmoedjlcfjkhgh,critical,,2026-08-03,ExtSentry (github.com/mthcht/awesome-lists)
peglehonblabfemopkgmfcpofbchegcl,N/A,*peglehonblabfemopkgmfcpofbchegcl*,malware,malicious,https://duo.com/labs/research/crxcavator-malvertising-2020,malicious chrome extensions lists from https://github.com/mallorybowes/chrome-mal-ids,https://chromewebstore.google.com/detail/peglehonblabfemopkgmfcpofbchegcl,critical,,2026-08-03,ExtSentry (github.com/mthcht/awesome-lists)
aaeohfpkhojgdhocdfpkdaffbehjbmmd,N/A,*aaeohfpkhojgdhocdfpkdaffbehjbmmd*,malware,malicious,https://duo.com/labs/research/crxcavator-malvertising-2020,malicious chrome extensions lists from https://github.com/mallorybowes/chrome-mal-ids,https://chromewebstore.google.com/detail/aaeohfpkhojgdhocdfpkdaffbehjbmmd,critical,,2026-08-03,ExtSentry (github.com/mthcht/awesome-lists)
lidnmohoigekohfmdpopgcpigjkpemll,N/A,*lidnmohoigekohfmdpopgcpigjkpemll*,malware,malicious,https://duo.com/labs/research/crxcavator-malvertising-2020,malicious chrome extensions lists from https://github.com/mallorybowes/chrome-mal-ids,https://chromewebstore.google.com/detail/lidnmohoigekohfmdpopgcpigjkpemll,critical,,2026-08-03,ExtSentry (github.com/mthcht/awesome-lists)
jmbmildjdmppofnohldicmnkojfhggmb,N/A,*jmbmildjdmppofnohldicmnkojfhggmb*,malware,malicious,https://duo.com/labs/research/crxcavator-malvertising-2020,malicious chrome extensions lists from https://github.com/mallorybowes/chrome-mal-ids,https://chromewebstore.google.com/detail/jmbmildjdmppofnohldicmnkojfhggmb,critical,,2026-08-03,ExtSentry (github.com/mthcht/awesome-lists)
jdoaaldnifinadckcbfkbiekgaebkeif,N/A,*jdoaaldnifinadckcbfkbiekgaebkeif*,malware,malicious,https://duo.com/labs/research/crxcavator-malvertising-2020,malicious chrome extensions lists from https://github.com/mallorybowes/chrome-mal-ids,https://chromewebstore.google.com/detail/jdoaaldnifinadckcbfkbiekgaebkeif,critical,,2026-08-03,ExtSentry (github.com/mthcht/awesome-lists)
ogjfhmgoalinegalajpmjoliipdibhdm,N/A,*ogjfhmgoalinegalajpmjoliipdibhdm*,malware,malicious,https://duo.com/labs/research/crxcavator-malvertising-2020,malicious chrome extensions lists from https://github.com/mallorybowes/chrome-mal-ids,https://chromewebstore.google.com/detail/ogjfhmgoalinegalajpmjoliipdibhdm,critical,,2026-08-03,ExtSentry (github.com/mthcht/awesome-lists)
lebmkjafnodbnhbahbgdollaaabcmpbh,N/A,*lebmkjafnodbnhbahbgdollaaabcmpbh*,malware,malicious,https://duo.com/labs/research/crxcavator-malvertising-2020,malicious chrome extensions lists from https://github.com/mallorybowes/chrome-mal-ids,https://chromewebstore.google.com/detail/lebmkjafnodbnhbahbgdollaaabcmpbh,critical,,2026-08-03,ExtSentry (github.com/mthcht/awesome-lists)
gjammdgdlgmoidmdfoefkeklnhmllpjp,N/A,*gjammdgdlgmoidmdfoefkeklnhmllpjp*,malware,malicious,https://duo.com/labs/research/crxcavator-malvertising-2020,malicious chrome extensions lists from https://github.com/mallorybowes/chrome-mal-ids,https://chromewebstore.google.com/detail/gjammdgdlgmoidmdfoefkeklnhmllpjp,critical,,2026-08-03,ExtSentry (github.com/mthcht/awesome-lists)
kdkpllchojjkbgephbbeacaahecgfpga,N/A,*kdkpllchojjkbgephbbeacaahecgfpga*,malware,malicious,https://duo.com/labs/research/crxcavator-malvertising-2020,malicious chrome extensions lists from https://github.com/mallorybowes/chrome-mal-ids,https://chromewebstore.google.com/detail/kdkpllchojjkbgephbbeacaahecgfpga,critical,,2026-08-03,ExtSentry (github.com/mthcht/awesome-lists)
jaehldonmiabhfohkenmlimnceapgpnp,N/A,*jaehldonmiabhfohkenmlimnceapgpnp*,malware,malicious,https://duo.com/labs/research/crxcavator-malvertising-2020,malicious chrome extensions lists from https://github.com/mallorybowes/chrome-mal-ids,https://chromewebstore.google.com/detail/jaehldonmiabhfohkenmlimnceapgpnp,critical,,2026-08-03,ExtSentry (github.com/mthcht/awesome-lists)
pmhlkgkblgeeigiegkmacefjoflennbn,N/A,*pmhlkgkblgeeigiegkmacefjoflennbn*,malware,malicious,https://duo.com/labs/research/crxcavator-malvertising-2020,malicious chrome extensions lists from https://github.com/mallorybowes/chrome-mal-ids,https://chromewebstore.google.com/detail/pmhlkgkblgeeigiegkmacefjoflennbn,critical,,2026-08-03,ExtSentry (github.com/mthcht/awesome-lists)
ofdfbeanbffehepagohhengmjnhlkich,N/A,*ofdfbeanbffehepagohhengmjnhlkich*,malware,malicious,https://duo.com/labs/research/crxcavator-malvertising-2020,malicious chrome extensions lists from https://github.com/mallorybowes/chrome-mal-ids,https://chromewebstore.google.com/detail/ofdfbeanbffehepagohhengmjnhlkich,critical,,2026-08-03,ExtSentry (github.com/mthcht/awesome-lists)
mjchijabihjkhmmaaihpgmhkklgakinl,N/A,*mjchijabihjkhmmaaihpgmhkklgakinl*,malware,malicious,https://duo.com/labs/research/crxcavator-malvertising-2020,malicious chrome extensions lists from https://github.com/mallorybowes/chrome-mal-ids,https://chromewebstore.google.com/detail/mjchijabihjkhmmaaihpgmhkklgakinl,critical,,2026-08-03,ExtSentry (github.com/mthcht/awesome-lists)
poppendnaoonepbkmjejdfebihohaalo,N/A,*poppendnaoonepbkmjejdfebihohaalo*,malware,malicious,https://duo.com/labs/research/crxcavator-malvertising-2020,malicious chrome extensions lists from https://github.com/mallorybowes/chrome-mal-ids,https://chromewebstore.google.com/detail/poppendnaoonepbkmjejdfebihohaalo,critical,,2026-08-03,ExtSentry (github.com/mthcht/awesome-lists)
eogoljjmndnjfikmcbmopmlhjnhbmdda,N/A,*eogoljjmndnjfikmcbmopmlhjnhbmdda*,malware,malicious,https://duo.com/labs/research/crxcavator-malvertising-2020,malicious chrome extensions lists from https://github.com/mallorybowes/chrome-mal-ids,https://chromewebstore.google.com/detail/eogoljjmndnjfikmcbmopmlhjnhbmdda,critical,,2026-08-03,ExtSentry (github.com/mthcht/awesome-lists)
gdnkjjhpffldmfljpbfemliidkeeecdj,N/A,*gdnkjjhpffldmfljpbfemliidkeeecdj*,malware,malicious,https://duo.com/labs/research/crxcavator-malvertising-2020,malicious chrome extensions lists from https://github.com/mallorybowes/chrome-mal-ids,https://chromewebstore.google.com/detail/gdnkjjhpffldmfljpbfemliidkeeecdj,critical,,2026-08-03,ExtSentry (github.com/mthcht/awesome-lists)
gelcjfdfebnabkielednfoogpbhdeoai,N/A,*gelcjfdfebnabkielednfoogpbhdeoai*,malware,malicious,https://duo.com/labs/research/crxcavator-malvertising-2020,malicious chrome extensions lists from https://github.com/mallorybowes/chrome-mal-ids,https://chromewebstore.google.com/detail/gelcjfdfebnabkielednfoogpbhdeoai,critical,,2026-08-03,ExtSentry (github.com/mthcht/awesome-lists)
ofpihhkeakgnnbkmcoifjkkhnllddbld,N/A,*ofpihhkeakgnnbkmcoifjkkhnllddbld*,malware,malicious,https://duo.com/labs/research/crxcavator-malvertising-2020,malicious chrome extensions lists from https://github.com/mallorybowes/chrome-mal-ids,https://chromewebstore.google.com/detail/ofpihhkeakgnnbkmcoifjkkhnllddbld,critical,,2026-08-03,ExtSentry (github.com/mthcht/awesome-lists)
pjjghngpidphgicpgdebpmdgdicepege,N/A,*pjjghngpidphgicpgdebpmdgdicepege*,malware,malicious,https://duo.com/labs/research/crxcavator-malvertising-2020,malicious chrome extensions lists from https://github.com/mallorybowes/chrome-mal-ids,https://chromewebstore.google.com/detail/pjjghngpidphgicpgdebpmdgdicepege,critical,,2026-08-03,ExtSentry (github.com/mthcht/awesome-lists)
nchdkdaknojhpimbfbejfcdnmjfbllhj,N/A,*nchdkdaknojhpimbfbejfcdnmjfbllhj*,malware,malicious,https://duo.com/labs/research/crxcavator-malvertising-2020,malicious chrome extensions lists from https://github.com/mallorybowes/chrome-mal-ids,https://chromewebstore.google.com/detail/nchdkdaknojhpimbfbejfcdnmjfbllhj,critical,,2026-08-03,ExtSentry (github.com/mthcht/awesome-lists)
blcfpeooekoekehdpbikibeblpjlehlh,N/A,*blcfpeooekoekehdpbikibeblpjlehlh*,malware,malicious,https://duo.com/labs/research/crxcavator-malvertising-2020,malicious chrome extensions lists from https://github.com/mallorybowes/chrome-mal-ids,https://chromewebstore.google.com/detail/blcfpeooekoekehdpbikibeblpjlehlh,critical,,2026-08-03,ExtSentry (github.com/mthcht/awesome-lists)
looclnmoilplejheganiloofamfilbcd,N/A,*looclnmoilplejheganiloofamfilbcd*,malware,malicious,https://duo.com/labs/research/crxcavator-malvertising-2020,malicious chrome extensions lists from https://github.com/mallorybowes/chrome-mal-ids,https://chromewebstore.google.com/detail/looclnmoilplejheganiloofamfilbcd,critical,,2026-08-03,ExtSentry (github.com/mthcht/awesome-lists)
oehimkphpeeeneindfeekidpmkpffkgc,N/A,*oehimkphpeeeneindfeekidpmkpffkgc*,malware,malicious,https://duo.com/labs/research/crxcavator-malvertising-2020,malicious chrome extensions lists from https://github.com/mallorybowes/chrome-mal-ids,https://chromewebstore.google.com/detail/oehimkphpeeeneindfeekidpmkpffkgc,critical,,2026-08-03,ExtSentry (github.com/mthcht/awesome-lists)
eebbihndkbkejmlgfoofigacgicamfha,N/A,*eebbihndkbkejmlgfoofigacgicamfha*,malware,malicious,https://duo.com/labs/research/crxcavator-malvertising-2020,malicious chrome extensions lists from https://github.com/mallorybowes/chrome-mal-ids,https://chromewebstore.google.com/detail/eebbihndkbkejmlgfoofigacgicamfha,critical,,2026-08-03,ExtSentry (github.com/mthcht/awesome-lists)
faopefnnleiebimhkldlplkgkjpbmcea,N/A,*faopefnnleiebimhkldlplkgkjpbmcea*,malware,malicious,https://duo.com/labs/research/crxcavator-malvertising-2020,malicious chrome extensions lists from https://github.com/mallorybowes/chrome-mal-ids,https://chromewebstore.google.com/detail/faopefnnleiebimhkldlplkgkjpbmcea,critical,,2026-08-03,ExtSentry (github.com/mthcht/awesome-lists)
obcfkcpejehknjdollnafpebkcpkklbl,N/A,*obcfkcpejehknjdollnafpebkcpkklbl*,malware,malicious,https://duo.com/labs/research/crxcavator-malvertising-2020,malicious chrome extensions lists from https://github.com/mallorybowes/chrome-mal-ids,https://chromewebstore.google.com/detail/obcfkcpejehknjdollnafpebkcpkklbl,critical,,2026-08-03,ExtSentry (github.com/mthcht/awesome-lists)
jepocknhdcgdmbiodbpopcbjnlgecdhf,N/A,*jepocknhdcgdmbiodbpopcbjnlgecdhf*,malware,malicious,https://duo.com/labs/research/crxcavator-malvertising-2020,malicious chrome extensions lists from https://github.com/mallorybowes/chrome-mal-ids,https://chromewebstore.google.com/detail/jepocknhdcgdmbiodbpopcbjnlgecdhf,critical,,2026-08-03,ExtSentry (github.com/mthcht/awesome-lists)
dehhfjanlmglmabomenmpjnnopigplae,N/A,*dehhfjanlmglmabomenmpjnnopigplae*,malware,malicious,https://duo.com/labs/research/crxcavator-malvertising-2020,malicious chrome extensions lists from https://github.com/mallorybowes/chrome-mal-ids,https://chromewebstore.google.com/detail/dehhfjanlmglmabomenmpjnnopigplae,critical,,2026-08-03,ExtSentry (github.com/mthcht/awesome-lists)
ekijhekekfckmkmbemiijdkihdibnbgh,N/A,*ekijhekekfckmkmbemiijdkihdibnbgh*,malware,malicious,https://duo.com/labs/research/crxcavator-malvertising-2020,malicious chrome extensions lists from https://github.com/mallorybowes/chrome-mal-ids,https://chromewebstore.google.com/detail/ekijhekekfckmkmbemiijdkihdibnbgh,critical,,2026-08-03,ExtSentry (github.com/mthcht/awesome-lists)
pjpjefgijnjlhgegceegmpecklonpdjp,N/A,*pjpjefgijnjlhgegceegmpecklonpdjp*,malware,malicious,https://duo.com/labs/research/crxcavator-malvertising-2020,malicious chrome extensions lists from https://github.com/mallorybowes/chrome-mal-ids,https://chromewebstore.google.com/detail/pjpjefgijnjlhgegceegmpecklonpdjp,critical,,2026-08-03,ExtSentry (github.com/mthcht/awesome-lists)
nlhocomjnfjedielocojomgfldbjmdjj,N/A,*nlhocomjnfjedielocojomgfldbjmdjj*,malware,malicious,https://duo.com/labs/research/crxcavator-malvertising-2020,malicious chrome extensions lists from https://github.com/mallorybowes/chrome-mal-ids,https://chromewebstore.google.com/detail/nlhocomjnfjedielocojomgfldbjmdjj,critical,,2026-08-03,ExtSentry (github.com/mthcht/awesome-lists)
opooaebceonakifaacigffdhogdgfadg,N/A,*opooaebceonakifaacigffdhogdgfadg*,malware,malicious,https://duo.com/labs/research/crxcavator-malvertising-2020,malicious chrome extensions lists from https://github.com/mallorybowes/chrome-mal-ids,https://chromewebstore.google.com/detail/opooaebceonakifaacigffdhogdgfadg,critical,,2026-08-03,ExtSentry (github.com/mthcht/awesome-lists)
ojofdaokgfdlbeomlelkiiipkocneien,N/A,*ojofdaokgfdlbeomlelkiiipkocneien*,malware,malicious,https://duo.com/labs/research/crxcavator-malvertising-2020,malicious chrome extensions lists from https://github.com/mallorybowes/chrome-mal-ids,https://chromewebstore.google.com/detail/ojofdaokgfdlbeomlelkiiipkocneien,critical,,2026-08-03,ExtSentry (github.com/mthcht/awesome-lists)
gpaaalbnkccgmmbkendiciheljgpdhob,N/A,*gpaaalbnkccgmmbkendiciheljgpdhob*,malware,malicious,https://duo.com/labs/research/crxcavator-malvertising-2020,malicious chrome extensions lists from https://github.com/mallorybowes/chrome-mal-ids,https://chromewebstore.google.com/detail/gpaaalbnkccgmmbkendiciheljgpdhob,critical,,2026-08-03,ExtSentry (github.com/mthcht/awesome-lists)
almfnpjmjpnknlgpipillhfmchjikkno,N/A,*almfnpjmjpnknlgpipillhfmchjikkno*,malware,malicious,https://duo.com/labs/research/crxcavator-malvertising-2020,malicious chrome extensions lists from https://github.com/mallorybowes/chrome-mal-ids,https://chromewebstore.google.com/detail/almfnpjmjpnknlgpipillhfmchjikkno,critical,,2026-08-03,ExtSentry (github.com/mthcht/awesome-lists)
eeacchjlmkcleifpppcjbmahcnlihamj,N/A,*eeacchjlmkcleifpppcjbmahcnlihamj*,malware,malicious,https://duo.com/labs/research/crxcavator-malvertising-2020,malicious chrome extensions lists from https://github.com/mallorybowes/chrome-mal-ids,https://chromewebstore.google.com/detail/eeacchjlmkcleifpppcjbmahcnlihamj,critical,,2026-08-03,ExtSentry (github.com/mthcht/awesome-lists)
lojgkcienjoiogbfkbjiidpfnabhkckf,N/A,*lojgkcienjoiogbfkbjiidpfnabhkckf*,malware,malicious,https://duo.com/labs/research/crxcavator-malvertising-2020,malicious chrome extensions lists from https://github.com/mallorybowes/chrome-mal-ids,https://chromewebstore.google.com/detail/lojgkcienjoiogbfkbjiidpfnabhkckf,critical,,2026-08-03,ExtSentry (github.com/mthcht/awesome-lists)
gkemhapalomnipjhminflfhjcjehjhmp,N/A,*gkemhapalomnipjhminflfhjcjehjhmp*,malware,malicious,https://duo.com/labs/research/crxcavator-malvertising-2020,malicious chrome extensions lists from https://github.com/mallorybowes/chrome-mal-ids,https://chromewebstore.google.com/detail/gkemhapalomnipjhminflfhjcjehjhmp,critical,,2026-08-03,ExtSentry (github.com/mthcht/awesome-lists)
icolkoeolaodpjogekifcidcdbgbdobc,N/A,*icolkoeolaodpjogekifcidcdbgbdobc*,malware,malicious,https://duo.com/labs/research/crxcavator-malvertising-2020,malicious chrome extensions lists from https://github.com/mallorybowes/chrome-mal-ids,https://chromewebstore.google.com/detail/icolkoeolaodpjogekifcidcdbgbdobc,critical,,2026-08-03,ExtSentry (github.com/mthcht/awesome-lists)
abjbfhcehjndcpbiiagdnlfolkbfblpb,N/A,*abjbfhcehjndcpbiiagdnlfolkbfblpb*,malware,malicious,https://duo.com/labs/research/crxcavator-malvertising-2020,malicious chrome extensions lists from https://github.com/mallorybowes/chrome-mal-ids,https://chromewebstore.google.com/detail/abjbfhcehjndcpbiiagdnlfolkbfblpb,critical,,2026-08-03,ExtSentry (github.com/mthcht/awesome-lists)
bbjilncoookdcjjnkcdaofiollndepla,N/A,*bbjilncoookdcjjnkcdaofiollndepla*,malware,malicious,https://duo.com/labs/research/crxcavator-malvertising-2020,malicious chrome extensions lists from https://github.com/mallorybowes/chrome-mal-ids,https://chromewebstore.google.com/detail/bbjilncoookdcjjnkcdaofiollndepla,critical,,2026-08-03,ExtSentry (github.com/mthcht/awesome-lists)
igpcgjcdhmdjhdlgoncfnpkdipanlida,N/A,*igpcgjcdhmdjhdlgoncfnpkdipanlida*,malware,malicious,https://duo.com/labs/research/crxcavator-malvertising-2020,malicious chrome extensions lists from https://github.com/mallorybowes/chrome-mal-ids,https://chromewebstore.google.com/detail/igpcgjcdhmdjhdlgoncfnpkdipanlida,critical,,2026-08-03,ExtSentry (github.com/mthcht/awesome-lists)
nfhpojfdhcdmimokleagkdcbkmcgfjkh,N/A,*nfhpojfdhcdmimokleagkdcbkmcgfjkh*,malware,malicious,https://duo.com/labs/research/crxcavator-malvertising-2020,malicious chrome extensions lists from https://github.com/mallorybowes/chrome-mal-ids,https://chromewebstore.google.com/detail/nfhpojfdhcdmimokleagkdcbkmcgfjkh,critical,,2026-08-03,ExtSentry (github.com/mthcht/awesome-lists)
jfnlkmaledafkdhdokgnhlcmeamakham,N/A,*jfnlkmaledafkdhdokgnhlcmeamakham*,malware,malicious,https://duo.com/labs/research/crxcavator-malvertising-2020,malicious chrome extensions lists from https://github.com/mallorybowes/chrome-mal-ids,https://chromewebstore.google.com/detail/jfnlkmaledafkdhdokgnhlcmeamakham,critical,,2026-08-03,ExtSentry (github.com/mthcht/awesome-lists)
dibjpjiifnahccnokciamjlfgdlgimmn,N/A,*dibjpjiifnahccnokciamjlfgdlgimmn*,malware,malicious,https://duo.com/labs/research/crxcavator-malvertising-2020,malicious chrome extensions lists from https://github.com/mallorybowes/chrome-mal-ids,https://chromewebstore.google.com/detail/dibjpjiifnahccnokciamjlfgdlgimmn,critical,,2026-08-03,ExtSentry (github.com/mthcht/awesome-lists)
fjclfmhapndgeabdcikbhemimpijpnah,N/A,*fjclfmhapndgeabdcikbhemimpijpnah*,malware,malicious,https://duo.com/labs/research/crxcavator-malvertising-2020,malicious chrome extensions lists from https://github.com/mallorybowes/chrome-mal-ids,https://chromewebstore.google.com/detail/fjclfmhapndgeabdcikbhemimpijpnah,critical,,2026-08-03,ExtSentry (github.com/mthcht/awesome-lists)
jpnamljnefhpbpcofcbonjjjkmfjbhdp,N/A,*jpnamljnefhpbpcofcbonjjjkmfjbhdp*,malware,malicious,https://duo.com/labs/research/crxcavator-malvertising-2020,malicious chrome extensions lists from https://github.com/mallorybowes/chrome-mal-ids,https://chromewebstore.google.com/detail/jpnamljnefhpbpcofcbonjjjkmfjbhdp,critical,,2026-08-03,ExtSentry (github.com/mthcht/awesome-lists)
iggmbfojpkfikoahlfghaalpbpkhfohc,N/A,*iggmbfojpkfikoahlfghaalpbpkhfohc*,malware,malicious,https://duo.com/labs/research/crxcavator-malvertising-2020,malicious chrome extensions lists from https://github.com/mallorybowes/chrome-mal-ids,https://chromewebstore.google.com/detail/iggmbfojpkfikoahlfghaalpbpkhfohc,critical,,2026-08-03,ExtSentry (github.com/mthcht/awesome-lists)
fkllfgoempnigpogkgkgmghkchmjcjni,N/A,*fkllfgoempnigpogkgkgmghkchmjcjni*,malware,malicious,https://duo.com/labs/research/crxcavator-malvertising-2020,malicious chrome extensions lists from https://github.com/mallorybowes/chrome-mal-ids,https://chromewebstore.google.com/detail/fkllfgoempnigpogkgkgmghkchmjcjni,critical,,2026-08-03,ExtSentry (github.com/mthcht/awesome-lists)
dealfjgnmkibkcldkcpbikenmajlglmc,N/A,*dealfjgnmkibkcldkcpbikenmajlglmc*,malware,malicious,https://duo.com/labs/research/crxcavator-malvertising-2020,malicious chrome extensions lists from https://github.com/mallorybowes/chrome-mal-ids,https://chromewebstore.google.com/detail/dealfjgnmkibkcldkcpbikenmajlglmc,critical,,2026-08-03,ExtSentry (github.com/mthcht/awesome-lists)
abghmipjfclfpgmmelbgolfgmhnigbma,N/A,*abghmipjfclfpgmmelbgolfgmhnigbma*,malware,malicious,https://duo.com/labs/research/crxcavator-malvertising-2020,malicious chrome extensions lists from https://github.com/mallorybowes/chrome-mal-ids,https://chromewebstore.google.com/detail/abghmipjfclfpgmmelbgolfgmhnigbma,critical,,2026-08-03,ExtSentry (github.com/mthcht/awesome-lists)
dcbfmglfdlgpnolgdjoioeocllioebpe,N/A,*dcbfmglfdlgpnolgdjoioeocllioebpe*,malware,malicious,https://duo.com/labs/research/crxcavator-malvertising-2020,malicious chrome extensions lists from https://github.com/mallorybowes/chrome-mal-ids,https://chromewebstore.google.com/detail/dcbfmglfdlgpnolgdjoioeocllioebpe,critical,,2026-08-03,ExtSentry (github.com/mthcht/awesome-lists)
obmbmalbahpfbckpcfbipooimkldgphm,N/A,*obmbmalbahpfbckpcfbipooimkldgphm*,malware,malicious,https://duo.com/labs/research/crxcavator-malvertising-2020,malicious chrome extensions lists from https://github.com/mallorybowes/chrome-mal-ids,https://chromewebstore.google.com/detail/obmbmalbahpfbckpcfbipooimkldgphm,critical,,2026-08-03,ExtSentry (github.com/mthcht/awesome-lists)
gbkmkgfjngebdcpklbkeccelcjaobblk,N/A,*gbkmkgfjngebdcpklbkeccelcjaobblk*,malware,malicious,https://duo.com/labs/research/crxcavator-malvertising-2020,malicious chrome extensions lists from https://github.com/mallorybowes/chrome-mal-ids,https://chromewebstore.google.com/detail/gbkmkgfjngebdcpklbkeccelcjaobblk,critical,,2026-08-03,ExtSentry (github.com/mthcht/awesome-lists)
ehibgcefkpbfkklbpahilhicidnhiboc,N/A,*ehibgcefkpbfkklbpahilhicidnhiboc*,malware,malicious,https://duo.com/labs/research/crxcavator-malvertising-2020,malicious chrome extensions lists from https://github.com/mallorybowes/chrome-mal-ids,https://chromewebstore.google.com/detail/ehibgcefkpbfkklbpahilhicidnhiboc,critical,,2026-08-03,ExtSentry (github.com/mthcht/awesome-lists)
gmljddfeipofcffbhhcpohkegndieeab,N/A,*gmljddfeipofcffbhhcpohkegndieeab*,malware,malicious,https://duo.com/labs/research/crxcavator-malvertising-2020,malicious chrome extensions lists from https://github.com/mallorybowes/chrome-mal-ids,https://chromewebstore.google.com/detail/gmljddfeipofcffbhhcpohkegndieeab,critical,,2026-08-03,ExtSentry (github.com/mthcht/awesome-lists)
dajgdhiemoaecngkpliephmheifopmjb,N/A,*dajgdhiemoaecngkpliephmheifopmjb*,malware,malicious,https://duo.com/labs/research/crxcavator-malvertising-2020,malicious chrome extensions lists from https://github.com/mallorybowes/chrome-mal-ids,https://chromewebstore.google.com/detail/dajgdhiemoaecngkpliephmheifopmjb,critical,,2026-08-03,ExtSentry (github.com/mthcht/awesome-lists)
fdbmoflclpmkmeobidcgmfamkicinnlg,N/A,*fdbmoflclpmkmeobidcgmfamkicinnlg*,malware,malicious,https://duo.com/labs/research/crxcavator-malvertising-2020,malicious chrome extensions lists from https://github.com/mallorybowes/chrome-mal-ids,https://chromewebstore.google.com/detail/fdbmoflclpmkmeobidcgmfamkicinnlg,critical,,2026-08-03,ExtSentry (github.com/mthcht/awesome-lists)
obbfndpanmiplgfcbeonoocobbnjdmdc,N/A,*obbfndpanmiplgfcbeonoocobbnjdmdc*,malware,malicious,https://duo.com/labs/research/crxcavator-malvertising-2020,malicious chrome extensions lists from https://github.com/mallorybowes/chrome-mal-ids,https://chromewebstore.google.com/detail/obbfndpanmiplgfcbeonoocobbnjdmdc,critical,,2026-08-03,ExtSentry (github.com/mthcht/awesome-lists)
lgljionbhcfbnpjgfnhhoadpdngkmfnh,N/A,*lgljionbhcfbnpjgfnhhoadpdngkmfnh*,malware,malicious,https://duo.com/labs/research/crxcavator-malvertising-2020,malicious chrome extensions lists from https://github.com/mallorybowes/chrome-mal-ids,https://chromewebstore.google.com/detail/lgljionbhcfbnpjgfnhhoadpdngkmfnh,critical,,2026-08-03,ExtSentry (github.com/mthcht/awesome-lists)
ddenjpheppdmfimooolgihimdgpilhfo,N/A,*ddenjpheppdmfimooolgihimdgpilhfo*,malware,malicious,https://duo.com/labs/research/crxcavator-malvertising-2020,malicious chrome extensions lists from https://github.com/mallorybowes/chrome-mal-ids,https://chromewebstore.google.com/detail/ddenjpheppdmfimooolgihimdgpilhfo,critical,,2026-08-03,ExtSentry (github.com/mthcht/awesome-lists)
bblkckhknhmalchbceidkmjalmcmnkfa,N/A,*bblkckhknhmalchbceidkmjalmcmnkfa*,malware,malicious,https://duo.com/labs/research/crxcavator-malvertising-2020,malicious chrome extensions lists from https://github.com/mallorybowes/chrome-mal-ids,https://chromewebstore.google.com/detail/bblkckhknhmalchbceidkmjalmcmnkfa,critical,,2026-08-03,ExtSentry (github.com/mthcht/awesome-lists)
fhkmacopackahlbnpcfijgphgoimpggb,N/A,*fhkmacopackahlbnpcfijgphgoimpggb*,malware,malicious,https://duo.com/labs/research/crxcavator-malvertising-2020,malicious chrome extensions lists from https://github.com/mallorybowes/chrome-mal-ids,https://chromewebstore.google.com/detail/fhkmacopackahlbnpcfijgphgoimpggb,critical,,2026-08-03,ExtSentry (github.com/mthcht/awesome-lists)
eohnfgagodblipmmalphhfepaonpnjgk,N/A,*eohnfgagodblipmmalphhfepaonpnjgk*,malware,malicious,https://duo.com/labs/research/crxcavator-malvertising-2020,malicious chrome extensions lists from https://github.com/mallorybowes/chrome-mal-ids,https://chromewebstore.google.com/detail/eohnfgagodblipmmalphhfepaonpnjgk,critical,,2026-08-03,ExtSentry (github.com/mthcht/awesome-lists)
emkkigmmpfbjmikfadmfeebomholoikg,N/A,*emkkigmmpfbjmikfadmfeebomholoikg*,malware,malicious,https://duo.com/labs/research/crxcavator-malvertising-2020,malicious chrome extensions lists from https://github.com/mallorybowes/chrome-mal-ids,https://chromewebstore.google.com/detail/emkkigmmpfbjmikfadmfeebomholoikg,critical,,2026-08-03,ExtSentry (github.com/mthcht/awesome-lists)
fekjbjbbdopogpamkmdjpjicapclgamj,N/A,*fekjbjbbdopogpamkmdjpjicapclgamj*,malware,malicious,https://duo.com/labs/research/crxcavator-malvertising-2020,malicious chrome extensions lists from https://github.com/mallorybowes/chrome-mal-ids,https://chromewebstore.google.com/detail/fekjbjbbdopogpamkmdjpjicapclgamj,critical,,2026-08-03,ExtSentry (github.com/mthcht/awesome-lists)
afephhbbcdlgdehhddfnehfndnkfbgnm,N/A,*afephhbbcdlgdehhddfnehfndnkfbgnm*,malware,malicious,https://medium.com/mycrypto/discovering-fake-browser-extensions-that-target-users-of-ledger-trezor-mew-metamask-and-more-e281a2b80ff9,malicious chrome extensions lists from https://github.com/mallorybowes/chrome-mal-ids,https://chromewebstore.google.com/detail/afephhbbcdlgdehhddfnehfndnkfbgnm,critical,,2026-08-03,ExtSentry (github.com/mthcht/awesome-lists)
agfjbfkpehcnceblmdahjaejpnnnkjdn,N/A,*agfjbfkpehcnceblmdahjaejpnnnkjdn*,malware,malicious,https://medium.com/mycrypto/discovering-fake-browser-extensions-that-target-users-of-ledger-trezor-mew-metamask-and-more-e281a2b80ff9,malicious chrome extensions lists from https://github.com/mallorybowes/chrome-mal-ids,https://chromewebstore.google.com/detail/agfjbfkpehcnceblmdahjaejpnnnkjdn,critical,,2026-08-03,ExtSentry (github.com/mthcht/awesome-lists)
ahikdohkiedoomaklnohgdnmfcmbabcn,N/A,*ahikdohkiedoomaklnohgdnmfcmbabcn*,malware,malicious,https://medium.com/mycrypto/discovering-fake-browser-extensions-that-target-users-of-ledger-trezor-mew-metamask-and-more-e281a2b80ff9,malicious chrome extensions lists from https://github.com/mallorybowes/chrome-mal-ids,https://chromewebstore.google.com/detail/ahikdohkiedoomaklnohgdnmfcmbabcn,critical,,2026-08-03,ExtSentry (github.com/mthcht/awesome-lists)
ahlfiinafajfmciaajgophipcfholmeh,N/A,*ahlfiinafajfmciaajgophipcfholmeh*,malware,malicious,https://medium.com/mycrypto/discovering-fake-browser-extensions-that-target-users-of-ledger-trezor-mew-metamask-and-more-e281a2b80ff9,malicious chrome extensions lists from https://github.com/mallorybowes/chrome-mal-ids,https://chromewebstore.google.com/detail/ahlfiinafajfmciaajgophipcfholmeh,critical,,2026-08-03,ExtSentry (github.com/mthcht/awesome-lists)
akglkgdiggmkilkhejagginkngocbpbj,N/A,*akglkgdiggmkilkhejagginkngocbpbj*,malware,malicious,https://medium.com/mycrypto/discovering-fake-browser-extensions-that-target-users-of-ledger-trezor-mew-metamask-and-more-e281a2b80ff9,malicious chrome extensions lists from https://github.com/mallorybowes/chrome-mal-ids,https://chromewebstore.google.com/detail/akglkgdiggmkilkhejagginkngocbpbj,critical,,2026-08-03,ExtSentry (github.com/mthcht/awesome-lists)
anihmmejabpaocacmeodiapbhpholaom,N/A,*anihmmejabpaocacmeodiapbhpholaom*,malware,malicious,https://medium.com/mycrypto/discovering-fake-browser-extensions-that-target-users-of-ledger-trezor-mew-metamask-and-more-e281a2b80ff9,malicious chrome extensions lists from https://github.com/mallorybowes/chrome-mal-ids,https://chromewebstore.google.com/detail/anihmmejabpaocacmeodiapbhpholaom,critical,,2026-08-03,ExtSentry (github.com/mthcht/awesome-lists)
bhkcgfbaokmhglgipbppoobmoblcomhh,N/A,*bhkcgfbaokmhglgipbppoobmoblcomhh*,malware,malicious,https://medium.com/mycrypto/discovering-fake-browser-extensions-that-target-users-of-ledger-trezor-mew-metamask-and-more-e281a2b80ff9,malicious chrome extensions lists from https://github.com/mallorybowes/chrome-mal-ids,https://chromewebstore.google.com/detail/bhkcgfbaokmhglgipbppoobmoblcomhh,critical,,2026-08-03,ExtSentry (github.com/mthcht/awesome-lists)
bkanfnnhokogflpnhnbfjdhbjdlgncdi,N/A,*bkanfnnhokogflpnhnbfjdhbjdlgncdi*,malware,malicious,https://medium.com/mycrypto/discovering-fake-browser-extensions-that-target-users-of-ledger-trezor-mew-metamask-and-more-e281a2b80ff9,malicious chrome extensions lists from https://github.com/mallorybowes/chrome-mal-ids,https://chromewebstore.google.com/detail/bkanfnnhokogflpnhnbfjdhbjdlgncdi,critical,,2026-08-03,ExtSentry (github.com/mthcht/awesome-lists)
bpfdhglfmfepjhgnhnmclbfiknjnfblb,N/A,*bpfdhglfmfepjhgnhnmclbfiknjnfblb*,malware,malicious,https://medium.com/mycrypto/discovering-fake-browser-extensions-that-target-users-of-ledger-trezor-mew-metamask-and-more-e281a2b80ff9,malicious chrome extensions lists from https://github.com/mallorybowes/chrome-mal-ids,https://chromewebstore.google.com/detail/bpfdhglfmfepjhgnhnmclbfiknjnfblb,critical,,2026-08-03,ExtSentry (github.com/mthcht/awesome-lists)
bpklfenmjhcjlocdicfadpfppcgojfjp,N/A,*bpklfenmjhcjlocdicfadpfppcgojfjp*,malware,malicious,https://medium.com/mycrypto/discovering-fake-browser-extensions-that-target-users-of-ledger-trezor-mew-metamask-and-more-e281a2b80ff9,malicious chrome extensions lists from https://github.com/mallorybowes/chrome-mal-ids,https://chromewebstore.google.com/detail/bpklfenmjhcjlocdicfadpfppcgojfjp,critical,,2026-08-03,ExtSentry (github.com/mthcht/awesome-lists)
ckelhijilmmlmnaljmjpigfopkmfkoeh,N/A,*ckelhijilmmlmnaljmjpigfopkmfkoeh*,malware,malicious,https://medium.com/mycrypto/discovering-fake-browser-extensions-that-target-users-of-ledger-trezor-mew-metamask-and-more-e281a2b80ff9,malicious chrome extensions lists from https://github.com/mallorybowes/chrome-mal-ids,https://chromewebstore.google.com/detail/ckelhijilmmlmnaljmjpigfopkmfkoeh,critical,,2026-08-03,ExtSentry (github.com/mthcht/awesome-lists)
dbcfhcelmjepboabieglhjejeolaopdl,N/A,*dbcfhcelmjepboabieglhjejeolaopdl*,malware,malicious,https://medium.com/mycrypto/discovering-fake-browser-extensions-that-target-users-of-ledger-trezor-mew-metamask-and-more-e281a2b80ff9,malicious chrome extensions lists from https://github.com/mallorybowes/chrome-mal-ids,https://chromewebstore.google.com/detail/dbcfhcelmjepboabieglhjejeolaopdl,critical,,2026-08-03,ExtSentry (github.com/mthcht/awesome-lists)
dbcfokmgampdedgcefjahloodbgakkpl,N/A,*dbcfokmgampdedgcefjahloodbgakkpl*,malware,malicious,https://medium.com/mycrypto/discovering-fake-browser-extensions-that-target-users-of-ledger-trezor-mew-metamask-and-more-e281a2b80ff9,malicious chrome extensions lists from https://github.com/mallorybowes/chrome-mal-ids,https://chromewebstore.google.com/detail/dbcfokmgampdedgcefjahloodbgakkpl,critical,,2026-08-03,ExtSentry (github.com/mthcht/awesome-lists)
ddohdfnenhipnhnbbfifknnhaomihcip,N/A,*ddohdfnenhipnhnbbfifknnhaomihcip*,malware,malicious,https://medium.com/mycrypto/discovering-fake-browser-extensions-that-target-users-of-ledger-trezor-mew-metamask-and-more-e281a2b80ff9,malicious chrome extensions lists from https://github.com/mallorybowes/chrome-mal-ids,https://chromewebstore.google.com/detail/ddohdfnenhipnhnbbfifknnhaomihcip,critical,,2026-08-03,ExtSentry (github.com/mthcht/awesome-lists)
dehindejipifeaikcgbkdijgkbjliojc,N/A,*dehindejipifeaikcgbkdijgkbjliojc*,malware,malicious,https://medium.com/mycrypto/discovering-fake-browser-extensions-that-target-users-of-ledger-trezor-mew-metamask-and-more-e281a2b80ff9,malicious chrome extensions lists from https://github.com/mallorybowes/chrome-mal-ids,https://chromewebstore.google.com/detail/dehindejipifeaikcgbkdijgkbjliojc,critical,,2026-08-03,ExtSentry (github.com/mthcht/awesome-lists)
dkhcmjfipgoapjamnngolidbcakpdhgf,N/A,*dkhcmjfipgoapjamnngolidbcakpdhgf*,malware,malicious,https://medium.com/mycrypto/discovering-fake-browser-extensions-that-target-users-of-ledger-trezor-mew-metamask-and-more-e281a2b80ff9,malicious chrome extensions lists from https://github.com/mallorybowes/chrome-mal-ids,https://chromewebstore.google.com/detail/dkhcmjfipgoapjamnngolidbcakpdhgf,critical,,2026-08-03,ExtSentry (github.com/mthcht/awesome-lists)
effhjobodhmkbgfpgcdabfnjlnphakhb,N/A,*effhjobodhmkbgfpgcdabfnjlnphakhb*,malware,malicious,https://medium.com/mycrypto/discovering-fake-browser-extensions-that-target-users-of-ledger-trezor-mew-metamask-and-more-e281a2b80ff9,malicious chrome extensions lists from https://github.com/mallorybowes/chrome-mal-ids,https://chromewebstore.google.com/detail/effhjobodhmkbgfpgcdabfnjlnphakhb,critical,,2026-08-03,ExtSentry (github.com/mthcht/awesome-lists)
egpnofbhgafhbkapdhedimohmainbiio,N/A,*egpnofbhgafhbkapdhedimohmainbiio*,malware,malicious,https://medium.com/mycrypto/discovering-fake-browser-extensions-that-target-users-of-ledger-trezor-mew-metamask-and-more-e281a2b80ff9,malicious chrome extensions lists from https://github.com/mallorybowes/chrome-mal-ids,https://chromewebstore.google.com/detail/egpnofbhgafhbkapdhedimohmainbiio,critical,,2026-08-03,ExtSentry (github.com/mthcht/awesome-lists)
ehlgimmlmmcocemjadeafmohiplmgmei,N/A,*ehlgimmlmmcocemjadeafmohiplmgmei*,malware,malicious,https://medium.com/mycrypto/discovering-fake-browser-extensions-that-target-users-of-ledger-trezor-mew-metamask-and-more-e281a2b80ff9,malicious chrome extensions lists from https://github.com/mallorybowes/chrome-mal-ids,https://chromewebstore.google.com/detail/ehlgimmlmmcocemjadeafmohiplmgmei,critical,,2026-08-03,ExtSentry (github.com/mthcht/awesome-lists)
epphnioigompfjaknnaokghgcncnjfbe,N/A,*epphnioigompfjaknnaokghgcncnjfbe*,malware,malicious,https://medium.com/mycrypto/discovering-fake-browser-extensions-that-target-users-of-ledger-trezor-mew-metamask-and-more-e281a2b80ff9,malicious chrome extensions lists from https://github.com/mallorybowes/chrome-mal-ids,https://chromewebstore.google.com/detail/epphnioigompfjaknnaokghgcncnjfbe,critical,,2026-08-03,ExtSentry (github.com/mthcht/awesome-lists)
gbbpilgcdcmfppjkdociebhmcnbfbmod,N/A,*gbbpilgcdcmfppjkdociebhmcnbfbmod*,malware,malicious,https://medium.com/mycrypto/discovering-fake-browser-extensions-that-target-users-of-ledger-trezor-mew-metamask-and-more-e281a2b80ff9,malicious chrome extensions lists from https://github.com/mallorybowes/chrome-mal-ids,https://chromewebstore.google.com/detail/gbbpilgcdcmfppjkdociebhmcnbfbmod,critical,,2026-08-03,ExtSentry (github.com/mthcht/awesome-lists)
glmbceclkhkaebcadgmbcjihllcnpmjh,N/A,*glmbceclkhkaebcadgmbcjihllcnpmjh*,malware,malicious,https://medium.com/mycrypto/discovering-fake-browser-extensions-that-target-users-of-ledger-trezor-mew-metamask-and-more-e281a2b80ff9,malicious chrome extensions lists from https://github.com/mallorybowes/chrome-mal-ids,https://chromewebstore.google.com/detail/glmbceclkhkaebcadgmbcjihllcnpmjh,critical,,2026-08-03,ExtSentry (github.com/mthcht/awesome-lists)
gpffceikmehgifkjjginoibpceadefih,N/A,*gpffceikmehgifkjjginoibpceadefih*,malware,malicious,https://medium.com/mycrypto/discovering-fake-browser-extensions-that-target-users-of-ledger-trezor-mew-metamask-and-more-e281a2b80ff9,malicious chrome extensions lists from https://github.com/mallorybowes/chrome-mal-ids,https://chromewebstore.google.com/detail/gpffceikmehgifkjjginoibpceadefih,critical,,2026-08-03,ExtSentry (github.com/mthcht/awesome-lists)
idnelecdpebmbpnmambnpcjogingdfco,N/A,*idnelecdpebmbpnmambnpcjogingdfco*,malware,malicious,https://medium.com/mycrypto/discovering-fake-browser-extensions-that-target-users-of-ledger-trezor-mew-metamask-and-more-e281a2b80ff9,malicious chrome extensions lists from https://github.com/mallorybowes/chrome-mal-ids,https://chromewebstore.google.com/detail/idnelecdpebmbpnmambnpcjogingdfco,critical,,2026-08-03,ExtSentry (github.com/mthcht/awesome-lists)
ifceimlckdanenfkfoomccpcpemphlbg,N/A,*ifceimlckdanenfkfoomccpcpemphlbg*,malware,malicious,https://medium.com/mycrypto/discovering-fake-browser-extensions-that-target-users-of-ledger-trezor-mew-metamask-and-more-e281a2b80ff9,malicious chrome extensions lists from https://github.com/mallorybowes/chrome-mal-ids,https://chromewebstore.google.com/detail/ifceimlckdanenfkfoomccpcpemphlbg,critical,,2026-08-03,ExtSentry (github.com/mthcht/awesome-lists)
ifmkfoeijeemajoodjfoagpbejmmnkhm,N/A,*ifmkfoeijeemajoodjfoagpbejmmnkhm*,malware,malicious,https://medium.com/mycrypto/discovering-fake-browser-extensions-that-target-users-of-ledger-trezor-mew-metamask-and-more-e281a2b80ff9,malicious chrome extensions lists from https://github.com/mallorybowes/chrome-mal-ids,https://chromewebstore.google.com/detail/ifmkfoeijeemajoodjfoagpbejmmnkhm,critical,,2026-08-03,ExtSentry (github.com/mthcht/awesome-lists)
igkljanmhbnhedgkmgpkcgpjmociceim,N/A,*igkljanmhbnhedgkmgpkcgpjmociceim*,malware,malicious,https://medium.com/mycrypto/discovering-fake-browser-extensions-that-target-users-of-ledger-trezor-mew-metamask-and-more-e281a2b80ff9,malicious chrome extensions lists from https://github.com/mallorybowes/chrome-mal-ids,https://chromewebstore.google.com/detail/igkljanmhbnhedgkmgpkcgpjmociceim,critical,,2026-08-03,ExtSentry (github.com/mthcht/awesome-lists)
ijhakgidfnlallpobldpbhandllbeobg,N/A,*ijhakgidfnlallpobldpbhandllbeobg*,malware,malicious,https://medium.com/mycrypto/discovering-fake-browser-extensions-that-target-users-of-ledger-trezor-mew-metamask-and-more-e281a2b80ff9,malicious chrome extensions lists from https://github.com/mallorybowes/chrome-mal-ids,https://chromewebstore.google.com/detail/ijhakgidfnlallpobldpbhandllbeobg,critical,,2026-08-03,ExtSentry (github.com/mthcht/awesome-lists)
ijohicfhndicpnmkaldafhbecijhdikd,N/A,*ijohicfhndicpnmkaldafhbecijhdikd*,malware,malicious,https://medium.com/mycrypto/discovering-fake-browser-extensions-that-target-users-of-ledger-trezor-mew-metamask-and-more-e281a2b80ff9,malicious chrome extensions lists from https://github.com/mallorybowes/chrome-mal-ids,https://chromewebstore.google.com/detail/ijohicfhndicpnmkaldafhbecijhdikd,critical,,2026-08-03,ExtSentry (github.com/mthcht/awesome-lists)
jbfponbaiamgjmfpfghcjjhddjdjdpna,N/A,*jbfponbaiamgjmfpfghcjjhddjdjdpna*,malware,malicious,https://medium.com/mycrypto/discovering-fake-browser-extensions-that-target-users-of-ledger-trezor-mew-metamask-and-more-e281a2b80ff9,malicious chrome extensions lists from https://github.com/mallorybowes/chrome-mal-ids,https://chromewebstore.google.com/detail/jbfponbaiamgjmfpfghcjjhddjdjdpna,critical,,2026-08-03,ExtSentry (github.com/mthcht/awesome-lists)
jfamimfejiccpbnghhjfcibhkgblmiml,N/A,*jfamimfejiccpbnghhjfcibhkgblmiml*,malware,malicious,https://medium.com/mycrypto/discovering-fake-browser-extensions-that-target-users-of-ledger-trezor-mew-metamask-and-more-e281a2b80ff9,malicious chrome extensions lists from https://github.com/mallorybowes/chrome-mal-ids,https://chromewebstore.google.com/detail/jfamimfejiccpbnghhjfcibhkgblmiml,critical,,2026-08-03,ExtSentry (github.com/mthcht/awesome-lists)
jlaaidmjgpgfkhehcljmeckhlaibgaol,N/A,*jlaaidmjgpgfkhehcljmeckhlaibgaol*,malware,malicious,https://medium.com/mycrypto/discovering-fake-browser-extensions-that-target-users-of-ledger-trezor-mew-metamask-and-more-e281a2b80ff9,malicious chrome extensions lists from https://github.com/mallorybowes/chrome-mal-ids,https://chromewebstore.google.com/detail/jlaaidmjgpgfkhehcljmeckhlaibgaol,critical,,2026-08-03,ExtSentry (github.com/mthcht/awesome-lists)
kjnmimfgphmcppjhombdhhegpjphpiol,N/A,*kjnmimfgphmcppjhombdhhegpjphpiol*,malware,malicious,https://medium.com/mycrypto/discovering-fake-browser-extensions-that-target-users-of-ledger-trezor-mew-metamask-and-more-e281a2b80ff9,malicious chrome extensions lists from https://github.com/mallorybowes/chrome-mal-ids,https://chromewebstore.google.com/detail/kjnmimfgphmcppjhombdhhegpjphpiol,critical,,2026-08-03,ExtSentry (github.com/mthcht/awesome-lists)
lfaahmcgahoalphllknbfcckggddoffj,N/A,*lfaahmcgahoalphllknbfcckggddoffj*,malware,malicious,https://medium.com/mycrypto/discovering-fake-browser-extensions-that-target-users-of-ledger-trezor-mew-metamask-and-more-e281a2b80ff9,malicious chrome extensions lists from https://github.com/mallorybowes/chrome-mal-ids,https://chromewebstore.google.com/detail/lfaahmcgahoalphllknbfcckggddoffj,critical,,2026-08-03,ExtSentry (github.com/mthcht/awesome-lists)
mcbcknmlpfkbpogpnfcimfgdmchchmmg,N/A,*mcbcknmlpfkbpogpnfcimfgdmchchmmg*,malware,malicious,https://medium.com/mycrypto/discovering-fake-browser-extensions-that-target-users-of-ledger-trezor-mew-metamask-and-more-e281a2b80ff9,malicious chrome extensions lists from https://github.com/mallorybowes/chrome-mal-ids,https://chromewebstore.google.com/detail/mcbcknmlpfkbpogpnfcimfgdmchchmmg,critical,,2026-08-03,ExtSentry (github.com/mthcht/awesome-lists)
mciddpldhpdpibckghnaoidpolnmighk,N/A,*mciddpldhpdpibckghnaoidpolnmighk*,malware,malicious,https://medium.com/mycrypto/discovering-fake-browser-extensions-that-target-users-of-ledger-trezor-mew-metamask-and-more-e281a2b80ff9,malicious chrome extensions lists from https://github.com/mallorybowes/chrome-mal-ids,https://chromewebstore.google.com/detail/mciddpldhpdpibckghnaoidpolnmighk,critical,,2026-08-03,ExtSentry (github.com/mthcht/awesome-lists)
mjbimaghobnkobfefccnnnjedoefbafl,N/A,*mjbimaghobnkobfefccnnnjedoefbafl*,malware,malicious,https://medium.com/mycrypto/discovering-fake-browser-extensions-that-target-users-of-ledger-trezor-mew-metamask-and-more-e281a2b80ff9,malicious chrome extensions lists from https://github.com/mallorybowes/chrome-mal-ids,https://chromewebstore.google.com/detail/mjbimaghobnkobfefccnnnjedoefbafl,critical,,2026-08-03,ExtSentry (github.com/mthcht/awesome-lists)
mnbhnjecaofgddbldmppbbdlokappkgk,N/A,*mnbhnjecaofgddbldmppbbdlokappkgk*,malware,malicious,https://medium.com/mycrypto/discovering-fake-browser-extensions-that-target-users-of-ledger-trezor-mew-metamask-and-more-e281a2b80ff9,malicious chrome extensions lists from https://github.com/mallorybowes/chrome-mal-ids,https://chromewebstore.google.com/detail/mnbhnjecaofgddbldmppbbdlokappkgk,critical,,2026-08-03,ExtSentry (github.com/mthcht/awesome-lists)
nicmhgecboifljcnbbjlajbpagmhcclp,N/A,*nicmhgecboifljcnbbjlajbpagmhcclp*,malware,malicious,https://medium.com/mycrypto/discovering-fake-browser-extensions-that-target-users-of-ledger-trezor-mew-metamask-and-more-e281a2b80ff9,malicious chrome extensions lists from https://github.com/mallorybowes/chrome-mal-ids,https://chromewebstore.google.com/detail/nicmhgecboifljcnbbjlajbpagmhcclp,critical,,2026-08-03,ExtSentry (github.com/mthcht/awesome-lists)
njhfmnfcoffkdjbgpannpgifnbgdihkl,N/A,*njhfmnfcoffkdjbgpannpgifnbgdihkl*,malware,malicious,https://medium.com/mycrypto/discovering-fake-browser-extensions-that-target-users-of-ledger-trezor-mew-metamask-and-more-e281a2b80ff9,malicious chrome extensions lists from https://github.com/mallorybowes/chrome-mal-ids,https://chromewebstore.google.com/detail/njhfmnfcoffkdjbgpannpgifnbgdihkl,critical,,2026-08-03,ExtSentry (github.com/mthcht/awesome-lists)
noilkpnilphojpjaimfcnldblelgllaa,N/A,*noilkpnilphojpjaimfcnldblelgllaa*,malware,malicious,https://medium.com/mycrypto/discovering-fake-browser-extensions-that-target-users-of-ledger-trezor-mew-metamask-and-more-e281a2b80ff9,malicious chrome extensions lists from https://github.com/mallorybowes/chrome-mal-ids,https://chromewebstore.google.com/detail/noilkpnilphojpjaimfcnldblelgllaa,critical,,2026-08-03,ExtSentry (github.com/mthcht/awesome-lists)
obcfoaeoidokjbaokikamaljjlpebofe,N/A,*obcfoaeoidokjbaokikamaljjlpebofe*,malware,malicious,https://medium.com/mycrypto/discovering-fake-browser-extensions-that-target-users-of-ledger-trezor-mew-metamask-and-more-e281a2b80ff9,malicious chrome extensions lists from https://github.com/mallorybowes/chrome-mal-ids,https://chromewebstore.google.com/detail/obcfoaeoidokjbaokikamaljjlpebofe,critical,,2026-08-03,ExtSentry (github.com/mthcht/awesome-lists)
oejafikjmfmejaafjjkoeejjpdfkdkpc,N/A,*oejafikjmfmejaafjjkoeejjpdfkdkpc*,malware,malicious,https://medium.com/mycrypto/discovering-fake-browser-extensions-that-target-users-of-ledger-trezor-mew-metamask-and-more-e281a2b80ff9,malicious chrome extensions lists from https://github.com/mallorybowes/chrome-mal-ids,https://chromewebstore.google.com/detail/oejafikjmfmejaafjjkoeejjpdfkdkpc,critical,,2026-08-03,ExtSentry (github.com/mthcht/awesome-lists)
ogaclpidpghafcnbchgpbigfegdbdikj,N/A,*ogaclpidpghafcnbchgpbigfegdbdikj*,malware,malicious,https://medium.com/mycrypto/discovering-fake-browser-extensions-that-target-users-of-ledger-trezor-mew-metamask-and-more-e281a2b80ff9,malicious chrome extensions lists from https://github.com/mallorybowes/chrome-mal-ids,https://chromewebstore.google.com/detail/ogaclpidpghafcnbchgpbigfegdbdikj,critical,,2026-08-03,ExtSentry (github.com/mthcht/awesome-lists)
opmelhjohnmenjibglddlpmbpbocohck,N/A,*opmelhjohnmenjibglddlpmbpbocohck*,malware,malicious,https://medium.com/mycrypto/discovering-fake-browser-extensions-that-target-users-of-ledger-trezor-mew-metamask-and-more-e281a2b80ff9,malicious chrome extensions lists from https://github.com/mallorybowes/chrome-mal-ids,https://chromewebstore.google.com/detail/opmelhjohnmenjibglddlpmbpbocohck,critical,,2026-08-03,ExtSentry (github.com/mthcht/awesome-lists)
pbilbjpkfbfbackdcejdmhdfgeldakkn,N/A,*pbilbjpkfbfbackdcejdmhdfgeldakkn*,malware,malicious,https://medium.com/mycrypto/discovering-fake-browser-extensions-that-target-users-of-ledger-trezor-mew-metamask-and-more-e281a2b80ff9,malicious chrome extensions lists from https://github.com/mallorybowes/chrome-mal-ids,https://chromewebstore.google.com/detail/pbilbjpkfbfbackdcejdmhdfgeldakkn,critical,,2026-08-03,ExtSentry (github.com/mthcht/awesome-lists)
pcmdfnnipgpilomfclbnjpbdnmbcgjaf,N/A,*pcmdfnnipgpilomfclbnjpbdnmbcgjaf*,malware,malicious,https://medium.com/mycrypto/discovering-fake-browser-extensions-that-target-users-of-ledger-trezor-mew-metamask-and-more-e281a2b80ff9,malicious chrome extensions lists from https://github.com/mallorybowes/chrome-mal-ids,https://chromewebstore.google.com/detail/pcmdfnnipgpilomfclbnjpbdnmbcgjaf,critical,,2026-08-03,ExtSentry (github.com/mthcht/awesome-lists)
pedokobimilhjemibclahcelgedmkgei,N/A,*pedokobimilhjemibclahcelgedmkgei*,malware,malicious,https://medium.com/mycrypto/discovering-fake-browser-extensions-that-target-users-of-ledger-trezor-mew-metamask-and-more-e281a2b80ff9,malicious chrome extensions lists from https://github.com/mallorybowes/chrome-mal-ids,https://chromewebstore.google.com/detail/pedokobimilhjemibclahcelgedmkgei,critical,,2026-08-03,ExtSentry (github.com/mthcht/awesome-lists)
plnlhldekkpgnngfdbdhocnjfplgnekg,N/A,*plnlhldekkpgnngfdbdhocnjfplgnekg*,malware,malicious,https://medium.com/mycrypto/discovering-fake-browser-extensions-that-target-users-of-ledger-trezor-mew-metamask-and-more-e281a2b80ff9,malicious chrome extensions lists from https://github.com/mallorybowes/chrome-mal-ids,https://chromewebstore.google.com/detail/plnlhldekkpgnngfdbdhocnjfplgnekg,critical,,2026-08-03,ExtSentry (github.com/mthcht/awesome-lists)
nonjdcjchghhkdoolnlbekcfllmednbl,N/A,*nonjdcjchghhkdoolnlbekcfllmednbl*,malware,malicious,https://securitywithsam.com/2019/07/dataspii-leak-via-browser-extensions/,malicious chrome extensions lists from https://github.com/mallorybowes/chrome-mal-ids,https://chromewebstore.google.com/detail/nonjdcjchghhkdoolnlbekcfllmednbl,critical,,2026-08-03,ExtSentry (github.com/mthcht/awesome-lists)
pgeolalilifpodheeocdmbhehgnkkbak,N/A,*pgeolalilifpodheeocdmbhehgnkkbak*,malware,malicious,https://securitywithsam.com/2019/07/dataspii-leak-via-browser-extensions/,malicious chrome extensions lists from https://github.com/mallorybowes/chrome-mal-ids,https://chromewebstore.google.com/detail/pgeolalilifpodheeocdmbhehgnkkbak,critical,,2026-08-03,ExtSentry (github.com/mthcht/awesome-lists)
gnamdgilanlgeeljfnckhboobddoahbl,N/A,*gnamdgilanlgeeljfnckhboobddoahbl*,malware,malicious,https://securitywithsam.com/2019/07/dataspii-leak-via-browser-extensions/,malicious chrome extensions lists from https://github.com/mallorybowes/chrome-mal-ids,https://chromewebstore.google.com/detail/gnamdgilanlgeeljfnckhboobddoahbl,critical,,2026-08-03,ExtSentry (github.com/mthcht/awesome-lists)
alecjlhgldihcjjcffgjalappiifdhae,N/A,*alecjlhgldihcjjcffgjalappiifdhae*,malware,malicious,https://securitywithsam.com/2019/07/dataspii-leak-via-browser-extensions/,malicious chrome extensions lists from https://github.com/mallorybowes/chrome-mal-ids,https://chromewebstore.google.com/detail/alecjlhgldihcjjcffgjalappiifdhae,critical,,2026-08-03,ExtSentry (github.com/mthcht/awesome-lists)
kelbkhobcfhdcfhohdkjnaimmicmhcbo,N/A,*kelbkhobcfhdcfhohdkjnaimmicmhcbo*,malware,malicious,https://securitywithsam.com/2019/07/dataspii-leak-via-browser-extensions/,malicious chrome extensions lists from https://github.com/mallorybowes/chrome-mal-ids,https://chromewebstore.google.com/detail/kelbkhobcfhdcfhohdkjnaimmicmhcbo,critical,,2026-08-03,ExtSentry (github.com/mthcht/awesome-lists)
dpglnfbihebejclmfmdcbgjembbfjneo,N/A,*dpglnfbihebejclmfmdcbgjembbfjneo*,malware,malicious,https://securitywithsam.com/2019/07/dataspii-leak-via-browser-extensions/,malicious chrome extensions lists from https://github.com/mallorybowes/chrome-mal-ids,https://chromewebstore.google.com/detail/dpglnfbihebejclmfmdcbgjembbfjneo,critical,,2026-08-03,ExtSentry (github.com/mthcht/awesome-lists)
lpjhpdcflkecpciaehfbpafflkeomcnb,N/A,*lpjhpdcflkecpciaehfbpafflkeomcnb*,malware,malicious,https://securitywithsam.com/2019/07/dataspii-leak-via-browser-extensions/,malicious chrome extensions lists from https://github.com/mallorybowes/chrome-mal-ids,https://chromewebstore.google.com/detail/lpjhpdcflkecpciaehfbpafflkeomcnb,critical,,2026-08-03,ExtSentry (github.com/mthcht/awesome-lists)
ckkgmccefffnbbalkmbbgebbojjogffn,N/A,*ckkgmccefffnbbalkmbbgebbojjogffn*,malware,malicious,N/A,malicious chrome extensions lists from https://github.com/mallorybowes/chrome-mal-ids,https://chromewebstore.google.com/detail/ckkgmccefffnbbalkmbbgebbojjogffn,critical,,2026-08-03,ExtSentry (github.com/mthcht/awesome-lists)
ppmibgfeefcglejjlpeihfdimbkfbbnm,N/A,*ppmibgfeefcglejjlpeihfdimbkfbbnm*,malware,malicious,https://blog.gigamon.com/2018/01/18/malicious-chrome-extensions-enable-criminals-to-impact-half-a-million-users-and-global-businesses/,malicious chrome extensions lists from https://github.com/mallorybowes/chrome-mal-ids,https://chromewebstore.google.com/detail/ppmibgfeefcglejjlpeihfdimbkfbbnm,critical,,2026-08-03,ExtSentry (github.com/mthcht/awesome-lists)
ginfoagmgomhccdaclfbbbhfjgmphkph,N/A,*ginfoagmgomhccdaclfbbbhfjgmphkph*,malware,malicious,https://blog.gigamon.com/2018/01/18/malicious-chrome-extensions-enable-criminals-to-impact-half-a-million-users-and-global-businesses/,malicious chrome extensions lists from https://github.com/mallorybowes/chrome-mal-ids,https://chromewebstore.google.com/detail/ginfoagmgomhccdaclfbbbhfjgmphkph,critical,,2026-08-03,ExtSentry (github.com/mthcht/awesome-lists)
mpneoicaochhlckfkackiigepakdgapj,N/A,*mpneoicaochhlckfkackiigepakdgapj*,malware,malicious,https://blog.gigamon.com/2018/01/18/malicious-chrome-extensions-enable-criminals-to-impact-half-a-million-users-and-global-businesses/,malicious chrome extensions lists from https://github.com/mallorybowes/chrome-mal-ids,https://chromewebstore.google.com/detail/mpneoicaochhlckfkackiigepakdgapj,critical,,2026-08-03,ExtSentry (github.com/mthcht/awesome-lists)
djffibmpaakodnbmcdemmmjmeolcmbae,N/A,*djffibmpaakodnbmcdemmmjmeolcmbae*,malware,malicious,https://blog.gigamon.com/2018/01/18/malicious-chrome-extensions-enable-criminals-to-impact-half-a-million-users-and-global-businesses/,malicious chrome extensions lists from https://github.com/mallorybowes/chrome-mal-ids,https://chromewebstore.google.com/detail/djffibmpaakodnbmcdemmmjmeolcmbae,critical,,2026-08-03,ExtSentry (github.com/mthcht/awesome-lists)
pejkmgfabkeddfcfldloonjbikjddapb,N/A,*pejkmgfabkeddfcfldloonjbikjddapb*,malware,malicious,https://blog.malwarebytes.com/threat-analysis/2016/01/rogue-google-chrome-extension-spies-on-you/,malicious chrome extensions lists from https://github.com/mallorybowes/chrome-mal-ids,https://chromewebstore.google.com/detail/pejkmgfabkeddfcfldloonjbikjddapb,critical,,2026-08-03,ExtSentry (github.com/mthcht/awesome-lists)
gmddfjhfjgbmabkihepijkanhmlooajl,N/A,*gmddfjhfjgbmabkihepijkanhmlooajl*,malware,malicious,https://blog.radware.com/security/2018/05/nigelthorn-malware-abuses-chrome-extensions/,malicious chrome extensions lists from https://github.com/mallorybowes/chrome-mal-ids,https://chromewebstore.google.com/detail/gmddfjhfjgbmabkihepijkanhmlooajl,critical,,2026-08-03,ExtSentry (github.com/mthcht/awesome-lists)
kajjcgpohlkdcjfkcbkkbhapafcblaom,N/A,*kajjcgpohlkdcjfkcbkkbhapafcblaom*,malware,malicious,https://blog.radware.com/security/2018/05/nigelthorn-malware-abuses-chrome-extensions/,malicious chrome extensions lists from https://github.com/mallorybowes/chrome-mal-ids,https://chromewebstore.google.com/detail/kajjcgpohlkdcjfkcbkkbhapafcblaom,critical,,2026-08-03,ExtSentry (github.com/mthcht/awesome-lists)
anbnajjakpmfdofijejenaclbceejlll,N/A,*anbnajjakpmfdofijejenaclbceejlll*,malware,malicious,https://blog.radware.com/security/2018/05/nigelthorn-malware-abuses-chrome-extensions/,malicious chrome extensions lists from https://github.com/mallorybowes/chrome-mal-ids,https://chromewebstore.google.com/detail/anbnajjakpmfdofijejenaclbceejlll,critical,,2026-08-03,ExtSentry (github.com/mthcht/awesome-lists)
jkkmcoihchcflfjnigngdegbemipdlnl,N/A,*jkkmcoihchcflfjnigngdegbemipdlnl*,malware,malicious,https://blog.radware.com/security/2018/05/nigelthorn-malware-abuses-chrome-extensions/,malicious chrome extensions lists from https://github.com/mallorybowes/chrome-mal-ids,https://chromewebstore.google.com/detail/jkkmcoihchcflfjnigngdegbemipdlnl,critical,,2026-08-03,ExtSentry (github.com/mthcht/awesome-lists)
ajmchakbijebimbgcohecngliijaddin,N/A,*ajmchakbijebimbgcohecngliijaddin*,malware,malicious,https://blog.radware.com/security/2018/05/nigelthorn-malware-abuses-chrome-extensions/,malicious chrome extensions lists from https://github.com/mallorybowes/chrome-mal-ids,https://chromewebstore.google.com/detail/ajmchakbijebimbgcohecngliijaddin,critical,,2026-08-03,ExtSentry (github.com/mthcht/awesome-lists)
edpoobbacbcmfpnfpjoambjbihhobooi,N/A,*edpoobbacbcmfpnfpjoambjbihhobooi*,malware,malicious,https://blog.radware.com/security/2018/05/nigelthorn-malware-abuses-chrome-extensions/,malicious chrome extensions lists from https://github.com/mallorybowes/chrome-mal-ids,https://chromewebstore.google.com/detail/edpoobbacbcmfpnfpjoambjbihhobooi,critical,,2026-08-03,ExtSentry (github.com/mthcht/awesome-lists)
opfogdennafhaoihhkocppaajlkpbfbn,N/A,*opfogdennafhaoihhkocppaajlkpbfbn*,malware,malicious,https://blog.radware.com/security/2018/05/nigelthorn-malware-abuses-chrome-extensions/,malicious chrome extensions lists from https://github.com/mallorybowes/chrome-mal-ids,https://chromewebstore.google.com/detail/opfogdennafhaoihhkocppaajlkpbfbn,critical,,2026-08-03,ExtSentry (github.com/mthcht/awesome-lists)
ikojddbdekpboemgplhbloojlncbpmdd,N/A,*ikojddbdekpboemgplhbloojlncbpmdd*,malware,malicious,https://www.reddit.com/r/chrome/comments/hbpi7z/found_a_extension_that_contains_malware/,malicious chrome extensions lists from https://github.com/mallorybowes/chrome-mal-ids,https://chromewebstore.google.com/detail/ikojddbdekpboemgplhbloojlncbpmdd,critical,,2026-08-03,ExtSentry (github.com/mthcht/awesome-lists)
chlpbdodahbpifpjbcoocpfadoffdbpb,N/A,*chlpbdodahbpifpjbcoocpfadoffdbpb*,malware,malicious,https://www.reddit.com/r/chrome/comments/hbpi7z/found_a_extension_that_contains_malware/,malicious chrome extensions lists from https://github.com/mallorybowes/chrome-mal-ids,https://chromewebstore.google.com/detail/chlpbdodahbpifpjbcoocpfadoffdbpb,critical,,2026-08-03,ExtSentry (github.com/mthcht/awesome-lists)
flbcjbhgomclbhlchggbmnpekhfeacim,N/A,*flbcjbhgomclbhlchggbmnpekhfeacim*,malware,malicious,https://adguard.com/en/blog/fake-ad-blockers-part-3.html,malicious chrome extensions lists from https://github.com/mallorybowes/chrome-mal-ids,https://chromewebstore.google.com/detail/flbcjbhgomclbhlchggbmnpekhfeacim,critical,,2026-08-03,ExtSentry (github.com/mthcht/awesome-lists)
aadmpgppfacognoeobmheghfiibdplcf,N/A,*aadmpgppfacognoeobmheghfiibdplcf*,malware,malicious,https://adguard.com/en/blog/fake-ad-blockers-part-3.html,malicious chrome extensions lists from https://github.com/mallorybowes/chrome-mal-ids,https://chromewebstore.google.com/detail/aadmpgppfacognoeobmheghfiibdplcf,critical,,2026-08-03,ExtSentry (github.com/mthcht/awesome-lists)
abgfholnofpihncfdmombecmohpkojdb,N/A,*abgfholnofpihncfdmombecmohpkojdb*,malware,malicious,https://adguard.com/en/blog/fake-ad-blockers-part-3.html,malicious chrome extensions lists from https://github.com/mallorybowes/chrome-mal-ids,https://chromewebstore.google.com/detail/abgfholnofpihncfdmombecmohpkojdb,critical,,2026-08-03,ExtSentry (github.com/mthcht/awesome-lists)
aciloeifdphkogbpagikkpiecbjkmedn,N/A,*aciloeifdphkogbpagikkpiecbjkmedn*,malware,malicious,https://adguard.com/en/blog/fake-ad-blockers-part-3.html,malicious chrome extensions lists from https://github.com/mallorybowes/chrome-mal-ids,https://chromewebstore.google.com/detail/aciloeifdphkogbpagikkpiecbjkmedn,critical,,2026-08-03,ExtSentry (github.com/mthcht/awesome-lists)
acmgemnaochmalgkipbamjddcplkdmjm,N/A,*acmgemnaochmalgkipbamjddcplkdmjm*,malware,malicious,https://adguard.com/en/blog/fake-ad-blockers-part-3.html,malicious chrome extensions lists from https://github.com/mallorybowes/chrome-mal-ids,https://chromewebstore.google.com/detail/acmgemnaochmalgkipbamjddcplkdmjm,critical,,2026-08-03,ExtSentry (github.com/mthcht/awesome-lists)
addpbbembilhmnkjpenjgcgmihlcofja,N/A,*addpbbembilhmnkjpenjgcgmihlcofja*,malware,malicious,https://adguard.com/en/blog/fake-ad-blockers-part-3.html,malicious chrome extensions lists from https://github.com/mallorybowes/chrome-mal-ids,https://chromewebstore.google.com/detail/addpbbembilhmnkjpenjgcgmihlcofja,critical,,2026-08-03,ExtSentry (github.com/mthcht/awesome-lists)
adfjcmhegakkhojnallobfjbhenbkopj,N/A,*adfjcmhegakkhojnallobfjbhenbkopj*,malware,malicious,https://adguard.com/en/blog/fake-ad-blockers-part-3.html,malicious chrome extensions lists from https://github.com/mallorybowes/chrome-mal-ids,https://chromewebstore.google.com/detail/adfjcmhegakkhojnallobfjbhenbkopj,critical,,2026-08-03,ExtSentry (github.com/mthcht/awesome-lists)
aeklcpmgaadjpglhjmcidlekijpnmdhc,N/A,*aeklcpmgaadjpglhjmcidlekijpnmdhc*,malware,malicious,https://adguard.com/en/blog/fake-ad-blockers-part-3.html,malicious chrome extensions lists from https://github.com/mallorybowes/chrome-mal-ids,https://chromewebstore.google.com/detail/aeklcpmgaadjpglhjmcidlekijpnmdhc,critical,,2026-08-03,ExtSentry (github.com/mthcht/awesome-lists)
afifalglopajkmdkgnphpfkmgpgdngfj,N/A,*afifalglopajkmdkgnphpfkmgpgdngfj*,malware,malicious,https://adguard.com/en/blog/fake-ad-blockers-part-3.html,malicious chrome extensions lists from https://github.com/mallorybowes/chrome-mal-ids,https://chromewebstore.google.com/detail/afifalglopajkmdkgnphpfkmgpgdngfj,critical,,2026-08-03,ExtSentry (github.com/mthcht/awesome-lists)
agldjlpmeladgadoikdbndmeljpmnajl,N/A,*agldjlpmeladgadoikdbndmeljpmnajl*,malware,malicious,https://adguard.com/en/blog/fake-ad-blockers-part-3.html,malicious chrome extensions lists from https://github.com/mallorybowes/chrome-mal-ids,https://chromewebstore.google.com/detail/agldjlpmeladgadoikdbndmeljpmnajl,critical,,2026-08-03,ExtSentry (github.com/mthcht/awesome-lists)
ahmmgfhcokekfofjdndgmkffifklogbo,N/A,*ahmmgfhcokekfofjdndgmkffifklogbo*,malware,malicious,https://adguard.com/en/blog/fake-ad-blockers-part-3.html,malicious chrome extensions lists from https://github.com/mallorybowes/chrome-mal-ids,https://chromewebstore.google.com/detail/ahmmgfhcokekfofjdndgmkffifklogbo,critical,,2026-08-03,ExtSentry (github.com/mthcht/awesome-lists)
aippaajbmefpjeajhgaahmicdpgepnnm,N/A,*aippaajbmefpjeajhgaahmicdpgepnnm*,malware,malicious,https://adguard.com/en/blog/fake-ad-blockers-part-3.html,malicious chrome extensions lists from https://github.com/mallorybowes/chrome-mal-ids,https://chromewebstore.google.com/detail/aippaajbmefpjeajhgaahmicdpgepnnm,critical,,2026-08-03,ExtSentry (github.com/mthcht/awesome-lists)
akdpobnbjepjbnjklkkbdafemhnbfldj,N/A,*akdpobnbjepjbnjklkkbdafemhnbfldj*,malware,malicious,https://adguard.com/en/blog/fake-ad-blockers-part-3.html,malicious chrome extensions lists from https://github.com/mallorybowes/chrome-mal-ids,https://chromewebstore.google.com/detail/akdpobnbjepjbnjklkkbdafemhnbfldj,critical,,2026-08-03,ExtSentry (github.com/mthcht/awesome-lists)
akhiflcfcbnheaofcaflofbmnkmjlnno,N/A,*akhiflcfcbnheaofcaflofbmnkmjlnno*,malware,malicious,https://adguard.com/en/blog/fake-ad-blockers-part-3.html,malicious chrome extensions lists from https://github.com/mallorybowes/chrome-mal-ids,https://chromewebstore.google.com/detail/akhiflcfcbnheaofcaflofbmnkmjlnno,critical,,2026-08-03,ExtSentry (github.com/mthcht/awesome-lists)
aklklkifmplgnobmieahildcfbleamdb,N/A,*aklklkifmplgnobmieahildcfbleamdb*,malware,malicious,https://adguard.com/en/blog/fake-ad-blockers-part-3.html,malicious chrome extensions lists from https://github.com/mallorybowes/chrome-mal-ids,https://chromewebstore.google.com/detail/aklklkifmplgnobmieahildcfbleamdb,critical,,2026-08-03,ExtSentry (github.com/mthcht/awesome-lists)
alppaffmlaefpmopolgpkgmncopkbbep,N/A,*alppaffmlaefpmopolgpkgmncopkbbep*,malware,malicious,https://adguard.com/en/blog/fake-ad-blockers-part-3.html,malicious chrome extensions lists from https://github.com/mallorybowes/chrome-mal-ids,https://chromewebstore.google.com/detail/alppaffmlaefpmopolgpkgmncopkbbep,critical,,2026-08-03,ExtSentry (github.com/mthcht/awesome-lists)
amdnpfcpjglkdfcigaccfgmlmdepdpeo,N/A,*amdnpfcpjglkdfcigaccfgmlmdepdpeo*,malware,malicious,https://adguard.com/en/blog/fake-ad-blockers-part-3.html,malicious chrome extensions lists from https://github.com/mallorybowes/chrome-mal-ids,https://chromewebstore.google.com/detail/amdnpfcpjglkdfcigaccfgmlmdepdpeo,critical,,2026-08-03,ExtSentry (github.com/mthcht/awesome-lists)
aomepndmhbbklcjcknnhdabaaofahjcj,N/A,*aomepndmhbbklcjcknnhdabaaofahjcj*,malware,malicious,https://adguard.com/en/blog/fake-ad-blockers-part-3.html,malicious chrome extensions lists from https://github.com/mallorybowes/chrome-mal-ids,https://chromewebstore.google.com/detail/aomepndmhbbklcjcknnhdabaaofahjcj,critical,,2026-08-03,ExtSentry (github.com/mthcht/awesome-lists)
badbchbijjjadlpjkkhmefaghggjjeha,N/A,*badbchbijjjadlpjkkhmefaghggjjeha*,malware,malicious,https://adguard.com/en/blog/fake-ad-blockers-part-3.html,malicious chrome extensions lists from https://github.com/mallorybowes/chrome-mal-ids,https://chromewebstore.google.com/detail/badbchbijjjadlpjkkhmefaghggjjeha,critical,,2026-08-03,ExtSentry (github.com/mthcht/awesome-lists)
bbbdfjdplonnggfjjbjhggobffkggnkm,N/A,*bbbdfjdplonnggfjjbjhggobffkggnkm*,malware,malicious,https://adguard.com/en/blog/fake-ad-blockers-part-3.html,malicious chrome extensions lists from https://github.com/mallorybowes/chrome-mal-ids,https://chromewebstore.google.com/detail/bbbdfjdplonnggfjjbjhggobffkggnkm,critical,,2026-08-03,ExtSentry (github.com/mthcht/awesome-lists)
bbdldenhkjcoikalkfkgolomdpnncofc,N/A,*bbdldenhkjcoikalkfkgolomdpnncofc*,malware,malicious,https://adguard.com/en/blog/fake-ad-blockers-part-3.html,malicious chrome extensions lists from https://github.com/mallorybowes/chrome-mal-ids,https://chromewebstore.google.com/detail/bbdldenhkjcoikalkfkgolomdpnncofc,critical,,2026-08-03,ExtSentry (github.com/mthcht/awesome-lists)
bcdjcbgogdomoebdcbniaifnacjbglil,N/A,*bcdjcbgogdomoebdcbniaifnacjbglil*,malware,malicious,https://adguard.com/en/blog/fake-ad-blockers-part-3.html,malicious chrome extensions lists from https://github.com/mallorybowes/chrome-mal-ids,https://chromewebstore.google.com/detail/bcdjcbgogdomoebdcbniaifnacjbglil,critical,,2026-08-03,ExtSentry (github.com/mthcht/awesome-lists)
bcepmajicjlaoleoljbpaemkfghohmib,N/A,*bcepmajicjlaoleoljbpaemkfghohmib*,malware,malicious,https://adguard.com/en/blog/fake-ad-blockers-part-3.html,malicious chrome extensions lists from https://github.com/mallorybowes/chrome-mal-ids,https://chromewebstore.google.com/detail/bcepmajicjlaoleoljbpaemkfghohmib,critical,,2026-08-03,ExtSentry (github.com/mthcht/awesome-lists)
bdbablmeheiahecklheciomhmkplcoml,N/A,*bdbablmeheiahecklheciomhmkplcoml*,malware,malicious,https://adguard.com/en/blog/fake-ad-blockers-part-3.html,malicious chrome extensions lists from https://github.com/mallorybowes/chrome-mal-ids,https://chromewebstore.google.com/detail/bdbablmeheiahecklheciomhmkplcoml,critical,,2026-08-03,ExtSentry (github.com/mthcht/awesome-lists)
bfeecodfffgkdedfhmgbfindokikafid,N/A,*bfeecodfffgkdedfhmgbfindokikafid*,malware,malicious,https://adguard.com/en/blog/fake-ad-blockers-part-3.html,malicious chrome extensions lists from https://github.com/mallorybowes/chrome-mal-ids,https://chromewebstore.google.com/detail/bfeecodfffgkdedfhmgbfindokikafid,critical,,2026-08-03,ExtSentry (github.com/mthcht/awesome-lists)
bhifimmocncplbnikchffepggmofkake,N/A,*bhifimmocncplbnikchffepggmofkake*,malware,malicious,https://adguard.com/en/blog/fake-ad-blockers-part-3.html,malicious chrome extensions lists from https://github.com/mallorybowes/chrome-mal-ids,https://chromewebstore.google.com/detail/bhifimmocncplbnikchffepggmofkake,critical,,2026-08-03,ExtSentry (github.com/mthcht/awesome-lists)
blipiofdiknkllpajgepiiigfmfgnfep,N/A,*blipiofdiknkllpajgepiiigfmfgnfep*,malware,malicious,https://adguard.com/en/blog/fake-ad-blockers-part-3.html,malicious chrome extensions lists from https://github.com/mallorybowes/chrome-mal-ids,https://chromewebstore.google.com/detail/blipiofdiknkllpajgepiiigfmfgnfep,critical,,2026-08-03,ExtSentry (github.com/mthcht/awesome-lists)
bmagbmnmkaknlnoohbmobfmlgndijecb,N/A,*bmagbmnmkaknlnoohbmobfmlgndijecb*,malware,malicious,https://adguard.com/en/blog/fake-ad-blockers-part-3.html,malicious chrome extensions lists from https://github.com/mallorybowes/chrome-mal-ids,https://chromewebstore.google.com/detail/bmagbmnmkaknlnoohbmobfmlgndijecb,critical,,2026-08-03,ExtSentry (github.com/mthcht/awesome-lists)
bnecbeikepeloplclngelcgmgdnafhlp,N/A,*bnecbeikepeloplclngelcgmgdnafhlp*,malware,malicious,https://adguard.com/en/blog/fake-ad-blockers-part-3.html,malicious chrome extensions lists from https://github.com/mallorybowes/chrome-mal-ids,https://chromewebstore.google.com/detail/bnecbeikepeloplclngelcgmgdnafhlp,critical,,2026-08-03,ExtSentry (github.com/mthcht/awesome-lists)
bpnmalopmgpilaoikaeafokedkkonhea,N/A,*bpnmalopmgpilaoikaeafokedkkonhea*,malware,malicious,https://adguard.com/en/blog/fake-ad-blockers-part-3.html,malicious chrome extensions lists from https://github.com/mallorybowes/chrome-mal-ids,https://chromewebstore.google.com/detail/bpnmalopmgpilaoikaeafokedkkonhea,critical,,2026-08-03,ExtSentry (github.com/mthcht/awesome-lists)
cbncogjaakomibjcgdkpdjmlhfcjfojc,N/A,*cbncogjaakomibjcgdkpdjmlhfcjfojc*,malware,malicious,https://adguard.com/en/blog/fake-ad-blockers-part-3.html,malicious chrome extensions lists from https://github.com/mallorybowes/chrome-mal-ids,https://chromewebstore.google.com/detail/cbncogjaakomibjcgdkpdjmlhfcjfojc,critical,,2026-08-03,ExtSentry (github.com/mthcht/awesome-lists)
ccgmdfdcnpcfmpceggggmnhbolkhlffi,N/A,*ccgmdfdcnpcfmpceggggmnhbolkhlffi*,malware,malicious,https://adguard.com/en/blog/fake-ad-blockers-part-3.html,malicious chrome extensions lists from https://github.com/mallorybowes/chrome-mal-ids,https://chromewebstore.google.com/detail/ccgmdfdcnpcfmpceggggmnhbolkhlffi,critical,,2026-08-03,ExtSentry (github.com/mthcht/awesome-lists)
ccmnnlcciddhkdllgfmkojmmmpahdhlp,N/A,*ccmnnlcciddhkdllgfmkojmmmpahdhlp*,malware,malicious,https://adguard.com/en/blog/fake-ad-blockers-part-3.html,malicious chrome extensions lists from https://github.com/mallorybowes/chrome-mal-ids,https://chromewebstore.google.com/detail/ccmnnlcciddhkdllgfmkojmmmpahdhlp,critical,,2026-08-03,ExtSentry (github.com/mthcht/awesome-lists)
cdpmhflbdaoifgkmlhpfkbfgcifchgpn,N/A,*cdpmhflbdaoifgkmlhpfkbfgcifchgpn*,malware,malicious,https://adguard.com/en/blog/fake-ad-blockers-part-3.html,malicious chrome extensions lists from https://github.com/mallorybowes/chrome-mal-ids,https://chromewebstore.google.com/detail/cdpmhflbdaoifgkmlhpfkbfgcifchgpn,critical,,2026-08-03,ExtSentry (github.com/mthcht/awesome-lists)
cepgcjakdboolfkcbihdokfjjkeaddin,N/A,*cepgcjakdboolfkcbihdokfjjkeaddin*,malware,malicious,https://adguard.com/en/blog/fake-ad-blockers-part-3.html,malicious chrome extensions lists from https://github.com/mallorybowes/chrome-mal-ids,https://chromewebstore.google.com/detail/cepgcjakdboolfkcbihdokfjjkeaddin,critical,,2026-08-03,ExtSentry (github.com/mthcht/awesome-lists)
cfadfngejcdogjkkdohpkgeodjooogip,N/A,*cfadfngejcdogjkkdohpkgeodjooogip*,malware,malicious,https://adguard.com/en/blog/fake-ad-blockers-part-3.html,malicious chrome extensions lists from https://github.com/mallorybowes/chrome-mal-ids,https://chromewebstore.google.com/detail/cfadfngejcdogjkkdohpkgeodjooogip,critical,,2026-08-03,ExtSentry (github.com/mthcht/awesome-lists)
cgdmknakejoaompdmdeddpgmjffnniab,N/A,*cgdmknakejoaompdmdeddpgmjffnniab*,malware,malicious,https://adguard.com/en/blog/fake-ad-blockers-part-3.html,malicious chrome extensions lists from https://github.com/mallorybowes/chrome-mal-ids,https://chromewebstore.google.com/detail/cgdmknakejoaompdmdeddpgmjffnniab,critical,,2026-08-03,ExtSentry (github.com/mthcht/awesome-lists)
cgodgjmdljiecnbcgdampafcmlgmfmid,N/A,*cgodgjmdljiecnbcgdampafcmlgmfmid*,malware,malicious,https://adguard.com/en/blog/fake-ad-blockers-part-3.html,malicious chrome extensions lists from https://github.com/mallorybowes/chrome-mal-ids,https://chromewebstore.google.com/detail/cgodgjmdljiecnbcgdampafcmlgmfmid,critical,,2026-08-03,ExtSentry (github.com/mthcht/awesome-lists)
cibigjhoekijbagpgcgpgimebaiocdgm,N/A,*cibigjhoekijbagpgcgpgimebaiocdgm*,malware,malicious,https://adguard.com/en/blog/fake-ad-blockers-part-3.html,malicious chrome extensions lists from https://github.com/mallorybowes/chrome-mal-ids,https://chromewebstore.google.com/detail/cibigjhoekijbagpgcgpgimebaiocdgm,critical,,2026-08-03,ExtSentry (github.com/mthcht/awesome-lists)
cjbdbomgdbdgdlainhobpjnfkoidcond,N/A,*cjbdbomgdbdgdlainhobpjnfkoidcond*,malware,malicious,https://adguard.com/en/blog/fake-ad-blockers-part-3.html,malicious chrome extensions lists from https://github.com/mallorybowes/chrome-mal-ids,https://chromewebstore.google.com/detail/cjbdbomgdbdgdlainhobpjnfkoidcond,critical,,2026-08-03,ExtSentry (github.com/mthcht/awesome-lists)
clndgmolhlkchkbiinamamnbibkakiml,N/A,*clndgmolhlkchkbiinamamnbibkakiml*,malware,malicious,https://adguard.com/en/blog/fake-ad-blockers-part-3.html,malicious chrome extensions lists from https://github.com/mallorybowes/chrome-mal-ids,https://chromewebstore.google.com/detail/clndgmolhlkchkbiinamamnbibkakiml,critical,,2026-08-03,ExtSentry (github.com/mthcht/awesome-lists)
cmbfgkkjfkmmhalhebnhmanbenfghkcm,N/A,*cmbfgkkjfkmmhalhebnhmanbenfghkcm*,malware,malicious,https://adguard.com/en/blog/fake-ad-blockers-part-3.html,malicious chrome extensions lists from https://github.com/mallorybowes/chrome-mal-ids,https://chromewebstore.google.com/detail/cmbfgkkjfkmmhalhebnhmanbenfghkcm,critical,,2026-08-03,ExtSentry (github.com/mthcht/awesome-lists)
cncepimkmnhgbjmbcgoomegdkdhplihm,N/A,*cncepimkmnhgbjmbcgoomegdkdhplihm*,malware,malicious,https://adguard.com/en/blog/fake-ad-blockers-part-3.html,malicious chrome extensions lists from https://github.com/mallorybowes/chrome-mal-ids,https://chromewebstore.google.com/detail/cncepimkmnhgbjmbcgoomegdkdhplihm,critical,,2026-08-03,ExtSentry (github.com/mthcht/awesome-lists)
cnfbbaddndiehkmhdmmngecaofaojaeo,N/A,*cnfbbaddndiehkmhdmmngecaofaojaeo*,malware,malicious,https://adguard.com/en/blog/fake-ad-blockers-part-3.html,malicious chrome extensions lists from https://github.com/mallorybowes/chrome-mal-ids,https://chromewebstore.google.com/detail/cnfbbaddndiehkmhdmmngecaofaojaeo,critical,,2026-08-03,ExtSentry (github.com/mthcht/awesome-lists)
codilkcdacpeklilmgjknekfpminaieo,N/A,*codilkcdacpeklilmgjknekfpminaieo*,malware,malicious,https://adguard.com/en/blog/fake-ad-blockers-part-3.html,malicious chrome extensions lists from https://github.com/mallorybowes/chrome-mal-ids,https://chromewebstore.google.com/detail/codilkcdacpeklilmgjknekfpminaieo,critical,,2026-08-03,ExtSentry (github.com/mthcht/awesome-lists)
dakenmmdlklnjdpdfmdjccpeapmijaad,N/A,*dakenmmdlklnjdpdfmdjccpeapmijaad*,malware,malicious,https://adguard.com/en/blog/fake-ad-blockers-part-3.html,malicious chrome extensions lists from https://github.com/mallorybowes/chrome-mal-ids,https://chromewebstore.google.com/detail/dakenmmdlklnjdpdfmdjccpeapmijaad,critical,,2026-08-03,ExtSentry (github.com/mthcht/awesome-lists)
dapecdhpbakbfcoijjpdfoffnajhifej,N/A,*dapecdhpbakbfcoijjpdfoffnajhifej*,malware,malicious,https://adguard.com/en/blog/fake-ad-blockers-part-3.html,malicious chrome extensions lists from https://github.com/mallorybowes/chrome-mal-ids,https://chromewebstore.google.com/detail/dapecdhpbakbfcoijjpdfoffnajhifej,critical,,2026-08-03,ExtSentry (github.com/mthcht/awesome-lists)
dckadbanpeemhkphnnllamgolhbbbebi,N/A,*dckadbanpeemhkphnnllamgolhbbbebi*,malware,malicious,https://adguard.com/en/blog/fake-ad-blockers-part-3.html,malicious chrome extensions lists from https://github.com/mallorybowes/chrome-mal-ids,https://chromewebstore.google.com/detail/dckadbanpeemhkphnnllamgolhbbbebi,critical,,2026-08-03,ExtSentry (github.com/mthcht/awesome-lists)
ddodaoihhhohncjalnjgmgnlfhgckgdj,N/A,*ddodaoihhhohncjalnjgmgnlfhgckgdj*,malware,malicious,https://adguard.com/en/blog/fake-ad-blockers-part-3.html,malicious chrome extensions lists from https://github.com/mallorybowes/chrome-mal-ids,https://chromewebstore.google.com/detail/ddodaoihhhohncjalnjgmgnlfhgckgdj,critical,,2026-08-03,ExtSentry (github.com/mthcht/awesome-lists)
dhbhgfiodedkhgocailljbhcfjhplibb,N/A,*dhbhgfiodedkhgocailljbhcfjhplibb*,malware,malicious,https://adguard.com/en/blog/fake-ad-blockers-part-3.html,malicious chrome extensions lists from https://github.com/mallorybowes/chrome-mal-ids,https://chromewebstore.google.com/detail/dhbhgfiodedkhgocailljbhcfjhplibb,critical,,2026-08-03,ExtSentry (github.com/mthcht/awesome-lists)
dhcnonhheahlocjbbpkbammanpenpfop,N/A,*dhcnonhheahlocjbbpkbammanpenpfop*,malware,malicious,https://adguard.com/en/blog/fake-ad-blockers-part-3.html,malicious chrome extensions lists from https://github.com/mallorybowes/chrome-mal-ids,https://chromewebstore.google.com/detail/dhcnonhheahlocjbbpkbammanpenpfop,critical,,2026-08-03,ExtSentry (github.com/mthcht/awesome-lists)
dhgmdjkeagnhamkedcejighocjkkijli,N/A,*dhgmdjkeagnhamkedcejighocjkkijli*,malware,malicious,https://adguard.com/en/blog/fake-ad-blockers-part-3.html,malicious chrome extensions lists from https://github.com/mallorybowes/chrome-mal-ids,https://chromewebstore.google.com/detail/dhgmdjkeagnhamkedcejighocjkkijli,critical,,2026-08-03,ExtSentry (github.com/mthcht/awesome-lists)
dinlhhblgeikohhbfkcoeggglbjlanhg,N/A,*dinlhhblgeikohhbfkcoeggglbjlanhg*,malware,malicious,https://adguard.com/en/blog/fake-ad-blockers-part-3.html,malicious chrome extensions lists from https://github.com/mallorybowes/chrome-mal-ids,https://chromewebstore.google.com/detail/dinlhhblgeikohhbfkcoeggglbjlanhg,critical,,2026-08-03,ExtSentry (github.com/mthcht/awesome-lists)
djjdjlbigcdjlghdioabbkjhdelmdhai,N/A,*djjdjlbigcdjlghdioabbkjhdelmdhai*,malware,malicious,https://adguard.com/en/blog/fake-ad-blockers-part-3.html,malicious chrome extensions lists from https://github.com/mallorybowes/chrome-mal-ids,https://chromewebstore.google.com/detail/djjdjlbigcdjlghdioabbkjhdelmdhai,critical,,2026-08-03,ExtSentry (github.com/mthcht/awesome-lists)
dkcppkdodfegjkeefohjancleioblabi,N/A,*dkcppkdodfegjkeefohjancleioblabi*,malware,malicious,https://adguard.com/en/blog/fake-ad-blockers-part-3.html,malicious chrome extensions lists from https://github.com/mallorybowes/chrome-mal-ids,https://chromewebstore.google.com/detail/dkcppkdodfegjkeefohjancleioblabi,critical,,2026-08-03,ExtSentry (github.com/mthcht/awesome-lists)
dkfbfgncahnfghoemhmmlfefhpolihom,N/A,*dkfbfgncahnfghoemhmmlfefhpolihom*,malware,malicious,https://adguard.com/en/blog/fake-ad-blockers-part-3.html,malicious chrome extensions lists from https://github.com/mallorybowes/chrome-mal-ids,https://chromewebstore.google.com/detail/dkfbfgncahnfghoemhmmlfefhpolihom,critical,,2026-08-03,ExtSentry (github.com/mthcht/awesome-lists)
dmklpmfpkokephcjdmocddkhilglgajl,N/A,*dmklpmfpkokephcjdmocddkhilglgajl*,malware,malicious,https://adguard.com/en/blog/fake-ad-blockers-part-3.html,malicious chrome extensions lists from https://github.com/mallorybowes/chrome-mal-ids,https://chromewebstore.google.com/detail/dmklpmfpkokephcjdmocddkhilglgajl,critical,,2026-08-03,ExtSentry (github.com/mthcht/awesome-lists)
dnimnhhaiphlclcocakkfgnnekoggjpl,N/A,*dnimnhhaiphlclcocakkfgnnekoggjpl*,malware,malicious,https://adguard.com/en/blog/fake-ad-blockers-part-3.html,malicious chrome extensions lists from https://github.com/mallorybowes/chrome-mal-ids,https://chromewebstore.google.com/detail/dnimnhhaiphlclcocakkfgnnekoggjpl,critical,,2026-08-03,ExtSentry (github.com/mthcht/awesome-lists)
doecpeonnonddhfpabfgblijljennlcj,N/A,*doecpeonnonddhfpabfgblijljennlcj*,malware,malicious,https://adguard.com/en/blog/fake-ad-blockers-part-3.html,malicious chrome extensions lists from https://github.com/mallorybowes/chrome-mal-ids,https://chromewebstore.google.com/detail/doecpeonnonddhfpabfgblijljennlcj,critical,,2026-08-03,ExtSentry (github.com/mthcht/awesome-lists)
dofbgmolpdoknlknfjddecnahgjpinpb,N/A,*dofbgmolpdoknlknfjddecnahgjpinpb*,malware,malicious,https://adguard.com/en/blog/fake-ad-blockers-part-3.html,malicious chrome extensions lists from https://github.com/mallorybowes/chrome-mal-ids,https://chromewebstore.google.com/detail/dofbgmolpdoknlknfjddecnahgjpinpb,critical,,2026-08-03,ExtSentry (github.com/mthcht/awesome-lists)
dppogkehbpnikehcmadgkbimjnmhdnlo,N/A,*dppogkehbpnikehcmadgkbimjnmhdnlo*,malware,malicious,https://adguard.com/en/blog/fake-ad-blockers-part-3.html,malicious chrome extensions lists from https://github.com/mallorybowes/chrome-mal-ids,https://chromewebstore.google.com/detail/dppogkehbpnikehcmadgkbimjnmhdnlo,critical,,2026-08-03,ExtSentry (github.com/mthcht/awesome-lists)
eapceolnilleaiiaapgionibccekkeom,N/A,*eapceolnilleaiiaapgionibccekkeom*,malware,malicious,https://adguard.com/en/blog/fake-ad-blockers-part-3.html,malicious chrome extensions lists from https://github.com/mallorybowes/chrome-mal-ids,https://chromewebstore.google.com/detail/eapceolnilleaiiaapgionibccekkeom,critical,,2026-08-03,ExtSentry (github.com/mthcht/awesome-lists)
ecaejcfpngljeinjmahknbemhnddiioe,N/A,*ecaejcfpngljeinjmahknbemhnddiioe*,malware,malicious,https://adguard.com/en/blog/fake-ad-blockers-part-3.html,malicious chrome extensions lists from https://github.com/mallorybowes/chrome-mal-ids,https://chromewebstore.google.com/detail/ecaejcfpngljeinjmahknbemhnddiioe,critical,,2026-08-03,ExtSentry (github.com/mthcht/awesome-lists)
ecgafllkghmmbnhacnpcobibalonhkkj,N/A,*ecgafllkghmmbnhacnpcobibalonhkkj*,malware,malicious,https://adguard.com/en/blog/fake-ad-blockers-part-3.html,malicious chrome extensions lists from https://github.com/mallorybowes/chrome-mal-ids,https://chromewebstore.google.com/detail/ecgafllkghmmbnhacnpcobibalonhkkj,critical,,2026-08-03,ExtSentry (github.com/mthcht/awesome-lists)
edfmeionipdoohiagoaefljjhififgnl,N/A,*edfmeionipdoohiagoaefljjhififgnl*,malware,malicious,https://adguard.com/en/blog/fake-ad-blockers-part-3.html,malicious chrome extensions lists from https://github.com/mallorybowes/chrome-mal-ids,https://chromewebstore.google.com/detail/edfmeionipdoohiagoaefljjhififgnl,critical,,2026-08-03,ExtSentry (github.com/mthcht/awesome-lists)
edgbooeklapanaclbchdiaekalebmfgb,N/A,*edgbooeklapanaclbchdiaekalebmfgb*,malware,malicious,https://adguard.com/en/blog/fake-ad-blockers-part-3.html,malicious chrome extensions lists from https://github.com/mallorybowes/chrome-mal-ids,https://chromewebstore.google.com/detail/edgbooeklapanaclbchdiaekalebmfgb,critical,,2026-08-03,ExtSentry (github.com/mthcht/awesome-lists)
edohegfjelahakooigmnmkmjofcjgofe,N/A,*edohegfjelahakooigmnmkmjofcjgofe*,malware,malicious,https://adguard.com/en/blog/fake-ad-blockers-part-3.html,malicious chrome extensions lists from https://github.com/mallorybowes/chrome-mal-ids,https://chromewebstore.google.com/detail/edohegfjelahakooigmnmkmjofcjgofe,critical,,2026-08-03,ExtSentry (github.com/mthcht/awesome-lists)
eeeiekjkpbneogggaajnjldadjmclhlo,N/A,*eeeiekjkpbneogggaajnjldadjmclhlo*,malware,malicious,https://adguard.com/en/blog/fake-ad-blockers-part-3.html,malicious chrome extensions lists from https://github.com/mallorybowes/chrome-mal-ids,https://chromewebstore.google.com/detail/eeeiekjkpbneogggaajnjldadjmclhlo,critical,,2026-08-03,ExtSentry (github.com/mthcht/awesome-lists)
eejkpejdfojkbklnlnpgpojoidojbhnh,N/A,*eejkpejdfojkbklnlnpgpojoidojbhnh*,malware,malicious,https://adguard.com/en/blog/fake-ad-blockers-part-3.html,malicious chrome extensions lists from https://github.com/mallorybowes/chrome-mal-ids,https://chromewebstore.google.com/detail/eejkpejdfojkbklnlnpgpojoidojbhnh,critical,,2026-08-03,ExtSentry (github.com/mthcht/awesome-lists)
efckalhlcogbdbfopffmbacghfoelaia,N/A,*efckalhlcogbdbfopffmbacghfoelaia*,malware,malicious,https://adguard.com/en/blog/fake-ad-blockers-part-3.html,malicious chrome extensions lists from https://github.com/mallorybowes/chrome-mal-ids,https://chromewebstore.google.com/detail/efckalhlcogbdbfopffmbacghfoelaia,critical,,2026-08-03,ExtSentry (github.com/mthcht/awesome-lists)
efnaoofiidefjeefpnheopknaciohldg,N/A,*efnaoofiidefjeefpnheopknaciohldg*,malware,malicious,https://adguard.com/en/blog/fake-ad-blockers-part-3.html,malicious chrome extensions lists from https://github.com/mallorybowes/chrome-mal-ids,https://chromewebstore.google.com/detail/efnaoofiidefjeefpnheopknaciohldg,critical,,2026-08-03,ExtSentry (github.com/mthcht/awesome-lists)
egdpmjnldpefdaiekiapjkanabfiaodp,N/A,*egdpmjnldpefdaiekiapjkanabfiaodp*,malware,malicious,https://adguard.com/en/blog/fake-ad-blockers-part-3.html,malicious chrome extensions lists from https://github.com/mallorybowes/chrome-mal-ids,https://chromewebstore.google.com/detail/egdpmjnldpefdaiekiapjkanabfiaodp,critical,,2026-08-03,ExtSentry (github.com/mthcht/awesome-lists)
egicjjdcjhfdnejimnhngogjmoajffpm,N/A,*egicjjdcjhfdnejimnhngogjmoajffpm*,malware,malicious,https://adguard.com/en/blog/fake-ad-blockers-part-3.html,malicious chrome extensions lists from https://github.com/mallorybowes/chrome-mal-ids,https://chromewebstore.google.com/detail/egicjjdcjhfdnejimnhngogjmoajffpm,critical,,2026-08-03,ExtSentry (github.com/mthcht/awesome-lists)
ejcefeinlmdmpnohebfckmodhdkhlgmk,N/A,*ejcefeinlmdmpnohebfckmodhdkhlgmk*,malware,malicious,https://adguard.com/en/blog/fake-ad-blockers-part-3.html,malicious chrome extensions lists from https://github.com/mallorybowes/chrome-mal-ids,https://chromewebstore.google.com/detail/ejcefeinlmdmpnohebfckmodhdkhlgmk,critical,,2026-08-03,ExtSentry (github.com/mthcht/awesome-lists)
ejighbgeedkpcambhfkohdalcgckdein,N/A,*ejighbgeedkpcambhfkohdalcgckdein*,malware,malicious,https://adguard.com/en/blog/fake-ad-blockers-part-3.html,malicious chrome extensions lists from https://github.com/mallorybowes/chrome-mal-ids,https://chromewebstore.google.com/detail/ejighbgeedkpcambhfkohdalcgckdein,critical,,2026-08-03,ExtSentry (github.com/mthcht/awesome-lists)
empoeejllbcgpkmghimibnapemegnihf,N/A,*empoeejllbcgpkmghimibnapemegnihf*,malware,malicious,https://adguard.com/en/blog/fake-ad-blockers-part-3.html,malicious chrome extensions lists from https://github.com/mallorybowes/chrome-mal-ids,https://chromewebstore.google.com/detail/empoeejllbcgpkmghimibnapemegnihf,critical,,2026-08-03,ExtSentry (github.com/mthcht/awesome-lists)
enlaekiichndcbohopenblignipkjaoa,N/A,*enlaekiichndcbohopenblignipkjaoa*,malware,malicious,https://adguard.com/en/blog/fake-ad-blockers-part-3.html,malicious chrome extensions lists from https://github.com/mallorybowes/chrome-mal-ids,https://chromewebstore.google.com/detail/enlaekiichndcbohopenblignipkjaoa,critical,,2026-08-03,ExtSentry (github.com/mthcht/awesome-lists)
enmomapaolnpbaenhilkjhmobpggjcpm,N/A,*enmomapaolnpbaenhilkjhmobpggjcpm*,malware,malicious,https://adguard.com/en/blog/fake-ad-blockers-part-3.html,malicious chrome extensions lists from https://github.com/mallorybowes/chrome-mal-ids,https://chromewebstore.google.com/detail/enmomapaolnpbaenhilkjhmobpggjcpm,critical,,2026-08-03,ExtSentry (github.com/mthcht/awesome-lists)
eohabjkmhajbeaejogdikpgapkeigdki,N/A,*eohabjkmhajbeaejogdikpgapkeigdki*,malware,malicious,https://adguard.com/en/blog/fake-ad-blockers-part-3.html,malicious chrome extensions lists from https://github.com/mallorybowes/chrome-mal-ids,https://chromewebstore.google.com/detail/eohabjkmhajbeaejogdikpgapkeigdki,critical,,2026-08-03,ExtSentry (github.com/mthcht/awesome-lists)
eoijplcnfnjgofchhdkkhpfcjkcefgkb,N/A,*eoijplcnfnjgofchhdkkhpfcjkcefgkb*,malware,malicious,https://adguard.com/en/blog/fake-ad-blockers-part-3.html,malicious chrome extensions lists from https://github.com/mallorybowes/chrome-mal-ids,https://chromewebstore.google.com/detail/eoijplcnfnjgofchhdkkhpfcjkcefgkb,critical,,2026-08-03,ExtSentry (github.com/mthcht/awesome-lists)
facihnceaoboeoembnbmdlecmkpioacc,N/A,*facihnceaoboeoembnbmdlecmkpioacc*,malware,malicious,https://adguard.com/en/blog/fake-ad-blockers-part-3.html,malicious chrome extensions lists from https://github.com/mallorybowes/chrome-mal-ids,https://chromewebstore.google.com/detail/facihnceaoboeoembnbmdlecmkpioacc,critical,,2026-08-03,ExtSentry (github.com/mthcht/awesome-lists)
fagaafjhdmoagacggplmbpganjfjjpcf,N/A,*fagaafjhdmoagacggplmbpganjfjjpcf*,malware,malicious,https://adguard.com/en/blog/fake-ad-blockers-part-3.html,malicious chrome extensions lists from https://github.com/mallorybowes/chrome-mal-ids,https://chromewebstore.google.com/detail/fagaafjhdmoagacggplmbpganjfjjpcf,critical,,2026-08-03,ExtSentry (github.com/mthcht/awesome-lists)
fanonokndfeibplocpeipgfbopkigcce,N/A,*fanonokndfeibplocpeipgfbopkigcce*,malware,malicious,https://adguard.com/en/blog/fake-ad-blockers-part-3.html,malicious chrome extensions lists from https://github.com/mallorybowes/chrome-mal-ids,https://chromewebstore.google.com/detail/fanonokndfeibplocpeipgfbopkigcce,critical,,2026-08-03,ExtSentry (github.com/mthcht/awesome-lists)
faokbgedcfhnfecloigcihpplicdnann,N/A,*faokbgedcfhnfecloigcihpplicdnann*,malware,malicious,https://adguard.com/en/blog/fake-ad-blockers-part-3.html,malicious chrome extensions lists from https://github.com/mallorybowes/chrome-mal-ids,https://chromewebstore.google.com/detail/faokbgedcfhnfecloigcihpplicdnann,critical,,2026-08-03,ExtSentry (github.com/mthcht/awesome-lists)
fcdopghpidfdeglcheccmehiaedgpmkm,N/A,*fcdopghpidfdeglcheccmehiaedgpmkm*,malware,malicious,https://adguard.com/en/blog/fake-ad-blockers-part-3.html,malicious chrome extensions lists from https://github.com/mallorybowes/chrome-mal-ids,https://chromewebstore.google.com/detail/fcdopghpidfdeglcheccmehiaedgpmkm,critical,,2026-08-03,ExtSentry (github.com/mthcht/awesome-lists)
fdacngbbemokpkmdkdefkoodndakgejc,N/A,*fdacngbbemokpkmdkdefkoodndakgejc*,malware,malicious,https://adguard.com/en/blog/fake-ad-blockers-part-3.html,malicious chrome extensions lists from https://github.com/mallorybowes/chrome-mal-ids,https://chromewebstore.google.com/detail/fdacngbbemokpkmdkdefkoodndakgejc,critical,,2026-08-03,ExtSentry (github.com/mthcht/awesome-lists)
fdfffeipjpofnkmdkadjcjohdfoeblhk,N/A,*fdfffeipjpofnkmdkadjcjohdfoeblhk*,malware,malicious,https://adguard.com/en/blog/fake-ad-blockers-part-3.html,malicious chrome extensions lists from https://github.com/mallorybowes/chrome-mal-ids,https://chromewebstore.google.com/detail/fdfffeipjpofnkmdkadjcjohdfoeblhk,critical,,2026-08-03,ExtSentry (github.com/mthcht/awesome-lists)
ffhamkjhfajcjlnobkogimnhiagohgfg,N/A,*ffhamkjhfajcjlnobkogimnhiagohgfg*,malware,malicious,https://adguard.com/en/blog/fake-ad-blockers-part-3.html,malicious chrome extensions lists from https://github.com/mallorybowes/chrome-mal-ids,https://chromewebstore.google.com/detail/ffhamkjhfajcjlnobkogimnhiagohgfg,critical,,2026-08-03,ExtSentry (github.com/mthcht/awesome-lists)
fjnbjacfigdidgeeommhbdhnojamhpfg,N/A,*fjnbjacfigdidgeeommhbdhnojamhpfg*,malware,malicious,https://adguard.com/en/blog/fake-ad-blockers-part-3.html,malicious chrome extensions lists from https://github.com/mallorybowes/chrome-mal-ids,https://chromewebstore.google.com/detail/fjnbjacfigdidgeeommhbdhnojamhpfg,critical,,2026-08-03,ExtSentry (github.com/mthcht/awesome-lists)
fjohhelccbogecmolmjemopgackpnmpg,N/A,*fjohhelccbogecmolmjemopgackpnmpg*,malware,malicious,https://adguard.com/en/blog/fake-ad-blockers-part-3.html,malicious chrome extensions lists from https://github.com/mallorybowes/chrome-mal-ids,https://chromewebstore.google.com/detail/fjohhelccbogecmolmjemopgackpnmpg,critical,,2026-08-03,ExtSentry (github.com/mthcht/awesome-lists)
flagaiaajbikpfnnkodcphdcmgefmbcl,N/A,*flagaiaajbikpfnnkodcphdcmgefmbcl*,malware,malicious,https://adguard.com/en/blog/fake-ad-blockers-part-3.html,malicious chrome extensions lists from https://github.com/mallorybowes/chrome-mal-ids,https://chromewebstore.google.com/detail/flagaiaajbikpfnnkodcphdcmgefmbcl,critical,,2026-08-03,ExtSentry (github.com/mthcht/awesome-lists)
flgfngbiaanimkhjkojnmilfalidpign,N/A,*flgfngbiaanimkhjkojnmilfalidpign*,malware,malicious,https://adguard.com/en/blog/fake-ad-blockers-part-3.html,malicious chrome extensions lists from https://github.com/mallorybowes/chrome-mal-ids,https://chromewebstore.google.com/detail/flgfngbiaanimkhjkojnmilfalidpign,critical,,2026-08-03,ExtSentry (github.com/mthcht/awesome-lists)
fmngfipkcebejdconcibohjjgfmokhpa,N/A,*fmngfipkcebejdconcibohjjgfmokhpa*,malware,malicious,https://adguard.com/en/blog/fake-ad-blockers-part-3.html,malicious chrome extensions lists from https://github.com/mallorybowes/chrome-mal-ids,https://chromewebstore.google.com/detail/fmngfipkcebejdconcibohjjgfmokhpa,critical,,2026-08-03,ExtSentry (github.com/mthcht/awesome-lists)
fnblapfcdifokdbkpcbhpkajlkgmcjii,N/A,*fnblapfcdifokdbkpcbhpkajlkgmcjii*,malware,malicious,https://adguard.com/en/blog/fake-ad-blockers-part-3.html,malicious chrome extensions lists from https://github.com/mallorybowes/chrome-mal-ids,https://chromewebstore.google.com/detail/fnblapfcdifokdbkpcbhpkajlkgmcjii,critical,,2026-08-03,ExtSentry (github.com/mthcht/awesome-lists)
fpdjcfokkeooncckcolkmmppebjnfhgh,N/A,*fpdjcfokkeooncckcolkmmppebjnfhgh*,malware,malicious,https://adguard.com/en/blog/fake-ad-blockers-part-3.html,malicious chrome extensions lists from https://github.com/mallorybowes/chrome-mal-ids,https://chromewebstore.google.com/detail/fpdjcfokkeooncckcolkmmppebjnfhgh,critical,,2026-08-03,ExtSentry (github.com/mthcht/awesome-lists)
fphafkamioonlcelldogidajbcmmicco,N/A,*fphafkamioonlcelldogidajbcmmicco*,malware,malicious,https://adguard.com/en/blog/fake-ad-blockers-part-3.html,malicious chrome extensions lists from https://github.com/mallorybowes/chrome-mal-ids,https://chromewebstore.google.com/detail/fphafkamioonlcelldogidajbcmmicco,critical,,2026-08-03,ExtSentry (github.com/mthcht/awesome-lists)
fpjbgjpkfcanmdgjpmnnmoekkaahmafg,N/A,*fpjbgjpkfcanmdgjpmnnmoekkaahmafg*,malware,malicious,https://adguard.com/en/blog/fake-ad-blockers-part-3.html,malicious chrome extensions lists from https://github.com/mallorybowes/chrome-mal-ids,https://chromewebstore.google.com/detail/fpjbgjpkfcanmdgjpmnnmoekkaahmafg,critical,,2026-08-03,ExtSentry (github.com/mthcht/awesome-lists)
fplmpcijomgjmfbjcidbgpjdmhmamlkf,N/A,*fplmpcijomgjmfbjcidbgpjdmhmamlkf*,malware,malicious,https://adguard.com/en/blog/fake-ad-blockers-part-3.html,malicious chrome extensions lists from https://github.com/mallorybowes/chrome-mal-ids,https://chromewebstore.google.com/detail/fplmpcijomgjmfbjcidbgpjdmhmamlkf,critical,,2026-08-03,ExtSentry (github.com/mthcht/awesome-lists)
gdacidkmmbdpkedejaljplnfhjidomio,N/A,*gdacidkmmbdpkedejaljplnfhjidomio*,malware,malicious,https://adguard.com/en/blog/fake-ad-blockers-part-3.html,malicious chrome extensions lists from https://github.com/mallorybowes/chrome-mal-ids,https://chromewebstore.google.com/detail/gdacidkmmbdpkedejaljplnfhjidomio,critical,,2026-08-03,ExtSentry (github.com/mthcht/awesome-lists)
gdoomgeeelkgcmmoibloelbodkpggdle,N/A,*gdoomgeeelkgcmmoibloelbodkpggdle*,malware,malicious,https://adguard.com/en/blog/fake-ad-blockers-part-3.html,malicious chrome extensions lists from https://github.com/mallorybowes/chrome-mal-ids,https://chromewebstore.google.com/detail/gdoomgeeelkgcmmoibloelbodkpggdle,critical,,2026-08-03,ExtSentry (github.com/mthcht/awesome-lists)
geoolholooeeblajdjffdmknpecbkmah,N/A,*geoolholooeeblajdjffdmknpecbkmah*,malware,malicious,https://adguard.com/en/blog/fake-ad-blockers-part-3.html,malicious chrome extensions lists from https://github.com/mallorybowes/chrome-mal-ids,https://chromewebstore.google.com/detail/geoolholooeeblajdjffdmknpecbkmah,critical,,2026-08-03,ExtSentry (github.com/mthcht/awesome-lists)
ghfgeefhkkoajgmnopaldgcagohakhmg,N/A,*ghfgeefhkkoajgmnopaldgcagohakhmg*,malware,malicious,https://adguard.com/en/blog/fake-ad-blockers-part-3.html,malicious chrome extensions lists from https://github.com/mallorybowes/chrome-mal-ids,https://chromewebstore.google.com/detail/ghfgeefhkkoajgmnopaldgcagohakhmg,critical,,2026-08-03,ExtSentry (github.com/mthcht/awesome-lists)
ghhanhhegklhcoffmgkdbiekfhmbfbnc,N/A,*ghhanhhegklhcoffmgkdbiekfhmbfbnc*,malware,malicious,https://adguard.com/en/blog/fake-ad-blockers-part-3.html,malicious chrome extensions lists from https://github.com/mallorybowes/chrome-mal-ids,https://chromewebstore.google.com/detail/ghhanhhegklhcoffmgkdbiekfhmbfbnc,critical,,2026-08-03,ExtSentry (github.com/mthcht/awesome-lists)
gjkigcdoljdojaaomnadffdhggoobdpc,N/A,*gjkigcdoljdojaaomnadffdhggoobdpc*,malware,malicious,https://adguard.com/en/blog/fake-ad-blockers-part-3.html,malicious chrome extensions lists from https://github.com/mallorybowes/chrome-mal-ids,https://chromewebstore.google.com/detail/gjkigcdoljdojaaomnadffdhggoobdpc,critical,,2026-08-03,ExtSentry (github.com/mthcht/awesome-lists)
gkjkhpbembbjogoiejpkehohclfoljbp,N/A,*gkjkhpbembbjogoiejpkehohclfoljbp*,malware,malicious,https://adguard.com/en/blog/fake-ad-blockers-part-3.html,malicious chrome extensions lists from https://github.com/mallorybowes/chrome-mal-ids,https://chromewebstore.google.com/detail/gkjkhpbembbjogoiejpkehohclfoljbp,critical,,2026-08-03,ExtSentry (github.com/mthcht/awesome-lists)
glibnbcgclecomknccifdaglefljfoej,N/A,*glibnbcgclecomknccifdaglefljfoej*,malware,malicious,https://adguard.com/en/blog/fake-ad-blockers-part-3.html,malicious chrome extensions lists from https://github.com/mallorybowes/chrome-mal-ids,https://chromewebstore.google.com/detail/glibnbcgclecomknccifdaglefljfoej,critical,,2026-08-03,ExtSentry (github.com/mthcht/awesome-lists)
gllogphgdmclhfledlcgmdolngohamcl,N/A,*gllogphgdmclhfledlcgmdolngohamcl*,malware,malicious,https://adguard.com/en/blog/fake-ad-blockers-part-3.html,malicious chrome extensions lists from https://github.com/mallorybowes/chrome-mal-ids,https://chromewebstore.google.com/detail/gllogphgdmclhfledlcgmdolngohamcl,critical,,2026-08-03,ExtSentry (github.com/mthcht/awesome-lists)
haagbldencigkgikfekmoaaofambnafp,N/A,*haagbldencigkgikfekmoaaofambnafp*,malware,malicious,https://adguard.com/en/blog/fake-ad-blockers-part-3.html,malicious chrome extensions lists from https://github.com/mallorybowes/chrome-mal-ids,https://chromewebstore.google.com/detail/haagbldencigkgikfekmoaaofambnafp,critical,,2026-08-03,ExtSentry (github.com/mthcht/awesome-lists)
haglbigaalkckkedjamjibfnklbbodck,N/A,*haglbigaalkckkedjamjibfnklbbodck*,malware,malicious,https://adguard.com/en/blog/fake-ad-blockers-part-3.html,malicious chrome extensions lists from https://github.com/mallorybowes/chrome-mal-ids,https://chromewebstore.google.com/detail/haglbigaalkckkedjamjibfnklbbodck,critical,,2026-08-03,ExtSentry (github.com/mthcht/awesome-lists)
hcgepcgbgnleafnfcepjbekchbdmekfa,N/A,*hcgepcgbgnleafnfcepjbekchbdmekfa*,malware,malicious,https://adguard.com/en/blog/fake-ad-blockers-part-3.html,malicious chrome extensions lists from https://github.com/mallorybowes/chrome-mal-ids,https://chromewebstore.google.com/detail/hcgepcgbgnleafnfcepjbekchbdmekfa,critical,,2026-08-03,ExtSentry (github.com/mthcht/awesome-lists)
hdbchphkjjidcfidaelcpmonodhhaahp,N/A,*hdbchphkjjidcfidaelcpmonodhhaahp*,malware,malicious,https://adguard.com/en/blog/fake-ad-blockers-part-3.html,malicious chrome extensions lists from https://github.com/mallorybowes/chrome-mal-ids,https://chromewebstore.google.com/detail/hdbchphkjjidcfidaelcpmonodhhaahp,critical,,2026-08-03,ExtSentry (github.com/mthcht/awesome-lists)
hdljgflalglmllbagpacjmkdiggliidk,N/A,*hdljgflalglmllbagpacjmkdiggliidk*,malware,malicious,https://adguard.com/en/blog/fake-ad-blockers-part-3.html,malicious chrome extensions lists from https://github.com/mallorybowes/chrome-mal-ids,https://chromewebstore.google.com/detail/hdljgflalglmllbagpacjmkdiggliidk,critical,,2026-08-03,ExtSentry (github.com/mthcht/awesome-lists)
hdpnlijiblkmokbjljbahhgkpokgpkli,N/A,*hdpnlijiblkmokbjljbahhgkpokgpkli*,malware,malicious,https://adguard.com/en/blog/fake-ad-blockers-part-3.html,malicious chrome extensions lists from https://github.com/mallorybowes/chrome-mal-ids,https://chromewebstore.google.com/detail/hdpnlijiblkmokbjljbahhgkpokgpkli,critical,,2026-08-03,ExtSentry (github.com/mthcht/awesome-lists)
heaphjoejcpdagahbnkkloiaicpadomp,N/A,*heaphjoejcpdagahbnkkloiaicpadomp*,malware,malicious,https://adguard.com/en/blog/fake-ad-blockers-part-3.html,malicious chrome extensions lists from https://github.com/mallorybowes/chrome-mal-ids,https://chromewebstore.google.com/detail/heaphjoejcpdagahbnkkloiaicpadomp,critical,,2026-08-03,ExtSentry (github.com/mthcht/awesome-lists)
hjfmdhbmpagpfheceengkakdmpncmlif,N/A,*hjfmdhbmpagpfheceengkakdmpncmlif*,malware,malicious,https://adguard.com/en/blog/fake-ad-blockers-part-3.html,malicious chrome extensions lists from https://github.com/mallorybowes/chrome-mal-ids,https://chromewebstore.google.com/detail/hjfmdhbmpagpfheceengkakdmpncmlif,critical,,2026-08-03,ExtSentry (github.com/mthcht/awesome-lists)
hjkjkmkoklbhjhlddialffkchddlncjb,N/A,*hjkjkmkoklbhjhlddialffkchddlncjb*,malware,malicious,https://adguard.com/en/blog/fake-ad-blockers-part-3.html,malicious chrome extensions lists from https://github.com/mallorybowes/chrome-mal-ids,https://chromewebstore.google.com/detail/hjkjkmkoklbhjhlddialffkchddlncjb,critical,,2026-08-03,ExtSentry (github.com/mthcht/awesome-lists)
hjoihkjijjbkiglgeghbokincmidfped,N/A,*hjoihkjijjbkiglgeghbokincmidfped*,malware,malicious,https://adguard.com/en/blog/fake-ad-blockers-part-3.html,malicious chrome extensions lists from https://github.com/mallorybowes/chrome-mal-ids,https://chromewebstore.google.com/detail/hjoihkjijjbkiglgeghbokincmidfped,critical,,2026-08-03,ExtSentry (github.com/mthcht/awesome-lists)
hncokbmdmbmmlkjhoagcpokehopdikhc,N/A,*hncokbmdmbmmlkjhoagcpokehopdikhc*,malware,malicious,https://adguard.com/en/blog/fake-ad-blockers-part-3.html,malicious chrome extensions lists from https://github.com/mallorybowes/chrome-mal-ids,https://chromewebstore.google.com/detail/hncokbmdmbmmlkjhoagcpokehopdikhc,critical,,2026-08-03,ExtSentry (github.com/mthcht/awesome-lists)
hnhpnbajfmmopedidmiablkcdnlegkmd,N/A,*hnhpnbajfmmopedidmiablkcdnlegkmd*,malware,malicious,https://adguard.com/en/blog/fake-ad-blockers-part-3.html,malicious chrome extensions lists from https://github.com/mallorybowes/chrome-mal-ids,https://chromewebstore.google.com/detail/hnhpnbajfmmopedidmiablkcdnlegkmd,critical,,2026-08-03,ExtSentry (github.com/mthcht/awesome-lists)
homdfmaeflodjknffbnhagmlhmgmbjac,N/A,*homdfmaeflodjknffbnhagmlhmgmbjac*,malware,malicious,https://adguard.com/en/blog/fake-ad-blockers-part-3.html,malicious chrome extensions lists from https://github.com/mallorybowes/chrome-mal-ids,https://chromewebstore.google.com/detail/homdfmaeflodjknffbnhagmlhmgmbjac,critical,,2026-08-03,ExtSentry (github.com/mthcht/awesome-lists)
iccagibmclklcmiejfddepgffgkhnnib,N/A,*iccagibmclklcmiejfddepgffgkhnnib*,malware,malicious,https://adguard.com/en/blog/fake-ad-blockers-part-3.html,malicious chrome extensions lists from https://github.com/mallorybowes/chrome-mal-ids,https://chromewebstore.google.com/detail/iccagibmclklcmiejfddepgffgkhnnib,critical,,2026-08-03,ExtSentry (github.com/mthcht/awesome-lists)
idkllmolbaiailjfidkjcidapkddidbg,N/A,*idkllmolbaiailjfidkjcidapkddidbg*,malware,malicious,https://adguard.com/en/blog/fake-ad-blockers-part-3.html,malicious chrome extensions lists from https://github.com/mallorybowes/chrome-mal-ids,https://chromewebstore.google.com/detail/idkllmolbaiailjfidkjcidapkddidbg,critical,,2026-08-03,ExtSentry (github.com/mthcht/awesome-lists)
ifbffcgakkboaffkidggpcjolehhhbfd,N/A,*ifbffcgakkboaffkidggpcjolehhhbfd*,malware,malicious,https://adguard.com/en/blog/fake-ad-blockers-part-3.html,malicious chrome extensions lists from https://github.com/mallorybowes/chrome-mal-ids,https://chromewebstore.google.com/detail/ifbffcgakkboaffkidggpcjolehhhbfd,critical,,2026-08-03,ExtSentry (github.com/mthcht/awesome-lists)
ifdebecchhapkfdbcbhpmjonmbpfpnck,N/A,*ifdebecchhapkfdbcbhpmjonmbpfpnck*,malware,malicious,https://adguard.com/en/blog/fake-ad-blockers-part-3.html,malicious chrome extensions lists from https://github.com/mallorybowes/chrome-mal-ids,https://chromewebstore.google.com/detail/ifdebecchhapkfdbcbhpmjonmbpfpnck,critical,,2026-08-03,ExtSentry (github.com/mthcht/awesome-lists)
igbcfkjflkgamnoikcpiljglnmjnkjac,N/A,*igbcfkjflkgamnoikcpiljglnmjnkjac*,malware,malicious,https://adguard.com/en/blog/fake-ad-blockers-part-3.html,malicious chrome extensions lists from https://github.com/mallorybowes/chrome-mal-ids,https://chromewebstore.google.com/detail/igbcfkjflkgamnoikcpiljglnmjnkjac,critical,,2026-08-03,ExtSentry (github.com/mthcht/awesome-lists)
iiblgogamkmdfojoclpdhainbndfpcci,N/A,*iiblgogamkmdfojoclpdhainbndfpcci*,malware,malicious,https://adguard.com/en/blog/fake-ad-blockers-part-3.html,malicious chrome extensions lists from https://github.com/mallorybowes/chrome-mal-ids,https://chromewebstore.google.com/detail/iiblgogamkmdfojoclpdhainbndfpcci,critical,,2026-08-03,ExtSentry (github.com/mthcht/awesome-lists)
inkankpmoblmficechfgfinajifbfkdn,N/A,*inkankpmoblmficechfgfinajifbfkdn*,malware,malicious,https://adguard.com/en/blog/fake-ad-blockers-part-3.html,malicious chrome extensions lists from https://github.com/mallorybowes/chrome-mal-ids,https://chromewebstore.google.com/detail/inkankpmoblmficechfgfinajifbfkdn,critical,,2026-08-03,ExtSentry (github.com/mthcht/awesome-lists)
ioejcipbmdjinhfciojiacdjolkabkmn,N/A,*ioejcipbmdjinhfciojiacdjolkabkmn*,malware,malicious,https://adguard.com/en/blog/fake-ad-blockers-part-3.html,malicious chrome extensions lists from https://github.com/mallorybowes/chrome-mal-ids,https://chromewebstore.google.com/detail/ioejcipbmdjinhfciojiacdjolkabkmn,critical,,2026-08-03,ExtSentry (github.com/mthcht/awesome-lists)
iojhbljpppeociniiemjfelmdcgikmep,N/A,*iojhbljpppeociniiemjfelmdcgikmep*,malware,malicious,https://adguard.com/en/blog/fake-ad-blockers-part-3.html,malicious chrome extensions lists from https://github.com/mallorybowes/chrome-mal-ids,https://chromewebstore.google.com/detail/iojhbljpppeociniiemjfelmdcgikmep,critical,,2026-08-03,ExtSentry (github.com/mthcht/awesome-lists)
ipgnnndhgeaclopjgiihppbbfnmkmjcm,N/A,*ipgnnndhgeaclopjgiihppbbfnmkmjcm*,malware,malicious,https://adguard.com/en/blog/fake-ad-blockers-part-3.html,malicious chrome extensions lists from https://github.com/mallorybowes/chrome-mal-ids,https://chromewebstore.google.com/detail/ipgnnndhgeaclopjgiihppbbfnmkmjcm,critical,,2026-08-03,ExtSentry (github.com/mthcht/awesome-lists)
jckaglinbbflgcklfgacjdmgpnccmdng,N/A,*jckaglinbbflgcklfgacjdmgpnccmdng*,malware,malicious,https://adguard.com/en/blog/fake-ad-blockers-part-3.html,malicious chrome extensions lists from https://github.com/mallorybowes/chrome-mal-ids,https://chromewebstore.google.com/detail/jckaglinbbflgcklfgacjdmgpnccmdng,critical,,2026-08-03,ExtSentry (github.com/mthcht/awesome-lists)
jfocahgaekfaemhfcfefcodphgpinnch,N/A,*jfocahgaekfaemhfcfefcodphgpinnch*,malware,malicious,https://adguard.com/en/blog/fake-ad-blockers-part-3.html,malicious chrome extensions lists from https://github.com/mallorybowes/chrome-mal-ids,https://chromewebstore.google.com/detail/jfocahgaekfaemhfcfefcodphgpinnch,critical,,2026-08-03,ExtSentry (github.com/mthcht/awesome-lists)
jgbkgjepkeklblmlhnpjmnbinmifjenc,N/A,*jgbkgjepkeklblmlhnpjmnbinmifjenc*,malware,malicious,https://adguard.com/en/blog/fake-ad-blockers-part-3.html,malicious chrome extensions lists from https://github.com/mallorybowes/chrome-mal-ids,https://chromewebstore.google.com/detail/jgbkgjepkeklblmlhnpjmnbinmifjenc,critical,,2026-08-03,ExtSentry (github.com/mthcht/awesome-lists)
jlbebokeclkofhchdepbojfhmocdlhfl,N/A,*jlbebokeclkofhchdepbojfhmocdlhfl*,malware,malicious,https://adguard.com/en/blog/fake-ad-blockers-part-3.html,malicious chrome extensions lists from https://github.com/mallorybowes/chrome-mal-ids,https://chromewebstore.google.com/detail/jlbebokeclkofhchdepbojfhmocdlhfl,critical,,2026-08-03,ExtSentry (github.com/mthcht/awesome-lists)
jlbhkoohfmnikpalgglhpadlbeiobkaa,N/A,*jlbhkoohfmnikpalgglhpadlbeiobkaa*,malware,malicious,https://adguard.com/en/blog/fake-ad-blockers-part-3.html,malicious chrome extensions lists from https://github.com/mallorybowes/chrome-mal-ids,https://chromewebstore.google.com/detail/jlbhkoohfmnikpalgglhpadlbeiobkaa,critical,,2026-08-03,ExtSentry (github.com/mthcht/awesome-lists)
jmlbnlcodmikhdpbjjdemgaebjgmpooa,N/A,*jmlbnlcodmikhdpbjjdemgaebjgmpooa*,malware,malicious,https://adguard.com/en/blog/fake-ad-blockers-part-3.html,malicious chrome extensions lists from https://github.com/mallorybowes/chrome-mal-ids,https://chromewebstore.google.com/detail/jmlbnlcodmikhdpbjjdemgaebjgmpooa,critical,,2026-08-03,ExtSentry (github.com/mthcht/awesome-lists)
jnmckphflgdpioinbjaeckdajkbgcfgg,N/A,*jnmckphflgdpioinbjaeckdajkbgcfgg*,malware,malicious,https://adguard.com/en/blog/fake-ad-blockers-part-3.html,malicious chrome extensions lists from https://github.com/mallorybowes/chrome-mal-ids,https://chromewebstore.google.com/detail/jnmckphflgdpioinbjaeckdajkbgcfgg,critical,,2026-08-03,ExtSentry (github.com/mthcht/awesome-lists)
kcjahchbheejjpdpohgfkaoknhcdjjnh,N/A,*kcjahchbheejjpdpohgfkaoknhcdjjnh*,malware,malicious,https://adguard.com/en/blog/fake-ad-blockers-part-3.html,malicious chrome extensions lists from https://github.com/mallorybowes/chrome-mal-ids,https://chromewebstore.google.com/detail/kcjahchbheejjpdpohgfkaoknhcdjjnh,critical,,2026-08-03,ExtSentry (github.com/mthcht/awesome-lists)
kdihodbgfndblemlklkllhfjhiidbgih,N/A,*kdihodbgfndblemlklkllhfjhiidbgih*,malware,malicious,https://adguard.com/en/blog/fake-ad-blockers-part-3.html,malicious chrome extensions lists from https://github.com/mallorybowes/chrome-mal-ids,https://chromewebstore.google.com/detail/kdihodbgfndblemlklkllhfjhiidbgih,critical,,2026-08-03,ExtSentry (github.com/mthcht/awesome-lists)
kefmhdhaebhmdeaabcgoaegmgodncebc,N/A,*kefmhdhaebhmdeaabcgoaegmgodncebc*,malware,malicious,https://adguard.com/en/blog/fake-ad-blockers-part-3.html,malicious chrome extensions lists from https://github.com/mallorybowes/chrome-mal-ids,https://chromewebstore.google.com/detail/kefmhdhaebhmdeaabcgoaegmgodncebc,critical,,2026-08-03,ExtSentry (github.com/mthcht/awesome-lists)
kicmnilchjfefpceoaiopdpbpkicgjjm,N/A,*kicmnilchjfefpceoaiopdpbpkicgjjm*,malware,malicious,https://adguard.com/en/blog/fake-ad-blockers-part-3.html,malicious chrome extensions lists from https://github.com/mallorybowes/chrome-mal-ids,https://chromewebstore.google.com/detail/kicmnilchjfefpceoaiopdpbpkicgjjm,critical,,2026-08-03,ExtSentry (github.com/mthcht/awesome-lists)
kigiheamdfmilbhkfdploghfnndcgkko,N/A,*kigiheamdfmilbhkfdploghfnndcgkko*,malware,malicious,https://adguard.com/en/blog/fake-ad-blockers-part-3.html,malicious chrome extensions lists from https://github.com/mallorybowes/chrome-mal-ids,https://chromewebstore.google.com/detail/kigiheamdfmilbhkfdploghfnndcgkko,critical,,2026-08-03,ExtSentry (github.com/mthcht/awesome-lists)
kjgceeikbnmddoaggelkkpljdabhghkc,N/A,*kjgceeikbnmddoaggelkkpljdabhghkc*,malware,malicious,https://adguard.com/en/blog/fake-ad-blockers-part-3.html,malicious chrome extensions lists from https://github.com/mallorybowes/chrome-mal-ids,https://chromewebstore.google.com/detail/kjgceeikbnmddoaggelkkpljdabhghkc,critical,,2026-08-03,ExtSentry (github.com/mthcht/awesome-lists)
kkeojhapoadcdlmkjlakdbhfkldbbmgi,N/A,*kkeojhapoadcdlmkjlakdbhfkldbbmgi*,malware,malicious,https://adguard.com/en/blog/fake-ad-blockers-part-3.html,malicious chrome extensions lists from https://github.com/mallorybowes/chrome-mal-ids,https://chromewebstore.google.com/detail/kkeojhapoadcdlmkjlakdbhfkldbbmgi,critical,,2026-08-03,ExtSentry (github.com/mthcht/awesome-lists)
klblfmpeelmpnadjahhdakiomhaepogb,N/A,*klblfmpeelmpnadjahhdakiomhaepogb*,malware,malicious,https://adguard.com/en/blog/fake-ad-blockers-part-3.html,malicious chrome extensions lists from https://github.com/mallorybowes/chrome-mal-ids,https://chromewebstore.google.com/detail/klblfmpeelmpnadjahhdakiomhaepogb,critical,,2026-08-03,ExtSentry (github.com/mthcht/awesome-lists)
kmfiklhdkhidbmofjbgmpeaogglkndpe,N/A,*kmfiklhdkhidbmofjbgmpeaogglkndpe*,malware,malicious,https://adguard.com/en/blog/fake-ad-blockers-part-3.html,malicious chrome extensions lists from https://github.com/mallorybowes/chrome-mal-ids,https://chromewebstore.google.com/detail/kmfiklhdkhidbmofjbgmpeaogglkndpe,critical,,2026-08-03,ExtSentry (github.com/mthcht/awesome-lists)
knacgnmpceaffedmgegknkfcnejjhdpp,N/A,*knacgnmpceaffedmgegknkfcnejjhdpp*,malware,malicious,https://adguard.com/en/blog/fake-ad-blockers-part-3.html,malicious chrome extensions lists from https://github.com/mallorybowes/chrome-mal-ids,https://chromewebstore.google.com/detail/knacgnmpceaffedmgegknkfcnejjhdpp,critical,,2026-08-03,ExtSentry (github.com/mthcht/awesome-lists)
kppjffaccdlhfeleafnohmfkgimdjmgg,N/A,*kppjffaccdlhfeleafnohmfkgimdjmgg*,malware,malicious,https://adguard.com/en/blog/fake-ad-blockers-part-3.html,malicious chrome extensions lists from https://github.com/mallorybowes/chrome-mal-ids,https://chromewebstore.google.com/detail/kppjffaccdlhfeleafnohmfkgimdjmgg,critical,,2026-08-03,ExtSentry (github.com/mthcht/awesome-lists)
lbbegfjhlhpikmhbdcfcoadegdldmaen,N/A,*lbbegfjhlhpikmhbdcfcoadegdldmaen*,malware,malicious,https://adguard.com/en/blog/fake-ad-blockers-part-3.html,malicious chrome extensions lists from https://github.com/mallorybowes/chrome-mal-ids,https://chromewebstore.google.com/detail/lbbegfjhlhpikmhbdcfcoadegdldmaen,critical,,2026-08-03,ExtSentry (github.com/mthcht/awesome-lists)
lbjgbekokephmmfllmpglefmoaihklpn,N/A,*lbjgbekokephmmfllmpglefmoaihklpn*,malware,malicious,https://adguard.com/en/blog/fake-ad-blockers-part-3.html,malicious chrome extensions lists from https://github.com/mallorybowes/chrome-mal-ids,https://chromewebstore.google.com/detail/lbjgbekokephmmfllmpglefmoaihklpn,critical,,2026-08-03,ExtSentry (github.com/mthcht/awesome-lists)
lblnngjkgcpplmddebmefokmccpflhip,N/A,*lblnngjkgcpplmddebmefokmccpflhip*,malware,malicious,https://adguard.com/en/blog/fake-ad-blockers-part-3.html,malicious chrome extensions lists from https://github.com/mallorybowes/chrome-mal-ids,https://chromewebstore.google.com/detail/lblnngjkgcpplmddebmefokmccpflhip,critical,,2026-08-03,ExtSentry (github.com/mthcht/awesome-lists)
lcdabcbanafchdlcbdjgngcplnkijala,N/A,*lcdabcbanafchdlcbdjgngcplnkijala*,malware,malicious,https://adguard.com/en/blog/fake-ad-blockers-part-3.html,malicious chrome extensions lists from https://github.com/mallorybowes/chrome-mal-ids,https://chromewebstore.google.com/detail/lcdabcbanafchdlcbdjgngcplnkijala,critical,,2026-08-03,ExtSentry (github.com/mthcht/awesome-lists)
lcgjhoonomcmjpbnijfohbdhhjmhjlal,N/A,*lcgjhoonomcmjpbnijfohbdhhjmhjlal*,malware,malicious,https://adguard.com/en/blog/fake-ad-blockers-part-3.html,malicious chrome extensions lists from https://github.com/mallorybowes/chrome-mal-ids,https://chromewebstore.google.com/detail/lcgjhoonomcmjpbnijfohbdhhjmhjlal,critical,,2026-08-03,ExtSentry (github.com/mthcht/awesome-lists)
ldkienofjncecbbnmhpngiiidekfcdoe,N/A,*ldkienofjncecbbnmhpngiiidekfcdoe*,malware,malicious,https://adguard.com/en/blog/fake-ad-blockers-part-3.html,malicious chrome extensions lists from https://github.com/mallorybowes/chrome-mal-ids,https://chromewebstore.google.com/detail/ldkienofjncecbbnmhpngiiidekfcdoe,critical,,2026-08-03,ExtSentry (github.com/mthcht/awesome-lists)
lemhpidjofhodofghkakoglahdafpcbe,N/A,*lemhpidjofhodofghkakoglahdafpcbe*,malware,malicious,https://adguard.com/en/blog/fake-ad-blockers-part-3.html,malicious chrome extensions lists from https://github.com/mallorybowes/chrome-mal-ids,https://chromewebstore.google.com/detail/lemhpidjofhodofghkakoglahdafpcbe,critical,,2026-08-03,ExtSentry (github.com/mthcht/awesome-lists)
lgekbdjboenacbkiabfkkcpjgacmjcdg,N/A,*lgekbdjboenacbkiabfkkcpjgacmjcdg*,malware,malicious,https://adguard.com/en/blog/fake-ad-blockers-part-3.html,malicious chrome extensions lists from https://github.com/mallorybowes/chrome-mal-ids,https://chromewebstore.google.com/detail/lgekbdjboenacbkiabfkkcpjgacmjcdg,critical,,2026-08-03,ExtSentry (github.com/mthcht/awesome-lists)
lggmpibegkcnfogpophgnchognofcdgo,N/A,*lggmpibegkcnfogpophgnchognofcdgo*,malware,malicious,https://adguard.com/en/blog/fake-ad-blockers-part-3.html,malicious chrome extensions lists from https://github.com/mallorybowes/chrome-mal-ids,https://chromewebstore.google.com/detail/lggmpibegkcnfogpophgnchognofcdgo,critical,,2026-08-03,ExtSentry (github.com/mthcht/awesome-lists)
ljppknljdefmnkckkdjaokhlncbiehgo,N/A,*ljppknljdefmnkckkdjaokhlncbiehgo*,malware,malicious,https://adguard.com/en/blog/fake-ad-blockers-part-3.html,malicious chrome extensions lists from https://github.com/mallorybowes/chrome-mal-ids,https://chromewebstore.google.com/detail/ljppknljdefmnkckkdjaokhlncbiehgo,critical,,2026-08-03,ExtSentry (github.com/mthcht/awesome-lists)
lkdahidfbdadmblpkopllegopldfbhge,N/A,*lkdahidfbdadmblpkopllegopldfbhge*,malware,malicious,https://adguard.com/en/blog/fake-ad-blockers-part-3.html,malicious chrome extensions lists from https://github.com/mallorybowes/chrome-mal-ids,https://chromewebstore.google.com/detail/lkdahidfbdadmblpkopllegopldfbhge,critical,,2026-08-03,ExtSentry (github.com/mthcht/awesome-lists)
llngndcpphncgeledehpklbeheadnoan,N/A,*llngndcpphncgeledehpklbeheadnoan*,malware,malicious,https://adguard.com/en/blog/fake-ad-blockers-part-3.html,malicious chrome extensions lists from https://github.com/mallorybowes/chrome-mal-ids,https://chromewebstore.google.com/detail/llngndcpphncgeledehpklbeheadnoan,critical,,2026-08-03,ExtSentry (github.com/mthcht/awesome-lists)
lmmdoemglmnjenhfcjkhgpkgiedcejmn,N/A,*lmmdoemglmnjenhfcjkhgpkgiedcejmn*,malware,malicious,https://adguard.com/en/blog/fake-ad-blockers-part-3.html,malicious chrome extensions lists from https://github.com/mallorybowes/chrome-mal-ids,https://chromewebstore.google.com/detail/lmmdoemglmnjenhfcjkhgpkgiedcejmn,critical,,2026-08-03,ExtSentry (github.com/mthcht/awesome-lists)
lniooknjghghdjoehegcoinmbhdbhcck,N/A,*lniooknjghghdjoehegcoinmbhdbhcck*,malware,malicious,https://adguard.com/en/blog/fake-ad-blockers-part-3.html,malicious chrome extensions lists from https://github.com/mallorybowes/chrome-mal-ids,https://chromewebstore.google.com/detail/lniooknjghghdjoehegcoinmbhdbhcck,critical,,2026-08-03,ExtSentry (github.com/mthcht/awesome-lists)
makliapgjjpdkkaikobcmdhkfbfcoafk,N/A,*makliapgjjpdkkaikobcmdhkfbfcoafk*,malware,malicious,https://adguard.com/en/blog/fake-ad-blockers-part-3.html,malicious chrome extensions lists from https://github.com/mallorybowes/chrome-mal-ids,https://chromewebstore.google.com/detail/makliapgjjpdkkaikobcmdhkfbfcoafk,critical,,2026-08-03,ExtSentry (github.com/mthcht/awesome-lists)
maohnjppabopdhfkholcdkpehdojnpoc,N/A,*maohnjppabopdhfkholcdkpehdojnpoc*,malware,malicious,https://adguard.com/en/blog/fake-ad-blockers-part-3.html,malicious chrome extensions lists from https://github.com/mallorybowes/chrome-mal-ids,https://chromewebstore.google.com/detail/maohnjppabopdhfkholcdkpehdojnpoc,critical,,2026-08-03,ExtSentry (github.com/mthcht/awesome-lists)
mcadalidfbmnponoamfdjlahdeheommb,N/A,*mcadalidfbmnponoamfdjlahdeheommb*,malware,malicious,https://adguard.com/en/blog/fake-ad-blockers-part-3.html,malicious chrome extensions lists from https://github.com/mallorybowes/chrome-mal-ids,https://chromewebstore.google.com/detail/mcadalidfbmnponoamfdjlahdeheommb,critical,,2026-08-03,ExtSentry (github.com/mthcht/awesome-lists)
mcafdholbcjhepgnpfdogaiagjmlfcon,N/A,*mcafdholbcjhepgnpfdogaiagjmlfcon*,malware,malicious,https://adguard.com/en/blog/fake-ad-blockers-part-3.html,malicious chrome extensions lists from https://github.com/mallorybowes/chrome-mal-ids,https://chromewebstore.google.com/detail/mcafdholbcjhepgnpfdogaiagjmlfcon,critical,,2026-08-03,ExtSentry (github.com/mthcht/awesome-lists)
meioomnaphfjchjidcfnbadkbaaoanok,N/A,*meioomnaphfjchjidcfnbadkbaaoanok*,malware,malicious,https://adguard.com/en/blog/fake-ad-blockers-part-3.html,malicious chrome extensions lists from https://github.com/mallorybowes/chrome-mal-ids,https://chromewebstore.google.com/detail/meioomnaphfjchjidcfnbadkbaaoanok,critical,,2026-08-03,ExtSentry (github.com/mthcht/awesome-lists)
mjbmelinkhpkmbjnocdklkjpiilpikba,N/A,*mjbmelinkhpkmbjnocdklkjpiilpikba*,malware,malicious,https://adguard.com/en/blog/fake-ad-blockers-part-3.html,malicious chrome extensions lists from https://github.com/mallorybowes/chrome-mal-ids,https://chromewebstore.google.com/detail/mjbmelinkhpkmbjnocdklkjpiilpikba,critical,,2026-08-03,ExtSentry (github.com/mthcht/awesome-lists)
mkghdamdheccacmkmnchkaoljoflpoek,N/A,*mkghdamdheccacmkmnchkaoljoflpoek*,malware,malicious,https://adguard.com/en/blog/fake-ad-blockers-part-3.html,malicious chrome extensions lists from https://github.com/mallorybowes/chrome-mal-ids,https://chromewebstore.google.com/detail/mkghdamdheccacmkmnchkaoljoflpoek,critical,,2026-08-03,ExtSentry (github.com/mthcht/awesome-lists)
mkjcnnfcmmniieaidfadidepdgfppfdj,N/A,*mkjcnnfcmmniieaidfadidepdgfppfdj*,malware,malicious,https://adguard.com/en/blog/fake-ad-blockers-part-3.html,malicious chrome extensions lists from https://github.com/mallorybowes/chrome-mal-ids,https://chromewebstore.google.com/detail/mkjcnnfcmmniieaidfadidepdgfppfdj,critical,,2026-08-03,ExtSentry (github.com/mthcht/awesome-lists)
mmhaojkmpbmgbkojlagnhmjlfmnaglla,N/A,*mmhaojkmpbmgbkojlagnhmjlfmnaglla*,malware,malicious,https://adguard.com/en/blog/fake-ad-blockers-part-3.html,malicious chrome extensions lists from https://github.com/mallorybowes/chrome-mal-ids,https://chromewebstore.google.com/detail/mmhaojkmpbmgbkojlagnhmjlfmnaglla,critical,,2026-08-03,ExtSentry (github.com/mthcht/awesome-lists)
mmlhchoolkdnmnddgmoohigffekjnofo,N/A,*mmlhchoolkdnmnddgmoohigffekjnofo*,malware,malicious,https://adguard.com/en/blog/fake-ad-blockers-part-3.html,malicious chrome extensions lists from https://github.com/mallorybowes/chrome-mal-ids,https://chromewebstore.google.com/detail/mmlhchoolkdnmnddgmoohigffekjnofo,critical,,2026-08-03,ExtSentry (github.com/mthcht/awesome-lists)
mmmapklofkmbcahafjmiogdbmpagimlp,N/A,*mmmapklofkmbcahafjmiogdbmpagimlp*,malware,malicious,https://adguard.com/en/blog/fake-ad-blockers-part-3.html,malicious chrome extensions lists from https://github.com/mallorybowes/chrome-mal-ids,https://chromewebstore.google.com/detail/mmmapklofkmbcahafjmiogdbmpagimlp,critical,,2026-08-03,ExtSentry (github.com/mthcht/awesome-lists)
mngcfgonjbdbdbifcbhmdiddloganbcc,N/A,*mngcfgonjbdbdbifcbhmdiddloganbcc*,malware,malicious,https://adguard.com/en/blog/fake-ad-blockers-part-3.html,malicious chrome extensions lists from https://github.com/mallorybowes/chrome-mal-ids,https://chromewebstore.google.com/detail/mngcfgonjbdbdbifcbhmdiddloganbcc,critical,,2026-08-03,ExtSentry (github.com/mthcht/awesome-lists)
mnnpffgmgkbdllleeihdgfgleomdhacm,N/A,*mnnpffgmgkbdllleeihdgfgleomdhacm*,malware,malicious,https://adguard.com/en/blog/fake-ad-blockers-part-3.html,malicious chrome extensions lists from https://github.com/mallorybowes/chrome-mal-ids,https://chromewebstore.google.com/detail/mnnpffgmgkbdllleeihdgfgleomdhacm,critical,,2026-08-03,ExtSentry (github.com/mthcht/awesome-lists)
moalaminambcgbljenplldelnhnaikke,N/A,*moalaminambcgbljenplldelnhnaikke*,malware,malicious,https://adguard.com/en/blog/fake-ad-blockers-part-3.html,malicious chrome extensions lists from https://github.com/mallorybowes/chrome-mal-ids,https://chromewebstore.google.com/detail/moalaminambcgbljenplldelnhnaikke,critical,,2026-08-03,ExtSentry (github.com/mthcht/awesome-lists)
moljhdcbomchgdffhddpicbokacnbjoj,N/A,*moljhdcbomchgdffhddpicbokacnbjoj*,malware,malicious,https://adguard.com/en/blog/fake-ad-blockers-part-3.html,malicious chrome extensions lists from https://github.com/mallorybowes/chrome-mal-ids,https://chromewebstore.google.com/detail/moljhdcbomchgdffhddpicbokacnbjoj,critical,,2026-08-03,ExtSentry (github.com/mthcht/awesome-lists)
mpdpjfobafahmgicjmpnfklbphhlacel,N/A,*mpdpjfobafahmgicjmpnfklbphhlacel*,malware,malicious,https://adguard.com/en/blog/fake-ad-blockers-part-3.html,malicious chrome extensions lists from https://github.com/mallorybowes/chrome-mal-ids,https://chromewebstore.google.com/detail/mpdpjfobafahmgicjmpnfklbphhlacel,critical,,2026-08-03,ExtSentry (github.com/mthcht/awesome-lists)
mpfleoaldoclbjhfkgbmnelkkbolbegl,N/A,*mpfleoaldoclbjhfkgbmnelkkbolbegl*,malware,malicious,https://adguard.com/en/blog/fake-ad-blockers-part-3.html,malicious chrome extensions lists from https://github.com/mallorybowes/chrome-mal-ids,https://chromewebstore.google.com/detail/mpfleoaldoclbjhfkgbmnelkkbolbegl,critical,,2026-08-03,ExtSentry (github.com/mthcht/awesome-lists)
nafbodmhgaabbfchodpkmpnibgjmeeei,N/A,*nafbodmhgaabbfchodpkmpnibgjmeeei*,malware,malicious,https://adguard.com/en/blog/fake-ad-blockers-part-3.html,malicious chrome extensions lists from https://github.com/mallorybowes/chrome-mal-ids,https://chromewebstore.google.com/detail/nafbodmhgaabbfchodpkmpnibgjmeeei,critical,,2026-08-03,ExtSentry (github.com/mthcht/awesome-lists)
naofchadlleomaipaienfedidkiodamo,N/A,*naofchadlleomaipaienfedidkiodamo*,malware,malicious,https://adguard.com/en/blog/fake-ad-blockers-part-3.html,malicious chrome extensions lists from https://github.com/mallorybowes/chrome-mal-ids,https://chromewebstore.google.com/detail/naofchadlleomaipaienfedidkiodamo,critical,,2026-08-03,ExtSentry (github.com/mthcht/awesome-lists)
nbbeiofjfjmnicfhkfbjdggbclmbaioc,N/A,*nbbeiofjfjmnicfhkfbjdggbclmbaioc*,malware,malicious,https://adguard.com/en/blog/fake-ad-blockers-part-3.html,malicious chrome extensions lists from https://github.com/mallorybowes/chrome-mal-ids,https://chromewebstore.google.com/detail/nbbeiofjfjmnicfhkfbjdggbclmbaioc,critical,,2026-08-03,ExtSentry (github.com/mthcht/awesome-lists)
nbblafbmmogmlhejjondcclcgbkdmjln,N/A,*nbblafbmmogmlhejjondcclcgbkdmjln*,malware,malicious,https://adguard.com/en/blog/fake-ad-blockers-part-3.html,malicious chrome extensions lists from https://github.com/mallorybowes/chrome-mal-ids,https://chromewebstore.google.com/detail/nbblafbmmogmlhejjondcclcgbkdmjln,critical,,2026-08-03,ExtSentry (github.com/mthcht/awesome-lists)
nbekcbebginchflfegofcjjmojpppnad,N/A,*nbekcbebginchflfegofcjjmojpppnad*,malware,malicious,https://adguard.com/en/blog/fake-ad-blockers-part-3.html,malicious chrome extensions lists from https://github.com/mallorybowes/chrome-mal-ids,https://chromewebstore.google.com/detail/nbekcbebginchflfegofcjjmojpppnad,critical,,2026-08-03,ExtSentry (github.com/mthcht/awesome-lists)
nbhjdcacphemibgeamjkmeknfeffgngk,N/A,*nbhjdcacphemibgeamjkmeknfeffgngk*,malware,malicious,https://adguard.com/en/blog/fake-ad-blockers-part-3.html,malicious chrome extensions lists from https://github.com/mallorybowes/chrome-mal-ids,https://chromewebstore.google.com/detail/nbhjdcacphemibgeamjkmeknfeffgngk,critical,,2026-08-03,ExtSentry (github.com/mthcht/awesome-lists)
nchffcpkbehklpbdodlakgdbnkdcnpbi,N/A,*nchffcpkbehklpbdodlakgdbnkdcnpbi*,malware,malicious,https://adguard.com/en/blog/fake-ad-blockers-part-3.html,malicious chrome extensions lists from https://github.com/mallorybowes/chrome-mal-ids,https://chromewebstore.google.com/detail/nchffcpkbehklpbdodlakgdbnkdcnpbi,critical,,2026-08-03,ExtSentry (github.com/mthcht/awesome-lists)
nckldhnoondmiheikhblobkgcfchcbld,N/A,*nckldhnoondmiheikhblobkgcfchcbld*,malware,malicious,https://adguard.com/en/blog/fake-ad-blockers-part-3.html,malicious chrome extensions lists from https://github.com/mallorybowes/chrome-mal-ids,https://chromewebstore.google.com/detail/nckldhnoondmiheikhblobkgcfchcbld,critical,,2026-08-03,ExtSentry (github.com/mthcht/awesome-lists)
ncnonnloajjbpdpgnelmlbflmbhlilid,N/A,*ncnonnloajjbpdpgnelmlbflmbhlilid*,malware,malicious,https://adguard.com/en/blog/fake-ad-blockers-part-3.html,malicious chrome extensions lists from https://github.com/mallorybowes/chrome-mal-ids,https://chromewebstore.google.com/detail/ncnonnloajjbpdpgnelmlbflmbhlilid,critical,,2026-08-03,ExtSentry (github.com/mthcht/awesome-lists)
ncpjlhellnlcjnjmablbaingipdemidh,N/A,*ncpjlhellnlcjnjmablbaingipdemidh*,malware,malicious,https://adguard.com/en/blog/fake-ad-blockers-part-3.html,malicious chrome extensions lists from https://github.com/mallorybowes/chrome-mal-ids,https://chromewebstore.google.com/detail/ncpjlhellnlcjnjmablbaingipdemidh,critical,,2026-08-03,ExtSentry (github.com/mthcht/awesome-lists)
ndchgkeilnpiefnoagcbnlellpcfmjic,N/A,*ndchgkeilnpiefnoagcbnlellpcfmjic*,malware,malicious,https://adguard.com/en/blog/fake-ad-blockers-part-3.html,malicious chrome extensions lists from https://github.com/mallorybowes/chrome-mal-ids,https://chromewebstore.google.com/detail/ndchgkeilnpiefnoagcbnlellpcfmjic,critical,,2026-08-03,ExtSentry (github.com/mthcht/awesome-lists)
ndeejbgcbhehjpjmngniokeleedmjmap,N/A,*ndeejbgcbhehjpjmngniokeleedmjmap*,malware,malicious,https://adguard.com/en/blog/fake-ad-blockers-part-3.html,malicious chrome extensions lists from https://github.com/mallorybowes/chrome-mal-ids,https://chromewebstore.google.com/detail/ndeejbgcbhehjpjmngniokeleedmjmap,critical,,2026-08-03,ExtSentry (github.com/mthcht/awesome-lists)
ndihciopmidkbamcfgpdmojcpalolfgo,N/A,*ndihciopmidkbamcfgpdmojcpalolfgo*,malware,malicious,https://adguard.com/en/blog/fake-ad-blockers-part-3.html,malicious chrome extensions lists from https://github.com/mallorybowes/chrome-mal-ids,https://chromewebstore.google.com/detail/ndihciopmidkbamcfgpdmojcpalolfgo,critical,,2026-08-03,ExtSentry (github.com/mthcht/awesome-lists)
neafafemicnbclhpojeoiemihogeejhl,N/A,*neafafemicnbclhpojeoiemihogeejhl*,malware,malicious,https://adguard.com/en/blog/fake-ad-blockers-part-3.html,malicious chrome extensions lists from https://github.com/mallorybowes/chrome-mal-ids,https://chromewebstore.google.com/detail/neafafemicnbclhpojeoiemihogeejhl,critical,,2026-08-03,ExtSentry (github.com/mthcht/awesome-lists)
nekimocmhfdimckbgchifahcgafhnagb,N/A,*nekimocmhfdimckbgchifahcgafhnagb*,malware,malicious,https://adguard.com/en/blog/fake-ad-blockers-part-3.html,malicious chrome extensions lists from https://github.com/mallorybowes/chrome-mal-ids,https://chromewebstore.google.com/detail/nekimocmhfdimckbgchifahcgafhnagb,critical,,2026-08-03,ExtSentry (github.com/mthcht/awesome-lists)
nenaiblmmandfgaiifppcegejpinkebl,N/A,*nenaiblmmandfgaiifppcegejpinkebl*,malware,malicious,https://adguard.com/en/blog/fake-ad-blockers-part-3.html,malicious chrome extensions lists from https://github.com/mallorybowes/chrome-mal-ids,https://chromewebstore.google.com/detail/nenaiblmmandfgaiifppcegejpinkebl,critical,,2026-08-03,ExtSentry (github.com/mthcht/awesome-lists)
neplbnhjlkmpekfcjibdidioejnhejfl,N/A,*neplbnhjlkmpekfcjibdidioejnhejfl*,malware,malicious,https://adguard.com/en/blog/fake-ad-blockers-part-3.html,malicious chrome extensions lists from https://github.com/mallorybowes/chrome-mal-ids,https://chromewebstore.google.com/detail/neplbnhjlkmpekfcjibdidioejnhejfl,critical,,2026-08-03,ExtSentry (github.com/mthcht/awesome-lists)
nepnhilmahdmejhghfbjhhabaioioeel,N/A,*nepnhilmahdmejhghfbjhhabaioioeel*,malware,malicious,https://adguard.com/en/blog/fake-ad-blockers-part-3.html,malicious chrome extensions lists from https://github.com/mallorybowes/chrome-mal-ids,https://chromewebstore.google.com/detail/nepnhilmahdmejhghfbjhhabaioioeel,critical,,2026-08-03,ExtSentry (github.com/mthcht/awesome-lists)
nfanjklinojeimbhmfliomdihldjhfpm,N/A,*nfanjklinojeimbhmfliomdihldjhfpm*,malware,malicious,https://adguard.com/en/blog/fake-ad-blockers-part-3.html,malicious chrome extensions lists from https://github.com/mallorybowes/chrome-mal-ids,https://chromewebstore.google.com/detail/nfanjklinojeimbhmfliomdihldjhfpm,critical,,2026-08-03,ExtSentry (github.com/mthcht/awesome-lists)
nfebelgoldoapjgfkekcmbddpljakakp,N/A,*nfebelgoldoapjgfkekcmbddpljakakp*,malware,malicious,https://adguard.com/en/blog/fake-ad-blockers-part-3.html,malicious chrome extensions lists from https://github.com/mallorybowes/chrome-mal-ids,https://chromewebstore.google.com/detail/nfebelgoldoapjgfkekcmbddpljakakp,critical,,2026-08-03,ExtSentry (github.com/mthcht/awesome-lists)
nfhbpopnbgigkljgmelpfncnghjpdopf,N/A,*nfhbpopnbgigkljgmelpfncnghjpdopf*,malware,malicious,https://adguard.com/en/blog/fake-ad-blockers-part-3.html,malicious chrome extensions lists from https://github.com/mallorybowes/chrome-mal-ids,https://chromewebstore.google.com/detail/nfhbpopnbgigkljgmelpfncnghjpdopf,critical,,2026-08-03,ExtSentry (github.com/mthcht/awesome-lists)
nfpnclghflfcgkgdjcbpoljlafndbomk,N/A,*nfpnclghflfcgkgdjcbpoljlafndbomk*,malware,malicious,https://adguard.com/en/blog/fake-ad-blockers-part-3.html,malicious chrome extensions lists from https://github.com/mallorybowes/chrome-mal-ids,https://chromewebstore.google.com/detail/nfpnclghflfcgkgdjcbpoljlafndbomk,critical,,2026-08-03,ExtSentry (github.com/mthcht/awesome-lists)
ngaccohdjpkgnghichikgcpfagnoeeim,N/A,*ngaccohdjpkgnghichikgcpfagnoeeim*,malware,malicious,https://adguard.com/en/blog/fake-ad-blockers-part-3.html,malicious chrome extensions lists from https://github.com/mallorybowes/chrome-mal-ids,https://chromewebstore.google.com/detail/ngaccohdjpkgnghichikgcpfagnoeeim,critical,,2026-08-03,ExtSentry (github.com/mthcht/awesome-lists)
ngajighkghnbfnleddljedblnjaggebo,N/A,*ngajighkghnbfnleddljedblnjaggebo*,malware,malicious,https://adguard.com/en/blog/fake-ad-blockers-part-3.html,malicious chrome extensions lists from https://github.com/mallorybowes/chrome-mal-ids,https://chromewebstore.google.com/detail/ngajighkghnbfnleddljedblnjaggebo,critical,,2026-08-03,ExtSentry (github.com/mthcht/awesome-lists)
ngchnhjdpgpkapghgpncmommhelegfbh,N/A,*ngchnhjdpgpkapghgpncmommhelegfbh*,malware,malicious,https://adguard.com/en/blog/fake-ad-blockers-part-3.html,malicious chrome extensions lists from https://github.com/mallorybowes/chrome-mal-ids,https://chromewebstore.google.com/detail/ngchnhjdpgpkapghgpncmommhelegfbh,critical,,2026-08-03,ExtSentry (github.com/mthcht/awesome-lists)
ngeofnobniohmdmdkliflkeppfgbjpgn,N/A,*ngeofnobniohmdmdkliflkeppfgbjpgn*,malware,malicious,https://adguard.com/en/blog/fake-ad-blockers-part-3.html,malicious chrome extensions lists from https://github.com/mallorybowes/chrome-mal-ids,https://chromewebstore.google.com/detail/ngeofnobniohmdmdkliflkeppfgbjpgn,critical,,2026-08-03,ExtSentry (github.com/mthcht/awesome-lists)
nglggaejaflihehbajhppedepephbfae,N/A,*nglggaejaflihehbajhppedepephbfae*,malware,malicious,https://adguard.com/en/blog/fake-ad-blockers-part-3.html,malicious chrome extensions lists from https://github.com/mallorybowes/chrome-mal-ids,https://chromewebstore.google.com/detail/nglggaejaflihehbajhppedepephbfae,critical,,2026-08-03,ExtSentry (github.com/mthcht/awesome-lists)
nhnemamgicdjigoedllaicngcfihkmhf,N/A,*nhnemamgicdjigoedllaicngcfihkmhf*,malware,malicious,https://adguard.com/en/blog/fake-ad-blockers-part-3.html,malicious chrome extensions lists from https://github.com/mallorybowes/chrome-mal-ids,https://chromewebstore.google.com/detail/nhnemamgicdjigoedllaicngcfihkmhf,critical,,2026-08-03,ExtSentry (github.com/mthcht/awesome-lists)
nhneoegahiihkkgdindfdnobhhhlpfnm,N/A,*nhneoegahiihkkgdindfdnobhhhlpfnm*,malware,malicious,https://adguard.com/en/blog/fake-ad-blockers-part-3.html,malicious chrome extensions lists from https://github.com/mallorybowes/chrome-mal-ids,https://chromewebstore.google.com/detail/nhneoegahiihkkgdindfdnobhhhlpfnm,critical,,2026-08-03,ExtSentry (github.com/mthcht/awesome-lists)
njablodeioakdgahodegclphmnbaphin,N/A,*njablodeioakdgahodegclphmnbaphin*,malware,malicious,https://adguard.com/en/blog/fake-ad-blockers-part-3.html,malicious chrome extensions lists from https://github.com/mallorybowes/chrome-mal-ids,https://chromewebstore.google.com/detail/njablodeioakdgahodegclphmnbaphin,critical,,2026-08-03,ExtSentry (github.com/mthcht/awesome-lists)
njdegihoinoiplfpbcckmjahlnpeipii,N/A,*njdegihoinoiplfpbcckmjahlnpeipii*,malware,malicious,https://adguard.com/en/blog/fake-ad-blockers-part-3.html,malicious chrome extensions lists from https://github.com/mallorybowes/chrome-mal-ids,https://chromewebstore.google.com/detail/njdegihoinoiplfpbcckmjahlnpeipii,critical,,2026-08-03,ExtSentry (github.com/mthcht/awesome-lists)
njliieipbkencklladfemkkipmfcjiom,N/A,*njliieipbkencklladfemkkipmfcjiom*,malware,malicious,https://adguard.com/en/blog/fake-ad-blockers-part-3.html,malicious chrome extensions lists from https://github.com/mallorybowes/chrome-mal-ids,https://chromewebstore.google.com/detail/njliieipbkencklladfemkkipmfcjiom,critical,,2026-08-03,ExtSentry (github.com/mthcht/awesome-lists)
nklckhbegicdajpehmmpbnpelkdjmdoc,N/A,*nklckhbegicdajpehmmpbnpelkdjmdoc*,malware,malicious,https://adguard.com/en/blog/fake-ad-blockers-part-3.html,malicious chrome extensions lists from https://github.com/mallorybowes/chrome-mal-ids,https://chromewebstore.google.com/detail/nklckhbegicdajpehmmpbnpelkdjmdoc,critical,,2026-08-03,ExtSentry (github.com/mthcht/awesome-lists)
nkopnpaipcceikcmfcjlacgkjoglodag,N/A,*nkopnpaipcceikcmfcjlacgkjoglodag*,malware,malicious,https://adguard.com/en/blog/fake-ad-blockers-part-3.html,malicious chrome extensions lists from https://github.com/mallorybowes/chrome-mal-ids,https://chromewebstore.google.com/detail/nkopnpaipcceikcmfcjlacgkjoglodag,critical,,2026-08-03,ExtSentry (github.com/mthcht/awesome-lists)
nldffbaphciaaophmdnikgkengbmigli,N/A,*nldffbaphciaaophmdnikgkengbmigli*,malware,malicious,https://adguard.com/en/blog/fake-ad-blockers-part-3.html,malicious chrome extensions lists from https://github.com/mallorybowes/chrome-mal-ids,https://chromewebstore.google.com/detail/nldffbaphciaaophmdnikgkengbmigli,critical,,2026-08-03,ExtSentry (github.com/mthcht/awesome-lists)
nmkfcjaghjoedelgkomoifnpdejjpcbj,N/A,*nmkfcjaghjoedelgkomoifnpdejjpcbj*,malware,malicious,https://adguard.com/en/blog/fake-ad-blockers-part-3.html,malicious chrome extensions lists from https://github.com/mallorybowes/chrome-mal-ids,https://chromewebstore.google.com/detail/nmkfcjaghjoedelgkomoifnpdejjpcbj,critical,,2026-08-03,ExtSentry (github.com/mthcht/awesome-lists)
nmlmdkblidkckbhidgfgghajlkgjijkp,N/A,*nmlmdkblidkckbhidgfgghajlkgjijkp*,malware,malicious,https://adguard.com/en/blog/fake-ad-blockers-part-3.html,malicious chrome extensions lists from https://github.com/mallorybowes/chrome-mal-ids,https://chromewebstore.google.com/detail/nmlmdkblidkckbhidgfgghajlkgjijkp,critical,,2026-08-03,ExtSentry (github.com/mthcht/awesome-lists)
nnceiipjfkdobpenbmnajbkdfiklajgl,N/A,*nnceiipjfkdobpenbmnajbkdfiklajgl*,malware,malicious,https://adguard.com/en/blog/fake-ad-blockers-part-3.html,malicious chrome extensions lists from https://github.com/mallorybowes/chrome-mal-ids,https://chromewebstore.google.com/detail/nnceiipjfkdobpenbmnajbkdfiklajgl,critical,,2026-08-03,ExtSentry (github.com/mthcht/awesome-lists)
noiinnecebffnjggilfhailhhgdilbld,N/A,*noiinnecebffnjggilfhailhhgdilbld*,malware,malicious,https://adguard.com/en/blog/fake-ad-blockers-part-3.html,malicious chrome extensions lists from https://github.com/mallorybowes/chrome-mal-ids,https://chromewebstore.google.com/detail/noiinnecebffnjggilfhailhhgdilbld,critical,,2026-08-03,ExtSentry (github.com/mthcht/awesome-lists)
nojmjafalbmmoohpmjphalepmfnmhfao,N/A,*nojmjafalbmmoohpmjphalepmfnmhfao*,malware,malicious,https://adguard.com/en/blog/fake-ad-blockers-part-3.html,malicious chrome extensions lists from https://github.com/mallorybowes/chrome-mal-ids,https://chromewebstore.google.com/detail/nojmjafalbmmoohpmjphalepmfnmhfao,critical,,2026-08-03,ExtSentry (github.com/mthcht/awesome-lists)
npcndkopgafkjggoledlgfblodppnckj,N/A,*npcndkopgafkjggoledlgfblodppnckj*,malware,malicious,https://adguard.com/en/blog/fake-ad-blockers-part-3.html,malicious chrome extensions lists from https://github.com/mallorybowes/chrome-mal-ids,https://chromewebstore.google.com/detail/npcndkopgafkjggoledlgfblodppnckj,critical,,2026-08-03,ExtSentry (github.com/mthcht/awesome-lists)
nphiadicgehlpbniemnkhinphngoeaeg,N/A,*nphiadicgehlpbniemnkhinphngoeaeg*,malware,malicious,https://adguard.com/en/blog/fake-ad-blockers-part-3.html,malicious chrome extensions lists from https://github.com/mallorybowes/chrome-mal-ids,https://chromewebstore.google.com/detail/nphiadicgehlpbniemnkhinphngoeaeg,critical,,2026-08-03,ExtSentry (github.com/mthcht/awesome-lists)
oaihijkoodmmaibfhojdinffpinmhdji,N/A,*oaihijkoodmmaibfhojdinffpinmhdji*,malware,malicious,https://adguard.com/en/blog/fake-ad-blockers-part-3.html,malicious chrome extensions lists from https://github.com/mallorybowes/chrome-mal-ids,https://chromewebstore.google.com/detail/oaihijkoodmmaibfhojdinffpinmhdji,critical,,2026-08-03,ExtSentry (github.com/mthcht/awesome-lists)
oanlnaeipdakcmafockfiekhdklfidjb,N/A,*oanlnaeipdakcmafockfiekhdklfidjb*,malware,malicious,https://adguard.com/en/blog/fake-ad-blockers-part-3.html,malicious chrome extensions lists from https://github.com/mallorybowes/chrome-mal-ids,https://chromewebstore.google.com/detail/oanlnaeipdakcmafockfiekhdklfidjb,critical,,2026-08-03,ExtSentry (github.com/mthcht/awesome-lists)
oanplobhgngkpkpeihcdojkongpiheci,N/A,*oanplobhgngkpkpeihcdojkongpiheci*,malware,malicious,https://adguard.com/en/blog/fake-ad-blockers-part-3.html,malicious chrome extensions lists from https://github.com/mallorybowes/chrome-mal-ids,https://chromewebstore.google.com/detail/oanplobhgngkpkpeihcdojkongpiheci,critical,,2026-08-03,ExtSentry (github.com/mthcht/awesome-lists)
obahibdkmhmnenkcdpakilchcppihopl,N/A,*obahibdkmhmnenkcdpakilchcppihopl*,malware,malicious,https://adguard.com/en/blog/fake-ad-blockers-part-3.html,malicious chrome extensions lists from https://github.com/mallorybowes/chrome-mal-ids,https://chromewebstore.google.com/detail/obahibdkmhmnenkcdpakilchcppihopl,critical,,2026-08-03,ExtSentry (github.com/mthcht/awesome-lists)
obgdpcjbebcaphmigjhogcikejnlbjgl,N/A,*obgdpcjbebcaphmigjhogcikejnlbjgl*,malware,malicious,https://adguard.com/en/blog/fake-ad-blockers-part-3.html,malicious chrome extensions lists from https://github.com/mallorybowes/chrome-mal-ids,https://chromewebstore.google.com/detail/obgdpcjbebcaphmigjhogcikejnlbjgl,critical,,2026-08-03,ExtSentry (github.com/mthcht/awesome-lists)
ocfpmgbbkjeblbhdehminjdjffhcidbi,N/A,*ocfpmgbbkjeblbhdehminjdjffhcidbi*,malware,malicious,https://adguard.com/en/blog/fake-ad-blockers-part-3.html,malicious chrome extensions lists from https://github.com/mallorybowes/chrome-mal-ids,https://chromewebstore.google.com/detail/ocfpmgbbkjeblbhdehminjdjffhcidbi,critical,,2026-08-03,ExtSentry (github.com/mthcht/awesome-lists)
ocgfhclcahimdhfjgmakmfdnhomofljo,N/A,*ocgfhclcahimdhfjgmakmfdnhomofljo*,malware,malicious,https://adguard.com/en/blog/fake-ad-blockers-part-3.html,malicious chrome extensions lists from https://github.com/mallorybowes/chrome-mal-ids,https://chromewebstore.google.com/detail/ocgfhclcahimdhfjgmakmfdnhomofljo,critical,,2026-08-03,ExtSentry (github.com/mthcht/awesome-lists)
ocponkhpfikgnggeflddgkfcmhjejedo,N/A,*ocponkhpfikgnggeflddgkfcmhjejedo*,malware,malicious,https://adguard.com/en/blog/fake-ad-blockers-part-3.html,malicious chrome extensions lists from https://github.com/mallorybowes/chrome-mal-ids,https://chromewebstore.google.com/detail/ocponkhpfikgnggeflddgkfcmhjejedo,critical,,2026-08-03,ExtSentry (github.com/mthcht/awesome-lists)
odoenahafpbigcelejhbkkhnjfleanok,N/A,*odoenahafpbigcelejhbkkhnjfleanok*,malware,malicious,https://adguard.com/en/blog/fake-ad-blockers-part-3.html,malicious chrome extensions lists from https://github.com/mallorybowes/chrome-mal-ids,https://chromewebstore.google.com/detail/odoenahafpbigcelejhbkkhnjfleanok,critical,,2026-08-03,ExtSentry (github.com/mthcht/awesome-lists)
oehamnhnpejphgpkgnenefolepinadjj,N/A,*oehamnhnpejphgpkgnenefolepinadjj*,malware,malicious,https://adguard.com/en/blog/fake-ad-blockers-part-3.html,malicious chrome extensions lists from https://github.com/mallorybowes/chrome-mal-ids,https://chromewebstore.google.com/detail/oehamnhnpejphgpkgnenefolepinadjj,critical,,2026-08-03,ExtSentry (github.com/mthcht/awesome-lists)
oejbnchocabaoicconfnbjghebmbfemc,N/A,*oejbnchocabaoicconfnbjghebmbfemc*,malware,malicious,https://adguard.com/en/blog/fake-ad-blockers-part-3.html,malicious chrome extensions lists from https://github.com/mallorybowes/chrome-mal-ids,https://chromewebstore.google.com/detail/oejbnchocabaoicconfnbjghebmbfemc,critical,,2026-08-03,ExtSentry (github.com/mthcht/awesome-lists)
oejmcobpfiiladgbfpknibppfnekbolo,N/A,*oejmcobpfiiladgbfpknibppfnekbolo*,malware,malicious,https://adguard.com/en/blog/fake-ad-blockers-part-3.html,malicious chrome extensions lists from https://github.com/mallorybowes/chrome-mal-ids,https://chromewebstore.google.com/detail/oejmcobpfiiladgbfpknibppfnekbolo,critical,,2026-08-03,ExtSentry (github.com/mthcht/awesome-lists)
oemkcngaaomgokaclafmkcgcpbfelmnb,N/A,*oemkcngaaomgokaclafmkcgcpbfelmnb*,malware,malicious,https://adguard.com/en/blog/fake-ad-blockers-part-3.html,malicious chrome extensions lists from https://github.com/mallorybowes/chrome-mal-ids,https://chromewebstore.google.com/detail/oemkcngaaomgokaclafmkcgcpbfelmnb,critical,,2026-08-03,ExtSentry (github.com/mthcht/awesome-lists)
ofbfieekadnmifbaoigkcffobkkjblep,N/A,*ofbfieekadnmifbaoigkcffobkkjblep*,malware,malicious,https://adguard.com/en/blog/fake-ad-blockers-part-3.html,malicious chrome extensions lists from https://github.com/mallorybowes/chrome-mal-ids,https://chromewebstore.google.com/detail/ofbfieekadnmifbaoigkcffobkkjblep,critical,,2026-08-03,ExtSentry (github.com/mthcht/awesome-lists)
ofgihclaiecmjbfjnajjimdbjnbiimkk,N/A,*ofgihclaiecmjbfjnajjimdbjnbiimkk*,malware,malicious,https://adguard.com/en/blog/fake-ad-blockers-part-3.html,malicious chrome extensions lists from https://github.com/mallorybowes/chrome-mal-ids,https://chromewebstore.google.com/detail/ofgihclaiecmjbfjnajjimdbjnbiimkk,critical,,2026-08-03,ExtSentry (github.com/mthcht/awesome-lists)
ofkjndegefemablfmefngnpchlhapdmi,N/A,*ofkjndegefemablfmefngnpchlhapdmi*,malware,malicious,https://adguard.com/en/blog/fake-ad-blockers-part-3.html,malicious chrome extensions lists from https://github.com/mallorybowes/chrome-mal-ids,https://chromewebstore.google.com/detail/ofkjndegefemablfmefngnpchlhapdmi,critical,,2026-08-03,ExtSentry (github.com/mthcht/awesome-lists)
ofockibbbgfclddbpbhhohdldgkomhgm,N/A,*ofockibbbgfclddbpbhhohdldgkomhgm*,malware,malicious,https://adguard.com/en/blog/fake-ad-blockers-part-3.html,malicious chrome extensions lists from https://github.com/mallorybowes/chrome-mal-ids,https://chromewebstore.google.com/detail/ofockibbbgfclddbpbhhohdldgkomhgm,critical,,2026-08-03,ExtSentry (github.com/mthcht/awesome-lists)
ogegpnamjdpcadpldhijjlhkicgbnkjj,N/A,*ogegpnamjdpcadpldhijjlhkicgbnkjj*,malware,malicious,https://adguard.com/en/blog/fake-ad-blockers-part-3.html,malicious chrome extensions lists from https://github.com/mallorybowes/chrome-mal-ids,https://chromewebstore.google.com/detail/ogegpnamjdpcadpldhijjlhkicgbnkjj,critical,,2026-08-03,ExtSentry (github.com/mthcht/awesome-lists)
ogiaghccmoklogdlbchapejmjnnlichn,N/A,*ogiaghccmoklogdlbchapejmjnnlichn*,malware,malicious,https://adguard.com/en/blog/fake-ad-blockers-part-3.html,malicious chrome extensions lists from https://github.com/mallorybowes/chrome-mal-ids,https://chromewebstore.google.com/detail/ogiaghccmoklogdlbchapejmjnnlichn,critical,,2026-08-03,ExtSentry (github.com/mthcht/awesome-lists)
ohjoklkmollkbcibgddolpmpgaoophfl,N/A,*ohjoklkmollkbcibgddolpmpgaoophfl*,malware,malicious,https://adguard.com/en/blog/fake-ad-blockers-part-3.html,malicious chrome extensions lists from https://github.com/mallorybowes/chrome-mal-ids,https://chromewebstore.google.com/detail/ohjoklkmollkbcibgddolpmpgaoophfl,critical,,2026-08-03,ExtSentry (github.com/mthcht/awesome-lists)
ohobkendnpiijpeiaimjbannfcmhaogi,N/A,*ohobkendnpiijpeiaimjbannfcmhaogi*,malware,malicious,https://adguard.com/en/blog/fake-ad-blockers-part-3.html,malicious chrome extensions lists from https://github.com/mallorybowes/chrome-mal-ids,https://chromewebstore.google.com/detail/ohobkendnpiijpeiaimjbannfcmhaogi,critical,,2026-08-03,ExtSentry (github.com/mthcht/awesome-lists)
ohoingjkmkkoffkdmbpipdncbkhaaefd,N/A,*ohoingjkmkkoffkdmbpipdncbkhaaefd*,malware,malicious,https://adguard.com/en/blog/fake-ad-blockers-part-3.html,malicious chrome extensions lists from https://github.com/mallorybowes/chrome-mal-ids,https://chromewebstore.google.com/detail/ohoingjkmkkoffkdmbpipdncbkhaaefd,critical,,2026-08-03,ExtSentry (github.com/mthcht/awesome-lists)
oihecidjnjpjfeefkambkjgebbmpahgn,N/A,*oihecidjnjpjfeefkambkjgebbmpahgn*,malware,malicious,https://adguard.com/en/blog/fake-ad-blockers-part-3.html,malicious chrome extensions lists from https://github.com/mallorybowes/chrome-mal-ids,https://chromewebstore.google.com/detail/oihecidjnjpjfeefkambkjgebbmpahgn,critical,,2026-08-03,ExtSentry (github.com/mthcht/awesome-lists)
oilikkahlcnchaipbojfgejapechblbl,N/A,*oilikkahlcnchaipbojfgejapechblbl*,malware,malicious,https://adguard.com/en/blog/fake-ad-blockers-part-3.html,malicious chrome extensions lists from https://github.com/mallorybowes/chrome-mal-ids,https://chromewebstore.google.com/detail/oilikkahlcnchaipbojfgejapechblbl,critical,,2026-08-03,ExtSentry (github.com/mthcht/awesome-lists)
ojfjgkolegfhneacbgcjaoajfgcfoapf,N/A,*ojfjgkolegfhneacbgcjaoajfgcfoapf*,malware,malicious,https://adguard.com/en/blog/fake-ad-blockers-part-3.html,malicious chrome extensions lists from https://github.com/mallorybowes/chrome-mal-ids,https://chromewebstore.google.com/detail/ojfjgkolegfhneacbgcjaoajfgcfoapf,critical,,2026-08-03,ExtSentry (github.com/mthcht/awesome-lists)
ojhlagjgjbjfgllocdhlpnkbdlcipnmo,N/A,*ojhlagjgjbjfgllocdhlpnkbdlcipnmo*,malware,malicious,https://adguard.com/en/blog/fake-ad-blockers-part-3.html,malicious chrome extensions lists from https://github.com/mallorybowes/chrome-mal-ids,https://chromewebstore.google.com/detail/ojhlagjgjbjfgllocdhlpnkbdlcipnmo,critical,,2026-08-03,ExtSentry (github.com/mthcht/awesome-lists)
ojmpgbcmiimbkmjfgmcneplkneleehcc,N/A,*ojmpgbcmiimbkmjfgmcneplkneleehcc*,malware,malicious,https://adguard.com/en/blog/fake-ad-blockers-part-3.html,malicious chrome extensions lists from https://github.com/mallorybowes/chrome-mal-ids,https://chromewebstore.google.com/detail/ojmpgbcmiimbkmjfgmcneplkneleehcc,critical,,2026-08-03,ExtSentry (github.com/mthcht/awesome-lists)
ojnlggfhmoioajgmnelfdpjojaeknjog,N/A,*ojnlggfhmoioajgmnelfdpjojaeknjog*,malware,malicious,https://adguard.com/en/blog/fake-ad-blockers-part-3.html,malicious chrome extensions lists from https://github.com/mallorybowes/chrome-mal-ids,https://chromewebstore.google.com/detail/ojnlggfhmoioajgmnelfdpjojaeknjog,critical,,2026-08-03,ExtSentry (github.com/mthcht/awesome-lists)
okgnpdnekilbcgcfeheanbpbhnhmopfc,N/A,*okgnpdnekilbcgcfeheanbpbhnhmopfc*,malware,malicious,https://adguard.com/en/blog/fake-ad-blockers-part-3.html,malicious chrome extensions lists from https://github.com/mallorybowes/chrome-mal-ids,https://chromewebstore.google.com/detail/okgnpdnekilbcgcfeheanbpbhnhmopfc,critical,,2026-08-03,ExtSentry (github.com/mthcht/awesome-lists)
okjdiicjoeloipmgdopdmhpebnnfadih,N/A,*okjdiicjoeloipmgdopdmhpebnnfadih*,malware,malicious,https://adguard.com/en/blog/fake-ad-blockers-part-3.html,malicious chrome extensions lists from https://github.com/mallorybowes/chrome-mal-ids,https://chromewebstore.google.com/detail/okjdiicjoeloipmgdopdmhpebnnfadih,critical,,2026-08-03,ExtSentry (github.com/mthcht/awesome-lists)
okphhehkikoonipdjmhglcmlgccjcblp,N/A,*okphhehkikoonipdjmhglcmlgccjcblp*,malware,malicious,https://adguard.com/en/blog/fake-ad-blockers-part-3.html,malicious chrome extensions lists from https://github.com/mallorybowes/chrome-mal-ids,https://chromewebstore.google.com/detail/okphhehkikoonipdjmhglcmlgccjcblp,critical,,2026-08-03,ExtSentry (github.com/mthcht/awesome-lists)
olochidfgadpdbdmdfbhgimiffnllaij,N/A,*olochidfgadpdbdmdfbhgimiffnllaij*,malware,malicious,https://adguard.com/en/blog/fake-ad-blockers-part-3.html,malicious chrome extensions lists from https://github.com/mallorybowes/chrome-mal-ids,https://chromewebstore.google.com/detail/olochidfgadpdbdmdfbhgimiffnllaij,critical,,2026-08-03,ExtSentry (github.com/mthcht/awesome-lists)
ombenndgcnmcnfohnbbjcmbmfmpefojc,N/A,*ombenndgcnmcnfohnbbjcmbmfmpefojc*,malware,malicious,https://adguard.com/en/blog/fake-ad-blockers-part-3.html,malicious chrome extensions lists from https://github.com/mallorybowes/chrome-mal-ids,https://chromewebstore.google.com/detail/ombenndgcnmcnfohnbbjcmbmfmpefojc,critical,,2026-08-03,ExtSentry (github.com/mthcht/awesome-lists)
omclahaofiigfggelbcleagcphjhabmp,N/A,*omclahaofiigfggelbcleagcphjhabmp*,malware,malicious,https://adguard.com/en/blog/fake-ad-blockers-part-3.html,malicious chrome extensions lists from https://github.com/mallorybowes/chrome-mal-ids,https://chromewebstore.google.com/detail/omclahaofiigfggelbcleagcphjhabmp,critical,,2026-08-03,ExtSentry (github.com/mthcht/awesome-lists)
onjjlcdmafgcjdbhmlnpmheobbfeilah,N/A,*onjjlcdmafgcjdbhmlnpmheobbfeilah*,malware,malicious,https://adguard.com/en/blog/fake-ad-blockers-part-3.html,malicious chrome extensions lists from https://github.com/mallorybowes/chrome-mal-ids,https://chromewebstore.google.com/detail/onjjlcdmafgcjdbhmlnpmheobbfeilah,critical,,2026-08-03,ExtSentry (github.com/mthcht/awesome-lists)
onnmfhejbikffoenamcfglpjnmmbkdeg,N/A,*onnmfhejbikffoenamcfglpjnmmbkdeg*,malware,malicious,https://adguard.com/en/blog/fake-ad-blockers-part-3.html,malicious chrome extensions lists from https://github.com/mallorybowes/chrome-mal-ids,https://chromewebstore.google.com/detail/onnmfhejbikffoenamcfglpjnmmbkdeg,critical,,2026-08-03,ExtSentry (github.com/mthcht/awesome-lists)
oonheecobachpkogdjjnemiipogpgnmg,N/A,*oonheecobachpkogdjjnemiipogpgnmg*,malware,malicious,https://adguard.com/en/blog/fake-ad-blockers-part-3.html,malicious chrome extensions lists from https://github.com/mallorybowes/chrome-mal-ids,https://chromewebstore.google.com/detail/oonheecobachpkogdjjnemiipogpgnmg,critical,,2026-08-03,ExtSentry (github.com/mthcht/awesome-lists)
opbobdfddmiemhekjiglckcenhpfdbjm,N/A,*opbobdfddmiemhekjiglckcenhpfdbjm*,malware,malicious,https://adguard.com/en/blog/fake-ad-blockers-part-3.html,malicious chrome extensions lists from https://github.com/mallorybowes/chrome-mal-ids,https://chromewebstore.google.com/detail/opbobdfddmiemhekjiglckcenhpfdbjm,critical,,2026-08-03,ExtSentry (github.com/mthcht/awesome-lists)
opjpfngjbdmgkilopbnapbkbngedcpmj,N/A,*opjpfngjbdmgkilopbnapbkbngedcpmj*,malware,malicious,https://adguard.com/en/blog/fake-ad-blockers-part-3.html,malicious chrome extensions lists from https://github.com/mallorybowes/chrome-mal-ids,https://chromewebstore.google.com/detail/opjpfngjbdmgkilopbnapbkbngedcpmj,critical,,2026-08-03,ExtSentry (github.com/mthcht/awesome-lists)
oplhjpchbbngmpgcpjcbijhfehbhodgi,N/A,*oplhjpchbbngmpgcpjcbijhfehbhodgi*,malware,malicious,https://adguard.com/en/blog/fake-ad-blockers-part-3.html,malicious chrome extensions lists from https://github.com/mallorybowes/chrome-mal-ids,https://chromewebstore.google.com/detail/oplhjpchbbngmpgcpjcbijhfehbhodgi,critical,,2026-08-03,ExtSentry (github.com/mthcht/awesome-lists)
oppbpkjmehgijcpeddkpbadoidfpcblg,N/A,*oppbpkjmehgijcpeddkpbadoidfpcblg*,malware,malicious,https://adguard.com/en/blog/fake-ad-blockers-part-3.html,malicious chrome extensions lists from https://github.com/mallorybowes/chrome-mal-ids,https://chromewebstore.google.com/detail/oppbpkjmehgijcpeddkpbadoidfpcblg,critical,,2026-08-03,ExtSentry (github.com/mthcht/awesome-lists)
paddichbcfehpelokpidnagccddbpkin,N/A,*paddichbcfehpelokpidnagccddbpkin*,malware,malicious,https://adguard.com/en/blog/fake-ad-blockers-part-3.html,malicious chrome extensions lists from https://github.com/mallorybowes/chrome-mal-ids,https://chromewebstore.google.com/detail/paddichbcfehpelokpidnagccddbpkin,critical,,2026-08-03,ExtSentry (github.com/mthcht/awesome-lists)
pajbempmgmalnfpbnpclkelnhfccikal,N/A,*pajbempmgmalnfpbnpclkelnhfccikal*,malware,malicious,https://adguard.com/en/blog/fake-ad-blockers-part-3.html,malicious chrome extensions lists from https://github.com/mallorybowes/chrome-mal-ids,https://chromewebstore.google.com/detail/pajbempmgmalnfpbnpclkelnhfccikal,critical,,2026-08-03,ExtSentry (github.com/mthcht/awesome-lists)
pboddlnfegdnifbhepjegnokocjpadpd,N/A,*pboddlnfegdnifbhepjegnokocjpadpd*,malware,malicious,https://adguard.com/en/blog/fake-ad-blockers-part-3.html,malicious chrome extensions lists from https://github.com/mallorybowes/chrome-mal-ids,https://chromewebstore.google.com/detail/pboddlnfegdnifbhepjegnokocjpadpd,critical,,2026-08-03,ExtSentry (github.com/mthcht/awesome-lists)
pcbpmbmpjjibcmodpaomahiokikjomgc,N/A,*pcbpmbmpjjibcmodpaomahiokikjomgc*,malware,malicious,https://adguard.com/en/blog/fake-ad-blockers-part-3.html,malicious chrome extensions lists from https://github.com/mallorybowes/chrome-mal-ids,https://chromewebstore.google.com/detail/pcbpmbmpjjibcmodpaomahiokikjomgc,critical,,2026-08-03,ExtSentry (github.com/mthcht/awesome-lists)
pcembleiffdccjkcebaodmhgkopipdan,N/A,*pcembleiffdccjkcebaodmhgkopipdan*,malware,malicious,https://adguard.com/en/blog/fake-ad-blockers-part-3.html,malicious chrome extensions lists from https://github.com/mallorybowes/chrome-mal-ids,https://chromewebstore.google.com/detail/pcembleiffdccjkcebaodmhgkopipdan,critical,,2026-08-03,ExtSentry (github.com/mthcht/awesome-lists)
pcgcmplcfdfkkkmaggghdghnlddkpbbo,N/A,*pcgcmplcfdfkkkmaggghdghnlddkpbbo*,malware,malicious,https://adguard.com/en/blog/fake-ad-blockers-part-3.html,malicious chrome extensions lists from https://github.com/mallorybowes/chrome-mal-ids,https://chromewebstore.google.com/detail/pcgcmplcfdfkkkmaggghdghnlddkpbbo,critical,,2026-08-03,ExtSentry (github.com/mthcht/awesome-lists)
pdhibfagbndnidgfjkhdhlfibdoofbji,N/A,*pdhibfagbndnidgfjkhdhlfibdoofbji*,malware,malicious,https://adguard.com/en/blog/fake-ad-blockers-part-3.html,malicious chrome extensions lists from https://github.com/mallorybowes/chrome-mal-ids,https://chromewebstore.google.com/detail/pdhibfagbndnidgfjkhdhlfibdoofbji,critical,,2026-08-03,ExtSentry (github.com/mthcht/awesome-lists)
pdloaiifhmlbhhppajjmfpijopfeenoo,N/A,*pdloaiifhmlbhhppajjmfpijopfeenoo*,malware,malicious,https://adguard.com/en/blog/fake-ad-blockers-part-3.html,malicious chrome extensions lists from https://github.com/mallorybowes/chrome-mal-ids,https://chromewebstore.google.com/detail/pdloaiifhmlbhhppajjmfpijopfeenoo,critical,,2026-08-03,ExtSentry (github.com/mthcht/awesome-lists)
pehnljkefahmlhifockljagcfcpljclc,N/A,*pehnljkefahmlhifockljagcfcpljclc*,malware,malicious,https://adguard.com/en/blog/fake-ad-blockers-part-3.html,malicious chrome extensions lists from https://github.com/mallorybowes/chrome-mal-ids,https://chromewebstore.google.com/detail/pehnljkefahmlhifockljagcfcpljclc,critical,,2026-08-03,ExtSentry (github.com/mthcht/awesome-lists)
pelnnoacfeaanpmnmacjjnnpgfggekig,N/A,*pelnnoacfeaanpmnmacjjnnpgfggekig*,malware,malicious,https://adguard.com/en/blog/fake-ad-blockers-part-3.html,malicious chrome extensions lists from https://github.com/mallorybowes/chrome-mal-ids,https://chromewebstore.google.com/detail/pelnnoacfeaanpmnmacjjnnpgfggekig,critical,,2026-08-03,ExtSentry (github.com/mthcht/awesome-lists)
pfekelemlpmelhipncgddloaflehglmb,N/A,*pfekelemlpmelhipncgddloaflehglmb*,malware,malicious,https://adguard.com/en/blog/fake-ad-blockers-part-3.html,malicious chrome extensions lists from https://github.com/mallorybowes/chrome-mal-ids,https://chromewebstore.google.com/detail/pfekelemlpmelhipncgddloaflehglmb,critical,,2026-08-03,ExtSentry (github.com/mthcht/awesome-lists)
pfepcffcdodcancalckiencamnonoebl,N/A,*pfepcffcdodcancalckiencamnonoebl*,malware,malicious,https://adguard.com/en/blog/fake-ad-blockers-part-3.html,malicious chrome extensions lists from https://github.com/mallorybowes/chrome-mal-ids,https://chromewebstore.google.com/detail/pfepcffcdodcancalckiencamnonoebl,critical,,2026-08-03,ExtSentry (github.com/mthcht/awesome-lists)
pfpgpbfndacjjjdlgefggndhionakfmb,N/A,*pfpgpbfndacjjjdlgefggndhionakfmb*,malware,malicious,https://adguard.com/en/blog/fake-ad-blockers-part-3.html,malicious chrome extensions lists from https://github.com/mallorybowes/chrome-mal-ids,https://chromewebstore.google.com/detail/pfpgpbfndacjjjdlgefggndhionakfmb,critical,,2026-08-03,ExtSentry (github.com/mthcht/awesome-lists)
pghkmhmjldklacabcgkaaboikfaaogmi,N/A,*pghkmhmjldklacabcgkaaboikfaaogmi*,malware,malicious,https://adguard.com/en/blog/fake-ad-blockers-part-3.html,malicious chrome extensions lists from https://github.com/mallorybowes/chrome-mal-ids,https://chromewebstore.google.com/detail/pghkmhmjldklacabcgkaaboikfaaogmi,critical,,2026-08-03,ExtSentry (github.com/mthcht/awesome-lists)
pgilbgknfcnjjblfnjojmcpkggipblci,N/A,*pgilbgknfcnjjblfnjojmcpkggipblci*,malware,malicious,https://adguard.com/en/blog/fake-ad-blockers-part-3.html,malicious chrome extensions lists from https://github.com/mallorybowes/chrome-mal-ids,https://chromewebstore.google.com/detail/pgilbgknfcnjjblfnjojmcpkggipblci,critical,,2026-08-03,ExtSentry (github.com/mthcht/awesome-lists)
pgleokbigapafgjodffamlhdkhiagdgb,N/A,*pgleokbigapafgjodffamlhdkhiagdgb*,malware,malicious,https://adguard.com/en/blog/fake-ad-blockers-part-3.html,malicious chrome extensions lists from https://github.com/mallorybowes/chrome-mal-ids,https://chromewebstore.google.com/detail/pgleokbigapafgjodffamlhdkhiagdgb,critical,,2026-08-03,ExtSentry (github.com/mthcht/awesome-lists)
phkafpikdokjpogdhjpkcgfjpfgnlgeo,N/A,*phkafpikdokjpogdhjpkcgfjpfgnlgeo*,malware,malicious,https://adguard.com/en/blog/fake-ad-blockers-part-3.html,malicious chrome extensions lists from https://github.com/mallorybowes/chrome-mal-ids,https://chromewebstore.google.com/detail/phkafpikdokjpogdhjpkcgfjpfgnlgeo,critical,,2026-08-03,ExtSentry (github.com/mthcht/awesome-lists)
phmogllmicehmpglfobbihoelfidjnpd,N/A,*phmogllmicehmpglfobbihoelfidjnpd*,malware,malicious,https://adguard.com/en/blog/fake-ad-blockers-part-3.html,malicious chrome extensions lists from https://github.com/mallorybowes/chrome-mal-ids,https://chromewebstore.google.com/detail/phmogllmicehmpglfobbihoelfidjnpd,critical,,2026-08-03,ExtSentry (github.com/mthcht/awesome-lists)
pihogmfmhefemijkgmbimkngninbkkce,N/A,*pihogmfmhefemijkgmbimkngninbkkce*,malware,malicious,https://adguard.com/en/blog/fake-ad-blockers-part-3.html,malicious chrome extensions lists from https://github.com/mallorybowes/chrome-mal-ids,https://chromewebstore.google.com/detail/pihogmfmhefemijkgmbimkngninbkkce,critical,,2026-08-03,ExtSentry (github.com/mthcht/awesome-lists)
pilmbpeapchjcnldfomimmcfoigoenoc,N/A,*pilmbpeapchjcnldfomimmcfoigoenoc*,malware,malicious,https://adguard.com/en/blog/fake-ad-blockers-part-3.html,malicious chrome extensions lists from https://github.com/mallorybowes/chrome-mal-ids,https://chromewebstore.google.com/detail/pilmbpeapchjcnldfomimmcfoigoenoc,critical,,2026-08-03,ExtSentry (github.com/mthcht/awesome-lists)
pinfndnjmdocmimbeonilpahdaldopjc,N/A,*pinfndnjmdocmimbeonilpahdaldopjc*,malware,malicious,https://adguard.com/en/blog/fake-ad-blockers-part-3.html,malicious chrome extensions lists from https://github.com/mallorybowes/chrome-mal-ids,https://chromewebstore.google.com/detail/pinfndnjmdocmimbeonilpahdaldopjc,critical,,2026-08-03,ExtSentry (github.com/mthcht/awesome-lists)
pinkcaefpkjpljfflabpkcgbkpbomdfk,N/A,*pinkcaefpkjpljfflabpkcgbkpbomdfk*,malware,malicious,https://adguard.com/en/blog/fake-ad-blockers-part-3.html,malicious chrome extensions lists from https://github.com/mallorybowes/chrome-mal-ids,https://chromewebstore.google.com/detail/pinkcaefpkjpljfflabpkcgbkpbomdfk,critical,,2026-08-03,ExtSentry (github.com/mthcht/awesome-lists)
pjabdohmcokffcednbgpeoifpdbfgfbj,N/A,*pjabdohmcokffcednbgpeoifpdbfgfbj*,malware,malicious,https://adguard.com/en/blog/fake-ad-blockers-part-3.html,malicious chrome extensions lists from https://github.com/mallorybowes/chrome-mal-ids,https://chromewebstore.google.com/detail/pjabdohmcokffcednbgpeoifpdbfgfbj,critical,,2026-08-03,ExtSentry (github.com/mthcht/awesome-lists)
pjjmcpmjocebmjmhdclbiheoideefiad,N/A,*pjjmcpmjocebmjmhdclbiheoideefiad*,malware,malicious,https://adguard.com/en/blog/fake-ad-blockers-part-3.html,malicious chrome extensions lists from https://github.com/mallorybowes/chrome-mal-ids,https://chromewebstore.google.com/detail/pjjmcpmjocebmjmhdclbiheoideefiad,critical,,2026-08-03,ExtSentry (github.com/mthcht/awesome-lists)
plcdglhlbmlnfoghfhmbhehapfadedod,N/A,*plcdglhlbmlnfoghfhmbhehapfadedod*,malware,malicious,https://adguard.com/en/blog/fake-ad-blockers-part-3.html,malicious chrome extensions lists from https://github.com/mallorybowes/chrome-mal-ids,https://chromewebstore.google.com/detail/plcdglhlbmlnfoghfhmbhehapfadedod,critical,,2026-08-03,ExtSentry (github.com/mthcht/awesome-lists)
pmdakkjbaeioodmomlmnklahihodjcjk,N/A,*pmdakkjbaeioodmomlmnklahihodjcjk*,malware,malicious,https://adguard.com/en/blog/fake-ad-blockers-part-3.html,malicious chrome extensions lists from https://github.com/mallorybowes/chrome-mal-ids,https://chromewebstore.google.com/detail/pmdakkjbaeioodmomlmnklahihodjcjk,critical,,2026-08-03,ExtSentry (github.com/mthcht/awesome-lists)
pmnpldnflfopbhndkjndecojdpgecckf,N/A,*pmnpldnflfopbhndkjndecojdpgecckf*,malware,malicious,https://adguard.com/en/blog/fake-ad-blockers-part-3.html,malicious chrome extensions lists from https://github.com/mallorybowes/chrome-mal-ids,https://chromewebstore.google.com/detail/pmnpldnflfopbhndkjndecojdpgecckf,critical,,2026-08-03,ExtSentry (github.com/mthcht/awesome-lists)
pnamonkagicmlnalnlcdaoeenhlgdklf,N/A,*pnamonkagicmlnalnlcdaoeenhlgdklf*,malware,malicious,https://adguard.com/en/blog/fake-ad-blockers-part-3.html,malicious chrome extensions lists from https://github.com/mallorybowes/chrome-mal-ids,https://chromewebstore.google.com/detail/pnamonkagicmlnalnlcdaoeenhlgdklf,critical,,2026-08-03,ExtSentry (github.com/mthcht/awesome-lists)
poeokidblnamjkagggonidcigafaobki,N/A,*poeokidblnamjkagggonidcigafaobki*,malware,malicious,https://adguard.com/en/blog/fake-ad-blockers-part-3.html,malicious chrome extensions lists from https://github.com/mallorybowes/chrome-mal-ids,https://chromewebstore.google.com/detail/poeokidblnamjkagggonidcigafaobki,critical,,2026-08-03,ExtSentry (github.com/mthcht/awesome-lists)
pofffhlknjbjolmfoeagdmbbdbjjmeki,N/A,*pofffhlknjbjolmfoeagdmbbdbjjmeki*,malware,malicious,https://adguard.com/en/blog/fake-ad-blockers-part-3.html,malicious chrome extensions lists from https://github.com/mallorybowes/chrome-mal-ids,https://chromewebstore.google.com/detail/pofffhlknjbjolmfoeagdmbbdbjjmeki,critical,,2026-08-03,ExtSentry (github.com/mthcht/awesome-lists)
polgnkadhhhmlahkhhbicledbpklnake,N/A,*polgnkadhhhmlahkhhbicledbpklnake*,malware,malicious,https://adguard.com/en/blog/fake-ad-blockers-part-3.html,malicious chrome extensions lists from https://github.com/mallorybowes/chrome-mal-ids,https://chromewebstore.google.com/detail/polgnkadhhhmlahkhhbicledbpklnake,critical,,2026-08-03,ExtSentry (github.com/mthcht/awesome-lists)
ppicajcmopaimnnikbafgknffbdmomfk,N/A,*ppicajcmopaimnnikbafgknffbdmomfk*,malware,malicious,https://adguard.com/en/blog/fake-ad-blockers-part-3.html,malicious chrome extensions lists from https://github.com/mallorybowes/chrome-mal-ids,https://chromewebstore.google.com/detail/ppicajcmopaimnnikbafgknffbdmomfk,critical,,2026-08-03,ExtSentry (github.com/mthcht/awesome-lists)
ppmbiomgjfenipmnjiiaemcaboaeljil,N/A,*ppmbiomgjfenipmnjiiaemcaboaeljil*,malware,malicious,https://adguard.com/en/blog/fake-ad-blockers-part-3.html,malicious chrome extensions lists from https://github.com/mallorybowes/chrome-mal-ids,https://chromewebstore.google.com/detail/ppmbiomgjfenipmnjiiaemcaboaeljil,critical,,2026-08-03,ExtSentry (github.com/mthcht/awesome-lists)
bmngkajcejghcgafbobemkpjboikmgfi,N/A,*bmngkajcejghcgafbobemkpjboikmgfi*,malware,malicious,N/A,malicious chrome extensions lists from https://github.com/mallorybowes/chrome-mal-ids,https://chromewebstore.google.com/detail/bmngkajcejghcgafbobemkpjboikmgfi,critical,,2026-08-03,ExtSentry (github.com/mthcht/awesome-lists)
deciloopcooglpjhomblbbjeeenohbpg,N/A,*deciloopcooglpjhomblbbjeeenohbpg*,malware,malicious,N/A,malicious chrome extensions lists from https://github.com/mallorybowes/chrome-mal-ids,https://chromewebstore.google.com/detail/deciloopcooglpjhomblbbjeeenohbpg,critical,,2026-08-03,ExtSentry (github.com/mthcht/awesome-lists)
gabbbocakeomblphkmmnoamkioajlkfo,N/A,*gabbbocakeomblphkmmnoamkioajlkfo*,malware,malicious,N/A,malicious chrome extensions lists from https://github.com/mallorybowes/chrome-mal-ids,https://chromewebstore.google.com/detail/gabbbocakeomblphkmmnoamkioajlkfo,critical,,2026-08-03,ExtSentry (github.com/mthcht/awesome-lists)
mdpgppkombninhkfhaggckdmencplhmg,N/A,*mdpgppkombninhkfhaggckdmencplhmg*,malware,malicious,https://press.avast.com/third-party-browser-extensions-from-instagram-facebook-vimeo-and-others-infected-with-malware,malicious chrome extensions lists from https://github.com/mallorybowes/chrome-mal-ids,https://chromewebstore.google.com/detail/mdpgppkombninhkfhaggckdmencplhmg,critical,,2026-08-03,ExtSentry (github.com/mthcht/awesome-lists)
fgaapohcdolaiaijobecfleiohcfhdfb,N/A,*fgaapohcdolaiaijobecfleiohcfhdfb*,malware,malicious,https://press.avast.com/third-party-browser-extensions-from-instagram-facebook-vimeo-and-others-infected-with-malware,malicious chrome extensions lists from https://github.com/mallorybowes/chrome-mal-ids,https://chromewebstore.google.com/detail/fgaapohcdolaiaijobecfleiohcfhdfb,critical,,2026-08-03,ExtSentry (github.com/mthcht/awesome-lists)
iibnodnghffmdcebaglfgnfkgemcbchf,N/A,*iibnodnghffmdcebaglfgnfkgemcbchf*,malware,malicious,https://press.avast.com/third-party-browser-extensions-from-instagram-facebook-vimeo-and-others-infected-with-malware,malicious chrome extensions lists from https://github.com/mallorybowes/chrome-mal-ids,https://chromewebstore.google.com/detail/iibnodnghffmdcebaglfgnfkgemcbchf,critical,,2026-08-03,ExtSentry (github.com/mthcht/awesome-lists)
olkpikmlhoaojbbmmpejnimiglejmboe,N/A,*olkpikmlhoaojbbmmpejnimiglejmboe*,malware,malicious,https://press.avast.com/third-party-browser-extensions-from-instagram-facebook-vimeo-and-others-infected-with-malware,malicious chrome extensions lists from https://github.com/mallorybowes/chrome-mal-ids,https://chromewebstore.google.com/detail/olkpikmlhoaojbbmmpejnimiglejmboe,critical,,2026-08-03,ExtSentry (github.com/mthcht/awesome-lists)
bhfoemlllidnfefgkeaeocnageepbael,N/A,*bhfoemlllidnfefgkeaeocnageepbael*,malware,malicious,https://press.avast.com/third-party-browser-extensions-from-instagram-facebook-vimeo-and-others-infected-with-malware,malicious chrome extensions lists from https://github.com/mallorybowes/chrome-mal-ids,https://chromewebstore.google.com/detail/bhfoemlllidnfefgkeaeocnageepbael,critical,,2026-08-03,ExtSentry (github.com/mthcht/awesome-lists)
nilbfjdbacfdodpbdondbbkmoigehodg,N/A,*nilbfjdbacfdodpbdondbbkmoigehodg*,malware,malicious,https://press.avast.com/third-party-browser-extensions-from-instagram-facebook-vimeo-and-others-infected-with-malware,malicious chrome extensions lists from https://github.com/mallorybowes/chrome-mal-ids,https://chromewebstore.google.com/detail/nilbfjdbacfdodpbdondbbkmoigehodg,critical,,2026-08-03,ExtSentry (github.com/mthcht/awesome-lists)
eikbfklcjampfnmclhjeifbmfkpkfpbn,N/A,*eikbfklcjampfnmclhjeifbmfkpkfpbn*,malware,malicious,https://press.avast.com/third-party-browser-extensions-from-instagram-facebook-vimeo-and-others-infected-with-malware,malicious chrome extensions lists from https://github.com/mallorybowes/chrome-mal-ids,https://chromewebstore.google.com/detail/eikbfklcjampfnmclhjeifbmfkpkfpbn,critical,,2026-08-03,ExtSentry (github.com/mthcht/awesome-lists)
pfnmibjifkhhblmdmaocfohebdpfppkf,N/A,*pfnmibjifkhhblmdmaocfohebdpfppkf*,malware,malicious,https://press.avast.com/third-party-browser-extensions-from-instagram-facebook-vimeo-and-others-infected-with-malware,malicious chrome extensions lists from https://github.com/mallorybowes/chrome-mal-ids,https://chromewebstore.google.com/detail/pfnmibjifkhhblmdmaocfohebdpfppkf,critical,,2026-08-03,ExtSentry (github.com/mthcht/awesome-lists)
cgpbghdbejagejmciefmekcklikpoeel,N/A,*cgpbghdbejagejmciefmekcklikpoeel*,malware,malicious,https://press.avast.com/third-party-browser-extensions-from-instagram-facebook-vimeo-and-others-infected-with-malware,malicious chrome extensions lists from https://github.com/mallorybowes/chrome-mal-ids,https://chromewebstore.google.com/detail/cgpbghdbejagejmciefmekcklikpoeel,critical,,2026-08-03,ExtSentry (github.com/mthcht/awesome-lists)
klejifgmmnkgejbhgmpgajemhlnijlib,N/A,*klejifgmmnkgejbhgmpgajemhlnijlib*,malware,malicious,https://press.avast.com/third-party-browser-extensions-from-instagram-facebook-vimeo-and-others-infected-with-malware,malicious chrome extensions lists from https://github.com/mallorybowes/chrome-mal-ids,https://chromewebstore.google.com/detail/klejifgmmnkgejbhgmpgajemhlnijlib,critical,,2026-08-03,ExtSentry (github.com/mthcht/awesome-lists)
ceoldlgkhdbnnmojajjgfapagjccblib,N/A,*ceoldlgkhdbnnmojajjgfapagjccblib*,malware,malicious,https://press.avast.com/third-party-browser-extensions-from-instagram-facebook-vimeo-and-others-infected-with-malware,malicious chrome extensions lists from https://github.com/mallorybowes/chrome-mal-ids,https://chromewebstore.google.com/detail/ceoldlgkhdbnnmojajjgfapagjccblib,critical,,2026-08-03,ExtSentry (github.com/mthcht/awesome-lists)
mnafnfdagggclnaggnjajohakfbppaih,N/A,*mnafnfdagggclnaggnjajohakfbppaih*,malware,malicious,https://press.avast.com/third-party-browser-extensions-from-instagram-facebook-vimeo-and-others-infected-with-malware,malicious chrome extensions lists from https://github.com/mallorybowes/chrome-mal-ids,https://chromewebstore.google.com/detail/mnafnfdagggclnaggnjajohakfbppaih,critical,,2026-08-03,ExtSentry (github.com/mthcht/awesome-lists)
oknpgmaeedlbdichgaghebhiknmghffa,N/A,*oknpgmaeedlbdichgaghebhiknmghffa*,malware,malicious,https://press.avast.com/third-party-browser-extensions-from-instagram-facebook-vimeo-and-others-infected-with-malware,malicious chrome extensions lists from https://github.com/mallorybowes/chrome-mal-ids,https://chromewebstore.google.com/detail/oknpgmaeedlbdichgaghebhiknmghffa,critical,,2026-08-03,ExtSentry (github.com/mthcht/awesome-lists)
pcaaejaejpolbbchlmbdjfiggojefllp,N/A,*pcaaejaejpolbbchlmbdjfiggojefllp*,malware,malicious,https://press.avast.com/third-party-browser-extensions-from-instagram-facebook-vimeo-and-others-infected-with-malware,malicious chrome extensions lists from https://github.com/mallorybowes/chrome-mal-ids,https://chromewebstore.google.com/detail/pcaaejaejpolbbchlmbdjfiggojefllp,critical,,2026-08-03,ExtSentry (github.com/mthcht/awesome-lists)
lmcajpniijhhhpcnhleibgiehhicjlnk,N/A,*lmcajpniijhhhpcnhleibgiehhicjlnk*,malware,malicious,https://press.avast.com/third-party-browser-extensions-from-instagram-facebook-vimeo-and-others-infected-with-malware,malicious chrome extensions lists from https://github.com/mallorybowes/chrome-mal-ids,https://chromewebstore.google.com/detail/lmcajpniijhhhpcnhleibgiehhicjlnk,critical,,2026-08-03,ExtSentry (github.com/mthcht/awesome-lists)
lnocaphbapmclliacmbbggnfnjojbjgf,N/A,*lnocaphbapmclliacmbbggnfnjojbjgf*,malware,malicious,https://press.avast.com/third-party-browser-extensions-from-instagram-facebook-vimeo-and-others-infected-with-malware,malicious chrome extensions lists from https://github.com/mallorybowes/chrome-mal-ids,https://chromewebstore.google.com/detail/lnocaphbapmclliacmbbggnfnjojbjgf,critical,,2026-08-03,ExtSentry (github.com/mthcht/awesome-lists)
bhcpgfhiobcpokfpdahijhnipenkplji,N/A,*bhcpgfhiobcpokfpdahijhnipenkplji*,malware,malicious,https://press.avast.com/third-party-browser-extensions-from-instagram-facebook-vimeo-and-others-infected-with-malware,malicious chrome extensions lists from https://github.com/mallorybowes/chrome-mal-ids,https://chromewebstore.google.com/detail/bhcpgfhiobcpokfpdahijhnipenkplji,critical,,2026-08-03,ExtSentry (github.com/mthcht/awesome-lists)
dambkkeeabmnhelekdekfmabnckghdih,N/A,*dambkkeeabmnhelekdekfmabnckghdih*,malware,malicious,https://press.avast.com/third-party-browser-extensions-from-instagram-facebook-vimeo-and-others-infected-with-malware,malicious chrome extensions lists from https://github.com/mallorybowes/chrome-mal-ids,https://chromewebstore.google.com/detail/dambkkeeabmnhelekdekfmabnckghdih,critical,,2026-08-03,ExtSentry (github.com/mthcht/awesome-lists)
dgjmdlifhbljhmgkjbojeejmeeplapej,N/A,*dgjmdlifhbljhmgkjbojeejmeeplapej*,malware,malicious,https://press.avast.com/third-party-browser-extensions-from-instagram-facebook-vimeo-and-others-infected-with-malware,malicious chrome extensions lists from https://github.com/mallorybowes/chrome-mal-ids,https://chromewebstore.google.com/detail/dgjmdlifhbljhmgkjbojeejmeeplapej,critical,,2026-08-03,ExtSentry (github.com/mthcht/awesome-lists)
emechknidkghbpiodihlodkhnljplpjm,N/A,*emechknidkghbpiodihlodkhnljplpjm*,malware,malicious,https://press.avast.com/third-party-browser-extensions-from-instagram-facebook-vimeo-and-others-infected-with-malware,malicious chrome extensions lists from https://github.com/mallorybowes/chrome-mal-ids,https://chromewebstore.google.com/detail/emechknidkghbpiodihlodkhnljplpjm,critical,,2026-08-03,ExtSentry (github.com/mthcht/awesome-lists)
hajlccgbgjdcjaommiffaphjdndpjcio,N/A,*hajlccgbgjdcjaommiffaphjdndpjcio*,malware,malicious,https://press.avast.com/third-party-browser-extensions-from-instagram-facebook-vimeo-and-others-infected-with-malware,malicious chrome extensions lists from https://github.com/mallorybowes/chrome-mal-ids,https://chromewebstore.google.com/detail/hajlccgbgjdcjaommiffaphjdndpjcio,critical,,2026-08-03,ExtSentry (github.com/mthcht/awesome-lists)
dljdbmkffjijepjnkonndbdiakjfdcic,N/A,*dljdbmkffjijepjnkonndbdiakjfdcic*,malware,malicious,https://press.avast.com/third-party-browser-extensions-from-instagram-facebook-vimeo-and-others-infected-with-malware,malicious chrome extensions lists from https://github.com/mallorybowes/chrome-mal-ids,https://chromewebstore.google.com/detail/dljdbmkffjijepjnkonndbdiakjfdcic,critical,,2026-08-03,ExtSentry (github.com/mthcht/awesome-lists)
cjmpdadldchjmljhkigoeejegmghaabp,N/A,*cjmpdadldchjmljhkigoeejegmghaabp*,malware,malicious,https://press.avast.com/third-party-browser-extensions-from-instagram-facebook-vimeo-and-others-infected-with-malware,malicious chrome extensions lists from https://github.com/mallorybowes/chrome-mal-ids,https://chromewebstore.google.com/detail/cjmpdadldchjmljhkigoeejegmghaabp,critical,,2026-08-03,ExtSentry (github.com/mthcht/awesome-lists)
jlkfgpiicpnlbmmmpkpdjkkdolgomhmb,N/A,*jlkfgpiicpnlbmmmpkpdjkkdolgomhmb*,malware,malicious,https://press.avast.com/third-party-browser-extensions-from-instagram-facebook-vimeo-and-others-infected-with-malware,malicious chrome extensions lists from https://github.com/mallorybowes/chrome-mal-ids,https://chromewebstore.google.com/detail/jlkfgpiicpnlbmmmpkpdjkkdolgomhmb,critical,,2026-08-03,ExtSentry (github.com/mthcht/awesome-lists)
njdkgjbjmdceaibhngelkkloceihelle,N/A,*njdkgjbjmdceaibhngelkkloceihelle*,malware,malicious,https://press.avast.com/third-party-browser-extensions-from-instagram-facebook-vimeo-and-others-infected-with-malware,malicious chrome extensions lists from https://github.com/mallorybowes/chrome-mal-ids,https://chromewebstore.google.com/detail/njdkgjbjmdceaibhngelkkloceihelle,critical,,2026-08-03,ExtSentry (github.com/mthcht/awesome-lists)
phoehhafolaebdpimmbmlofmeibdkckp,N/A,*phoehhafolaebdpimmbmlofmeibdkckp*,malware,malicious,https://press.avast.com/third-party-browser-extensions-from-instagram-facebook-vimeo-and-others-infected-with-malware,malicious chrome extensions lists from https://github.com/mallorybowes/chrome-mal-ids,https://chromewebstore.google.com/detail/phoehhafolaebdpimmbmlofmeibdkckp,critical,,2026-08-03,ExtSentry (github.com/mthcht/awesome-lists)
pccfaccnfkjmdlkollpiaialndbieibj,N/A,*pccfaccnfkjmdlkollpiaialndbieibj*,malware,malicious,https://press.avast.com/third-party-browser-extensions-from-instagram-facebook-vimeo-and-others-infected-with-malware,malicious chrome extensions lists from https://github.com/mallorybowes/chrome-mal-ids,https://chromewebstore.google.com/detail/pccfaccnfkjmdlkollpiaialndbieibj,critical,,2026-08-03,ExtSentry (github.com/mthcht/awesome-lists)
fbhbpnjkpcdmcgcpfilooccjgemlkinn,N/A,*fbhbpnjkpcdmcgcpfilooccjgemlkinn*,malware,malicious,https://press.avast.com/third-party-browser-extensions-from-instagram-facebook-vimeo-and-others-infected-with-malware,malicious chrome extensions lists from https://github.com/mallorybowes/chrome-mal-ids,https://chromewebstore.google.com/detail/fbhbpnjkpcdmcgcpfilooccjgemlkinn,critical,,2026-08-03,ExtSentry (github.com/mthcht/awesome-lists)
dppilebghcniomddkpphiminideiajff,N/A,*dppilebghcniomddkpphiminideiajff*,malware,malicious,N/A,malicious chrome extensions lists from https://github.com/mallorybowes/chrome-mal-ids,https://chromewebstore.google.com/detail/dppilebghcniomddkpphiminideiajff,critical,,2026-08-03,ExtSentry (github.com/mthcht/awesome-lists)
ojmbbkdflpfjdceflikpkbbmmbfagglg,N/A,*ojmbbkdflpfjdceflikpkbbmmbfagglg*,malware,malicious,N/A,malicious chrome extensions lists from https://github.com/mallorybowes/chrome-mal-ids,https://chromewebstore.google.com/detail/ojmbbkdflpfjdceflikpkbbmmbfagglg,critical,,2026-08-03,ExtSentry (github.com/mthcht/awesome-lists)
chmaijbnjdnkjknoigffoohjhpejjppd,N/A,*chmaijbnjdnkjknoigffoohjhpejjppd*,malware,malicious,N/A,malicious chrome extensions lists from https://github.com/mallorybowes/chrome-mal-ids,https://chromewebstore.google.com/detail/chmaijbnjdnkjknoigffoohjhpejjppd,critical,,2026-08-03,ExtSentry (github.com/mthcht/awesome-lists)
jhcfnojahmdghhebdaoijngclknfkbjn,N/A,*jhcfnojahmdghhebdaoijngclknfkbjn*,malware,malicious,N/A,malicious chrome extensions lists from https://github.com/mallorybowes/chrome-mal-ids,https://chromewebstore.google.com/detail/jhcfnojahmdghhebdaoijngclknfkbjn,critical,,2026-08-03,ExtSentry (github.com/mthcht/awesome-lists)
akdbogfpgohikflhccclloneidjkogog,N/A,*akdbogfpgohikflhccclloneidjkogog*,malware,malicious,https://decoded.avast.io/janvojtesek/backdoored-browser-extensions-hid-malicious-traffic-in-analytics-requests/,malicious chrome extensions lists from https://github.com/mallorybowes/chrome-mal-ids,https://chromewebstore.google.com/detail/akdbogfpgohikflhccclloneidjkogog,critical,,2026-08-03,ExtSentry (github.com/mthcht/awesome-lists)
lgjogljbnbfjcaigalbhiagkboajmkkj,N/A,*lgjogljbnbfjcaigalbhiagkboajmkkj*,malware,malicious,https://decoded.avast.io/janvojtesek/backdoored-browser-extensions-hid-malicious-traffic-in-analytics-requests/,malicious chrome extensions lists from https://github.com/mallorybowes/chrome-mal-ids,https://chromewebstore.google.com/detail/lgjogljbnbfjcaigalbhiagkboajmkkj,critical,,2026-08-03,ExtSentry (github.com/mthcht/awesome-lists)
aemaecahdckfllfldhgimjhdgiaahean,N/A,*aemaecahdckfllfldhgimjhdgiaahean*,malware,malicious,https://decoded.avast.io/janvojtesek/backdoored-browser-extensions-hid-malicious-traffic-in-analytics-requests/,malicious chrome extensions lists from https://github.com/mallorybowes/chrome-mal-ids,https://chromewebstore.google.com/detail/aemaecahdckfllfldhgimjhdgiaahean,critical,,2026-08-03,ExtSentry (github.com/mthcht/awesome-lists)
klbibkeccnjlkjkiokjodocebajanakg,N/A,*klbibkeccnjlkjkiokjodocebajanakg*,malware,malicious,https://www.xda-developers.com/google-chrome-the-great-suspender-malware/,malicious chrome extensions lists from https://github.com/mallorybowes/chrome-mal-ids,https://chromewebstore.google.com/detail/klbibkeccnjlkjkiokjodocebajanakg,critical,,2026-08-03,ExtSentry (github.com/mthcht/awesome-lists)
fmfjhicbjecfchfmpelfnifijeigelme,N/A,*fmfjhicbjecfchfmpelfnifijeigelme*,malware,malicious,https://isc.sans.edu/forums/diary/Abusing+Google+Chrome+extension+syncing+for+data+exfiltration+and+CC/27066/,malicious chrome extensions lists from https://github.com/mallorybowes/chrome-mal-ids,https://chromewebstore.google.com/detail/fmfjhicbjecfchfmpelfnifijeigelme,critical,,2026-08-03,ExtSentry (github.com/mthcht/awesome-lists)
acdfdofofabmipgcolilkfhnpoclgpdd,N/A,*acdfdofofabmipgcolilkfhnpoclgpdd*,malware,malicious,https://habr.com/en/company/yandex/blog/534586/,malicious chrome extensions lists from https://github.com/mallorybowes/chrome-mal-ids,https://chromewebstore.google.com/detail/acdfdofofabmipgcolilkfhnpoclgpdd,critical,,2026-08-03,ExtSentry (github.com/mthcht/awesome-lists)
oobppndjaabcidladjeehddkgkccfcpn,N/A,*oobppndjaabcidladjeehddkgkccfcpn*,malware,malicious,https://habr.com/en/company/yandex/blog/534586/,malicious chrome extensions lists from https://github.com/mallorybowes/chrome-mal-ids,https://chromewebstore.google.com/detail/oobppndjaabcidladjeehddkgkccfcpn,critical,,2026-08-03,ExtSentry (github.com/mthcht/awesome-lists)
aonedlchkbicmhepimiahfalheedjgbh,N/A,*aonedlchkbicmhepimiahfalheedjgbh*,malware,malicious,https://habr.com/en/company/yandex/blog/534586/,malicious chrome extensions lists from https://github.com/mallorybowes/chrome-mal-ids,https://chromewebstore.google.com/detail/aonedlchkbicmhepimiahfalheedjgbh,critical,,2026-08-03,ExtSentry (github.com/mthcht/awesome-lists)
aoeacblfmdamdejeiaepojbhohhkmkjh,N/A,*aoeacblfmdamdejeiaepojbhohhkmkjh*,malware,malicious,https://habr.com/en/company/yandex/blog/534586/,malicious chrome extensions lists from https://github.com/mallorybowes/chrome-mal-ids,https://chromewebstore.google.com/detail/aoeacblfmdamdejeiaepojbhohhkmkjh,critical,,2026-08-03,ExtSentry (github.com/mthcht/awesome-lists)
eoeoincjhpflnpdaiemgbboknhkblome,N/A,*eoeoincjhpflnpdaiemgbboknhkblome*,malware,malicious,https://habr.com/en/company/yandex/blog/534586/,malicious chrome extensions lists from https://github.com/mallorybowes/chrome-mal-ids,https://chromewebstore.google.com/detail/eoeoincjhpflnpdaiemgbboknhkblome,critical,,2026-08-03,ExtSentry (github.com/mthcht/awesome-lists)
onbkopaoemachfglhlpomhbpofepfpom,N/A,*onbkopaoemachfglhlpomhbpofepfpom*,malware,malicious,https://habr.com/en/company/yandex/blog/534586/,malicious chrome extensions lists from https://github.com/mallorybowes/chrome-mal-ids,https://chromewebstore.google.com/detail/onbkopaoemachfglhlpomhbpofepfpom,critical,,2026-08-03,ExtSentry (github.com/mthcht/awesome-lists)
inlgdellfblpplcogjfedlhjnpgafnia,N/A,*inlgdellfblpplcogjfedlhjnpgafnia*,malware,malicious,https://habr.com/en/company/yandex/blog/534586/,malicious chrome extensions lists from https://github.com/mallorybowes/chrome-mal-ids,https://chromewebstore.google.com/detail/inlgdellfblpplcogjfedlhjnpgafnia,critical,,2026-08-03,ExtSentry (github.com/mthcht/awesome-lists)
ejfajpmpabphhkcacijnhggimhelopfg,N/A,*ejfajpmpabphhkcacijnhggimhelopfg*,malware,malicious,https://habr.com/en/company/yandex/blog/534586/,malicious chrome extensions lists from https://github.com/mallorybowes/chrome-mal-ids,https://chromewebstore.google.com/detail/ejfajpmpabphhkcacijnhggimhelopfg,critical,,2026-08-03,ExtSentry (github.com/mthcht/awesome-lists)
pgjndpcilbcanlnhhjmhjalilcmoicjc,N/A,*pgjndpcilbcanlnhhjmhjalilcmoicjc*,malware,malicious,https://habr.com/en/company/yandex/blog/534586/,malicious chrome extensions lists from https://github.com/mallorybowes/chrome-mal-ids,https://chromewebstore.google.com/detail/pgjndpcilbcanlnhhjmhjalilcmoicjc,critical,,2026-08-03,ExtSentry (github.com/mthcht/awesome-lists)
napifgkjbjeodgmfjmgncljmnmdefpbf,N/A,*napifgkjbjeodgmfjmgncljmnmdefpbf*,malware,malicious,https://habr.com/en/company/yandex/blog/534586/,malicious chrome extensions lists from https://github.com/mallorybowes/chrome-mal-ids,https://chromewebstore.google.com/detail/napifgkjbjeodgmfjmgncljmnmdefpbf,critical,,2026-08-03,ExtSentry (github.com/mthcht/awesome-lists)
glgemekgfjppocilabhlcbngobillcgf,N/A,*glgemekgfjppocilabhlcbngobillcgf*,malware,malicious,https://habr.com/en/company/yandex/blog/534586/,malicious chrome extensions lists from https://github.com/mallorybowes/chrome-mal-ids,https://chromewebstore.google.com/detail/glgemekgfjppocilabhlcbngobillcgf,critical,,2026-08-03,ExtSentry (github.com/mthcht/awesome-lists)
klmjcelobglnhnbfpmlbgnoeippfhhil,N/A,*klmjcelobglnhnbfpmlbgnoeippfhhil*,malware,malicious,https://habr.com/en/company/yandex/blog/534586/,malicious chrome extensions lists from https://github.com/mallorybowes/chrome-mal-ids,https://chromewebstore.google.com/detail/klmjcelobglnhnbfpmlbgnoeippfhhil,critical,,2026-08-03,ExtSentry (github.com/mthcht/awesome-lists)
ldbfffpdfgghehkkckifnjhoncdgjkib,N/A,*ldbfffpdfgghehkkckifnjhoncdgjkib*,malware,malicious,https://habr.com/en/company/yandex/blog/534586/,malicious chrome extensions lists from https://github.com/mallorybowes/chrome-mal-ids,https://chromewebstore.google.com/detail/ldbfffpdfgghehkkckifnjhoncdgjkib,critical,,2026-08-03,ExtSentry (github.com/mthcht/awesome-lists)
mbacbcfdfaapbcnlnbmciiaakomhkbkb,N/A,*mbacbcfdfaapbcnlnbmciiaakomhkbkb*,malware,malicious,https://habr.com/en/company/yandex/blog/534586/,malicious chrome extensions lists from https://github.com/mallorybowes/chrome-mal-ids,https://chromewebstore.google.com/detail/mbacbcfdfaapbcnlnbmciiaakomhkbkb,critical,,2026-08-03,ExtSentry (github.com/mthcht/awesome-lists)
mdnmhbnbebabimcjggckeoibchhckemm,N/A,*mdnmhbnbebabimcjggckeoibchhckemm*,malware,malicious,https://habr.com/en/company/yandex/blog/534586/,malicious chrome extensions lists from https://github.com/mallorybowes/chrome-mal-ids,https://chromewebstore.google.com/detail/mdnmhbnbebabimcjggckeoibchhckemm,critical,,2026-08-03,ExtSentry (github.com/mthcht/awesome-lists)
lfedlgnabjompjngkpddclhgcmeklana,N/A,*lfedlgnabjompjngkpddclhgcmeklana*,malware,malicious,https://habr.com/en/company/yandex/blog/534586/,malicious chrome extensions lists from https://github.com/mallorybowes/chrome-mal-ids,https://chromewebstore.google.com/detail/lfedlgnabjompjngkpddclhgcmeklana,critical,,2026-08-03,ExtSentry (github.com/mthcht/awesome-lists)
mdpljndcmbeikfnlflcggaipgnhiedbl,N/A,*mdpljndcmbeikfnlflcggaipgnhiedbl*,malware,malicious,https://habr.com/en/company/yandex/blog/534586/,malicious chrome extensions lists from https://github.com/mallorybowes/chrome-mal-ids,https://chromewebstore.google.com/detail/mdpljndcmbeikfnlflcggaipgnhiedbl,critical,,2026-08-03,ExtSentry (github.com/mthcht/awesome-lists)
npdpplbicnmpoigidfdjadamgfkilaak,N/A,*npdpplbicnmpoigidfdjadamgfkilaak*,malware,malicious,https://habr.com/en/company/yandex/blog/534586/,malicious chrome extensions lists from https://github.com/mallorybowes/chrome-mal-ids,https://chromewebstore.google.com/detail/npdpplbicnmpoigidfdjadamgfkilaak,critical,,2026-08-03,ExtSentry (github.com/mthcht/awesome-lists)
ibehiiilehaakkhkigckfjfknboalpbe,N/A,*ibehiiilehaakkhkigckfjfknboalpbe*,malware,malicious,https://habr.com/en/company/yandex/blog/534586/,malicious chrome extensions lists from https://github.com/mallorybowes/chrome-mal-ids,https://chromewebstore.google.com/detail/ibehiiilehaakkhkigckfjfknboalpbe,critical,,2026-08-03,ExtSentry (github.com/mthcht/awesome-lists)
lalpacfpfnobgdkbbpggecolckiffhoi,N/A,*lalpacfpfnobgdkbbpggecolckiffhoi*,malware,malicious,https://habr.com/en/company/yandex/blog/534586/,malicious chrome extensions lists from https://github.com/mallorybowes/chrome-mal-ids,https://chromewebstore.google.com/detail/lalpacfpfnobgdkbbpggecolckiffhoi,critical,,2026-08-03,ExtSentry (github.com/mthcht/awesome-lists)
hdbipekpdpggjaipompnomhccfemaljm,N/A,*hdbipekpdpggjaipompnomhccfemaljm*,malware,malicious,https://habr.com/en/company/yandex/blog/534586/,malicious chrome extensions lists from https://github.com/mallorybowes/chrome-mal-ids,https://chromewebstore.google.com/detail/hdbipekpdpggjaipompnomhccfemaljm,critical,,2026-08-03,ExtSentry (github.com/mthcht/awesome-lists)
gfjocjagfinihkkaahliainflifnlnfc,N/A,*gfjocjagfinihkkaahliainflifnlnfc*,malware,malicious,https://habr.com/en/company/yandex/blog/534586/,malicious chrome extensions lists from https://github.com/mallorybowes/chrome-mal-ids,https://chromewebstore.google.com/detail/gfjocjagfinihkkaahliainflifnlnfc,critical,,2026-08-03,ExtSentry (github.com/mthcht/awesome-lists)
ickfamnaffmfjgecbbnhecdnmjknblic,N/A,*ickfamnaffmfjgecbbnhecdnmjknblic*,malware,malicious,https://habr.com/en/company/yandex/blog/534586/,malicious chrome extensions lists from https://github.com/mallorybowes/chrome-mal-ids,https://chromewebstore.google.com/detail/ickfamnaffmfjgecbbnhecdnmjknblic,critical,,2026-08-03,ExtSentry (github.com/mthcht/awesome-lists)
bmcnncbmipphlkdmgfbipbanmmfdamkd,N/A,*bmcnncbmipphlkdmgfbipbanmmfdamkd*,malware,malicious,https://habr.com/en/company/yandex/blog/534586/,malicious chrome extensions lists from https://github.com/mallorybowes/chrome-mal-ids,https://chromewebstore.google.com/detail/bmcnncbmipphlkdmgfbipbanmmfdamkd,critical,,2026-08-03,ExtSentry (github.com/mthcht/awesome-lists)
miejmllodobdobgjbeonandkjhnhpjbn,N/A,*miejmllodobdobgjbeonandkjhnhpjbn*,malware,malicious,https://habr.com/en/company/yandex/blog/534586/,malicious chrome extensions lists from https://github.com/mallorybowes/chrome-mal-ids,https://chromewebstore.google.com/detail/miejmllodobdobgjbeonandkjhnhpjbn,critical,,2026-08-03,ExtSentry (github.com/mthcht/awesome-lists)
mabdjppmcjpjploliggpbonahnjjlgkf,N/A,*mabdjppmcjpjploliggpbonahnjjlgkf*,malware,malicious,https://www.ghacks.net/2021/05/18/dont-download-this-microsoft-authenticator-extension-for-chrome-it-is-fake/,malicious chrome extensions lists from https://github.com/mallorybowes/chrome-mal-ids,https://chromewebstore.google.com/detail/mabdjppmcjpjploliggpbonahnjjlgkf,critical,,2026-08-03,ExtSentry (github.com/mthcht/awesome-lists)
bgbeocleofdgkldamjapfgcglnmhmjgb,,*bgbeocleofdgkldamjapfgcglnmhmjgb*,malware,malicious,https://www.trendmicro.com/vinfo/us/security/news/cybercrime-and-digital-threats/chrome-extensions-malicious-domains-used-to-steal-user-data,,https://chromewebstore.google.com/detail/bgbeocleofdgkldamjapfgcglnmhmjgb,critical,,2026-08-03,ExtSentry (github.com/mthcht/awesome-lists)
cflijgpldfbmdijnkeoadcjpfgokoeck,pdfconverterds,*cflijgpldfbmdijnkeoadcjpfgokoeck*,malware,malicious,https://www.catonetworks.com/blog/threat-intelligence-feeds-and-endpoint-protection-systems-fail-to-detect-24-malicious-chrome-extensions/,,https://chromewebstore.google.com/detail/cflijgpldfbmdijnkeoadcjpfgokoeck,critical,,2026-08-03,ExtSentry (github.com/mthcht/awesome-lists)
ciiobgcookficfhfccnjfcdmhekiadje,ViewPDF,*ciiobgcookficfhfccnjfcdmhekiadje*,malware,malicious,https://www.catonetworks.com/blog/threat-intelligence-feeds-and-endpoint-protection-systems-fail-to-detect-24-malicious-chrome-extensions/,,https://chromewebstore.google.com/detail/ciiobgcookficfhfccnjfcdmhekiadje,critical,,2026-08-03,ExtSentry (github.com/mthcht/awesome-lists)
cpdngajmgfolfjhnccalanfegdiebmbm,PBlock+,*cpdngajmgfolfjhnccalanfegdiebmbm*,malware,malicious,https://www.catonetworks.com/blog/threat-intelligence-feeds-and-endpoint-protection-systems-fail-to-detect-24-malicious-chrome-extensions/,,https://chromewebstore.google.com/detail/cpdngajmgfolfjhnccalanfegdiebmbm,critical,,2026-08-03,ExtSentry (github.com/mthcht/awesome-lists)
dfehheanbnmfndkffgmdaeindpjnicpi,,*dfehheanbnmfndkffgmdaeindpjnicpi*,malware,malicious,https://www.catonetworks.com/blog/threat-intelligence-feeds-and-endpoint-protection-systems-fail-to-detect-24-malicious-chrome-extensions/,,https://chromewebstore.google.com/detail/dfehheanbnmfndkffgmdaeindpjnicpi,critical,,2026-08-03,ExtSentry (github.com/mthcht/awesome-lists)
djdcfiocijfjponepmbbdmbeblofhfff,Fake Postman,*djdcfiocijfjponepmbbdmbeblofhfff*,malware,malicious,https://www.catonetworks.com/blog/threat-intelligence-feeds-and-endpoint-protection-systems-fail-to-detect-24-malicious-chrome-extensions/,,https://chromewebstore.google.com/detail/djdcfiocijfjponepmbbdmbeblofhfff,critical,,2026-08-03,ExtSentry (github.com/mthcht/awesome-lists)
epcdjnnpcbidnlehlklebmdijbjleefc,,*epcdjnnpcbidnlehlklebmdijbjleefc*,malware,malicious,https://www.catonetworks.com/blog/threat-intelligence-feeds-and-endpoint-protection-systems-fail-to-detect-24-malicious-chrome-extensions/,,https://chromewebstore.google.com/detail/epcdjnnpcbidnlehlklebmdijbjleefc,critical,,2026-08-03,ExtSentry (github.com/mthcht/awesome-lists)
fichcldcnidefpllcpcpmnjipcdafjjl,pdfconverterds,*fichcldcnidefpllcpcpmnjipcdafjjl*,malware,malicious,https://www.catonetworks.com/blog/threat-intelligence-feeds-and-endpoint-protection-systems-fail-to-detect-24-malicious-chrome-extensions/,,https://chromewebstore.google.com/detail/fichcldcnidefpllcpcpmnjipcdafjjl,critical,,2026-08-03,ExtSentry (github.com/mthcht/awesome-lists)
fkacpajnbmglejpdaaeafjafjeleacnj,pdfconverterds,*fkacpajnbmglejpdaaeafjafjeleacnj*,malware,malicious,https://www.catonetworks.com/blog/threat-intelligence-feeds-and-endpoint-protection-systems-fail-to-detect-24-malicious-chrome-extensions/,,https://chromewebstore.google.com/detail/fkacpajnbmglejpdaaeafjafjeleacnj,critical,,2026-08-03,ExtSentry (github.com/mthcht/awesome-lists)
flhahaabnnkoccijodlhobjfchcchgjd,,*flhahaabnnkoccijodlhobjfchcchgjd*,malware,malicious,https://www.catonetworks.com/blog/threat-intelligence-feeds-and-endpoint-protection-systems-fail-to-detect-24-malicious-chrome-extensions/,,https://chromewebstore.google.com/detail/flhahaabnnkoccijodlhobjfchcchgjd,critical,,2026-08-03,ExtSentry (github.com/mthcht/awesome-lists)
hadebekepjnjbcmpiphpecnibbfgonni,ViewPDF,*hadebekepjnjbcmpiphpecnibbfgonni*,malware,malicious,https://www.catonetworks.com/blog/threat-intelligence-feeds-and-endpoint-protection-systems-fail-to-detect-24-malicious-chrome-extensions/,,https://chromewebstore.google.com/detail/hadebekepjnjbcmpiphpecnibbfgonni,critical,,2026-08-03,ExtSentry (github.com/mthcht/awesome-lists)
ijbcfkkcifjgnikfcmbdfbddcgjdmgga,,*ijbcfkkcifjgnikfcmbdfbddcgjdmgga*,malware,malicious,https://www.catonetworks.com/blog/threat-intelligence-feeds-and-endpoint-protection-systems-fail-to-detect-24-malicious-chrome-extensions/,,https://chromewebstore.google.com/detail/ijbcfkkcifjgnikfcmbdfbddcgjdmgga,critical,,2026-08-03,ExtSentry (github.com/mthcht/awesome-lists)
iogkcdbmgbhoelodlobknifhlkljiepm,,*iogkcdbmgbhoelodlobknifhlkljiepm*,malware,malicious,https://www.catonetworks.com/blog/threat-intelligence-feeds-and-endpoint-protection-systems-fail-to-detect-24-malicious-chrome-extensions/,,https://chromewebstore.google.com/detail/iogkcdbmgbhoelodlobknifhlkljiepm,critical,,2026-08-03,ExtSentry (github.com/mthcht/awesome-lists)
lamaflkhfcmnjcfkcolgmmlpajfholja,,*lamaflkhfcmnjcfkcolgmmlpajfholja*,malware,malicious,https://www.catonetworks.com/blog/threat-intelligence-feeds-and-endpoint-protection-systems-fail-to-detect-24-malicious-chrome-extensions/,,https://chromewebstore.google.com/detail/lamaflkhfcmnjcfkcolgmmlpajfholja,critical,,2026-08-03,ExtSentry (github.com/mthcht/awesome-lists)
lepjcehmlpfdgholbejebidnnkkannpl,DOCtoPDF,*lepjcehmlpfdgholbejebidnnkkannpl*,malware,malicious,https://www.catonetworks.com/blog/threat-intelligence-feeds-and-endpoint-protection-systems-fail-to-detect-24-malicious-chrome-extensions/,,https://chromewebstore.google.com/detail/lepjcehmlpfdgholbejebidnnkkannpl,critical,,2026-08-03,ExtSentry (github.com/mthcht/awesome-lists)
ljnppgaebjnbbahgmjajfbcoabdpopfb,Search Manager,*ljnppgaebjnbbahgmjajfbcoabdpopfb*,malware,malicious,https://www.catonetworks.com/blog/threat-intelligence-feeds-and-endpoint-protection-systems-fail-to-detect-24-malicious-chrome-extensions/,,https://chromewebstore.google.com/detail/ljnppgaebjnbbahgmjajfbcoabdpopfb,critical,,2026-08-03,ExtSentry (github.com/mthcht/awesome-lists)
llfdfhfdkdpkphlddncfjmajiciboanf,,*llfdfhfdkdpkphlddncfjmajiciboanf*,malware,malicious,https://www.catonetworks.com/blog/threat-intelligence-feeds-and-endpoint-protection-systems-fail-to-detect-24-malicious-chrome-extensions/,,https://chromewebstore.google.com/detail/llfdfhfdkdpkphlddncfjmajiciboanf,critical,,2026-08-03,ExtSentry (github.com/mthcht/awesome-lists)
loiloamappomjnanlieaipcmlpmmolkg,,*loiloamappomjnanlieaipcmlpmmolkg*,malware,malicious,https://www.catonetworks.com/blog/threat-intelligence-feeds-and-endpoint-protection-systems-fail-to-detect-24-malicious-chrome-extensions/,,https://chromewebstore.google.com/detail/loiloamappomjnanlieaipcmlpmmolkg,critical,,2026-08-03,ExtSentry (github.com/mthcht/awesome-lists)
mfdcjdgkcepgfcfgbadbekokbnlifbko,Fake Postman,*mfdcjdgkcepgfcfgbadbekokbnlifbko*,malware,malicious,https://www.catonetworks.com/blog/threat-intelligence-feeds-and-endpoint-protection-systems-fail-to-detect-24-malicious-chrome-extensions/,,https://chromewebstore.google.com/detail/mfdcjdgkcepgfcfgbadbekokbnlifbko,critical,,2026-08-03,ExtSentry (github.com/mthcht/awesome-lists)
mgkmlkgpnffmhhfallpoknfmmkdkfejp,QuickNewsWorld Promos,*mgkmlkgpnffmhhfallpoknfmmkdkfejp*,malware,malicious,https://www.catonetworks.com/blog/threat-intelligence-feeds-and-endpoint-protection-systems-fail-to-detect-24-malicious-chrome-extensions/,,https://chromewebstore.google.com/detail/mgkmlkgpnffmhhfallpoknfmmkdkfejp,critical,,2026-08-03,ExtSentry (github.com/mthcht/awesome-lists)
ndhhhgoicnabjcgnamebnbdgkpobbljm,,*ndhhhgoicnabjcgnamebnbdgkpobbljm*,malware,malicious,https://www.catonetworks.com/blog/threat-intelligence-feeds-and-endpoint-protection-systems-fail-to-detect-24-malicious-chrome-extensions/,,https://chromewebstore.google.com/detail/ndhhhgoicnabjcgnamebnbdgkpobbljm,critical,,2026-08-03,ExtSentry (github.com/mthcht/awesome-lists)
njmjfnbhppmkpbbcfloagfmfokbokjgo,pdfconverterds,*njmjfnbhppmkpbbcfloagfmfokbokjgo*,malware,malicious,https://www.catonetworks.com/blog/threat-intelligence-feeds-and-endpoint-protection-systems-fail-to-detect-24-malicious-chrome-extensions/,,https://chromewebstore.google.com/detail/njmjfnbhppmkpbbcfloagfmfokbokjgo,critical,,2026-08-03,ExtSentry (github.com/mthcht/awesome-lists)
pdfakgkkbagclonnhakillpkhoalfeef,,*pdfakgkkbagclonnhakillpkhoalfeef*,malware,malicious,https://www.catonetworks.com/blog/threat-intelligence-feeds-and-endpoint-protection-systems-fail-to-detect-24-malicious-chrome-extensions/,,https://chromewebstore.google.com/detail/pdfakgkkbagclonnhakillpkhoalfeef,critical,,2026-08-03,ExtSentry (github.com/mthcht/awesome-lists)
pdlfbopkggkgdmgkejgjgnbdbmfcnfjn,EZPackageTracking Promos,*pdlfbopkggkgdmgkejgjgnbdbmfcnfjn*,malware,malicious,https://www.catonetworks.com/blog/threat-intelligence-feeds-and-endpoint-protection-systems-fail-to-detect-24-malicious-chrome-extensions/,,https://chromewebstore.google.com/detail/pdlfbopkggkgdmgkejgjgnbdbmfcnfjn,critical,,2026-08-03,ExtSentry (github.com/mthcht/awesome-lists)
eacdfdofofabmipgcolilkfhnpoclgpd,,*eacdfdofofabmipgcolilkfhnpoclgpd*,malware,malicious,https://github.com/mallorybowes/chrome-mal-ids,,https://chromewebstore.google.com/detail/eacdfdofofabmipgcolilkfhnpoclgpd,critical,,2026-08-03,ExtSentry (github.com/mthcht/awesome-lists)
eakdbogfpgohikflhccclloneidjkogo,,*eakdbogfpgohikflhccclloneidjkogo*,malware,malicious,https://github.com/mallorybowes/chrome-mal-ids,,https://chromewebstore.google.com/detail/eakdbogfpgohikflhccclloneidjkogo,critical,,2026-08-03,ExtSentry (github.com/mthcht/awesome-lists)
edppilebghcniomddkpphiminideiajf,,*edppilebghcniomddkpphiminideiajf*,malware,malicious,https://github.com/mallorybowes/chrome-mal-ids,,https://chromewebstore.google.com/detail/edppilebghcniomddkpphiminideiajf,critical,,2026-08-03,ExtSentry (github.com/mthcht/awesome-lists)
efmfjhicbjecfchfmpelfnifijeigelm,,*efmfjhicbjecfchfmpelfnifijeigelm*,malware,malicious,https://github.com/mallorybowes/chrome-mal-ids,,https://chromewebstore.google.com/detail/efmfjhicbjecfchfmpelfnifijeigelm,critical,,2026-08-03,ExtSentry (github.com/mthcht/awesome-lists)
eklbibkeccnjlkjkiokjodocebajanak,,*eklbibkeccnjlkjkiokjodocebajanak*,malware,malicious,https://github.com/mallorybowes/chrome-mal-ids,,https://chromewebstore.google.com/detail/eklbibkeccnjlkjkiokjodocebajanak,critical,,2026-08-03,ExtSentry (github.com/mthcht/awesome-lists)
emdpgppkombninhkfhaggckdmencplhm,,*emdpgppkombninhkfhaggckdmencplhm*,malware,malicious,https://github.com/mallorybowes/chrome-mal-ids,,https://chromewebstore.google.com/detail/emdpgppkombninhkfhaggckdmencplhm,critical,,2026-08-03,ExtSentry (github.com/mthcht/awesome-lists)
naemaecahdckfllfldhgimjhdgiaahea,,*naemaecahdckfllfldhgimjhdgiaahea*,malware,malicious,https://github.com/mallorybowes/chrome-mal-ids,,https://chromewebstore.google.com/detail/naemaecahdckfllfldhgimjhdgiaahea,critical,,2026-08-03,ExtSentry (github.com/mthcht/awesome-lists)
naoeacblfmdamdejeiaepojbhohhkmkj,,*naoeacblfmdamdejeiaepojbhohhkmkj*,malware,malicious,https://github.com/mallorybowes/chrome-mal-ids,,https://chromewebstore.google.com/detail/naoeacblfmdamdejeiaepojbhohhkmkj,critical,,2026-08-03,ExtSentry (github.com/mthcht/awesome-lists)
naonedlchkbicmhepimiahfalheedjgb,,*naonedlchkbicmhepimiahfalheedjgb*,malware,malicious,https://github.com/mallorybowes/chrome-mal-ids,,https://chromewebstore.google.com/detail/naonedlchkbicmhepimiahfalheedjgb,critical,,2026-08-03,ExtSentry (github.com/mthcht/awesome-lists)
nbhcpgfhiobcpokfpdahijhnipenkplj,,*nbhcpgfhiobcpokfpdahijhnipenkplj*,malware,malicious,https://github.com/mallorybowes/chrome-mal-ids,,https://chromewebstore.google.com/detail/nbhcpgfhiobcpokfpdahijhnipenkplj,critical,,2026-08-03,ExtSentry (github.com/mthcht/awesome-lists)
nbhfoemlllidnfefgkeaeocnageepbae,,*nbhfoemlllidnfefgkeaeocnageepbae*,malware,malicious,https://github.com/mallorybowes/chrome-mal-ids,,https://chromewebstore.google.com/detail/nbhfoemlllidnfefgkeaeocnageepbae,critical,,2026-08-03,ExtSentry (github.com/mthcht/awesome-lists)
nbmcnncbmipphlkdmgfbipbanmmfdamk,,*nbmcnncbmipphlkdmgfbipbanmmfdamk*,malware,malicious,https://github.com/mallorybowes/chrome-mal-ids,,https://chromewebstore.google.com/detail/nbmcnncbmipphlkdmgfbipbanmmfdamk,critical,,2026-08-03,ExtSentry (github.com/mthcht/awesome-lists)
nceoldlgkhdbnnmojajjgfapagjccbli,,*nceoldlgkhdbnnmojajjgfapagjccbli*,malware,malicious,https://github.com/mallorybowes/chrome-mal-ids,,https://chromewebstore.google.com/detail/nceoldlgkhdbnnmojajjgfapagjccbli,critical,,2026-08-03,ExtSentry (github.com/mthcht/awesome-lists)
ncgpbghdbejagejmciefmekcklikpoee,,*ncgpbghdbejagejmciefmekcklikpoee*,malware,malicious,https://github.com/mallorybowes/chrome-mal-ids,,https://chromewebstore.google.com/detail/ncgpbghdbejagejmciefmekcklikpoee,critical,,2026-08-03,ExtSentry (github.com/mthcht/awesome-lists)
nchmaijbnjdnkjknoigffoohjhpejjpp,,*nchmaijbnjdnkjknoigffoohjhpejjpp*,malware,malicious,https://github.com/mallorybowes/chrome-mal-ids,,https://chromewebstore.google.com/detail/nchmaijbnjdnkjknoigffoohjhpejjpp,critical,,2026-08-03,ExtSentry (github.com/mthcht/awesome-lists)
ncjmpdadldchjmljhkigoeejegmghaab,,*ncjmpdadldchjmljhkigoeejegmghaab*,malware,malicious,https://github.com/mallorybowes/chrome-mal-ids,,https://chromewebstore.google.com/detail/ncjmpdadldchjmljhkigoeejegmghaab,critical,,2026-08-03,ExtSentry (github.com/mthcht/awesome-lists)
ndambkkeeabmnhelekdekfmabnckghdi,,*ndambkkeeabmnhelekdekfmabnckghdi*,malware,malicious,https://github.com/mallorybowes/chrome-mal-ids,,https://chromewebstore.google.com/detail/ndambkkeeabmnhelekdekfmabnckghdi,critical,,2026-08-03,ExtSentry (github.com/mthcht/awesome-lists)
ndgjmdlifhbljhmgkjbojeejmeeplape,,*ndgjmdlifhbljhmgkjbojeejmeeplape*,malware,malicious,https://github.com/mallorybowes/chrome-mal-ids,,https://chromewebstore.google.com/detail/ndgjmdlifhbljhmgkjbojeejmeeplape,critical,,2026-08-03,ExtSentry (github.com/mthcht/awesome-lists)
ndljdbmkffjijepjnkonndbdiakjfdci,,*ndljdbmkffjijepjnkonndbdiakjfdci*,malware,malicious,https://github.com/mallorybowes/chrome-mal-ids,,https://chromewebstore.google.com/detail/ndljdbmkffjijepjnkonndbdiakjfdci,critical,,2026-08-03,ExtSentry (github.com/mthcht/awesome-lists)
neikbfklcjampfnmclhjeifbmfkpkfpb,,*neikbfklcjampfnmclhjeifbmfkpkfpb*,malware,malicious,https://github.com/mallorybowes/chrome-mal-ids,,https://chromewebstore.google.com/detail/neikbfklcjampfnmclhjeifbmfkpkfpb,critical,,2026-08-03,ExtSentry (github.com/mthcht/awesome-lists)
nejfajpmpabphhkcacijnhggimhelopf,,*nejfajpmpabphhkcacijnhggimhelopf*,malware,malicious,https://github.com/mallorybowes/chrome-mal-ids,,https://chromewebstore.google.com/detail/nejfajpmpabphhkcacijnhggimhelopf,critical,,2026-08-03,ExtSentry (github.com/mthcht/awesome-lists)
nemechknidkghbpiodihlodkhnljplpj,,*nemechknidkghbpiodihlodkhnljplpj*,malware,malicious,https://github.com/mallorybowes/chrome-mal-ids,,https://chromewebstore.google.com/detail/nemechknidkghbpiodihlodkhnljplpj,critical,,2026-08-03,ExtSentry (github.com/mthcht/awesome-lists)
neoeoincjhpflnpdaiemgbboknhkblom,,*neoeoincjhpflnpdaiemgbboknhkblom*,malware,malicious,https://github.com/mallorybowes/chrome-mal-ids,,https://chromewebstore.google.com/detail/neoeoincjhpflnpdaiemgbboknhkblom,critical,,2026-08-03,ExtSentry (github.com/mthcht/awesome-lists)
nfbhbpnjkpcdmcgcpfilooccjgemlkin,,*nfbhbpnjkpcdmcgcpfilooccjgemlkin*,malware,malicious,https://github.com/mallorybowes/chrome-mal-ids,,https://chromewebstore.google.com/detail/nfbhbpnjkpcdmcgcpfilooccjgemlkin,critical,,2026-08-03,ExtSentry (github.com/mthcht/awesome-lists)
nfgaapohcdolaiaijobecfleiohcfhdf,,*nfgaapohcdolaiaijobecfleiohcfhdf*,malware,malicious,https://github.com/mallorybowes/chrome-mal-ids,,https://chromewebstore.google.com/detail/nfgaapohcdolaiaijobecfleiohcfhdf,critical,,2026-08-03,ExtSentry (github.com/mthcht/awesome-lists)
ngfjocjagfinihkkaahliainflifnlnf,,*ngfjocjagfinihkkaahliainflifnlnf*,malware,malicious,https://github.com/mallorybowes/chrome-mal-ids,,https://chromewebstore.google.com/detail/ngfjocjagfinihkkaahliainflifnlnf,critical,,2026-08-03,ExtSentry (github.com/mthcht/awesome-lists)
nglgemekgfjppocilabhlcbngobillcg,,*nglgemekgfjppocilabhlcbngobillcg*,malware,malicious,https://github.com/mallorybowes/chrome-mal-ids,,https://chromewebstore.google.com/detail/nglgemekgfjppocilabhlcbngobillcg,critical,,2026-08-03,ExtSentry (github.com/mthcht/awesome-lists)
nhajlccgbgjdcjaommiffaphjdndpjci,,*nhajlccgbgjdcjaommiffaphjdndpjci*,malware,malicious,https://github.com/mallorybowes/chrome-mal-ids,,https://chromewebstore.google.com/detail/nhajlccgbgjdcjaommiffaphjdndpjci,critical,,2026-08-03,ExtSentry (github.com/mthcht/awesome-lists)
nhdbipekpdpggjaipompnomhccfemalj,,*nhdbipekpdpggjaipompnomhccfemalj*,malware,malicious,https://github.com/mallorybowes/chrome-mal-ids,,https://chromewebstore.google.com/detail/nhdbipekpdpggjaipompnomhccfemalj,critical,,2026-08-03,ExtSentry (github.com/mthcht/awesome-lists)
nibehiiilehaakkhkigckfjfknboalpb,,*nibehiiilehaakkhkigckfjfknboalpb*,malware,malicious,https://github.com/mallorybowes/chrome-mal-ids,,https://chromewebstore.google.com/detail/nibehiiilehaakkhkigckfjfknboalpb,critical,,2026-08-03,ExtSentry (github.com/mthcht/awesome-lists)
nickfamnaffmfjgecbbnhecdnmjknbli,,*nickfamnaffmfjgecbbnhecdnmjknbli*,malware,malicious,https://github.com/mallorybowes/chrome-mal-ids,,https://chromewebstore.google.com/detail/nickfamnaffmfjgecbbnhecdnmjknbli,critical,,2026-08-03,ExtSentry (github.com/mthcht/awesome-lists)
niibnodnghffmdcebaglfgnfkgemcbch,,*niibnodnghffmdcebaglfgnfkgemcbch*,malware,malicious,https://github.com/mallorybowes/chrome-mal-ids,,https://chromewebstore.google.com/detail/niibnodnghffmdcebaglfgnfkgemcbch,critical,,2026-08-03,ExtSentry (github.com/mthcht/awesome-lists)
ninlgdellfblpplcogjfedlhjnpgafni,,*ninlgdellfblpplcogjfedlhjnpgafni*,malware,malicious,https://github.com/mallorybowes/chrome-mal-ids,,https://chromewebstore.google.com/detail/ninlgdellfblpplcogjfedlhjnpgafni,critical,,2026-08-03,ExtSentry (github.com/mthcht/awesome-lists)
njhcfnojahmdghhebdaoijngclknfkbj,,*njhcfnojahmdghhebdaoijngclknfkbj*,malware,malicious,https://github.com/mallorybowes/chrome-mal-ids,,https://chromewebstore.google.com/detail/njhcfnojahmdghhebdaoijngclknfkbj,critical,,2026-08-03,ExtSentry (github.com/mthcht/awesome-lists)
njlkfgpiicpnlbmmmpkpdjkkdolgomhm,,*njlkfgpiicpnlbmmmpkpdjkkdolgomhm*,malware,malicious,https://github.com/mallorybowes/chrome-mal-ids,,https://chromewebstore.google.com/detail/njlkfgpiicpnlbmmmpkpdjkkdolgomhm,critical,,2026-08-03,ExtSentry (github.com/mthcht/awesome-lists)
nklejifgmmnkgejbhgmpgajemhlnijli,,*nklejifgmmnkgejbhgmpgajemhlnijli*,malware,malicious,https://github.com/mallorybowes/chrome-mal-ids,,https://chromewebstore.google.com/detail/nklejifgmmnkgejbhgmpgajemhlnijli,critical,,2026-08-03,ExtSentry (github.com/mthcht/awesome-lists)
nklmjcelobglnhnbfpmlbgnoeippfhhi,,*nklmjcelobglnhnbfpmlbgnoeippfhhi*,malware,malicious,https://github.com/mallorybowes/chrome-mal-ids,,https://chromewebstore.google.com/detail/nklmjcelobglnhnbfpmlbgnoeippfhhi,critical,,2026-08-03,ExtSentry (github.com/mthcht/awesome-lists)
nlalpacfpfnobgdkbbpggecolckiffho,,*nlalpacfpfnobgdkbbpggecolckiffho*,malware,malicious,https://github.com/mallorybowes/chrome-mal-ids,,https://chromewebstore.google.com/detail/nlalpacfpfnobgdkbbpggecolckiffho,critical,,2026-08-03,ExtSentry (github.com/mthcht/awesome-lists)
nldbfffpdfgghehkkckifnjhoncdgjki,,*nldbfffpdfgghehkkckifnjhoncdgjki*,malware,malicious,https://github.com/mallorybowes/chrome-mal-ids,,https://chromewebstore.google.com/detail/nldbfffpdfgghehkkckifnjhoncdgjki,critical,,2026-08-03,ExtSentry (github.com/mthcht/awesome-lists)
nlfedlgnabjompjngkpddclhgcmeklan,,*nlfedlgnabjompjngkpddclhgcmeklan*,malware,malicious,https://github.com/mallorybowes/chrome-mal-ids,,https://chromewebstore.google.com/detail/nlfedlgnabjompjngkpddclhgcmeklan,critical,,2026-08-03,ExtSentry (github.com/mthcht/awesome-lists)
nlgjogljbnbfjcaigalbhiagkboajmkk,,*nlgjogljbnbfjcaigalbhiagkboajmkk*,malware,malicious,https://github.com/mallorybowes/chrome-mal-ids,,https://chromewebstore.google.com/detail/nlgjogljbnbfjcaigalbhiagkboajmkk,critical,,2026-08-03,ExtSentry (github.com/mthcht/awesome-lists)
nlmcajpniijhhhpcnhleibgiehhicjln,,*nlmcajpniijhhhpcnhleibgiehhicjln*,malware,malicious,https://github.com/mallorybowes/chrome-mal-ids,,https://chromewebstore.google.com/detail/nlmcajpniijhhhpcnhleibgiehhicjln,critical,,2026-08-03,ExtSentry (github.com/mthcht/awesome-lists)
nlnocaphbapmclliacmbbggnfnjojbjg,,*nlnocaphbapmclliacmbbggnfnjojbjg*,malware,malicious,https://github.com/mallorybowes/chrome-mal-ids,,https://chromewebstore.google.com/detail/nlnocaphbapmclliacmbbggnfnjojbjg,critical,,2026-08-03,ExtSentry (github.com/mthcht/awesome-lists)
nmbacbcfdfaapbcnlnbmciiaakomhkbk,,*nmbacbcfdfaapbcnlnbmciiaakomhkbk*,malware,malicious,https://github.com/mallorybowes/chrome-mal-ids,,https://chromewebstore.google.com/detail/nmbacbcfdfaapbcnlnbmciiaakomhkbk,critical,,2026-08-03,ExtSentry (github.com/mthcht/awesome-lists)
nmdnmhbnbebabimcjggckeoibchhckem,,*nmdnmhbnbebabimcjggckeoibchhckem*,malware,malicious,https://github.com/mallorybowes/chrome-mal-ids,,https://chromewebstore.google.com/detail/nmdnmhbnbebabimcjggckeoibchhckem,critical,,2026-08-03,ExtSentry (github.com/mthcht/awesome-lists)
nmdpljndcmbeikfnlflcggaipgnhiedb,,*nmdpljndcmbeikfnlflcggaipgnhiedb*,malware,malicious,https://github.com/mallorybowes/chrome-mal-ids,,https://chromewebstore.google.com/detail/nmdpljndcmbeikfnlflcggaipgnhiedb,critical,,2026-08-03,ExtSentry (github.com/mthcht/awesome-lists)
nmiejmllodobdobgjbeonandkjhnhpjb,,*nmiejmllodobdobgjbeonandkjhnhpjb*,malware,malicious,https://github.com/mallorybowes/chrome-mal-ids,,https://chromewebstore.google.com/detail/nmiejmllodobdobgjbeonandkjhnhpjb,critical,,2026-08-03,ExtSentry (github.com/mthcht/awesome-lists)
nmnafnfdagggclnaggnjajohakfbppai,,*nmnafnfdagggclnaggnjajohakfbppai*,malware,malicious,https://github.com/mallorybowes/chrome-mal-ids,,https://chromewebstore.google.com/detail/nmnafnfdagggclnaggnjajohakfbppai,critical,,2026-08-03,ExtSentry (github.com/mthcht/awesome-lists)
nnapifgkjbjeodgmfjmgncljmnmdefpb,,*nnapifgkjbjeodgmfjmgncljmnmdefpb*,malware,malicious,https://github.com/mallorybowes/chrome-mal-ids,,https://chromewebstore.google.com/detail/nnapifgkjbjeodgmfjmgncljmnmdefpb,critical,,2026-08-03,ExtSentry (github.com/mthcht/awesome-lists)
nnilbfjdbacfdodpbdondbbkmoigehod,,*nnilbfjdbacfdodpbdondbbkmoigehod*,malware,malicious,https://github.com/mallorybowes/chrome-mal-ids,,https://chromewebstore.google.com/detail/nnilbfjdbacfdodpbdondbbkmoigehod,critical,,2026-08-03,ExtSentry (github.com/mthcht/awesome-lists)
nnjdkgjbjmdceaibhngelkkloceihell,,*nnjdkgjbjmdceaibhngelkkloceihell*,malware,malicious,https://github.com/mallorybowes/chrome-mal-ids,,https://chromewebstore.google.com/detail/nnjdkgjbjmdceaibhngelkkloceihell,critical,,2026-08-03,ExtSentry (github.com/mthcht/awesome-lists)
nnpdpplbicnmpoigidfdjadamgfkilaa,,*nnpdpplbicnmpoigidfdjadamgfkilaa*,malware,malicious,https://github.com/mallorybowes/chrome-mal-ids,,https://chromewebstore.google.com/detail/nnpdpplbicnmpoigidfdjadamgfkilaa,critical,,2026-08-03,ExtSentry (github.com/mthcht/awesome-lists)
nojmbbkdflpfjdceflikpkbbmmbfaggl,,*nojmbbkdflpfjdceflikpkbbmmbfaggl*,malware,malicious,https://github.com/mallorybowes/chrome-mal-ids,,https://chromewebstore.google.com/detail/nojmbbkdflpfjdceflikpkbbmmbfaggl,critical,,2026-08-03,ExtSentry (github.com/mthcht/awesome-lists)
noknpgmaeedlbdichgaghebhiknmghff,,*noknpgmaeedlbdichgaghebhiknmghff*,malware,malicious,https://github.com/mallorybowes/chrome-mal-ids,,https://chromewebstore.google.com/detail/noknpgmaeedlbdichgaghebhiknmghff,critical,,2026-08-03,ExtSentry (github.com/mthcht/awesome-lists)
nolkpikmlhoaojbbmmpejnimiglejmbo,,*nolkpikmlhoaojbbmmpejnimiglejmbo*,malware,malicious,https://github.com/mallorybowes/chrome-mal-ids,,https://chromewebstore.google.com/detail/nolkpikmlhoaojbbmmpejnimiglejmbo,critical,,2026-08-03,ExtSentry (github.com/mthcht/awesome-lists)
nonbkopaoemachfglhlpomhbpofepfpo,,*nonbkopaoemachfglhlpomhbpofepfpo*,malware,malicious,https://github.com/mallorybowes/chrome-mal-ids,,https://chromewebstore.google.com/detail/nonbkopaoemachfglhlpomhbpofepfpo,critical,,2026-08-03,ExtSentry (github.com/mthcht/awesome-lists)
noobppndjaabcidladjeehddkgkccfcp,,*noobppndjaabcidladjeehddkgkccfcp*,malware,malicious,https://github.com/mallorybowes/chrome-mal-ids,,https://chromewebstore.google.com/detail/noobppndjaabcidladjeehddkgkccfcp,critical,,2026-08-03,ExtSentry (github.com/mthcht/awesome-lists)
npcaaejaejpolbbchlmbdjfiggojefll,,*npcaaejaejpolbbchlmbdjfiggojefll*,malware,malicious,https://github.com/mallorybowes/chrome-mal-ids,,https://chromewebstore.google.com/detail/npcaaejaejpolbbchlmbdjfiggojefll,critical,,2026-08-03,ExtSentry (github.com/mthcht/awesome-lists)
npccfaccnfkjmdlkollpiaialndbieib,,*npccfaccnfkjmdlkollpiaialndbieib*,malware,malicious,https://github.com/mallorybowes/chrome-mal-ids,,https://chromewebstore.google.com/detail/npccfaccnfkjmdlkollpiaialndbieib,critical,,2026-08-03,ExtSentry (github.com/mthcht/awesome-lists)
npfnmibjifkhhblmdmaocfohebdpfppk,,*npfnmibjifkhhblmdmaocfohebdpfppk*,malware,malicious,https://github.com/mallorybowes/chrome-mal-ids,,https://chromewebstore.google.com/detail/npfnmibjifkhhblmdmaocfohebdpfppk,critical,,2026-08-03,ExtSentry (github.com/mthcht/awesome-lists)
npgjndpcilbcanlnhhjmhjalilcmoicj,,*npgjndpcilbcanlnhhjmhjalilcmoicj*,malware,malicious,https://github.com/mallorybowes/chrome-mal-ids,,https://chromewebstore.google.com/detail/npgjndpcilbcanlnhhjmhjalilcmoicj,critical,,2026-08-03,ExtSentry (github.com/mthcht/awesome-lists)
nphoehhafolaebdpimmbmlofmeibdkck,,*nphoehhafolaebdpimmbmlofmeibdkck*,malware,malicious,https://github.com/mallorybowes/chrome-mal-ids,,https://chromewebstore.google.com/detail/nphoehhafolaebdpimmbmlofmeibdkck,critical,,2026-08-03,ExtSentry (github.com/mthcht/awesome-lists)
aeocankoflefcaiabdkdjkenofcpjagb,,*aeocankoflefcaiabdkdjkenofcpjagb*,malware,malicious,https://github.com/uku/malicious-chrome-extensions,,https://chromewebstore.google.com/detail/aeocankoflefcaiabdkdjkenofcpjagb,critical,,2026-08-03,ExtSentry (github.com/mthcht/awesome-lists)
alddjbjplgobbllfolehibiclbhmomla,,*alddjbjplgobbllfolehibiclbhmomla*,malware,malicious,https://github.com/uku/malicious-chrome-extensions,,https://chromewebstore.google.com/detail/alddjbjplgobbllfolehibiclbhmomla,critical,,2026-08-03,ExtSentry (github.com/mthcht/awesome-lists)
emmoddikhgncnaikamapbkggedoafomi,,*emmoddikhgncnaikamapbkggedoafomi*,malware,malicious,https://github.com/uku/malicious-chrome-extensions,,https://chromewebstore.google.com/detail/emmoddikhgncnaikamapbkggedoafomi,critical,,2026-08-03,ExtSentry (github.com/mthcht/awesome-lists)
fmakoabecaggdofhohcdjiaifnkmpldj,,*fmakoabecaggdofhohcdjiaifnkmpldj*,malware,malicious,https://github.com/uku/malicious-chrome-extensions,,https://chromewebstore.google.com/detail/fmakoabecaggdofhohcdjiaifnkmpldj,critical,,2026-08-03,ExtSentry (github.com/mthcht/awesome-lists)
gighmmpiobklfepjocnamgkkbiglidom,,*gighmmpiobklfepjocnamgkkbiglidom*,malware,malicious,https://blog.avast.com/greedy-cybercriminals-host-malware-on-github,,https://chromewebstore.google.com/detail/gighmmpiobklfepjocnamgkkbiglidom,critical,,2026-08-03,ExtSentry (github.com/mthcht/awesome-lists)
andnkmffoleapmidfgnnjjoepadbiika,ChromeBack,*andnkmffoleapmidfgnnjjoepadbiika*,malware,malicious,https://www.gosecure.net/blog/2022/02/10/malicious-chrome-browser-extension-exposed-chromeback-leverages-silent-extension-loading/,,https://chromewebstore.google.com/detail/andnkmffoleapmidfgnnjjoepadbiika,critical,,2026-08-03,ExtSentry (github.com/mthcht/awesome-lists)
clddifkhlkcojbojppdojfeeikdkgiae,User-Agent Switcher,*clddifkhlkcojbojppdojfeeikdkgiae*,malware,compromised,https://chris.partridge.tech/2020/extensions-the-next-generation-of-malware/help-for-users/,,https://chromewebstore.google.com/detail/clddifkhlkcojbojppdojfeeikdkgiae,medium,,2026-08-03,ExtSentry (github.com/mthcht/awesome-lists)
ggolfgbegefeeoocgjbmkembbncoadlb,Nano Defender,*ggolfgbegefeeoocgjbmkembbncoadlb*,malware,compromised,https://chris.partridge.tech/2020/extensions-the-next-generation-of-malware/help-for-users/,,https://chromewebstore.google.com/detail/ggolfgbegefeeoocgjbmkembbncoadlb,medium,,2026-08-03,ExtSentry (github.com/mthcht/awesome-lists)
annjkojdjjedabhfdnfacdiafkmpijbl,EasyConvert,*annjkojdjjedabhfdnfacdiafkmpijbl*,malware,malicious,https://innovatecybersecurity.com/research/analysis-of-galcomm-communigal-chrome-extension-malware/,,https://chromewebstore.google.com/detail/annjkojdjjedabhfdnfacdiafkmpijbl,critical,,2026-08-03,ExtSentry (github.com/mthcht/awesome-lists)
baimmgglolfkaaefedmlgfkdajckmpfm,EasyConvert,*baimmgglolfkaaefedmlgfkdajckmpfm*,malware,malicious,https://innovatecybersecurity.com/research/analysis-of-galcomm-communigal-chrome-extension-malware/,,https://chromewebstore.google.com/detail/baimmgglolfkaaefedmlgfkdajckmpfm,critical,,2026-08-03,ExtSentry (github.com/mthcht/awesome-lists)
bhoagceacaklimpcejjofabngcjkebfg,Search Manager,*bhoagceacaklimpcejjofabngcjkebfg*,malware,malicious,https://innovatecybersecurity.com/research/analysis-of-galcomm-communigal-chrome-extension-malware/,,https://chromewebstore.google.com/detail/bhoagceacaklimpcejjofabngcjkebfg,critical,,2026-08-03,ExtSentry (github.com/mthcht/awesome-lists)
bngebgoljdhmkgmecefkcfhjngffihii,EasyConvert,*bngebgoljdhmkgmecefkcfhjngffihii*,malware,malicious,https://innovatecybersecurity.com/research/analysis-of-galcomm-communigal-chrome-extension-malware/,,https://chromewebstore.google.com/detail/bngebgoljdhmkgmecefkcfhjngffihii,critical,,2026-08-03,ExtSentry (github.com/mthcht/awesome-lists)
feahcinjmgpdpiidkcemfgkakemfamjg,ViewPDF,*feahcinjmgpdpiidkcemfgkakemfamjg*,malware,malicious,https://innovatecybersecurity.com/research/analysis-of-galcomm-communigal-chrome-extension-malware/,,https://chromewebstore.google.com/detail/feahcinjmgpdpiidkcemfgkakemfamjg,critical,,2026-08-03,ExtSentry (github.com/mthcht/awesome-lists)
fmbgbhkodhifcbilahghgbloblanpeig,TheDocPDFConverter,*fmbgbhkodhifcbilahghgbloblanpeig*,malware,malicious,https://innovatecybersecurity.com/research/analysis-of-galcomm-communigal-chrome-extension-malware/,,https://chromewebstore.google.com/detail/fmbgbhkodhifcbilahghgbloblanpeig,critical,,2026-08-03,ExtSentry (github.com/mthcht/awesome-lists)
fpagmddnoehfplillifalekcnfehinhb,YourEasyConvert,*fpagmddnoehfplillifalekcnfehinhb*,malware,malicious,https://innovatecybersecurity.com/research/analysis-of-galcomm-communigal-chrome-extension-malware/,,https://chromewebstore.google.com/detail/fpagmddnoehfplillifalekcnfehinhb,critical,,2026-08-03,ExtSentry (github.com/mthcht/awesome-lists)
gemcaenpcldkhfkohjjkfgfopgghpkng,Search Manager,*gemcaenpcldkhfkohjjkfgfopgghpkng*,malware,malicious,https://innovatecybersecurity.com/research/analysis-of-galcomm-communigal-chrome-extension-malware/,,https://chromewebstore.google.com/detail/gemcaenpcldkhfkohjjkfgfopgghpkng,critical,,2026-08-03,ExtSentry (github.com/mthcht/awesome-lists)
gfihbklhmmihlkkjnemjppijdlmkcgbb,EasyConvert,*gfihbklhmmihlkkjnemjppijdlmkcgbb*,malware,malicious,https://innovatecybersecurity.com/research/analysis-of-galcomm-communigal-chrome-extension-malware/,,https://chromewebstore.google.com/detail/gfihbklhmmihlkkjnemjppijdlmkcgbb,critical,,2026-08-03,ExtSentry (github.com/mthcht/awesome-lists)
gihcgddmlhacnmdenbdkokeaffnekgob,Search Manager,*gihcgddmlhacnmdenbdkokeaffnekgob*,malware,malicious,https://innovatecybersecurity.com/research/analysis-of-galcomm-communigal-chrome-extension-malware/,,https://chromewebstore.google.com/detail/gihcgddmlhacnmdenbdkokeaffnekgob,critical,,2026-08-03,ExtSentry (github.com/mthcht/awesome-lists)
hbhldhipemjbfcdlanhifabdgapnhgbd,ViewPDF,*hbhldhipemjbfcdlanhifabdgapnhgbd*,malware,malicious,https://innovatecybersecurity.com/research/analysis-of-galcomm-communigal-chrome-extension-malware/,,https://chromewebstore.google.com/detail/hbhldhipemjbfcdlanhifabdgapnhgbd,critical,,2026-08-03,ExtSentry (github.com/mthcht/awesome-lists)
hjncnnhioabgjeokhinifgjcallhenll,PDFcreate,*hjncnnhioabgjeokhinifgjcallhenll*,malware,malicious,https://innovatecybersecurity.com/research/analysis-of-galcomm-communigal-chrome-extension-malware/,,https://chromewebstore.google.com/detail/hjncnnhioabgjeokhinifgjcallhenll,critical,,2026-08-03,ExtSentry (github.com/mthcht/awesome-lists)
icmgebopaejnjlncllgmcenbbflikfjd,Search Manager,*icmgebopaejnjlncllgmcenbbflikfjd*,malware,malicious,https://innovatecybersecurity.com/research/analysis-of-galcomm-communigal-chrome-extension-malware/,,https://chromewebstore.google.com/detail/icmgebopaejnjlncllgmcenbbflikfjd,critical,,2026-08-03,ExtSentry (github.com/mthcht/awesome-lists)
ijahobfejgeblmkpcmgpelfibgnnjpil,Search Manager,*ijahobfejgeblmkpcmgpelfibgnnjpil*,malware,malicious,https://innovatecybersecurity.com/research/analysis-of-galcomm-communigal-chrome-extension-malware/,,https://chromewebstore.google.com/detail/ijahobfejgeblmkpcmgpelfibgnnjpil,critical,,2026-08-03,ExtSentry (github.com/mthcht/awesome-lists)
ijcgfgdkipppfbkiikoddcjflephnpmf,DoctoPDF,*ijcgfgdkipppfbkiikoddcjflephnpmf*,malware,malicious,https://innovatecybersecurity.com/research/analysis-of-galcomm-communigal-chrome-extension-malware/,,https://chromewebstore.google.com/detail/ijcgfgdkipppfbkiikoddcjflephnpmf,critical,,2026-08-03,ExtSentry (github.com/mthcht/awesome-lists)
jkppdkadcnfnafkfjdhgbmhklhilimli,EasyConvert,*jkppdkadcnfnafkfjdhgbmhklhilimli*,malware,malicious,https://innovatecybersecurity.com/research/analysis-of-galcomm-communigal-chrome-extension-malware/,,https://chromewebstore.google.com/detail/jkppdkadcnfnafkfjdhgbmhklhilimli,critical,,2026-08-03,ExtSentry (github.com/mthcht/awesome-lists)
kifdhfgalmlmpcbbbimokkipeobjmpcl,TheDocPDFConverter,*kifdhfgalmlmpcbbbimokkipeobjmpcl*,malware,malicious,https://innovatecybersecurity.com/research/analysis-of-galcomm-communigal-chrome-extension-malware/,,https://chromewebstore.google.com/detail/kifdhfgalmlmpcbbbimokkipeobjmpcl,critical,,2026-08-03,ExtSentry (github.com/mthcht/awesome-lists)
kjcfanhkgmaaneaenocapblddnobeeci,Search Manager,*kjcfanhkgmaaneaenocapblddnobeeci*,malware,malicious,https://innovatecybersecurity.com/research/analysis-of-galcomm-communigal-chrome-extension-malware/,,https://chromewebstore.google.com/detail/kjcfanhkgmaaneaenocapblddnobeeci,critical,,2026-08-03,ExtSentry (github.com/mthcht/awesome-lists)
mdodmpdhcdbdlbeahilnfoeidccceegj,DOCtoPDF,*mdodmpdhcdbdlbeahilnfoeidccceegj*,malware,malicious,https://innovatecybersecurity.com/research/analysis-of-galcomm-communigal-chrome-extension-malware/,,https://chromewebstore.google.com/detail/mdodmpdhcdbdlbeahilnfoeidccceegj,critical,,2026-08-03,ExtSentry (github.com/mthcht/awesome-lists)
mpledlgefahhhgodkdamhlplcjdgalme,ViewPDF,*mpledlgefahhhgodkdamhlplcjdgalme*,malware,malicious,https://innovatecybersecurity.com/research/analysis-of-galcomm-communigal-chrome-extension-malware/,,https://chromewebstore.google.com/detail/mpledlgefahhhgodkdamhlplcjdgalme,critical,,2026-08-03,ExtSentry (github.com/mthcht/awesome-lists)
nccfgpamboionigdpfjmijhlgmgdbael,Search Manager,*nccfgpamboionigdpfjmijhlgmgdbael*,malware,malicious,https://innovatecybersecurity.com/research/analysis-of-galcomm-communigal-chrome-extension-malware/,,https://chromewebstore.google.com/detail/nccfgpamboionigdpfjmijhlgmgdbael,critical,,2026-08-03,ExtSentry (github.com/mthcht/awesome-lists)
nofdiclilfkicekdajkiaieafeciemlh,Your Docs To PDF,*nofdiclilfkicekdajkiaieafeciemlh*,malware,malicious,https://innovatecybersecurity.com/research/analysis-of-galcomm-communigal-chrome-extension-malware/,,https://chromewebstore.google.com/detail/nofdiclilfkicekdajkiaieafeciemlh,critical,,2026-08-03,ExtSentry (github.com/mthcht/awesome-lists)
ocilpnnapnkmcdabaeoobbamlniheaep,Search Manager,*ocilpnnapnkmcdabaeoobbamlniheaep*,malware,malicious,https://innovatecybersecurity.com/research/analysis-of-galcomm-communigal-chrome-extension-malware/,,https://chromewebstore.google.com/detail/ocilpnnapnkmcdabaeoobbamlniheaep,critical,,2026-08-03,ExtSentry (github.com/mthcht/awesome-lists)
ojmoedcpcgeminijlnogdmkelkcfalfl,EasyConvert,*ojmoedcpcgeminijlnogdmkelkcfalfl*,malware,malicious,https://innovatecybersecurity.com/research/analysis-of-galcomm-communigal-chrome-extension-malware/,,https://chromewebstore.google.com/detail/ojmoedcpcgeminijlnogdmkelkcfalfl,critical,,2026-08-03,ExtSentry (github.com/mthcht/awesome-lists)
olojcnagmcbplpdddabmpfehhlleobpb,Search Manager,*olojcnagmcbplpdddabmpfehhlleobpb*,malware,malicious,https://innovatecybersecurity.com/research/analysis-of-galcomm-communigal-chrome-extension-malware/,,https://chromewebstore.google.com/detail/olojcnagmcbplpdddabmpfehhlleobpb,critical,,2026-08-03,ExtSentry (github.com/mthcht/awesome-lists)
ommbgnllpkjnidkcnginhlacffdcdijc,Search Manager,*ommbgnllpkjnidkcnginhlacffdcdijc*,malware,malicious,https://innovatecybersecurity.com/research/analysis-of-galcomm-communigal-chrome-extension-malware/,,https://chromewebstore.google.com/detail/ommbgnllpkjnidkcnginhlacffdcdijc,critical,,2026-08-03,ExtSentry (github.com/mthcht/awesome-lists)
onkopdeihmdimjphfbmlefelnegjkefb,TheDocPDFConverter,*onkopdeihmdimjphfbmlefelnegjkefb*,malware,malicious,https://innovatecybersecurity.com/research/analysis-of-galcomm-communigal-chrome-extension-malware/,,https://chromewebstore.google.com/detail/onkopdeihmdimjphfbmlefelnegjkefb,critical,,2026-08-03,ExtSentry (github.com/mthcht/awesome-lists)
ceopoaldcnmhechacafgagdkklcogkgd,OnlineMapFinder,*ceopoaldcnmhechacafgagdkklcogkgd*,malware,malicious,https://securelist.com/threat-in-your-browser-extensions/107181/,,https://chromewebstore.google.com/detail/ceopoaldcnmhechacafgagdkklcogkgd,critical,,2026-08-03,ExtSentry (github.com/mthcht/awesome-lists)
colgdlijdieibnaccfdcdbpdffofkfeb,Google Translate,*colgdlijdieibnaccfdcdbpdffofkfeb*,malware,malicious,https://securelist.com/threat-in-your-browser-extensions/107181/,,https://chromewebstore.google.com/detail/colgdlijdieibnaccfdcdbpdffofkfeb,critical,,2026-08-03,ExtSentry (github.com/mthcht/awesome-lists)
fdempkefdmgfcogieifmnadjhohaljcb,Google Translate,*fdempkefdmgfcogieifmnadjhohaljcb*,malware,malicious,https://securelist.com/threat-in-your-browser-extensions/107181/,,https://chromewebstore.google.com/detail/fdempkefdmgfcogieifmnadjhohaljcb,critical,,2026-08-03,ExtSentry (github.com/mthcht/awesome-lists)
fncbkmmlcehhipmmofdhejcggdapcmon,EasyPDFCombine,*fncbkmmlcehhipmmofdhejcggdapcmon*,malware,malicious,https://securelist.com/threat-in-your-browser-extensions/107181/,,https://chromewebstore.google.com/detail/fncbkmmlcehhipmmofdhejcggdapcmon,critical,,2026-08-03,ExtSentry (github.com/mthcht/awesome-lists)
kpocjpoifmommoiiiamepombpeoaehfh,OnlineMapFinder,*kpocjpoifmommoiiiamepombpeoaehfh*,malware,malicious,https://securelist.com/threat-in-your-browser-extensions/107181/,,https://chromewebstore.google.com/detail/kpocjpoifmommoiiiamepombpeoaehfh,critical,,2026-08-03,ExtSentry (github.com/mthcht/awesome-lists)
mabloidgodmbnmnhoenmhlcjkfelomgp,EasyDocMerge,*mabloidgodmbnmnhoenmhlcjkfelomgp*,malware,malicious,https://securelist.com/threat-in-your-browser-extensions/107181/,,https://chromewebstore.google.com/detail/mabloidgodmbnmnhoenmhlcjkfelomgp,critical,,2026-08-03,ExtSentry (github.com/mthcht/awesome-lists)
mallpejgeafdahhflmliiahjdpgbegpk,PDF Viewer & Converter by FromDocToPDF,*mallpejgeafdahhflmliiahjdpgbegpk*,malware,malicious,https://securelist.com/threat-in-your-browser-extensions/107181/,,https://chromewebstore.google.com/detail/mallpejgeafdahhflmliiahjdpgbegpk,critical,,2026-08-03,ExtSentry (github.com/mthcht/awesome-lists)
ncjbeingokdeimlmolagjaddccfdlkbd,Internal Chromium Extension,*ncjbeingokdeimlmolagjaddccfdlkbd*,malware,malicious,https://securelist.com/threat-in-your-browser-extensions/107181/,,https://chromewebstore.google.com/detail/ncjbeingokdeimlmolagjaddccfdlkbd,critical,,2026-08-03,ExtSentry (github.com/mthcht/awesome-lists)
aapbdbdomjkkjkaonfhkkikfgjllcleb,impersonated google translate,*aapbdbdomjkkjkaonfhkkikfgjllcleb*,malware,impersonated,https://www.zimperium.com/blog/abc-soup-the-malicious-adware-extension-with-350-variants/,impersonated google translate,https://chromewebstore.google.com/detail/aapbdbdomjkkjkaonfhkkikfgjllcleb,medium,,2026-08-03,ExtSentry (github.com/mthcht/awesome-lists)
eenjdnjldapjajjofmldgmkjaienebbj,Copyfish,*eenjdnjldapjajjofmldgmkjaienebbj*,malware,compromised,https://www.bleepingcomputer.com/news/security/copyfish-chrome-extension-hijacked-to-show-adware/,,https://chromewebstore.google.com/detail/eenjdnjldapjajjofmldgmkjaienebbj,medium,,2026-08-03,ExtSentry (github.com/mthcht/awesome-lists)
lcdlanlaneooailnebnhamiiieebikid,Internet Download Manager,*lcdlanlaneooailnebnhamiiieebikid*,malware,malicious,https://www.bleepingcomputer.com/news/security/fake-chrome-extension-internet-download-manager-has-200-000-installs/,,https://chromewebstore.google.com/detail/lcdlanlaneooailnebnhamiiieebikid,critical,b4b47730b62592c21368c2546e578342fff8383693e89211155c2d61d88058ba,2026-08-03,ExtSentry (github.com/mthcht/awesome-lists)
llcdellnofncikmhimjdbkdjgpmcjbik,Internet-Start,*llcdellnofncikmhimjdbkdjgpmcjbik*,malware,malicious,https://blog.cyble.com/2022/11/22/over-2-million-users-affected-with-browser-hijackers/,,https://chromewebstore.google.com/detail/llcdellnofncikmhimjdbkdjgpmcjbik,critical,,2026-08-03,ExtSentry (github.com/mthcht/awesome-lists)
mjnbclmflcpookeapghfhapeffmpodij,"UltraSurf Security, Privacy & Unblock VPN",*mjnbclmflcpookeapghfhapeffmpodij*,malware,malicious,https://blog.cyble.com/2022/11/22/over-2-million-users-affected-with-browser-hijackers/,,https://chromewebstore.google.com/detail/mjnbclmflcpookeapghfhapeffmpodij,critical,,2026-08-03,ExtSentry (github.com/mthcht/awesome-lists)
odlnghcomkeenpeblhddfpacdncfjmna,WebSecurerr Browser Protection,*odlnghcomkeenpeblhddfpacdncfjmna*,malware,malicious,https://blog.cyble.com/2022/11/22/over-2-million-users-affected-with-browser-hijackers/,,https://chromewebstore.google.com/detail/odlnghcomkeenpeblhddfpacdncfjmna,critical,,2026-08-03,ExtSentry (github.com/mthcht/awesome-lists)
blddohgncmehcepnokognejaaahehncd,SearchBlox,*blddohgncmehcepnokognejaaahehncd*,malware,malicious,https://www.bleepingcomputer.com/news/security/backdoored-chrome-extension-installed-by-200-000-roblox-players,,https://chromewebstore.google.com/detail/blddohgncmehcepnokognejaaahehncd,critical,,2026-08-03,ExtSentry (github.com/mthcht/awesome-lists)
ccjalhebkdogpobnbdhfpincfeohonni,SearchBlox,*ccjalhebkdogpobnbdhfpincfeohonni*,malware,malicious,https://www.bleepingcomputer.com/news/security/backdoored-chrome-extension-installed-by-200-000-roblox-players,,https://chromewebstore.google.com/detail/ccjalhebkdogpobnbdhfpincfeohonni,critical,,2026-08-03,ExtSentry (github.com/mthcht/awesome-lists)
adcgijngmbpleglelbhmfnfgmgnnaojh,,*adcgijngmbpleglelbhmfnfgmgnnaojh*,malware,malicious,https://raw.githubusercontent.com/randomaccess3/detections/main/extensions/chromium/extracted/reddit_droidclub.txt,,https://chromewebstore.google.com/detail/adcgijngmbpleglelbhmfnfgmgnnaojh,critical,,2026-08-03,ExtSentry (github.com/mthcht/awesome-lists)
aflgnlnfhhfocmkikhfelilibcdmalfg,,*aflgnlnfhhfocmkikhfelilibcdmalfg*,malware,malicious,https://raw.githubusercontent.com/randomaccess3/detections/main/extensions/chromium/extracted/reddit_droidclub.txt,,https://chromewebstore.google.com/detail/aflgnlnfhhfocmkikhfelilibcdmalfg,critical,,2026-08-03,ExtSentry (github.com/mthcht/awesome-lists)
akbmkokbdbkfgnciimgbpndidcookica,,*akbmkokbdbkfgnciimgbpndidcookica*,malware,malicious,https://raw.githubusercontent.com/randomaccess3/detections/main/extensions/chromium/extracted/reddit_droidclub.txt,,https://chromewebstore.google.com/detail/akbmkokbdbkfgnciimgbpndidcookica,critical,,2026-08-03,ExtSentry (github.com/mthcht/awesome-lists)
bidmloagildlhkkiabgfdhpgkmhmgjho,,*bidmloagildlhkkiabgfdhpgkmhmgjho*,malware,malicious,https://raw.githubusercontent.com/randomaccess3/detections/main/extensions/chromium/extracted/reddit_droidclub.txt,,https://chromewebstore.google.com/detail/bidmloagildlhkkiabgfdhpgkmhmgjho,critical,,2026-08-03,ExtSentry (github.com/mthcht/awesome-lists)
cgmagmgdmfgambngmhahionnmiieejpb,,*cgmagmgdmfgambngmhahionnmiieejpb*,malware,malicious,https://raw.githubusercontent.com/randomaccess3/detections/main/extensions/chromium/extracted/reddit_droidclub.txt,,https://chromewebstore.google.com/detail/cgmagmgdmfgambngmhahionnmiieejpb,critical,,2026-08-03,ExtSentry (github.com/mthcht/awesome-lists)
dddpdjidpiddnldfpabcelinhoknaphc,,*dddpdjidpiddnldfpabcelinhoknaphc*,malware,malicious,https://raw.githubusercontent.com/randomaccess3/detections/main/extensions/chromium/extracted/reddit_droidclub.txt,,https://chromewebstore.google.com/detail/dddpdjidpiddnldfpabcelinhoknaphc,critical,,2026-08-03,ExtSentry (github.com/mthcht/awesome-lists)
dnflpnhpbffehddplcdlohealbgbbamk,,*dnflpnhpbffehddplcdlohealbgbbamk*,malware,malicious,https://raw.githubusercontent.com/randomaccess3/detections/main/extensions/chromium/extracted/reddit_droidclub.txt,,https://chromewebstore.google.com/detail/dnflpnhpbffehddplcdlohealbgbbamk,critical,,2026-08-03,ExtSentry (github.com/mthcht/awesome-lists)
doibabjiapabnfibohiinbmjjblnlioi,,*doibabjiapabnfibohiinbmjjblnlioi*,malware,malicious,https://raw.githubusercontent.com/randomaccess3/detections/main/extensions/chromium/extracted/reddit_droidclub.txt,,https://chromewebstore.google.com/detail/doibabjiapabnfibohiinbmjjblnlioi,critical,,2026-08-03,ExtSentry (github.com/mthcht/awesome-lists)
ebfekolillbapcjmlmjnlnkicapmhgjn,,*ebfekolillbapcjmlmjnlnkicapmhgjn*,malware,malicious,https://raw.githubusercontent.com/randomaccess3/detections/main/extensions/chromium/extracted/reddit_droidclub.txt,,https://chromewebstore.google.com/detail/ebfekolillbapcjmlmjnlnkicapmhgjn,critical,,2026-08-03,ExtSentry (github.com/mthcht/awesome-lists)
egbpmjkpccpjhfnhfhgeklgibepkimpd,,*egbpmjkpccpjhfnhfhgeklgibepkimpd*,malware,malicious,https://raw.githubusercontent.com/randomaccess3/detections/main/extensions/chromium/extracted/reddit_droidclub.txt,,https://chromewebstore.google.com/detail/egbpmjkpccpjhfnhfhgeklgibepkimpd,critical,,2026-08-03,ExtSentry (github.com/mthcht/awesome-lists)
fkfcmeoepjhclglafbppmeidjjolcgid,,*fkfcmeoepjhclglafbppmeidjjolcgid*,malware,malicious,https://raw.githubusercontent.com/randomaccess3/detections/main/extensions/chromium/extracted/reddit_droidclub.txt,,https://chromewebstore.google.com/detail/fkfcmeoepjhclglafbppmeidjjolcgid,critical,,2026-08-03,ExtSentry (github.com/mthcht/awesome-lists)
gjidffbnnlofmglgmbljkklgelnbidgo,,*gjidffbnnlofmglgmbljkklgelnbidgo*,malware,malicious,https://raw.githubusercontent.com/randomaccess3/detections/main/extensions/chromium/extracted/reddit_droidclub.txt,,https://chromewebstore.google.com/detail/gjidffbnnlofmglgmbljkklgelnbidgo,critical,,2026-08-03,ExtSentry (github.com/mthcht/awesome-lists)
gmfijjnfjoeafkhalnojfbaekemcofoi,,*gmfijjnfjoeafkhalnojfbaekemcofoi*,malware,malicious,https://raw.githubusercontent.com/randomaccess3/detections/main/extensions/chromium/extracted/reddit_droidclub.txt,,https://chromewebstore.google.com/detail/gmfijjnfjoeafkhalnojfbaekemcofoi,critical,,2026-08-03,ExtSentry (github.com/mthcht/awesome-lists)
hhaalpeklfijljphgfkgppokkijcbpga,,*hhaalpeklfijljphgfkgppokkijcbpga*,malware,malicious,https://raw.githubusercontent.com/randomaccess3/detections/main/extensions/chromium/extracted/reddit_droidclub.txt,,https://chromewebstore.google.com/detail/hhaalpeklfijljphgfkgppokkijcbpga,critical,,2026-08-03,ExtSentry (github.com/mthcht/awesome-lists)
himefdaeljlpmlikhdpinjfiohijjlng,,*himefdaeljlpmlikhdpinjfiohijjlng*,malware,malicious,https://raw.githubusercontent.com/randomaccess3/detections/main/extensions/chromium/extracted/reddit_droidclub.txt,,https://chromewebstore.google.com/detail/himefdaeljlpmlikhdpinjfiohijjlng,critical,,2026-08-03,ExtSentry (github.com/mthcht/awesome-lists)
ijjnmdphpnlnelhbhefnfmimenjgbfcn,,*ijjnmdphpnlnelhbhefnfmimenjgbfcn*,malware,malicious,https://raw.githubusercontent.com/randomaccess3/detections/main/extensions/chromium/extracted/reddit_droidclub.txt,,https://chromewebstore.google.com/detail/ijjnmdphpnlnelhbhefnfmimenjgbfcn,critical,,2026-08-03,ExtSentry (github.com/mthcht/awesome-lists)
ikgjglmlehllifdekcggaapkaplbdpje,,*ikgjglmlehllifdekcggaapkaplbdpje*,malware,malicious,https://raw.githubusercontent.com/randomaccess3/detections/main/extensions/chromium/extracted/reddit_droidclub.txt,,https://chromewebstore.google.com/detail/ikgjglmlehllifdekcggaapkaplbdpje,critical,,2026-08-03,ExtSentry (github.com/mthcht/awesome-lists)
jadhamcfimejpbemfkgoeijaimpciehj,,*jadhamcfimejpbemfkgoeijaimpciehj*,malware,malicious,https://raw.githubusercontent.com/randomaccess3/detections/main/extensions/chromium/extracted/reddit_droidclub.txt,,https://chromewebstore.google.com/detail/jadhamcfimejpbemfkgoeijaimpciehj,critical,,2026-08-03,ExtSentry (github.com/mthcht/awesome-lists)
jcnijlipdlfgjojinphboifjbedkkjpk,,*jcnijlipdlfgjojinphboifjbedkkjpk*,malware,malicious,https://raw.githubusercontent.com/randomaccess3/detections/main/extensions/chromium/extracted/reddit_droidclub.txt,,https://chromewebstore.google.com/detail/jcnijlipdlfgjojinphboifjbedkkjpk,critical,,2026-08-03,ExtSentry (github.com/mthcht/awesome-lists)
jkbnhlhcdndaamafgbelomapajcnjpde,,*jkbnhlhcdndaamafgbelomapajcnjpde*,malware,malicious,https://raw.githubusercontent.com/randomaccess3/detections/main/extensions/chromium/extracted/reddit_droidclub.txt,,https://chromewebstore.google.com/detail/jkbnhlhcdndaamafgbelomapajcnjpde,critical,,2026-08-03,ExtSentry (github.com/mthcht/awesome-lists)
jlnojnckglpdpecfkmanbjgcbkibcgoa,,*jlnojnckglpdpecfkmanbjgcbkibcgoa*,malware,malicious,https://raw.githubusercontent.com/randomaccess3/detections/main/extensions/chromium/extracted/reddit_droidclub.txt,,https://chromewebstore.google.com/detail/jlnojnckglpdpecfkmanbjgcbkibcgoa,critical,,2026-08-03,ExtSentry (github.com/mthcht/awesome-lists)
jnnbmiailafajdkboegcjcdklooomfic,,*jnnbmiailafajdkboegcjcdklooomfic*,malware,malicious,https://raw.githubusercontent.com/randomaccess3/detections/main/extensions/chromium/extracted/reddit_droidclub.txt,,https://chromewebstore.google.com/detail/jnnbmiailafajdkboegcjcdklooomfic,critical,,2026-08-03,ExtSentry (github.com/mthcht/awesome-lists)
kbfheninkdonankpffgbmkilnlkmpdie,,*kbfheninkdonankpffgbmkilnlkmpdie*,malware,malicious,https://raw.githubusercontent.com/randomaccess3/detections/main/extensions/chromium/extracted/reddit_droidclub.txt,,https://chromewebstore.google.com/detail/kbfheninkdonankpffgbmkilnlkmpdie,critical,,2026-08-03,ExtSentry (github.com/mthcht/awesome-lists)
klfpepckaekiibejbehafgabnolmjajb,,*klfpepckaekiibejbehafgabnolmjajb*,malware,malicious,https://raw.githubusercontent.com/randomaccess3/detections/main/extensions/chromium/extracted/reddit_droidclub.txt,,https://chromewebstore.google.com/detail/klfpepckaekiibejbehafgabnolmjajb,critical,,2026-08-03,ExtSentry (github.com/mthcht/awesome-lists)
kohoehgoafblafjinhplmhcbphgaaobc,,*kohoehgoafblafjinhplmhcbphgaaobc*,malware,malicious,https://raw.githubusercontent.com/randomaccess3/detections/main/extensions/chromium/extracted/reddit_droidclub.txt,,https://chromewebstore.google.com/detail/kohoehgoafblafjinhplmhcbphgaaobc,critical,,2026-08-03,ExtSentry (github.com/mthcht/awesome-lists)
lbapdklahcjljfincdglncfpdgfhckcf,,*lbapdklahcjljfincdglncfpdgfhckcf*,malware,malicious,https://raw.githubusercontent.com/randomaccess3/detections/main/extensions/chromium/extracted/reddit_droidclub.txt,,https://chromewebstore.google.com/detail/lbapdklahcjljfincdglncfpdgfhckcf,critical,,2026-08-03,ExtSentry (github.com/mthcht/awesome-lists)
lgfehfbnofiffladdncogfobimealokp,,*lgfehfbnofiffladdncogfobimealokp*,malware,malicious,https://raw.githubusercontent.com/randomaccess3/detections/main/extensions/chromium/extracted/reddit_droidclub.txt,,https://chromewebstore.google.com/detail/lgfehfbnofiffladdncogfobimealokp,critical,,2026-08-03,ExtSentry (github.com/mthcht/awesome-lists)
mjohbbemcjnjcmgdlfimnlekklecjioi,,*mjohbbemcjnjcmgdlfimnlekklecjioi*,malware,malicious,https://raw.githubusercontent.com/randomaccess3/detections/main/extensions/chromium/extracted/reddit_droidclub.txt,,https://chromewebstore.google.com/detail/mjohbbemcjnjcmgdlfimnlekklecjioi,critical,,2026-08-03,ExtSentry (github.com/mthcht/awesome-lists)
mmgkbcihahpocjmclehpjejmgjmijcib,,*mmgkbcihahpocjmclehpjejmgjmijcib*,malware,malicious,https://raw.githubusercontent.com/randomaccess3/detections/main/extensions/chromium/extracted/reddit_droidclub.txt,,https://chromewebstore.google.com/detail/mmgkbcihahpocjmclehpjejmgjmijcib,critical,,2026-08-03,ExtSentry (github.com/mthcht/awesome-lists)
naedfjpkboljpmbmdnfnibcndmmgdnen,,*naedfjpkboljpmbmdnfnibcndmmgdnen*,malware,malicious,https://raw.githubusercontent.com/randomaccess3/detections/main/extensions/chromium/extracted/reddit_droidclub.txt,,https://chromewebstore.google.com/detail/naedfjpkboljpmbmdnfnibcndmmgdnen,critical,,2026-08-03,ExtSentry (github.com/mthcht/awesome-lists)
niojcggonafbneajjmkpkcigabaobmge,,*niojcggonafbneajjmkpkcigabaobmge*,malware,malicious,https://raw.githubusercontent.com/randomaccess3/detections/main/extensions/chromium/extracted/reddit_droidclub.txt,,https://chromewebstore.google.com/detail/niojcggonafbneajjmkpkcigabaobmge,critical,,2026-08-03,ExtSentry (github.com/mthcht/awesome-lists)
nmacmlcfcmckdohgadnopepbmdahacfi,,*nmacmlcfcmckdohgadnopepbmdahacfi*,malware,malicious,https://raw.githubusercontent.com/randomaccess3/detections/main/extensions/chromium/extracted/reddit_droidclub.txt,,https://chromewebstore.google.com/detail/nmacmlcfcmckdohgadnopepbmdahacfi,critical,,2026-08-03,ExtSentry (github.com/mthcht/awesome-lists)
nmoljkcokoboaagjadndhkcemgmnoaoa,,*nmoljkcokoboaagjadndhkcemgmnoaoa*,malware,malicious,https://raw.githubusercontent.com/randomaccess3/detections/main/extensions/chromium/extracted/reddit_droidclub.txt,,https://chromewebstore.google.com/detail/nmoljkcokoboaagjadndhkcemgmnoaoa,critical,,2026-08-03,ExtSentry (github.com/mthcht/awesome-lists)
npmoikddpdgbhgbkjgjemncoegpojpng,,*npmoikddpdgbhgbkjgjemncoegpojpng*,malware,malicious,https://raw.githubusercontent.com/randomaccess3/detections/main/extensions/chromium/extracted/reddit_droidclub.txt,,https://chromewebstore.google.com/detail/npmoikddpdgbhgbkjgjemncoegpojpng,critical,,2026-08-03,ExtSentry (github.com/mthcht/awesome-lists)
odcommfbpjnempjflnjmgmnfpgcadboo,,*odcommfbpjnempjflnjmgmnfpgcadboo*,malware,malicious,https://raw.githubusercontent.com/randomaccess3/detections/main/extensions/chromium/extracted/reddit_droidclub.txt,,https://chromewebstore.google.com/detail/odcommfbpjnempjflnjmgmnfpgcadboo,critical,,2026-08-03,ExtSentry (github.com/mthcht/awesome-lists)
pnacmlfckijnmogihjeaojfnfiplhhpj,,*pnacmlfckijnmogihjeaojfnfiplhhpj*,malware,malicious,https://raw.githubusercontent.com/randomaccess3/detections/main/extensions/chromium/extracted/reddit_droidclub.txt,,https://chromewebstore.google.com/detail/pnacmlfckijnmogihjeaojfnfiplhhpj,critical,,2026-08-03,ExtSentry (github.com/mthcht/awesome-lists)
ppgplhcfmaadpnkmnkhgadmaekeldbnh,,*ppgplhcfmaadpnkmnkhgadmaekeldbnh*,malware,malicious,https://raw.githubusercontent.com/randomaccess3/detections/main/extensions/chromium/extracted/reddit_droidclub.txt,,https://chromewebstore.google.com/detail/ppgplhcfmaadpnkmnkhgadmaekeldbnh,critical,,2026-08-03,ExtSentry (github.com/mthcht/awesome-lists)
aedobkofagambpnhibndgllabmkhiink,Cheesy Barbecue Bacon,*aedobkofagambpnhibndgllabmkhiink*,malware,malicious,https://documents.trendmicro.com/assets/pdf/appendix-droidclub.pdf,,https://chromewebstore.google.com/detail/aedobkofagambpnhibndgllabmkhiink,critical,,2026-08-03,ExtSentry (github.com/mthcht/awesome-lists)
ahcodkopnoolabmeeddimaccfbbgbnkg,Inspired Wall Hanging,*ahcodkopnoolabmeeddimaccfbbgbnkg*,malware,malicious,https://documents.trendmicro.com/assets/pdf/appendix-droidclub.pdf,,https://chromewebstore.google.com/detail/ahcodkopnoolabmeeddimaccfbbgbnkg,critical,,2026-08-03,ExtSentry (github.com/mthcht/awesome-lists)
ahgfcgbmapkkfkkngkbgdhmefglhhoch,Seafood Cioppino,*ahgfcgbmapkkfkkngkbgdhmefglhhoch*,malware,malicious,https://documents.trendmicro.com/assets/pdf/appendix-droidclub.pdf,,https://chromewebstore.google.com/detail/ahgfcgbmapkkfkkngkbgdhmefglhhoch,critical,,2026-08-03,ExtSentry (github.com/mthcht/awesome-lists)
ajfmifgcjbdlifbbcoocbagcpbpbafip,Chalkboard Serving Tray,*ajfmifgcjbdlifbbcoocbagcpbpbafip*,malware,malicious,https://documents.trendmicro.com/assets/pdf/appendix-droidclub.pdf,,https://chromewebstore.google.com/detail/ajfmifgcjbdlifbbcoocbagcpbpbafip,critical,,2026-08-03,ExtSentry (github.com/mthcht/awesome-lists)
alcemhodmihppbkoipjoiigeladbmfab,Perfect Steaks,*alcemhodmihppbkoipjoiigeladbmfab*,malware,malicious,https://documents.trendmicro.com/assets/pdf/appendix-droidclub.pdf,,https://chromewebstore.google.com/detail/alcemhodmihppbkoipjoiigeladbmfab,critical,,2026-08-03,ExtSentry (github.com/mthcht/awesome-lists)
amhboafopmbeaiifkcmolgielebplddn,Cute Reindeer Cake,*amhboafopmbeaiifkcmolgielebplddn*,malware,malicious,https://documents.trendmicro.com/assets/pdf/appendix-droidclub.pdf,,https://chromewebstore.google.com/detail/amhboafopmbeaiifkcmolgielebplddn,critical,,2026-08-03,ExtSentry (github.com/mthcht/awesome-lists)
bajpajaplkkmfohgfckjdcmjaodhigbm,New bag from t-shirt,*bajpajaplkkmfohgfckjdcmjaodhigbm*,malware,malicious,https://documents.trendmicro.com/assets/pdf/appendix-droidclub.pdf,,https://chromewebstore.google.com/detail/bajpajaplkkmfohgfckjdcmjaodhigbm,critical,,2026-08-03,ExtSentry (github.com/mthcht/awesome-lists)
bbjnbbkmmlfamopoapkcbhknhjolebll,Toss Carnival Game,*bbjnbbkmmlfamopoapkcbhknhjolebll*,malware,malicious,https://documents.trendmicro.com/assets/pdf/appendix-droidclub.pdf,,https://chromewebstore.google.com/detail/bbjnbbkmmlfamopoapkcbhknhjolebll,critical,,2026-08-03,ExtSentry (github.com/mthcht/awesome-lists)
bbklochlbdnjkepkogifmlaaejfgnjhf,Holiday Scene,*bbklochlbdnjkepkogifmlaaejfgnjhf*,malware,malicious,https://documents.trendmicro.com/assets/pdf/appendix-droidclub.pdf,,https://chromewebstore.google.com/detail/bbklochlbdnjkepkogifmlaaejfgnjhf,critical,,2026-08-03,ExtSentry (github.com/mthcht/awesome-lists)
caepkodhijhgkecbklgldhkdaepalahh,Christmas Paper Lantern,*caepkodhijhgkecbklgldhkdaepalahh*,malware,malicious,https://documents.trendmicro.com/assets/pdf/appendix-droidclub.pdf,,https://chromewebstore.google.com/detail/caepkodhijhgkecbklgldhkdaepalahh,critical,,2026-08-03,ExtSentry (github.com/mthcht/awesome-lists)
chnfpgfeobeekbnpmaajncohmppfpfjb,Salad Garden,*chnfpgfeobeekbnpmaajncohmppfpfjb*,malware,malicious,https://documents.trendmicro.com/assets/pdf/appendix-droidclub.pdf,,https://chromewebstore.google.com/detail/chnfpgfeobeekbnpmaajncohmppfpfjb,critical,,2026-08-03,ExtSentry (github.com/mthcht/awesome-lists)
ckcnkbhdcgbfjjpomejcknjflkggmpjm,a Birch Wood Reindeer,*ckcnkbhdcgbfjjpomejcknjflkggmpjm*,malware,malicious,https://documents.trendmicro.com/assets/pdf/appendix-droidclub.pdf,,https://chromewebstore.google.com/detail/ckcnkbhdcgbfjjpomejcknjflkggmpjm,critical,,2026-08-03,ExtSentry (github.com/mthcht/awesome-lists)
cklihcncoeagchmooepokamfkjfofkep,Peaches and Plums,*cklihcncoeagchmooepokamfkjfofkep*,malware,malicious,https://documents.trendmicro.com/assets/pdf/appendix-droidclub.pdf,,https://chromewebstore.google.com/detail/cklihcncoeagchmooepokamfkjfofkep,critical,,2026-08-03,ExtSentry (github.com/mthcht/awesome-lists)
clcemeljdlfkhddlfcplkibelopdhdik,Cookie Dough,*clcemeljdlfkhddlfcplkibelopdhdik*,malware,malicious,https://documents.trendmicro.com/assets/pdf/appendix-droidclub.pdf,,https://chromewebstore.google.com/detail/clcemeljdlfkhddlfcplkibelopdhdik,critical,,2026-08-03,ExtSentry (github.com/mthcht/awesome-lists)
clglkelnalggbnimiglpodkhledoenfk,To Deodorize Laundry,*clglkelnalggbnimiglpodkhledoenfk*,malware,malicious,https://documents.trendmicro.com/assets/pdf/appendix-droidclub.pdf,,https://chromewebstore.google.com/detail/clglkelnalggbnimiglpodkhledoenfk,critical,,2026-08-03,ExtSentry (github.com/mthcht/awesome-lists)
ddllmjjlakacffbeidndbdogijobmble,Homemade Carpet Cleaner,*ddllmjjlakacffbeidndbdogijobmble*,malware,malicious,https://documents.trendmicro.com/assets/pdf/appendix-droidclub.pdf,,https://chromewebstore.google.com/detail/ddllmjjlakacffbeidndbdogijobmble,critical,,2026-08-03,ExtSentry (github.com/mthcht/awesome-lists)
dkmddfhmoocfdhcogjagaijjcinbdmeb,How to Make Gumbo,*dkmddfhmoocfdhcogjagaijjcinbdmeb*,malware,malicious,https://documents.trendmicro.com/assets/pdf/appendix-droidclub.pdf,,https://chromewebstore.google.com/detail/dkmddfhmoocfdhcogjagaijjcinbdmeb,critical,,2026-08-03,ExtSentry (github.com/mthcht/awesome-lists)
edbkkbdfomalmbjdpfhaiciheppjihgo,Pinwheel Rosettes,*edbkkbdfomalmbjdpfhaiciheppjihgo*,malware,malicious,https://documents.trendmicro.com/assets/pdf/appendix-droidclub.pdf,,https://chromewebstore.google.com/detail/edbkkbdfomalmbjdpfhaiciheppjihgo,critical,,2026-08-03,ExtSentry (github.com/mthcht/awesome-lists)
edndmdgfkambceallfcifndcnihfkhce,Ideas to Beautify Your Apartment,*edndmdgfkambceallfcifndcnihfkhce*,malware,malicious,https://documents.trendmicro.com/assets/pdf/appendix-droidclub.pdf,,https://chromewebstore.google.com/detail/edndmdgfkambceallfcifndcnihfkhce,critical,,2026-08-03,ExtSentry (github.com/mthcht/awesome-lists)
eefgplhbgoepdkcjhlbpedgpchkgfedo,Zipper in a Sweatshirt,*eefgplhbgoepdkcjhlbpedgpchkgfedo*,malware,malicious,https://documents.trendmicro.com/assets/pdf/appendix-droidclub.pdf,,https://chromewebstore.google.com/detail/eefgplhbgoepdkcjhlbpedgpchkgfedo,critical,,2026-08-03,ExtSentry (github.com/mthcht/awesome-lists)
egdcgagkkckipplmpfdfimmcipjjfkko,Pickled Jalapenos,*egdcgagkkckipplmpfdfimmcipjjfkko*,malware,malicious,https://documents.trendmicro.com/assets/pdf/appendix-droidclub.pdf,,https://chromewebstore.google.com/detail/egdcgagkkckipplmpfdfimmcipjjfkko,critical,,2026-08-03,ExtSentry (github.com/mthcht/awesome-lists)
egjmkjdlkbjjenockdaamogoiioojgjp,Edible Eyeball Pizza,*egjmkjdlkbjjenockdaamogoiioojgjp*,malware,malicious,https://documents.trendmicro.com/assets/pdf/appendix-droidclub.pdf,,https://chromewebstore.google.com/detail/egjmkjdlkbjjenockdaamogoiioojgjp,critical,,2026-08-03,ExtSentry (github.com/mthcht/awesome-lists)
egoalalhadillklokiiennmdflbhehoh,A Turkey Napkin,*egoalalhadillklokiiennmdflbhehoh*,malware,malicious,https://documents.trendmicro.com/assets/pdf/appendix-droidclub.pdf,,https://chromewebstore.google.com/detail/egoalalhadillklokiiennmdflbhehoh,critical,,2026-08-03,ExtSentry (github.com/mthcht/awesome-lists)
ekeimjfcakmhnblboldknbnnhedjehjo,Shrunken Head Apple Martini,*ekeimjfcakmhnblboldknbnnhedjehjo*,malware,malicious,https://documents.trendmicro.com/assets/pdf/appendix-droidclub.pdf,,https://chromewebstore.google.com/detail/ekeimjfcakmhnblboldknbnnhedjehjo,critical,,2026-08-03,ExtSentry (github.com/mthcht/awesome-lists)
emdcmoghepkahnnlfmejnibfbmeoogmb,Watch Strap,*emdcmoghepkahnnlfmejnibfbmeoogmb*,malware,malicious,https://documents.trendmicro.com/assets/pdf/appendix-droidclub.pdf,,https://chromewebstore.google.com/detail/emdcmoghepkahnnlfmejnibfbmeoogmb,critical,,2026-08-03,ExtSentry (github.com/mthcht/awesome-lists)
eodhkpnifohleagpkpkkihmokkcncokf,Charming Hanging Lanterns,*eodhkpnifohleagpkpkkihmokkcncokf*,malware,malicious,https://documents.trendmicro.com/assets/pdf/appendix-droidclub.pdf,,https://chromewebstore.google.com/detail/eodhkpnifohleagpkpkkihmokkcncokf,critical,,2026-08-03,ExtSentry (github.com/mthcht/awesome-lists)
fegiafbcldadckahemhlfcopplfdlmkp,Sugar Cookie Icing,*fegiafbcldadckahemhlfcopplfdlmkp*,malware,malicious,https://documents.trendmicro.com/assets/pdf/appendix-droidclub.pdf,,https://chromewebstore.google.com/detail/fegiafbcldadckahemhlfcopplfdlmkp,critical,,2026-08-03,ExtSentry (github.com/mthcht/awesome-lists)
ffkenifflcedlgdkgilddnkaimmbhnec,Homemade Drawer Freshener,*ffkenifflcedlgdkgilddnkaimmbhnec*,malware,malicious,https://documents.trendmicro.com/assets/pdf/appendix-droidclub.pdf,,https://chromewebstore.google.com/detail/ffkenifflcedlgdkgilddnkaimmbhnec,critical,,2026-08-03,ExtSentry (github.com/mthcht/awesome-lists)
fghmmljkejbamjhomoodegbepogpheef,Homemade Frozen Pizza,*fghmmljkejbamjhomoodegbepogpheef*,malware,malicious,https://documents.trendmicro.com/assets/pdf/appendix-droidclub.pdf,,https://chromewebstore.google.com/detail/fghmmljkejbamjhomoodegbepogpheef,critical,,2026-08-03,ExtSentry (github.com/mthcht/awesome-lists)
fhnpncldijeifoiefkimdjebgkgidpgd,Black Tap Copycat,*fhnpncldijeifoiefkimdjebgkgidpgd*,malware,malicious,https://documents.trendmicro.com/assets/pdf/appendix-droidclub.pdf,,https://chromewebstore.google.com/detail/fhnpncldijeifoiefkimdjebgkgidpgd,critical,,2026-08-03,ExtSentry (github.com/mthcht/awesome-lists)
fmhocfhibfmddhnfcflkodjdnflcgkdp,Desert Style Basket,*fmhocfhibfmddhnfcflkodjdnflcgkdp*,malware,malicious,https://documents.trendmicro.com/assets/pdf/appendix-droidclub.pdf,,https://chromewebstore.google.com/detail/fmhocfhibfmddhnfcflkodjdnflcgkdp,critical,,2026-08-03,ExtSentry (github.com/mthcht/awesome-lists)
fppfjlcbcjhfobfaichenmodmadgmbne,Air Plant Holder,*fppfjlcbcjhfobfaichenmodmadgmbne*,malware,malicious,https://documents.trendmicro.com/assets/pdf/appendix-droidclub.pdf,,https://chromewebstore.google.com/detail/fppfjlcbcjhfobfaichenmodmadgmbne,critical,,2026-08-03,ExtSentry (github.com/mthcht/awesome-lists)
gbhkbbffliokhhhibdedjcjoecnikiml,Homemade Freshen Up,*gbhkbbffliokhhhibdedjcjoecnikiml*,malware,malicious,https://documents.trendmicro.com/assets/pdf/appendix-droidclub.pdf,,https://chromewebstore.google.com/detail/gbhkbbffliokhhhibdedjcjoecnikiml,critical,,2026-08-03,ExtSentry (github.com/mthcht/awesome-lists)
ghcogfnebgohebaklihmafkofhldcebl,Candied Pecans,*ghcogfnebgohebaklihmafkofhldcebl*,malware,malicious,https://documents.trendmicro.com/assets/pdf/appendix-droidclub.pdf,,https://chromewebstore.google.com/detail/ghcogfnebgohebaklihmafkofhldcebl,critical,,2026-08-03,ExtSentry (github.com/mthcht/awesome-lists)
gidollmkeombihcojmdjgfekbipejkoj,Cherry Blueberry Pie,*gidollmkeombihcojmdjgfekbipejkoj*,malware,malicious,https://documents.trendmicro.com/assets/pdf/appendix-droidclub.pdf,,https://chromewebstore.google.com/detail/gidollmkeombihcojmdjgfekbipejkoj,critical,,2026-08-03,ExtSentry (github.com/mthcht/awesome-lists)
gmpceckpipekimgkonhmhoidfffbeinh,Croissant French Toast,*gmpceckpipekimgkonhmhoidfffbeinh*,malware,malicious,https://documents.trendmicro.com/assets/pdf/appendix-droidclub.pdf,,https://chromewebstore.google.com/detail/gmpceckpipekimgkonhmhoidfffbeinh,critical,,2026-08-03,ExtSentry (github.com/mthcht/awesome-lists)
gnkieagafibgmfdefcbedaeplecddjkd,Italian Skewers,*gnkieagafibgmfdefcbedaeplecddjkd*,malware,malicious,https://documents.trendmicro.com/assets/pdf/appendix-droidclub.pdf,,https://chromewebstore.google.com/detail/gnkieagafibgmfdefcbedaeplecddjkd,critical,,2026-08-03,ExtSentry (github.com/mthcht/awesome-lists)
gpmgeepeilllooepnckccihefopjbebb,Outdoor Garbage Cans,*gpmgeepeilllooepnckccihefopjbebb*,malware,malicious,https://documents.trendmicro.com/assets/pdf/appendix-droidclub.pdf,,https://chromewebstore.google.com/detail/gpmgeepeilllooepnckccihefopjbebb,critical,,2026-08-03,ExtSentry (github.com/mthcht/awesome-lists)
hjlbdangjggpfmhjbcccnnpnhhhpgpdf,Spin Art Machine,*hjlbdangjggpfmhjbcccnnpnhhhpgpdf*,malware,malicious,https://documents.trendmicro.com/assets/pdf/appendix-droidclub.pdf,,https://chromewebstore.google.com/detail/hjlbdangjggpfmhjbcccnnpnhhhpgpdf,critical,,2026-08-03,ExtSentry (github.com/mthcht/awesome-lists)
hnokbehlbjkbhlihbldeojhjpekehmmf,Orange Pomegranate Sangria,*hnokbehlbjkbhlihbldeojhjpekehmmf*,malware,malicious,https://documents.trendmicro.com/assets/pdf/appendix-droidclub.pdf,,https://chromewebstore.google.com/detail/hnokbehlbjkbhlihbldeojhjpekehmmf,critical,,2026-08-03,ExtSentry (github.com/mthcht/awesome-lists)
hofflgideggmbkicgkniefmmhkhelefj,Star Shaped Pies,*hofflgideggmbkicgkniefmmhkhelefj*,malware,malicious,https://documents.trendmicro.com/assets/pdf/appendix-droidclub.pdf,,https://chromewebstore.google.com/detail/hofflgideggmbkicgkniefmmhkhelefj,critical,,2026-08-03,ExtSentry (github.com/mthcht/awesome-lists)
hpfpmcafjghjgdilidipkfgpomphgekf,Applesauce Christmas Ornaments,*hpfpmcafjghjgdilidipkfgpomphgekf*,malware,malicious,https://documents.trendmicro.com/assets/pdf/appendix-droidclub.pdf,,https://chromewebstore.google.com/detail/hpfpmcafjghjgdilidipkfgpomphgekf,critical,,2026-08-03,ExtSentry (github.com/mthcht/awesome-lists)
iamfjjibfikiafdleojocafoaejhpljk,Cake Pop Patriotic,*iamfjjibfikiafdleojocafoaejhpljk*,malware,malicious,https://documents.trendmicro.com/assets/pdf/appendix-droidclub.pdf,,https://chromewebstore.google.com/detail/iamfjjibfikiafdleojocafoaejhpljk,critical,,2026-08-03,ExtSentry (github.com/mthcht/awesome-lists)
iheagohkldggdkggihjljdcfnfhfgiah,a Snowman Out of a Tomato Cage,*iheagohkldggdkggihjljdcfnfhfgiah*,malware,malicious,https://documents.trendmicro.com/assets/pdf/appendix-droidclub.pdf,,https://chromewebstore.google.com/detail/iheagohkldggdkggihjljdcfnfhfgiah,critical,,2026-08-03,ExtSentry (github.com/mthcht/awesome-lists)
iikbadloeacgcpjdnnockinpepkmcjap,Cinnamon Roll Wreath,*iikbadloeacgcpjdnnockinpepkmcjap*,malware,malicious,https://documents.trendmicro.com/assets/pdf/appendix-droidclub.pdf,,https://chromewebstore.google.com/detail/iikbadloeacgcpjdnnockinpepkmcjap,critical,,2026-08-03,ExtSentry (github.com/mthcht/awesome-lists)
ikfmcoipokjnmjoofngdnmkkhopjhehg,Clean Grill Grates,*ikfmcoipokjnmjoofngdnmkkhopjhehg*,malware,malicious,https://documents.trendmicro.com/assets/pdf/appendix-droidclub.pdf,,https://chromewebstore.google.com/detail/ikfmcoipokjnmjoofngdnmkkhopjhehg,critical,,2026-08-03,ExtSentry (github.com/mthcht/awesome-lists)
iomommpnoplgaihpbjpfpmcaabgccbna,When Dylan Went Electric,*iomommpnoplgaihpbjpfpmcaabgccbna*,malware,malicious,https://documents.trendmicro.com/assets/pdf/appendix-droidclub.pdf,,https://chromewebstore.google.com/detail/iomommpnoplgaihpbjpfpmcaabgccbna,critical,,2026-08-03,ExtSentry (github.com/mthcht/awesome-lists)
ipilkhafbndhbphcecjldjilhegnjcja,Spinach Artichoke Dip,*ipilkhafbndhbphcecjldjilhegnjcja*,malware,malicious,https://documents.trendmicro.com/assets/pdf/appendix-droidclub.pdf,,https://chromewebstore.google.com/detail/ipilkhafbndhbphcecjldjilhegnjcja,critical,,2026-08-03,ExtSentry (github.com/mthcht/awesome-lists)
ipoeoopnckpoaoeghdgehhbbipnccoap,Clay Gift Tags,*ipoeoopnckpoaoeghdgehhbbipnccoap*,malware,malicious,https://documents.trendmicro.com/assets/pdf/appendix-droidclub.pdf,,https://chromewebstore.google.com/detail/ipoeoopnckpoaoeghdgehhbbipnccoap,critical,,2026-08-03,ExtSentry (github.com/mthcht/awesome-lists)
jhahdjelgjmpekbclkcgbgibkgdifaml,Coasters on a Cardboard Loom,*jhahdjelgjmpekbclkcgbgibkgdifaml*,malware,malicious,https://documents.trendmicro.com/assets/pdf/appendix-droidclub.pdf,,https://chromewebstore.google.com/detail/jhahdjelgjmpekbclkcgbgibkgdifaml,critical,,2026-08-03,ExtSentry (github.com/mthcht/awesome-lists)
jiibdgiopnflbpbdpmgpjnpdooekonjc,Cuban Sandwich,*jiibdgiopnflbpbdpmgpjnpdooekonjc*,malware,malicious,https://documents.trendmicro.com/assets/pdf/appendix-droidclub.pdf,,https://chromewebstore.google.com/detail/jiibdgiopnflbpbdpmgpjnpdooekonjc,critical,,2026-08-03,ExtSentry (github.com/mthcht/awesome-lists)
jmcccnnkmflngcfeebnbhfbjehglldlf,Coconut Cookies,*jmcccnnkmflngcfeebnbhfbjehglldlf*,malware,malicious,https://documents.trendmicro.com/assets/pdf/appendix-droidclub.pdf,,https://chromewebstore.google.com/detail/jmcccnnkmflngcfeebnbhfbjehglldlf,critical,,2026-08-03,ExtSentry (github.com/mthcht/awesome-lists)
jnjapnhdnkmdmgandniokkjpggpfalog,Fabric Sachets,*jnjapnhdnkmdmgandniokkjpggpfalog*,malware,malicious,https://documents.trendmicro.com/assets/pdf/appendix-droidclub.pdf,,https://chromewebstore.google.com/detail/jnjapnhdnkmdmgandniokkjpggpfalog,critical,,2026-08-03,ExtSentry (github.com/mthcht/awesome-lists)
kabhgijpbgkpbegomdihijdcocimlnkf,Summer Fairy Lanterns,*kabhgijpbgkpbegomdihijdcocimlnkf*,malware,malicious,https://documents.trendmicro.com/assets/pdf/appendix-droidclub.pdf,,https://chromewebstore.google.com/detail/kabhgijpbgkpbegomdihijdcocimlnkf,critical,,2026-08-03,ExtSentry (github.com/mthcht/awesome-lists)
kcbempkceemjmcfgicdofhcmkojdfbjl,Cuban Ropa Vieja,*kcbempkceemjmcfgicdofhcmkojdfbjl*,malware,malicious,https://documents.trendmicro.com/assets/pdf/appendix-droidclub.pdf,,https://chromewebstore.google.com/detail/kcbempkceemjmcfgicdofhcmkojdfbjl,critical,,2026-08-03,ExtSentry (github.com/mthcht/awesome-lists)
kdndbohghpcpdkbpjhdphniglgppjakd,How to Make a Kissing Ball,*kdndbohghpcpdkbpjhdphniglgppjakd*,malware,malicious,https://documents.trendmicro.com/assets/pdf/appendix-droidclub.pdf,,https://chromewebstore.google.com/detail/kdndbohghpcpdkbpjhdphniglgppjakd,critical,,2026-08-03,ExtSentry (github.com/mthcht/awesome-lists)
khkcgpbajgkfmkilijbhfinfeapcannh,Pink Lemonade,*khkcgpbajgkfmkilijbhfinfeapcannh*,malware,malicious,https://documents.trendmicro.com/assets/pdf/appendix-droidclub.pdf,,https://chromewebstore.google.com/detail/khkcgpbajgkfmkilijbhfinfeapcannh,critical,,2026-08-03,ExtSentry (github.com/mthcht/awesome-lists)
kjhgjfbokhfadnlnagimjabemfdgdfdh,Patriotic String Lights,*kjhgjfbokhfadnlnagimjabemfdgdfdh*,malware,malicious,https://documents.trendmicro.com/assets/pdf/appendix-droidclub.pdf,,https://chromewebstore.google.com/detail/kjhgjfbokhfadnlnagimjabemfdgdfdh,critical,,2026-08-03,ExtSentry (github.com/mthcht/awesome-lists)
kjhppechdhnchkcjbaboglblnfihenjf,Glow in the Dark,*kjhppechdhnchkcjbaboglblnfihenjf*,malware,malicious,https://documents.trendmicro.com/assets/pdf/appendix-droidclub.pdf,,https://chromewebstore.google.com/detail/kjhppechdhnchkcjbaboglblnfihenjf,critical,,2026-08-03,ExtSentry (github.com/mthcht/awesome-lists)
klbelohlhkobpoeaimclnpikbdphkdhn,Avocado to Your Meals,*klbelohlhkobpoeaimclnpikbdphkdhn*,malware,malicious,https://documents.trendmicro.com/assets/pdf/appendix-droidclub.pdf,,https://chromewebstore.google.com/detail/klbelohlhkobpoeaimclnpikbdphkdhn,critical,,2026-08-03,ExtSentry (github.com/mthcht/awesome-lists)
kmfcjjkgokeekaohiijgnilbaihnifpc,Soup Bowl Hot Pads,*kmfcjjkgokeekaohiijgnilbaihnifpc*,malware,malicious,https://documents.trendmicro.com/assets/pdf/appendix-droidclub.pdf,,https://chromewebstore.google.com/detail/kmfcjjkgokeekaohiijgnilbaihnifpc,critical,,2026-08-03,ExtSentry (github.com/mthcht/awesome-lists)
kpoobaeilcfcjfkbaaapdnkmaifmffkk,Portable Camp Stove,*kpoobaeilcfcjfkbaaapdnkmaifmffkk*,malware,malicious,https://documents.trendmicro.com/assets/pdf/appendix-droidclub.pdf,,https://chromewebstore.google.com/detail/kpoobaeilcfcjfkbaaapdnkmaifmffkk,critical,,2026-08-03,ExtSentry (github.com/mthcht/awesome-lists)
lbflgehklpfnaofgfjhcbjajhckdoogc,Layer Hot Chocolate Mix,*lbflgehklpfnaofgfjhcbjajhckdoogc*,malware,malicious,https://documents.trendmicro.com/assets/pdf/appendix-droidclub.pdf,,https://chromewebstore.google.com/detail/lbflgehklpfnaofgfjhcbjajhckdoogc,critical,,2026-08-03,ExtSentry (github.com/mthcht/awesome-lists)
lhpcjiffachihfbhkabenpcpehkpoeid,11 Pumpkin Flavored Foods,*lhpcjiffachihfbhkabenpcpehkpoeid*,malware,malicious,https://documents.trendmicro.com/assets/pdf/appendix-droidclub.pdf,,https://chromewebstore.google.com/detail/lhpcjiffachihfbhkabenpcpehkpoeid,critical,,2026-08-03,ExtSentry (github.com/mthcht/awesome-lists)
lifjihfdppaeaegemoefheidgcnjkadn,Drumsticks on the Grill,*lifjihfdppaeaegemoefheidgcnjkadn*,malware,malicious,https://documents.trendmicro.com/assets/pdf/appendix-droidclub.pdf,,https://chromewebstore.google.com/detail/lifjihfdppaeaegemoefheidgcnjkadn,critical,,2026-08-03,ExtSentry (github.com/mthcht/awesome-lists)
ligldfbjaakcmbjbbbnnacjgaenggfph,Italian Pasta Salad,*ligldfbjaakcmbjbbbnnacjgaenggfph*,malware,malicious,https://documents.trendmicro.com/assets/pdf/appendix-droidclub.pdf,,https://chromewebstore.google.com/detail/ligldfbjaakcmbjbbbnnacjgaenggfph,critical,,2026-08-03,ExtSentry (github.com/mthcht/awesome-lists)
ljgnhmdnjbmnghlfimcnmkieohlflpgd,DIY Cleaning Wipes,*ljgnhmdnjbmnghlfimcnmkieohlflpgd*,malware,malicious,https://documents.trendmicro.com/assets/pdf/appendix-droidclub.pdf,,https://chromewebstore.google.com/detail/ljgnhmdnjbmnghlfimcnmkieohlflpgd,critical,,2026-08-03,ExtSentry (github.com/mthcht/awesome-lists)
lnmfepglldbolfelhbmiohockghoabpc,Homemade Dole Whip,*lnmfepglldbolfelhbmiohockghoabpc*,malware,malicious,https://documents.trendmicro.com/assets/pdf/appendix-droidclub.pdf,,https://chromewebstore.google.com/detail/lnmfepglldbolfelhbmiohockghoabpc,critical,,2026-08-03,ExtSentry (github.com/mthcht/awesome-lists)
lojgfkjekmbmndapleelbbemgjbdcjjm,Swirled Pumpkin Cheesecake,*lojgfkjekmbmndapleelbbemgjbdcjjm*,malware,malicious,https://documents.trendmicro.com/assets/pdf/appendix-droidclub.pdf,,https://chromewebstore.google.com/detail/lojgfkjekmbmndapleelbbemgjbdcjjm,critical,,2026-08-03,ExtSentry (github.com/mthcht/awesome-lists)
mafmpgcoinifjbepiknmnogefcomjpph,Peach Sangria,*mafmpgcoinifjbepiknmnogefcomjpph*,malware,malicious,https://documents.trendmicro.com/assets/pdf/appendix-droidclub.pdf,,https://chromewebstore.google.com/detail/mafmpgcoinifjbepiknmnogefcomjpph,critical,,2026-08-03,ExtSentry (github.com/mthcht/awesome-lists)
mccbmgbbkpcnpblacndlfcgokbklkiam,School Notebooks,*mccbmgbbkpcnpblacndlfcgokbklkiam*,malware,malicious,https://documents.trendmicro.com/assets/pdf/appendix-droidclub.pdf,,https://chromewebstore.google.com/detail/mccbmgbbkpcnpblacndlfcgokbklkiam,critical,,2026-08-03,ExtSentry (github.com/mthcht/awesome-lists)
mhjbpgjmhcaemdakpgmpffblohinegji,Ironing Board Cover,*mhjbpgjmhcaemdakpgmpffblohinegji*,malware,malicious,https://documents.trendmicro.com/assets/pdf/appendix-droidclub.pdf,,https://chromewebstore.google.com/detail/mhjbpgjmhcaemdakpgmpffblohinegji,critical,,2026-08-03,ExtSentry (github.com/mthcht/awesome-lists)
mjheoiainplbfjnjclkjifhjdahfejaj,Chocolate Peanut Butter,*mjheoiainplbfjnjclkjifhjdahfejaj*,malware,malicious,https://documents.trendmicro.com/assets/pdf/appendix-droidclub.pdf,,https://chromewebstore.google.com/detail/mjheoiainplbfjnjclkjifhjdahfejaj,critical,,2026-08-03,ExtSentry (github.com/mthcht/awesome-lists)
mjpmldmndlkbacfaaiamcgnfbllhdnbc,Gingerbread Freakshake,*mjpmldmndlkbacfaaiamcgnfbllhdnbc*,malware,malicious,https://documents.trendmicro.com/assets/pdf/appendix-droidclub.pdf,,https://chromewebstore.google.com/detail/mjpmldmndlkbacfaaiamcgnfbllhdnbc,critical,,2026-08-03,ExtSentry (github.com/mthcht/awesome-lists)
mkmkhjdmkaeffpfgfljelahfogghkgol,Holiday Reindeer Mugs,*mkmkhjdmkaeffpfgfljelahfogghkgol*,malware,malicious,https://documents.trendmicro.com/assets/pdf/appendix-droidclub.pdf,,https://chromewebstore.google.com/detail/mkmkhjdmkaeffpfgfljelahfogghkgol,critical,,2026-08-03,ExtSentry (github.com/mthcht/awesome-lists)
mldmghlinbmofcdhopfmkgnhohomodgi,Homemade Stress Balls,*mldmghlinbmofcdhopfmkgnhohomodgi*,malware,malicious,https://documents.trendmicro.com/assets/pdf/appendix-droidclub.pdf,,https://chromewebstore.google.com/detail/mldmghlinbmofcdhopfmkgnhohomodgi,critical,,2026-08-03,ExtSentry (github.com/mthcht/awesome-lists)
mmnhdabiapbgbcbagdncjehjdbpkigeh,Turkey from Flowers,*mmnhdabiapbgbcbagdncjehjdbpkigeh*,malware,malicious,https://documents.trendmicro.com/assets/pdf/appendix-droidclub.pdf,,https://chromewebstore.google.com/detail/mmnhdabiapbgbcbagdncjehjdbpkigeh,critical,,2026-08-03,ExtSentry (github.com/mthcht/awesome-lists)
ndhgnlodmpalhnfdopckpolhinaafkgh,Birch Branch Menorah,*ndhgnlodmpalhnfdopckpolhinaafkgh*,malware,malicious,https://documents.trendmicro.com/assets/pdf/appendix-droidclub.pdf,,https://chromewebstore.google.com/detail/ndhgnlodmpalhnfdopckpolhinaafkgh,critical,,2026-08-03,ExtSentry (github.com/mthcht/awesome-lists)
nllbbpmplfhdpdnmoiigegjicamfhnhn,Cinnamon Toast Crunch Coffee Cake Recipe,*nllbbpmplfhdpdnmoiigegjicamfhnhn*,malware,malicious,https://documents.trendmicro.com/assets/pdf/appendix-droidclub.pdf,,https://chromewebstore.google.com/detail/nllbbpmplfhdpdnmoiigegjicamfhnhn,critical,,2026-08-03,ExtSentry (github.com/mthcht/awesome-lists)
nolggnmhlagghnfpellfnkcmkgeoiepj,Star Wars Christmas Cookies,*nolggnmhlagghnfpellfnkcmkgeoiepj*,malware,malicious,https://documents.trendmicro.com/assets/pdf/appendix-droidclub.pdf,,https://chromewebstore.google.com/detail/nolggnmhlagghnfpellfnkcmkgeoiepj,critical,,2026-08-03,ExtSentry (github.com/mthcht/awesome-lists)
obnjngpeldplgkenihhhdicoeplcfbeg,Chicken for a Barbecue,*obnjngpeldplgkenihhhdicoeplcfbeg*,malware,malicious,https://documents.trendmicro.com/assets/pdf/appendix-droidclub.pdf,,https://chromewebstore.google.com/detail/obnjngpeldplgkenihhhdicoeplcfbeg,critical,,2026-08-03,ExtSentry (github.com/mthcht/awesome-lists)
ooialhjmccmllnifoiblbjgcnbgdejpm,DIY Cement Candle,*ooialhjmccmllnifoiblbjgcnbgdejpm*,malware,malicious,https://documents.trendmicro.com/assets/pdf/appendix-droidclub.pdf,,https://chromewebstore.google.com/detail/ooialhjmccmllnifoiblbjgcnbgdejpm,critical,,2026-08-03,ExtSentry (github.com/mthcht/awesome-lists)
paokbggdacflkaiddinlhpkpegklgolc,Halloween Masterpiece,*paokbggdacflkaiddinlhpkpegklgolc*,malware,malicious,https://documents.trendmicro.com/assets/pdf/appendix-droidclub.pdf,,https://chromewebstore.google.com/detail/paokbggdacflkaiddinlhpkpegklgolc,critical,,2026-08-03,ExtSentry (github.com/mthcht/awesome-lists)
pbgdknbinlcbjkbiihcakedepnbonnce,Cookies and Ice Cream,*pbgdknbinlcbjkbiihcakedepnbonnce*,malware,malicious,https://documents.trendmicro.com/assets/pdf/appendix-droidclub.pdf,,https://chromewebstore.google.com/detail/pbgdknbinlcbjkbiihcakedepnbonnce,critical,,2026-08-03,ExtSentry (github.com/mthcht/awesome-lists)
pdbdlcjiihinipmeijmccidamciifhag,Star Wars Christmas Sweater,*pdbdlcjiihinipmeijmccidamciifhag*,malware,malicious,https://documents.trendmicro.com/assets/pdf/appendix-droidclub.pdf,,https://chromewebstore.google.com/detail/pdbdlcjiihinipmeijmccidamciifhag,critical,,2026-08-03,ExtSentry (github.com/mthcht/awesome-lists)
penlocnbkkkcaingngkjmdlkikeklemm,Unique Outdoor Christmas Decorations,*penlocnbkkkcaingngkjmdlkikeklemm*,malware,malicious,https://documents.trendmicro.com/assets/pdf/appendix-droidclub.pdf,,https://chromewebstore.google.com/detail/penlocnbkkkcaingngkjmdlkikeklemm,critical,,2026-08-03,ExtSentry (github.com/mthcht/awesome-lists)
pfcidoolgbfidgaclhiipeleagglabpc,Easy Ribbon Bow,*pfcidoolgbfidgaclhiipeleagglabpc*,malware,malicious,https://documents.trendmicro.com/assets/pdf/appendix-droidclub.pdf,,https://chromewebstore.google.com/detail/pfcidoolgbfidgaclhiipeleagglabpc,critical,,2026-08-03,ExtSentry (github.com/mthcht/awesome-lists)
poecefgcfhghjbdifplpcaapkfnakfkk,Desktop Air Conditioner,*poecefgcfhghjbdifplpcaapkfnakfkk*,malware,malicious,https://documents.trendmicro.com/assets/pdf/appendix-droidclub.pdf,,https://chromewebstore.google.com/detail/poecefgcfhghjbdifplpcaapkfnakfkk,critical,,2026-08-03,ExtSentry (github.com/mthcht/awesome-lists)
pplcbeendgbblphgmdgfcofdbfiocfgb,Candle Wax,*pplcbeendgbblphgmdgfcofdbfiocfgb*,malware,malicious,https://documents.trendmicro.com/assets/pdf/appendix-droidclub.pdf,,https://chromewebstore.google.com/detail/pplcbeendgbblphgmdgfcofdbfiocfgb,critical,,2026-08-03,ExtSentry (github.com/mthcht/awesome-lists)
hacfaophiklaeolhnmckojjjjbnappen,FakeGPT,*hacfaophiklaeolhnmckojjjjbnappen*,malware,malicious,https://guard.io/labs/fakegpt-2-open-source-turned-malicious-in-another-variant-of-the-facebook-account-stealer,,https://chromewebstore.google.com/detail/hacfaophiklaeolhnmckojjjjbnappen,critical,,2026-08-03,ExtSentry (github.com/mthcht/awesome-lists)
aeclplbmglgjpfaikihdlkjhgegehbbf,,*aeclplbmglgjpfaikihdlkjhgegehbbf*,malware,malicious,https://blog.avast.com/malicious-extensions-chrome-web-store,,https://chromewebstore.google.com/detail/aeclplbmglgjpfaikihdlkjhgegehbbf,critical,,2026-08-03,ExtSentry (github.com/mthcht/awesome-lists)
afffieldplmegknlfkicedfpbbdbpaef,,*afffieldplmegknlfkicedfpbbdbpaef*,malware,malicious,https://blog.avast.com/malicious-extensions-chrome-web-store,,https://chromewebstore.google.com/detail/afffieldplmegknlfkicedfpbbdbpaef,critical,,2026-08-03,ExtSentry (github.com/mthcht/awesome-lists)
ameggholdkgkdepolbiaekmhjiaiiccg,,*ameggholdkgkdepolbiaekmhjiaiiccg*,malware,malicious,https://blog.avast.com/malicious-extensions-chrome-web-store,,https://chromewebstore.google.com/detail/ameggholdkgkdepolbiaekmhjiaiiccg,critical,,2026-08-03,ExtSentry (github.com/mthcht/awesome-lists)
bafbedjnnjkjjjelgblfbddajjgcpndi,,*bafbedjnnjkjjjelgblfbddajjgcpndi*,malware,malicious,https://blog.avast.com/malicious-extensions-chrome-web-store,,https://chromewebstore.google.com/detail/bafbedjnnjkjjjelgblfbddajjgcpndi,critical,,2026-08-03,ExtSentry (github.com/mthcht/awesome-lists)
bikjmmacnlceobeapchfnlcekincgkng,,*bikjmmacnlceobeapchfnlcekincgkng*,malware,malicious,https://blog.avast.com/malicious-extensions-chrome-web-store,,https://chromewebstore.google.com/detail/bikjmmacnlceobeapchfnlcekincgkng,critical,,2026-08-03,ExtSentry (github.com/mthcht/awesome-lists)
bkbdedlenkomhjbfljaopfbmimhdgenl,,*bkbdedlenkomhjbfljaopfbmimhdgenl*,malware,malicious,https://blog.avast.com/malicious-extensions-chrome-web-store,,https://chromewebstore.google.com/detail/bkbdedlenkomhjbfljaopfbmimhdgenl,critical,,2026-08-03,ExtSentry (github.com/mthcht/awesome-lists)
bkflddlohelgdmjoehphbkfallnbompm,,*bkflddlohelgdmjoehphbkfallnbompm*,malware,malicious,https://blog.avast.com/malicious-extensions-chrome-web-store,,https://chromewebstore.google.com/detail/bkflddlohelgdmjoehphbkfallnbompm,critical,,2026-08-03,ExtSentry (github.com/mthcht/awesome-lists)
bppfigeglphkpioihhhpbpgcnnhpogki,,*bppfigeglphkpioihhhpbpgcnnhpogki*,malware,malicious,https://blog.avast.com/malicious-extensions-chrome-web-store,,https://chromewebstore.google.com/detail/bppfigeglphkpioihhhpbpgcnnhpogki,critical,,2026-08-03,ExtSentry (github.com/mthcht/awesome-lists)
cajcbolfepkcgbgafllkjfnokncgibpd,,*cajcbolfepkcgbgafllkjfnokncgibpd*,malware,malicious,https://blog.avast.com/malicious-extensions-chrome-web-store,,https://chromewebstore.google.com/detail/cajcbolfepkcgbgafllkjfnokncgibpd,critical,,2026-08-03,ExtSentry (github.com/mthcht/awesome-lists)
diapmighkmmnpmdkfnmlbpkjkealjojg,,*diapmighkmmnpmdkfnmlbpkjkealjojg*,malware,malicious,https://blog.avast.com/malicious-extensions-chrome-web-store,,https://chromewebstore.google.com/detail/diapmighkmmnpmdkfnmlbpkjkealjojg,critical,,2026-08-03,ExtSentry (github.com/mthcht/awesome-lists)
dlnanhjfdjgnnmbajgikidobcbfpnblp,,*dlnanhjfdjgnnmbajgikidobcbfpnblp*,malware,malicious,https://blog.avast.com/malicious-extensions-chrome-web-store,,https://chromewebstore.google.com/detail/dlnanhjfdjgnnmbajgikidobcbfpnblp,critical,,2026-08-03,ExtSentry (github.com/mthcht/awesome-lists)
edaflgnfadlopeefcbdlcnjnfkefkhio,,*edaflgnfadlopeefcbdlcnjnfkefkhio*,malware,malicious,https://blog.avast.com/malicious-extensions-chrome-web-store,,https://chromewebstore.google.com/detail/edaflgnfadlopeefcbdlcnjnfkefkhio,critical,,2026-08-03,ExtSentry (github.com/mthcht/awesome-lists)
edailiddamlkedgjaoialogpllocmgjg,,*edailiddamlkedgjaoialogpllocmgjg*,malware,malicious,https://blog.avast.com/malicious-extensions-chrome-web-store,,https://chromewebstore.google.com/detail/edailiddamlkedgjaoialogpllocmgjg,critical,,2026-08-03,ExtSentry (github.com/mthcht/awesome-lists)
edmmaocllgjakiiilohibgicdjndkljp,,*edmmaocllgjakiiilohibgicdjndkljp*,malware,malicious,https://blog.avast.com/malicious-extensions-chrome-web-store,,https://chromewebstore.google.com/detail/edmmaocllgjakiiilohibgicdjndkljp,critical,,2026-08-03,ExtSentry (github.com/mthcht/awesome-lists)
eibcbmdmfcgklpkghpkojpaedhloemhi,,*eibcbmdmfcgklpkghpkojpaedhloemhi*,malware,malicious,https://blog.avast.com/malicious-extensions-chrome-web-store,,https://chromewebstore.google.com/detail/eibcbmdmfcgklpkghpkojpaedhloemhi,critical,,2026-08-03,ExtSentry (github.com/mthcht/awesome-lists)
enofnamganfiiidbpcmcihkihfmfpobo,,*enofnamganfiiidbpcmcihkihfmfpobo*,malware,malicious,https://blog.avast.com/malicious-extensions-chrome-web-store,,https://chromewebstore.google.com/detail/enofnamganfiiidbpcmcihkihfmfpobo,critical,,2026-08-03,ExtSentry (github.com/mthcht/awesome-lists)
epmmfnfpkjjhgikijelhmomnbeneepbe,,*epmmfnfpkjjhgikijelhmomnbeneepbe*,malware,malicious,https://blog.avast.com/malicious-extensions-chrome-web-store,,https://chromewebstore.google.com/detail/epmmfnfpkjjhgikijelhmomnbeneepbe,critical,,2026-08-03,ExtSentry (github.com/mthcht/awesome-lists)
fcndjoibnbpijadgnjjkfmmjbgjmbadk,,*fcndjoibnbpijadgnjjkfmmjbgjmbadk*,malware,malicious,https://blog.avast.com/malicious-extensions-chrome-web-store,,https://chromewebstore.google.com/detail/fcndjoibnbpijadgnjjkfmmjbgjmbadk,critical,,2026-08-03,ExtSentry (github.com/mthcht/awesome-lists)
fejgiddmdpgdmhhdjbophmflidmdpgdi,,*fejgiddmdpgdmhhdjbophmflidmdpgdi*,malware,malicious,https://blog.avast.com/malicious-extensions-chrome-web-store,,https://chromewebstore.google.com/detail/fejgiddmdpgdmhhdjbophmflidmdpgdi,critical,,2026-08-03,ExtSentry (github.com/mthcht/awesome-lists)
ffiddnnfloiehekhgfjpphceidalmmgd,,*ffiddnnfloiehekhgfjpphceidalmmgd*,malware,malicious,https://blog.avast.com/malicious-extensions-chrome-web-store,,https://chromewebstore.google.com/detail/ffiddnnfloiehekhgfjpphceidalmmgd,critical,,2026-08-03,ExtSentry (github.com/mthcht/awesome-lists)
fgpeefdjgfeoioneknokbpficnpkddbl,,*fgpeefdjgfeoioneknokbpficnpkddbl*,malware,malicious,https://blog.avast.com/malicious-extensions-chrome-web-store,,https://chromewebstore.google.com/detail/fgpeefdjgfeoioneknokbpficnpkddbl,critical,,2026-08-03,ExtSentry (github.com/mthcht/awesome-lists)
fhnlapempodiikihjeggpacnefpdemam,,*fhnlapempodiikihjeggpacnefpdemam*,malware,malicious,https://blog.avast.com/malicious-extensions-chrome-web-store,,https://chromewebstore.google.com/detail/fhnlapempodiikihjeggpacnefpdemam,critical,,2026-08-03,ExtSentry (github.com/mthcht/awesome-lists)
finepngcchiffimedhcfmmlkgjmeokpp,,*finepngcchiffimedhcfmmlkgjmeokpp*,malware,malicious,https://blog.avast.com/malicious-extensions-chrome-web-store,,https://chromewebstore.google.com/detail/finepngcchiffimedhcfmmlkgjmeokpp,critical,,2026-08-03,ExtSentry (github.com/mthcht/awesome-lists)
fpfmkkljdiofokoikgglafnfmmffmmhc,,*fpfmkkljdiofokoikgglafnfmmffmmhc*,malware,malicious,https://blog.avast.com/malicious-extensions-chrome-web-store,,https://chromewebstore.google.com/detail/fpfmkkljdiofokoikgglafnfmmffmmhc,critical,,2026-08-03,ExtSentry (github.com/mthcht/awesome-lists)
gdlbpbalajnhpfklckhciopjlbbiepkn,,*gdlbpbalajnhpfklckhciopjlbbiepkn*,malware,malicious,https://blog.avast.com/malicious-extensions-chrome-web-store,,https://chromewebstore.google.com/detail/gdlbpbalajnhpfklckhciopjlbbiepkn,critical,,2026-08-03,ExtSentry (github.com/mthcht/awesome-lists)
geokkpbkfpghbjdgbganjkgfhaafmhbo,,*geokkpbkfpghbjdgbganjkgfhaafmhbo*,malware,malicious,https://blog.avast.com/malicious-extensions-chrome-web-store,,https://chromewebstore.google.com/detail/geokkpbkfpghbjdgbganjkgfhaafmhbo,critical,,2026-08-03,ExtSentry (github.com/mthcht/awesome-lists)
ghabgolckcdgbbffijkkpamcphkfihgm,,*ghabgolckcdgbbffijkkpamcphkfihgm*,malware,malicious,https://blog.avast.com/malicious-extensions-chrome-web-store,,https://chromewebstore.google.com/detail/ghabgolckcdgbbffijkkpamcphkfihgm,critical,,2026-08-03,ExtSentry (github.com/mthcht/awesome-lists)
glfondjanahgpmkgjggafhdnbbcidhgf,,*glfondjanahgpmkgjggafhdnbbcidhgf*,malware,malicious,https://blog.avast.com/malicious-extensions-chrome-web-store,,https://chromewebstore.google.com/detail/glfondjanahgpmkgjggafhdnbbcidhgf,critical,,2026-08-03,ExtSentry (github.com/mthcht/awesome-lists)
gliolnahchemnmdjengkkdhcpdfehkhi,,*gliolnahchemnmdjengkkdhcpdfehkhi*,malware,malicious,https://blog.avast.com/malicious-extensions-chrome-web-store,,https://chromewebstore.google.com/detail/gliolnahchemnmdjengkkdhcpdfehkhi,critical,,2026-08-03,ExtSentry (github.com/mthcht/awesome-lists)
gnmjmennllheofmojjffnidneaohleln,,*gnmjmennllheofmojjffnidneaohleln*,malware,malicious,https://blog.avast.com/malicious-extensions-chrome-web-store,,https://chromewebstore.google.com/detail/gnmjmennllheofmojjffnidneaohleln,critical,,2026-08-03,ExtSentry (github.com/mthcht/awesome-lists)
hdifogmldkmbjgbgffmkphfhpdfhjgmh,,*hdifogmldkmbjgbgffmkphfhpdfhjgmh*,malware,malicious,https://blog.avast.com/malicious-extensions-chrome-web-store,,https://chromewebstore.google.com/detail/hdifogmldkmbjgbgffmkphfhpdfhjgmh,critical,,2026-08-03,ExtSentry (github.com/mthcht/awesome-lists)
hhhbnnlkhiajhlfmedeifcniniopfaoo,,*hhhbnnlkhiajhlfmedeifcniniopfaoo*,malware,malicious,https://blog.avast.com/malicious-extensions-chrome-web-store,,https://chromewebstore.google.com/detail/hhhbnnlkhiajhlfmedeifcniniopfaoo,critical,,2026-08-03,ExtSentry (github.com/mthcht/awesome-lists)
higffkkddppmfcpkcolamkhcknhfhdlo,,*higffkkddppmfcpkcolamkhcknhfhdlo*,malware,malicious,https://blog.avast.com/malicious-extensions-chrome-web-store,,https://chromewebstore.google.com/detail/higffkkddppmfcpkcolamkhcknhfhdlo,critical,,2026-08-03,ExtSentry (github.com/mthcht/awesome-lists)
hmakjfeknhkfmlckieeepnnldblejdbd,,*hmakjfeknhkfmlckieeepnnldblejdbd*,malware,malicious,https://blog.avast.com/malicious-extensions-chrome-web-store,,https://chromewebstore.google.com/detail/hmakjfeknhkfmlckieeepnnldblejdbd,critical,,2026-08-03,ExtSentry (github.com/mthcht/awesome-lists)
iejlgecgghdfhnappmejmhkgkkakbefg,,*iejlgecgghdfhnappmejmhkgkkakbefg*,malware,malicious,https://blog.avast.com/malicious-extensions-chrome-web-store,,https://chromewebstore.google.com/detail/iejlgecgghdfhnappmejmhkgkkakbefg,critical,,2026-08-03,ExtSentry (github.com/mthcht/awesome-lists)
igefbihdjhmkhnofbmnagllkafpaancf,,*igefbihdjhmkhnofbmnagllkafpaancf*,malware,malicious,https://blog.avast.com/malicious-extensions-chrome-web-store,,https://chromewebstore.google.com/detail/igefbihdjhmkhnofbmnagllkafpaancf,critical,,2026-08-03,ExtSentry (github.com/mthcht/awesome-lists)
igfpifinmdgadnepcpbdddpndnlkdela,,*igfpifinmdgadnepcpbdddpndnlkdela*,malware,malicious,https://blog.avast.com/malicious-extensions-chrome-web-store,,https://chromewebstore.google.com/detail/igfpifinmdgadnepcpbdddpndnlkdela,critical,,2026-08-03,ExtSentry (github.com/mthcht/awesome-lists)
imfnolmlkamfkegkhlpofldehcfghkhk,,*imfnolmlkamfkegkhlpofldehcfghkhk*,malware,malicious,https://blog.avast.com/malicious-extensions-chrome-web-store,,https://chromewebstore.google.com/detail/imfnolmlkamfkegkhlpofldehcfghkhk,critical,,2026-08-03,ExtSentry (github.com/mthcht/awesome-lists)
jbolpidmijgjfkcpndcngibedciomlhd,,*jbolpidmijgjfkcpndcngibedciomlhd*,malware,malicious,https://blog.avast.com/malicious-extensions-chrome-web-store,,https://chromewebstore.google.com/detail/jbolpidmijgjfkcpndcngibedciomlhd,critical,,2026-08-03,ExtSentry (github.com/mthcht/awesome-lists)
jjooglnnhopdfiiccjbkjdcpplgdkbmo,,*jjooglnnhopdfiiccjbkjdcpplgdkbmo*,malware,malicious,https://blog.avast.com/malicious-extensions-chrome-web-store,,https://chromewebstore.google.com/detail/jjooglnnhopdfiiccjbkjdcpplgdkbmo,critical,,2026-08-03,ExtSentry (github.com/mthcht/awesome-lists)
jlhmhmjkoklbnjjocicepjjjpnnbhodj,,*jlhmhmjkoklbnjjocicepjjjpnnbhodj*,malware,malicious,https://blog.avast.com/malicious-extensions-chrome-web-store,,https://chromewebstore.google.com/detail/jlhmhmjkoklbnjjocicepjjjpnnbhodj,critical,,2026-08-03,ExtSentry (github.com/mthcht/awesome-lists)
kafnldcilonjofafnggijbhknjhpffcd,,*kafnldcilonjofafnggijbhknjhpffcd*,malware,malicious,https://blog.avast.com/malicious-extensions-chrome-web-store,,https://chromewebstore.google.com/detail/kafnldcilonjofafnggijbhknjhpffcd,critical,,2026-08-03,ExtSentry (github.com/mthcht/awesome-lists)
keecjmliebjajodgnbcegpmnalopnfcb,,*keecjmliebjajodgnbcegpmnalopnfcb*,malware,malicious,https://blog.avast.com/malicious-extensions-chrome-web-store,,https://chromewebstore.google.com/detail/keecjmliebjajodgnbcegpmnalopnfcb,critical,,2026-08-03,ExtSentry (github.com/mthcht/awesome-lists)
lcdaafomaehnnhjgbgbdpgpagfcfgddg,,*lcdaafomaehnnhjgbgbdpgpagfcfgddg*,malware,malicious,https://blog.avast.com/malicious-extensions-chrome-web-store,,https://chromewebstore.google.com/detail/lcdaafomaehnnhjgbgbdpgpagfcfgddg,critical,,2026-08-03,ExtSentry (github.com/mthcht/awesome-lists)
lhpbjmgkppampoeecnlfibfgodkfmapd,,*lhpbjmgkppampoeecnlfibfgodkfmapd*,malware,malicious,https://blog.avast.com/malicious-extensions-chrome-web-store,,https://chromewebstore.google.com/detail/lhpbjmgkppampoeecnlfibfgodkfmapd,critical,,2026-08-03,ExtSentry (github.com/mthcht/awesome-lists)
likbpmomddfoeelgcmmgilhmefinonpo,,*likbpmomddfoeelgcmmgilhmefinonpo*,malware,malicious,https://blog.avast.com/malicious-extensions-chrome-web-store,,https://chromewebstore.google.com/detail/likbpmomddfoeelgcmmgilhmefinonpo,critical,,2026-08-03,ExtSentry (github.com/mthcht/awesome-lists)
llcogfahhcbonemgkdjcjclaahplbldg,,*llcogfahhcbonemgkdjcjclaahplbldg*,malware,malicious,https://blog.avast.com/malicious-extensions-chrome-web-store,,https://chromewebstore.google.com/detail/llcogfahhcbonemgkdjcjclaahplbldg,critical,,2026-08-03,ExtSentry (github.com/mthcht/awesome-lists)
lpejglcfpkpbjhmnnmpmmlpblkcmdgmi,,*lpejglcfpkpbjhmnnmpmmlpblkcmdgmi*,malware,malicious,https://blog.avast.com/malicious-extensions-chrome-web-store,,https://chromewebstore.google.com/detail/lpejglcfpkpbjhmnnmpmmlpblkcmdgmi,critical,,2026-08-03,ExtSentry (github.com/mthcht/awesome-lists)
nbocmbonjfbpnolapbknojklafhkmplk,,*nbocmbonjfbpnolapbknojklafhkmplk*,malware,malicious,https://blog.avast.com/malicious-extensions-chrome-web-store,,https://chromewebstore.google.com/detail/nbocmbonjfbpnolapbknojklafhkmplk,critical,,2026-08-03,ExtSentry (github.com/mthcht/awesome-lists)
ngbglchnipjlikkfpfgickhnlpchdlco,,*ngbglchnipjlikkfpfgickhnlpchdlco*,malware,malicious,https://blog.avast.com/malicious-extensions-chrome-web-store,,https://chromewebstore.google.com/detail/ngbglchnipjlikkfpfgickhnlpchdlco,critical,,2026-08-03,ExtSentry (github.com/mthcht/awesome-lists)
njglkaigokomacaljolalkopeonkpbik,,*njglkaigokomacaljolalkopeonkpbik*,malware,malicious,https://blog.avast.com/malicious-extensions-chrome-web-store,,https://chromewebstore.google.com/detail/njglkaigokomacaljolalkopeonkpbik,critical,,2026-08-03,ExtSentry (github.com/mthcht/awesome-lists)
obfdmhekhgnjollgnhjhedapplpmbpka,,*obfdmhekhgnjollgnhjhedapplpmbpka*,malware,malicious,https://blog.avast.com/malicious-extensions-chrome-web-store,,https://chromewebstore.google.com/detail/obfdmhekhgnjollgnhjhedapplpmbpka,critical,,2026-08-03,ExtSentry (github.com/mthcht/awesome-lists)
oejfpkocfgochpkljdlmcnibecancpnl,,*oejfpkocfgochpkljdlmcnibecancpnl*,malware,malicious,https://blog.avast.com/malicious-extensions-chrome-web-store,,https://chromewebstore.google.com/detail/oejfpkocfgochpkljdlmcnibecancpnl,critical,,2026-08-03,ExtSentry (github.com/mthcht/awesome-lists)
olkcbimhgpenhcboejacjpmohcincfdb,,*olkcbimhgpenhcboejacjpmohcincfdb*,malware,malicious,https://blog.avast.com/malicious-extensions-chrome-web-store,,https://chromewebstore.google.com/detail/olkcbimhgpenhcboejacjpmohcincfdb,critical,,2026-08-03,ExtSentry (github.com/mthcht/awesome-lists)
ooaehdahoiljphlijlaplnbeaeeimhbb,,*ooaehdahoiljphlijlaplnbeaeeimhbb*,malware,malicious,https://blog.avast.com/malicious-extensions-chrome-web-store,,https://chromewebstore.google.com/detail/ooaehdahoiljphlijlaplnbeaeeimhbb,critical,,2026-08-03,ExtSentry (github.com/mthcht/awesome-lists)
pidecdgcabcolloikegacdjejomeodji,,*pidecdgcabcolloikegacdjejomeodji*,malware,malicious,https://blog.avast.com/malicious-extensions-chrome-web-store,,https://chromewebstore.google.com/detail/pidecdgcabcolloikegacdjejomeodji,critical,,2026-08-03,ExtSentry (github.com/mthcht/awesome-lists)
dlddmedljhmbgdhapibnagaanenmajcm,,*dlddmedljhmbgdhapibnagaanenmajcm*,malware,malicious,https://www.welivesecurity.com/2013/07/30/versatile-and-infectious-win64expiro-is-a-cross-platform-file-infector/,,https://chromewebstore.google.com/detail/dlddmedljhmbgdhapibnagaanenmajcm,critical,,2026-08-03,ExtSentry (github.com/mthcht/awesome-lists)
bbgbmlkfflffccognkcbbmkakbejnado,Micro Search Chrome Extension,*bbgbmlkfflffccognkcbbmkakbejnado*,malware,malicious,https://keepaware.com/blog/trojan-extension-malware-3-year-campaign-300k-infections,,https://chromewebstore.google.com/detail/bbgbmlkfflffccognkcbbmkakbejnado,critical,,2026-08-03,ExtSentry (github.com/mthcht/awesome-lists)
bcmmbhidjmodkbeidljmhcijhkchokcj,Qcom search bar,*bcmmbhidjmodkbeidljmhcijhkchokcj*,malware,malicious,https://keepaware.com/blog/trojan-extension-malware-3-year-campaign-300k-infections,,https://chromewebstore.google.com/detail/bcmmbhidjmodkbeidljmhcijhkchokcj,critical,,2026-08-03,ExtSentry (github.com/mthcht/awesome-lists)
dafkaabahcikblhbogbnbjodajmhbini,Your Search Bar,*dafkaabahcikblhbogbnbjodajmhbini*,malware,malicious,https://keepaware.com/blog/trojan-extension-malware-3-year-campaign-300k-infections,,https://chromewebstore.google.com/detail/dafkaabahcikblhbogbnbjodajmhbini,critical,,2026-08-03,ExtSentry (github.com/mthcht/awesome-lists)
dbncciiegloaglpkgjpjhfahaiopfppa,SearchNukes,*dbncciiegloaglpkgjpjhfahaiopfppa*,malware,malicious,https://keepaware.com/blog/trojan-extension-malware-3-year-campaign-300k-infections,,https://chromewebstore.google.com/detail/dbncciiegloaglpkgjpjhfahaiopfppa,critical,,2026-08-03,ExtSentry (github.com/mthcht/awesome-lists)
fodkmcnpjapcffbmhelopfjhlmdmnbll,Simple New Tab,*fodkmcnpjapcffbmhelopfjhlmdmnbll*,malware,malicious,https://keepaware.com/blog/trojan-extension-malware-3-year-campaign-300k-infections,,https://chromewebstore.google.com/detail/fodkmcnpjapcffbmhelopfjhlmdmnbll,critical,,2026-08-03,ExtSentry (github.com/mthcht/awesome-lists)
gdamghfpmkabflbpldhdpbbfofolgaji,Qtr Search,*gdamghfpmkabflbpldhdpbbfofolgaji*,malware,malicious,https://keepaware.com/blog/trojan-extension-malware-3-year-campaign-300k-infections,,https://chromewebstore.google.com/detail/gdamghfpmkabflbpldhdpbbfofolgaji,critical,,2026-08-03,ExtSentry (github.com/mthcht/awesome-lists)
lfdkgganmodljeaemeadfhfhinpldmnf,Safe Search Eng,*lfdkgganmodljeaemeadfhfhinpldmnf*,malware,malicious,https://keepaware.com/blog/trojan-extension-malware-3-year-campaign-300k-infections,,https://chromewebstore.google.com/detail/lfdkgganmodljeaemeadfhfhinpldmnf,critical,,2026-08-03,ExtSentry (github.com/mthcht/awesome-lists)
ljgodogldijlkialfpccoekklegilffm,EXYZ Search,*ljgodogldijlkialfpccoekklegilffm*,malware,malicious,https://keepaware.com/blog/trojan-extension-malware-3-year-campaign-300k-infections,,https://chromewebstore.google.com/detail/ljgodogldijlkialfpccoekklegilffm,critical,,2026-08-03,ExtSentry (github.com/mthcht/awesome-lists)
nlmpchkfhgoclkajbifladignhbanjdk,yglSearch,*nlmpchkfhgoclkajbifladignhbanjdk*,malware,malicious,https://keepaware.com/blog/trojan-extension-malware-3-year-campaign-300k-infections,,https://chromewebstore.google.com/detail/nlmpchkfhgoclkajbifladignhbanjdk,critical,,2026-08-03,ExtSentry (github.com/mthcht/awesome-lists)
nniikbbaboifhfjjkjekiamnfpkdieng,Custom Search Bar,*nniikbbaboifhfjjkjekiamnfpkdieng*,malware,malicious,https://keepaware.com/blog/trojan-extension-malware-3-year-campaign-300k-infections,,https://chromewebstore.google.com/detail/nniikbbaboifhfjjkjekiamnfpkdieng,critical,,2026-08-03,ExtSentry (github.com/mthcht/awesome-lists)
pjomkeecbjnbpmanlbeijbkahooibopk,Lax Search,*pjomkeecbjnbpmanlbeijbkahooibopk*,malware,malicious,https://keepaware.com/blog/trojan-extension-malware-3-year-campaign-300k-infections,,https://chromewebstore.google.com/detail/pjomkeecbjnbpmanlbeijbkahooibopk,critical,,2026-08-03,ExtSentry (github.com/mthcht/awesome-lists)
pkofdnfadkamabkgjdjcddeopopbdjhg,Active Search Bar,*pkofdnfadkamabkgjdjcddeopopbdjhg*,malware,malicious,https://keepaware.com/blog/trojan-extension-malware-3-year-campaign-300k-infections,,https://chromewebstore.google.com/detail/pkofdnfadkamabkgjdjcddeopopbdjhg,critical,,2026-08-03,ExtSentry (github.com/mthcht/awesome-lists)
aljlkinhomaaahfdojalfmimeidofpih,Hide YouTube Shorts,*aljlkinhomaaahfdojalfmimeidofpih*,malware,malicious,https://palant.info/2024/10/30/the-karma-connection-in-chrome-web-store/,,https://chromewebstore.google.com/detail/aljlkinhomaaahfdojalfmimeidofpih,critical,,2026-08-03,ExtSentry (github.com/mthcht/awesome-lists)
cfemcmeknmapecneeeaajnbhhgfgkfhp,DarkPDF,*cfemcmeknmapecneeeaajnbhhgfgkfhp*,malware,malicious,https://palant.info/2024/10/30/the-karma-connection-in-chrome-web-store/,,https://chromewebstore.google.com/detail/cfemcmeknmapecneeeaajnbhhgfgkfhp,critical,,2026-08-03,ExtSentry (github.com/mthcht/awesome-lists)
dncejofenelddljaidedboiegklahijo,Sudoku On The Rocks,*dncejofenelddljaidedboiegklahijo*,malware,malicious,https://palant.info/2024/10/30/the-karma-connection-in-chrome-web-store/,,https://chromewebstore.google.com/detail/dncejofenelddljaidedboiegklahijo,critical,,2026-08-03,ExtSentry (github.com/mthcht/awesome-lists)
eadknamngiibbmjdfokmppfooolhdidc,Dynamics 365 Power Pane,*eadknamngiibbmjdfokmppfooolhdidc*,malware,malicious,https://palant.info/2024/10/30/the-karma-connection-in-chrome-web-store/,,https://chromewebstore.google.com/detail/eadknamngiibbmjdfokmppfooolhdidc,critical,,2026-08-03,ExtSentry (github.com/mthcht/awesome-lists)
eiccbajfmdnmkfhhknldadnheilniafp,Israel everywhere,*eiccbajfmdnmkfhhknldadnheilniafp*,malware,malicious,https://palant.info/2024/10/30/the-karma-connection-in-chrome-web-store/,,https://chromewebstore.google.com/detail/eiccbajfmdnmkfhhknldadnheilniafp,critical,,2026-08-03,ExtSentry (github.com/mthcht/awesome-lists)
emalgedpdlghbkikiaeocoblajamonoh,"Karma | Online shopping, but better",*emalgedpdlghbkikiaeocoblajamonoh*,malware,malicious,https://palant.info/2024/10/30/the-karma-connection-in-chrome-web-store/,,https://chromewebstore.google.com/detail/emalgedpdlghbkikiaeocoblajamonoh,critical,,2026-08-03,ExtSentry (github.com/mthcht/awesome-lists)
ihdjofjnmhebaiaanaeeoebjcgaildmk,Quick Stickies,*ihdjofjnmhebaiaanaeeoebjcgaildmk*,malware,malicious,https://palant.info/2024/10/30/the-karma-connection-in-chrome-web-store/,,https://chromewebstore.google.com/detail/ihdjofjnmhebaiaanaeeoebjcgaildmk,critical,,2026-08-03,ExtSentry (github.com/mthcht/awesome-lists)
koebbleaefghpjjmghelhjboilcmfpad,Nucleus: A Pomodoro Timer and Website Blocker,*koebbleaefghpjjmghelhjboilcmfpad*,malware,malicious,https://palant.info/2024/10/30/the-karma-connection-in-chrome-web-store/,,https://chromewebstore.google.com/detail/koebbleaefghpjjmghelhjboilcmfpad,critical,,2026-08-03,ExtSentry (github.com/mthcht/awesome-lists)
kolnaamcekefalgibbpffeccknaiblpi,Hidden Airline Baggage Fees,*kolnaamcekefalgibbpffeccknaiblpi*,malware,malicious,https://palant.info/2024/10/30/the-karma-connection-in-chrome-web-store/,,https://chromewebstore.google.com/detail/kolnaamcekefalgibbpffeccknaiblpi,critical,,2026-08-03,ExtSentry (github.com/mthcht/awesome-lists)
pibnhedpldjakfpnfkabbnifhmokakfb,M3U8 Downloader,*pibnhedpldjakfpnfkabbnifhmokakfb*,malware,malicious,https://palant.info/2024/10/30/the-karma-connection-in-chrome-web-store/,,https://chromewebstore.google.com/detail/pibnhedpldjakfpnfkabbnifhmokakfb,critical,,2026-08-03,ExtSentry (github.com/mthcht/awesome-lists)
acbiaofoeebeinacmcknopaikmecdehl,Wistia Video Downloader,*acbiaofoeebeinacmcknopaikmecdehl*,malware,malicious,https://gitlab-com.gitlab.io/gl-security/security-tech-notes/threat-intelligence-tech-notes/malicious-browser-extensions-feb-2025/,,https://chromewebstore.google.com/detail/acbiaofoeebeinacmcknopaikmecdehl,critical,,2026-08-03,ExtSentry (github.com/mthcht/awesome-lists)
alplpnakfeabeiebipdmaenpmbgknjce,Adblocker for Chrome - NoAds,*alplpnakfeabeiebipdmaenpmbgknjce*,malware,malicious,https://gitlab-com.gitlab.io/gl-security/security-tech-notes/threat-intelligence-tech-notes/malicious-browser-extensions-feb-2025/,,https://chromewebstore.google.com/detail/alplpnakfeabeiebipdmaenpmbgknjce,critical,,2026-08-03,ExtSentry (github.com/mthcht/awesome-lists)
bpconcjcammlapcogcnnelfmaeghhagj,Nimble capture,*bpconcjcammlapcogcnnelfmaeghhagj*,malware,malicious,https://gitlab-com.gitlab.io/gl-security/security-tech-notes/threat-intelligence-tech-notes/malicious-browser-extensions-feb-2025/,,https://chromewebstore.google.com/detail/bpconcjcammlapcogcnnelfmaeghhagj,critical,,2026-08-03,ExtSentry (github.com/mthcht/awesome-lists)
deljjimclpnhngmikaiiodgggdniaooh,Themes for Chrome and YouTube Picture in Picture,*deljjimclpnhngmikaiiodgggdniaooh*,malware,malicious,https://gitlab-com.gitlab.io/gl-security/security-tech-notes/threat-intelligence-tech-notes/malicious-browser-extensions-feb-2025/,,https://chromewebstore.google.com/detail/deljjimclpnhngmikaiiodgggdniaooh,critical,,2026-08-03,ExtSentry (github.com/mthcht/awesome-lists)
fbcgkphadgmbalmlklhbdagcicajenei,Emoji keyboard emojis for chrome,*fbcgkphadgmbalmlklhbdagcicajenei*,malware,malicious,https://gitlab-com.gitlab.io/gl-security/security-tech-notes/threat-intelligence-tech-notes/malicious-browser-extensions-feb-2025/,,https://chromewebstore.google.com/detail/fbcgkphadgmbalmlklhbdagcicajenei,critical,,2026-08-03,ExtSentry (github.com/mthcht/awesome-lists)
fedimamkpgiemhacbdhkkaihgofncola,WAToolkit,*fedimamkpgiemhacbdhkkaihgofncola*,malware,malicious,https://gitlab-com.gitlab.io/gl-security/security-tech-notes/threat-intelligence-tech-notes/malicious-browser-extensions-feb-2025/,,https://chromewebstore.google.com/detail/fedimamkpgiemhacbdhkkaihgofncola,critical,,2026-08-03,ExtSentry (github.com/mthcht/awesome-lists)
gaoflciahikhligngeccdecgfjngejlh,Emojis - Emoji Keyboard,*gaoflciahikhligngeccdecgfjngejlh*,malware,malicious,https://gitlab-com.gitlab.io/gl-security/security-tech-notes/threat-intelligence-tech-notes/malicious-browser-extensions-feb-2025/,,https://chromewebstore.google.com/detail/gaoflciahikhligngeccdecgfjngejlh,critical,,2026-08-03,ExtSentry (github.com/mthcht/awesome-lists)
gdocgbfmddcfnlnpmnghmjicjognhonm,KProxy,*gdocgbfmddcfnlnpmnghmjicjognhonm*,malware,malicious,https://gitlab-com.gitlab.io/gl-security/security-tech-notes/threat-intelligence-tech-notes/malicious-browser-extensions-feb-2025/,,https://chromewebstore.google.com/detail/gdocgbfmddcfnlnpmnghmjicjognhonm,critical,,2026-08-03,ExtSentry (github.com/mthcht/awesome-lists)
giaoehhefkmchjbbdnahgeppblbdejmj,Mike Adblock für Chrome | Chrome-Werbeblocker,*giaoehhefkmchjbbdnahgeppblbdejmj*,malware,malicious,https://gitlab-com.gitlab.io/gl-security/security-tech-notes/threat-intelligence-tech-notes/malicious-browser-extensions-feb-2025/,,https://chromewebstore.google.com/detail/giaoehhefkmchjbbdnahgeppblbdejmj,critical,,2026-08-03,ExtSentry (github.com/mthcht/awesome-lists)
hmooaemjmediafeacjplpbpenjnpcneg,Page Refresh,*hmooaemjmediafeacjplpbpenjnpcneg*,malware,malicious,https://gitlab-com.gitlab.io/gl-security/security-tech-notes/threat-intelligence-tech-notes/malicious-browser-extensions-feb-2025/,,https://chromewebstore.google.com/detail/hmooaemjmediafeacjplpbpenjnpcneg,critical,,2026-08-03,ExtSentry (github.com/mthcht/awesome-lists)
idpbkophnbfijcnlffdmmppgnncgappc,Rakuten Button Canada,*idpbkophnbfijcnlffdmmppgnncgappc*,malware,malicious,https://gitlab-com.gitlab.io/gl-security/security-tech-notes/threat-intelligence-tech-notes/malicious-browser-extensions-feb-2025/,,https://chromewebstore.google.com/detail/idpbkophnbfijcnlffdmmppgnncgappc,critical,,2026-08-03,ExtSentry (github.com/mthcht/awesome-lists)
jdjldbengpgdcfkljfdmakdgmfpneldd,Video Effects for YouTube And Audio Enhancer,*jdjldbengpgdcfkljfdmakdgmfpneldd*,malware,malicious,https://gitlab-com.gitlab.io/gl-security/security-tech-notes/threat-intelligence-tech-notes/malicious-browser-extensions-feb-2025/,,https://chromewebstore.google.com/detail/jdjldbengpgdcfkljfdmakdgmfpneldd,critical,,2026-08-03,ExtSentry (github.com/mthcht/awesome-lists)
jlhgcomgldfapimdboelilfcipigkgik,Color Changer for YouTube,*jlhgcomgldfapimdboelilfcipigkgik*,malware,malicious,https://gitlab-com.gitlab.io/gl-security/security-tech-notes/threat-intelligence-tech-notes/malicious-browser-extensions-feb-2025/,,https://chromewebstore.google.com/detail/jlhgcomgldfapimdboelilfcipigkgik,critical,,2026-08-03,ExtSentry (github.com/mthcht/awesome-lists)
mdaboflcmhejfihjcbmdiebgfchigjcf,Blipshot: one click full page screenshots,*mdaboflcmhejfihjcbmdiebgfchigjcf*,malware,malicious,https://gitlab-com.gitlab.io/gl-security/security-tech-notes/threat-intelligence-tech-notes/malicious-browser-extensions-feb-2025/,,https://chromewebstore.google.com/detail/mdaboflcmhejfihjcbmdiebgfchigjcf,critical,,2026-08-03,ExtSentry (github.com/mthcht/awesome-lists)
nlgphodeccebbcnkgmokeegopgpnjfkc,Super dark mode,*nlgphodeccebbcnkgmokeegopgpnjfkc*,malware,malicious,https://gitlab-com.gitlab.io/gl-security/security-tech-notes/threat-intelligence-tech-notes/malicious-browser-extensions-feb-2025/,,https://chromewebstore.google.com/detail/nlgphodeccebbcnkgmokeegopgpnjfkc,critical,,2026-08-03,ExtSentry (github.com/mthcht/awesome-lists)
ogcaehilgakehloljjmajoempaflmdci,Adblock for You,*ogcaehilgakehloljjmajoempaflmdci*,malware,malicious,https://gitlab-com.gitlab.io/gl-security/security-tech-notes/threat-intelligence-tech-notes/malicious-browser-extensions-feb-2025/,,https://chromewebstore.google.com/detail/ogcaehilgakehloljjmajoempaflmdci,critical,,2026-08-03,ExtSentry (github.com/mthcht/awesome-lists)
onomjaelhagjjojbkcafidnepbfkpnee,Adblock for Chrome,*onomjaelhagjjojbkcafidnepbfkpnee*,malware,malicious,https://gitlab-com.gitlab.io/gl-security/security-tech-notes/threat-intelligence-tech-notes/malicious-browser-extensions-feb-2025/,,https://chromewebstore.google.com/detail/onomjaelhagjjojbkcafidnepbfkpnee,critical,,2026-08-03,ExtSentry (github.com/mthcht/awesome-lists)
lgnfmkckpppkfbfndcdighighholljcn,Photon Bot,*lgnfmkckpppkfbfndcdighighholljcn*,malware,malicious,https://labs.sqrx.com/hidden-in-plain-sight-how-we-followed-one-malicious-extension-to-uncover-a-multi-extension-a6f3f0792b98,,https://chromewebstore.google.com/detail/lgnfmkckpppkfbfndcdighighholljcn,critical,,2026-08-03,ExtSentry (github.com/mthcht/awesome-lists)
ddhodpjidkbpkeheeenjflfjbgljgapl,Trenches Agent,*ddhodpjidkbpkeheeenjflfjbgljgapl*,malware,malicious,https://labs.sqrx.com/hidden-in-plain-sight-how-we-followed-one-malicious-extension-to-uncover-a-multi-extension-a6f3f0792b98,,https://chromewebstore.google.com/detail/ddhodpjidkbpkeheeenjflfjbgljgapl,critical,,2026-08-03,ExtSentry (github.com/mthcht/awesome-lists)
khbegeannolbigamjahgggfpnaacbbmb,Axiom Enhancer,*khbegeannolbigamjahgggfpnaacbbmb*,malware,malicious,https://labs.sqrx.com/hidden-in-plain-sight-how-we-followed-one-malicious-extension-to-uncover-a-multi-extension-a6f3f0792b98,,https://chromewebstore.google.com/detail/khbegeannolbigamjahgggfpnaacbbmb,critical,,2026-08-03,ExtSentry (github.com/mthcht/awesome-lists)
fibemlnkopkeenmmgcfohhcdbkhgbolo,Safery: Ethereum Wallet,*fibemlnkopkeenmmgcfohhcdbkhgbolo*,malware,malicious,https://socket.dev/blog/malicious-chrome-extension-exfiltrates-seed-phrases,,https://chromewebstore.google.com/detail/fibemlnkopkeenmmgcfohhcdbkhgbolo,critical,,2026-08-03,ExtSentry (github.com/mthcht/awesome-lists)
iaemdpdnmdkaphnmcogmcgcmhhafcifd,Crypto Copilot,*iaemdpdnmdkaphnmcogmcgcmhhafcifd*,malware,malicious,https://socket.dev/blog/malicious-chrome-extension-injects-hidden-sol-fees-into-solana-swaps,,https://chromewebstore.google.com/detail/iaemdpdnmdkaphnmcogmcgcmhhafcifd,critical,,2026-08-03,ExtSentry (github.com/mthcht/awesome-lists)
pppdfgkfdemgfknfnhpkibbkabhghhfh,MEXC API Automator,*pppdfgkfdemgfknfnhpkibbkabhghhfh*,malware,malicious,https://socket.dev/blog/malicious-chrome-extension-steals-mexc-api-keys,,https://chromewebstore.google.com/detail/pppdfgkfdemgfknfnhpkibbkabhghhfh,critical,,2026-08-03,ExtSentry (github.com/mthcht/awesome-lists)
ajbkmeegjnmaggkhmibgckapjkohajim,Cool Cursor,*ajbkmeegjnmaggkhmibgckapjkohajim*,malware,malicious,https://layerxsecurity.com/blog/browser-extensions-gone-rogue-the-full-scope-of-the-ghostposter-campaign/,,https://chromewebstore.google.com/detail/ajbkmeegjnmaggkhmibgckapjkohajim,critical,,2026-08-03,ExtSentry (github.com/mthcht/awesome-lists)
bmmchpeggdipgcobjbkcjiifgjdaodng,Color Enhancer,*bmmchpeggdipgcobjbkcjiifgjdaodng*,malware,malicious,https://layerxsecurity.com/blog/browser-extensions-gone-rogue-the-full-scope-of-the-ghostposter-campaign/,,https://chromewebstore.google.com/detail/bmmchpeggdipgcobjbkcjiifgjdaodng,critical,,2026-08-03,ExtSentry (github.com/mthcht/awesome-lists)
dhnibdhcanplpdkcljgmfhbipehkgdkk,Youtube Download,*dhnibdhcanplpdkcljgmfhbipehkgdkk*,malware,malicious,https://layerxsecurity.com/blog/browser-extensions-gone-rogue-the-full-scope-of-the-ghostposter-campaign/,,https://chromewebstore.google.com/detail/dhnibdhcanplpdkcljgmfhbipehkgdkk,critical,,2026-08-03,ExtSentry (github.com/mthcht/awesome-lists)
fbobegkkdmmcnmoplkgdmfhdlkjfelnb,Ads Block Ultimate,*fbobegkkdmmcnmoplkgdmfhdlkjfelnb*,malware,malicious,https://layerxsecurity.com/blog/browser-extensions-gone-rogue-the-full-scope-of-the-ghostposter-campaign/,,https://chromewebstore.google.com/detail/fbobegkkdmmcnmoplkgdmfhdlkjfelnb,critical,,2026-08-03,ExtSentry (github.com/mthcht/awesome-lists)
fcoongackakfdmiincikmjgkedcgjkdp,Google Translate in Right Click,*fcoongackakfdmiincikmjgkedcgjkdp*,malware,malicious,https://layerxsecurity.com/blog/browser-extensions-gone-rogue-the-full-scope-of-the-ghostposter-campaign/,,https://chromewebstore.google.com/detail/fcoongackakfdmiincikmjgkedcgjkdp,critical,,2026-08-03,ExtSentry (github.com/mthcht/awesome-lists)
gmciomcaholgmklbfangdjkneihfkddd,RSS Feed,*gmciomcaholgmklbfangdjkneihfkddd*,malware,malicious,https://layerxsecurity.com/blog/browser-extensions-gone-rogue-the-full-scope-of-the-ghostposter-campaign/,,https://chromewebstore.google.com/detail/gmciomcaholgmklbfangdjkneihfkddd,critical,,2026-08-03,ExtSentry (github.com/mthcht/awesome-lists)
ielbkcjohpgmjhoiadncabphkglejgih,Convert Everything,*ielbkcjohpgmjhoiadncabphkglejgih*,malware,malicious,https://layerxsecurity.com/blog/browser-extensions-gone-rogue-the-full-scope-of-the-ghostposter-campaign/,,https://chromewebstore.google.com/detail/ielbkcjohpgmjhoiadncabphkglejgih,critical,,2026-08-03,ExtSentry (github.com/mthcht/awesome-lists)
jihipmfmicjjpbpmoceapfjmigmemfam,One Key Translate,*jihipmfmicjjpbpmoceapfjmigmemfam*,malware,malicious,https://layerxsecurity.com/blog/browser-extensions-gone-rogue-the-full-scope-of-the-ghostposter-campaign/,,https://chromewebstore.google.com/detail/jihipmfmicjjpbpmoceapfjmigmemfam,critical,,2026-08-03,ExtSentry (github.com/mthcht/awesome-lists)
kjkhljbbodkfgbfnhjfdchkjacdhmeaf,Full Page Screenshot,*kjkhljbbodkfgbfnhjfdchkjacdhmeaf*,malware,malicious,https://layerxsecurity.com/blog/browser-extensions-gone-rogue-the-full-scope-of-the-ghostposter-campaign/,,https://chromewebstore.google.com/detail/kjkhljbbodkfgbfnhjfdchkjacdhmeaf,critical,,2026-08-03,ExtSentry (github.com/mthcht/awesome-lists)
knoibjinlbaolannjalfdjiloaadnknj,Floating Player - PiP Mode,*knoibjinlbaolannjalfdjiloaadnknj*,malware,malicious,https://layerxsecurity.com/blog/browser-extensions-gone-rogue-the-full-scope-of-the-ghostposter-campaign/,,https://chromewebstore.google.com/detail/knoibjinlbaolannjalfdjiloaadnknj,critical,,2026-08-03,ExtSentry (github.com/mthcht/awesome-lists)
maiackahflfnegibhinjhpbgeoldeklb,Page Screenshot Clipper,*maiackahflfnegibhinjhpbgeoldeklb*,malware,malicious,https://layerxsecurity.com/blog/browser-extensions-gone-rogue-the-full-scope-of-the-ghostposter-campaign/,,https://chromewebstore.google.com/detail/maiackahflfnegibhinjhpbgeoldeklb,critical,,2026-08-03,ExtSentry (github.com/mthcht/awesome-lists)
obocpangfamkffjllmcfnieeoacoheda,Translate Selected Text with Google,*obocpangfamkffjllmcfnieeoacoheda*,malware,malicious,https://layerxsecurity.com/blog/browser-extensions-gone-rogue-the-full-scope-of-the-ghostposter-campaign/,,https://chromewebstore.google.com/detail/obocpangfamkffjllmcfnieeoacoheda,critical,,2026-08-03,ExtSentry (github.com/mthcht/awesome-lists)
onlofoccaenllpjmalbnilfacjmcfhfk,AdBlocker,*onlofoccaenllpjmalbnilfacjmcfhfk*,malware,malicious,https://layerxsecurity.com/blog/browser-extensions-gone-rogue-the-full-scope-of-the-ghostposter-campaign/,,https://chromewebstore.google.com/detail/onlofoccaenllpjmalbnilfacjmcfhfk,critical,,2026-08-03,ExtSentry (github.com/mthcht/awesome-lists)
pnpchphmplpdimbllknjoiopmfphellj,Amazon Ads Blocker,*pnpchphmplpdimbllknjoiopmfphellj*,malware,malicious,https://socket.dev/blog/malicious-chrome-extension-performs-hidden-affiliate-hijacking?utm_medium=feed,,https://chromewebstore.google.com/detail/pnpchphmplpdimbllknjoiopmfphellj,critical,,2026-08-03,ExtSentry (github.com/mthcht/awesome-lists)
ahlnchhkedmjbdocaamkbmhppnligmoh,10xprofit Amazon Seller Tools,*ahlnchhkedmjbdocaamkbmhppnligmoh*,malware,malicious,https://socket.dev/blog/malicious-chrome-extension-performs-hidden-affiliate-hijacking?utm_medium=feed,,https://chromewebstore.google.com/detail/ahlnchhkedmjbdocaamkbmhppnligmoh,critical,,2026-08-03,ExtSentry (github.com/mthcht/awesome-lists)
ljcgnobemekghgobhlplpehijemdgcgo,Amazon ASIN Lookup 10xprofit,*ljcgnobemekghgobhlplpehijemdgcgo*,malware,malicious,https://socket.dev/blog/malicious-chrome-extension-performs-hidden-affiliate-hijacking?utm_medium=feed,,https://chromewebstore.google.com/detail/ljcgnobemekghgobhlplpehijemdgcgo,critical,,2026-08-03,ExtSentry (github.com/mthcht/awesome-lists)
dnmfcojgjchpjcmjgpgonmhccibjopnb,Amazon Search Suggestion,*dnmfcojgjchpjcmjgpgonmhccibjopnb*,malware,malicious,https://socket.dev/blog/malicious-chrome-extension-performs-hidden-affiliate-hijacking?utm_medium=feed,,https://chromewebstore.google.com/detail/dnmfcojgjchpjcmjgpgonmhccibjopnb,critical,,2026-08-03,ExtSentry (github.com/mthcht/awesome-lists)
mnacfoefejolpobogooghoclppjcgfcm,Amazon Product Scraper 10xprofit,*mnacfoefejolpobogooghoclppjcgfcm*,malware,malicious,https://socket.dev/blog/malicious-chrome-extension-performs-hidden-affiliate-hijacking?utm_medium=feed,,https://chromewebstore.google.com/detail/mnacfoefejolpobogooghoclppjcgfcm,critical,,2026-08-03,ExtSentry (github.com/mthcht/awesome-lists)
nigamacoibifjohkmepefofohfedblgg,Amazon Quick Brand Search,*nigamacoibifjohkmepefofohfedblgg*,malware,malicious,https://socket.dev/blog/malicious-chrome-extension-performs-hidden-affiliate-hijacking?utm_medium=feed,,https://chromewebstore.google.com/detail/nigamacoibifjohkmepefofohfedblgg,critical,,2026-08-03,ExtSentry (github.com/mthcht/awesome-lists)
johobikccpnmifjjpephegmfpipfbfme,Amazon Stock Checker 999,*johobikccpnmifjjpephegmfpipfbfme*,malware,malicious,https://socket.dev/blog/malicious-chrome-extension-performs-hidden-affiliate-hijacking?utm_medium=feed,,https://chromewebstore.google.com/detail/johobikccpnmifjjpephegmfpipfbfme,critical,,2026-08-03,ExtSentry (github.com/mthcht/awesome-lists)
kppfbknppimnoociaomjcdgkebdmenkh,Amazon Price History Saver,*kppfbknppimnoociaomjcdgkebdmenkh*,malware,malicious,https://socket.dev/blog/malicious-chrome-extension-performs-hidden-affiliate-hijacking?utm_medium=feed,,https://chromewebstore.google.com/detail/kppfbknppimnoociaomjcdgkebdmenkh,critical,,2026-08-03,ExtSentry (github.com/mthcht/awesome-lists)
aohfjaadlbiifnnajpobdhokecjokhab,Amazon ASIN Copy,*aohfjaadlbiifnnajpobdhokecjokhab*,malware,malicious,https://socket.dev/blog/malicious-chrome-extension-performs-hidden-affiliate-hijacking?utm_medium=feed,,https://chromewebstore.google.com/detail/aohfjaadlbiifnnajpobdhokecjokhab,critical,,2026-08-03,ExtSentry (github.com/mthcht/awesome-lists)
gfdbbmngalhmegpkejhidhgdpmehlmnd,Amazon Keyword Cloud Generator,*gfdbbmngalhmegpkejhidhgdpmehlmnd*,malware,malicious,https://socket.dev/blog/malicious-chrome-extension-performs-hidden-affiliate-hijacking?utm_medium=feed,,https://chromewebstore.google.com/detail/gfdbbmngalhmegpkejhidhgdpmehlmnd,critical,,2026-08-03,ExtSentry (github.com/mthcht/awesome-lists)
cpcojeeblggnjjgnpiicndnahfhjdobd,Amazon Image Downloader,*cpcojeeblggnjjgnpiicndnahfhjdobd*,malware,malicious,https://socket.dev/blog/malicious-chrome-extension-performs-hidden-affiliate-hijacking?utm_medium=feed,,https://chromewebstore.google.com/detail/cpcojeeblggnjjgnpiicndnahfhjdobd,critical,,2026-08-03,ExtSentry (github.com/mthcht/awesome-lists)
hkkkipfcdagiocekjdhobgmlkhejjfoj,Amazon Negative Review Hider,*hkkkipfcdagiocekjdhobgmlkhejjfoj*,malware,malicious,https://socket.dev/blog/malicious-chrome-extension-performs-hidden-affiliate-hijacking?utm_medium=feed,,https://chromewebstore.google.com/detail/hkkkipfcdagiocekjdhobgmlkhejjfoj,critical,,2026-08-03,ExtSentry (github.com/mthcht/awesome-lists)
jaojpdijbaolkhkifpgbjnhfbmckoojh,Amazon Listing Score Checker,*jaojpdijbaolkhkifpgbjnhfbmckoojh*,malware,malicious,https://socket.dev/blog/malicious-chrome-extension-performs-hidden-affiliate-hijacking?utm_medium=feed,,https://chromewebstore.google.com/detail/jaojpdijbaolkhkifpgbjnhfbmckoojh,critical,,2026-08-03,ExtSentry (github.com/mthcht/awesome-lists)
ekomkpgkmieaaekmaldmaljljahehkoi,Amazon Keyword Density Searcher,*ekomkpgkmieaaekmaldmaljljahehkoi*,malware,malicious,https://socket.dev/blog/malicious-chrome-extension-performs-hidden-affiliate-hijacking?utm_medium=feed,,https://chromewebstore.google.com/detail/ekomkpgkmieaaekmaldmaljljahehkoi,critical,,2026-08-03,ExtSentry (github.com/mthcht/awesome-lists)
hkhmodcdjhcidbcncgmnknjppphcpgmh,Amazon Sticky Notes,*hkhmodcdjhcidbcncgmnknjppphcpgmh*,malware,malicious,https://socket.dev/blog/malicious-chrome-extension-performs-hidden-affiliate-hijacking?utm_medium=feed,,https://chromewebstore.google.com/detail/hkhmodcdjhcidbcncgmnknjppphcpgmh,critical,,2026-08-03,ExtSentry (github.com/mthcht/awesome-lists)
nipfdfkjnidadibpbflijepbllfkokac,Amazon Result Numbering,*nipfdfkjnidadibpbflijepbllfkokac*,malware,malicious,https://socket.dev/blog/malicious-chrome-extension-performs-hidden-affiliate-hijacking?utm_medium=feed,,https://chromewebstore.google.com/detail/nipfdfkjnidadibpbflijepbllfkokac,critical,,2026-08-03,ExtSentry (github.com/mthcht/awesome-lists)
behckapcoohededfbgjgkgefgkpodeho,Amazon Profit Calculator,*behckapcoohededfbgjgkgefgkpodeho*,malware,malicious,https://socket.dev/blog/malicious-chrome-extension-performs-hidden-affiliate-hijacking?utm_medium=feed,,https://chromewebstore.google.com/detail/behckapcoohededfbgjgkgefgkpodeho,critical,,2026-08-03,ExtSentry (github.com/mthcht/awesome-lists)
dfnannaibdndmkienngjahldiofjbkmj,Amazon Weight Converter,*dfnannaibdndmkienngjahldiofjbkmj*,malware,malicious,https://socket.dev/blog/malicious-chrome-extension-performs-hidden-affiliate-hijacking?utm_medium=feed,,https://chromewebstore.google.com/detail/dfnannaibdndmkienngjahldiofjbkmj,critical,,2026-08-03,ExtSentry (github.com/mthcht/awesome-lists)
nhilffccdbcjcnoopblecppbhalagpaf,Amazon BSR Fast View,*nhilffccdbcjcnoopblecppbhalagpaf*,malware,malicious,https://socket.dev/blog/malicious-chrome-extension-performs-hidden-affiliate-hijacking?utm_medium=feed,,https://chromewebstore.google.com/detail/nhilffccdbcjcnoopblecppbhalagpaf,critical,,2026-08-03,ExtSentry (github.com/mthcht/awesome-lists)
mabbblhhnmlckjbfppkopnccllieeocp,AliExpress Invoice Generator,*mabbblhhnmlckjbfppkopnccllieeocp*,malware,malicious,https://socket.dev/blog/malicious-chrome-extension-performs-hidden-affiliate-hijacking?utm_medium=feed,,https://chromewebstore.google.com/detail/mabbblhhnmlckjbfppkopnccllieeocp,critical,,2026-08-03,ExtSentry (github.com/mthcht/awesome-lists)
mjcgfimemamogfmekphcfdehfkkbmldn,Amazon Global Price Checker,*mjcgfimemamogfmekphcfdehfkkbmldn*,malware,malicious,https://socket.dev/blog/malicious-chrome-extension-performs-hidden-affiliate-hijacking?utm_medium=feed,,https://chromewebstore.google.com/detail/mjcgfimemamogfmekphcfdehfkkbmldn,critical,,2026-08-03,ExtSentry (github.com/mthcht/awesome-lists)
mcaihdkeijgfhnlfcdehniplmaapadgb,Walmart Search By Image,*mcaihdkeijgfhnlfcdehniplmaapadgb*,malware,malicious,https://socket.dev/blog/malicious-chrome-extension-performs-hidden-affiliate-hijacking?utm_medium=feed,,https://chromewebstore.google.com/detail/mcaihdkeijgfhnlfcdehniplmaapadgb,critical,,2026-08-03,ExtSentry (github.com/mthcht/awesome-lists)
mpgaodghdhmeljgogbeagpbhgdbfofgb,SHEIN Search By Image,*mpgaodghdhmeljgogbeagpbhgdbfofgb*,malware,malicious,https://socket.dev/blog/malicious-chrome-extension-performs-hidden-affiliate-hijacking?utm_medium=feed,,https://chromewebstore.google.com/detail/mpgaodghdhmeljgogbeagpbhgdbfofgb,critical,,2026-08-03,ExtSentry (github.com/mthcht/awesome-lists)
gjlbbcimkbncedhofeknicfkhgaocohl,Shopify Search By Image,*gjlbbcimkbncedhofeknicfkhgaocohl*,malware,malicious,https://socket.dev/blog/malicious-chrome-extension-performs-hidden-affiliate-hijacking?utm_medium=feed,,https://chromewebstore.google.com/detail/gjlbbcimkbncedhofeknicfkhgaocohl,critical,,2026-08-03,ExtSentry (github.com/mthcht/awesome-lists)
nppjmiadmakeigiagilkfffplihgjlec,BestBuy Search By Image,*nppjmiadmakeigiagilkfffplihgjlec*,malware,malicious,https://socket.dev/blog/malicious-chrome-extension-performs-hidden-affiliate-hijacking?utm_medium=feed,,https://chromewebstore.google.com/detail/nppjmiadmakeigiagilkfffplihgjlec,critical,,2026-08-03,ExtSentry (github.com/mthcht/awesome-lists)
loiofaagnefbonjdjklhacdhfkolcfgi,AliExpress Price Tracker - Price History & Alerts,*loiofaagnefbonjdjklhacdhfkolcfgi*,malware,malicious,https://socket.dev/blog/malicious-chrome-extension-performs-hidden-affiliate-hijacking?utm_medium=feed,,https://chromewebstore.google.com/detail/loiofaagnefbonjdjklhacdhfkolcfgi,critical,,2026-08-03,ExtSentry (github.com/mthcht/awesome-lists)
mcaglpclodnaiimhicpjemhcinjfnjce,AliExpress Quick Currency & Price Converter,*mcaglpclodnaiimhicpjemhcinjfnjce*,malware,malicious,https://socket.dev/blog/malicious-chrome-extension-performs-hidden-affiliate-hijacking?utm_medium=feed,,https://chromewebstore.google.com/detail/mcaglpclodnaiimhicpjemhcinjfnjce,critical,,2026-08-03,ExtSentry (github.com/mthcht/awesome-lists)
goikoilmhcgfidolicnbgggdpckdcoam,Amazon Character Count & Seller Tools,*goikoilmhcgfidolicnbgggdpckdcoam*,malware,malicious,https://socket.dev/blog/malicious-chrome-extension-performs-hidden-affiliate-hijacking?utm_medium=feed,,https://chromewebstore.google.com/detail/goikoilmhcgfidolicnbgggdpckdcoam,critical,,2026-08-03,ExtSentry (github.com/mthcht/awesome-lists)
jmlgkeaofknfmnbpmlmadnfnfajdlehn,AliExpress Deals Countdown - Flash Sale Timer,*jmlgkeaofknfmnbpmlmadnfnfajdlehn*,malware,malicious,https://socket.dev/blog/malicious-chrome-extension-performs-hidden-affiliate-hijacking?utm_medium=feed,,https://chromewebstore.google.com/detail/jmlgkeaofknfmnbpmlmadnfnfajdlehn,critical,,2026-08-03,ExtSentry (github.com/mthcht/awesome-lists)
bbhaganppipihlhjgaaeeeefbaoihcgi,lm?oken Chromophore,*bbhaganppipihlhjgaaeeeefbaoihcgi*,malware,malicious,https://socket.dev/blog/fake-imtoken-chrome-extension-steals-seed-phrases-via-phishing-redirects,,https://chromewebstore.google.com/detail/bbhaganppipihlhjgaaeeeefbaoihcgi,critical,,2026-08-03,ExtSentry (github.com/mthcht/awesome-lists)
jkphinfhmfkckkcnifhjiplhfoiefffl,CL Suite by @CLMasters,*jkphinfhmfkckkcnifhjiplhfoiefffl*,malware,malicious,https://socket.dev/blog/malicious-chrome-extension-steals-meta-business-manager-exports-and-totp-2fa-seeds,,https://chromewebstore.google.com/detail/jkphinfhmfkckkcnifhjiplhfoiefffl,critical,,2026-08-03,ExtSentry (github.com/mthcht/awesome-lists)
kdenlnncndfnhkognokgfpabgkgehodd,QuickLens - Search Screen with Google Lens,*kdenlnncndfnhkognokgfpabgkgehodd*,malware,malicious,https://annex.security/blog/pixel-perfect/,,https://chromewebstore.google.com/detail/kdenlnncndfnhkognokgfpabgkgehodd,critical,,2026-08-03,ExtSentry (github.com/mthcht/awesome-lists)
browser_extension_id,browser_extension,browser_extension_id_wildcard,metadata_category,metadata_type,metadata_link,metadata_comment,https://chromewebstore.google.com/detail/browser_extension_id,medium,crx_file_sha256,2026-08-03,ExtSentry (github.com/mthcht/awesome-lists)
{7c3a8b88-4dc9-4487-b7f9-736b5f38b957},Bypass,*{7c3a8b88-4dc9-4487-b7f9-736b5f38b957}*,malware,malicious,https://blog.mozilla.org/security/2021/10/25/securing-the-proxy-api-for-firefox-add-ons/,Firefox - verified internal extension ID - Mozilla-confirmed malicious proxy API abuse - exact ID match required,https://chromewebstore.google.com/detail/{7c3a8b88-4dc9-4487-b7f9-736b5f38b957},critical,,2026-08-03,ExtSentry (github.com/mthcht/awesome-lists)
{d61552ef-e2a6-4fb5-bf67-8990f0014957},Bypass XM,*{d61552ef-e2a6-4fb5-bf67-8990f0014957}*,malware,malicious,https://blog.mozilla.org/security/2021/10/25/securing-the-proxy-api-for-firefox-add-ons/,Firefox - verified internal extension ID - Mozilla-confirmed malicious proxy API abuse - exact ID match required,https://chromewebstore.google.com/detail/{d61552ef-e2a6-4fb5-bf67-8990f0014957},critical,,2026-08-03,ExtSentry (github.com/mthcht/awesome-lists)
firefox@browser-security.de,Browser Security,*firefox@browser-security.de*,malware,malicious,https://bugzilla.mozilla.org/show_bug.cgi?id=1483995,Firefox - verified internal extension ID - Mozilla hard-blocked Web Security cluster,https://chromewebstore.google.com/detail/firefox@browser-security.de,critical,,2026-08-03,ExtSentry (github.com/mthcht/awesome-lists)
firefox@smarttube.io,Smarttube,*firefox@smarttube.io*,malware,malicious,https://bugzilla.mozilla.org/show_bug.cgi?id=1483995,Firefox - verified internal extension ID - Mozilla hard-blocked Web Security cluster,https://chromewebstore.google.com/detail/firefox@smarttube.io,critical,,2026-08-03,ExtSentry (github.com/mthcht/awesome-lists)
{0fde9597-0508-47ff-ad8a-793fa059c4e7},Web Security blocked add-on,*{0fde9597-0508-47ff-ad8a-793fa059c4e7}*,malware,malicious,https://bugzilla.mozilla.org/show_bug.cgi?id=1483995,Firefox - verified internal extension ID - Mozilla hard-blocked Web Security cluster,https://chromewebstore.google.com/detail/{0fde9597-0508-47ff-ad8a-793fa059c4e7},critical,,2026-08-03,ExtSentry (github.com/mthcht/awesome-lists)
info@browser-privacy.com,Browser Privacy,*info@browser-privacy.com*,malware,malicious,https://bugzilla.mozilla.org/show_bug.cgi?id=1483995,Firefox - verified internal extension ID - Mozilla hard-blocked Web Security cluster,https://chromewebstore.google.com/detail/info@browser-privacy.com,critical,,2026-08-03,ExtSentry (github.com/mthcht/awesome-lists)
{d3b98a68-fd64-4763-8b66-e15e47ef000a},Web Security blocked add-on,*{d3b98a68-fd64-4763-8b66-e15e47ef000a}*,malware,malicious,https://bugzilla.mozilla.org/show_bug.cgi?id=1483995,Firefox - verified internal extension ID - Mozilla hard-blocked Web Security cluster,https://chromewebstore.google.com/detail/{d3b98a68-fd64-4763-8b66-e15e47ef000a},critical,,2026-08-03,ExtSentry (github.com/mthcht/awesome-lists)
{36ea170d-2586-45fb-9f48-5f6b6fd59da7},Web Security blocked add-on,*{36ea170d-2586-45fb-9f48-5f6b6fd59da7}*,malware,malicious,https://bugzilla.mozilla.org/show_bug.cgi?id=1483995,Firefox - verified internal extension ID - Mozilla hard-blocked Web Security cluster,https://chromewebstore.google.com/detail/{36ea170d-2586-45fb-9f48-5f6b6fd59da7},critical,,2026-08-03,ExtSentry (github.com/mthcht/awesome-lists)
youtubemp3converter@yttools.io,YouTube MP3 Converter & Download,*youtubemp3converter@yttools.io*,malware,malicious,https://bugzilla.mozilla.org/show_bug.cgi?id=1483995,Firefox - verified internal extension ID - Mozilla hard-blocked Web Security cluster,https://chromewebstore.google.com/detail/youtubemp3converter@yttools.io,critical,,2026-08-03,ExtSentry (github.com/mthcht/awesome-lists)
simplysearch@dirtylittlehelpers.com,Simply Search,*simplysearch@dirtylittlehelpers.com*,malware,malicious,https://bugzilla.mozilla.org/show_bug.cgi?id=1483995,Firefox - verified internal extension ID - Mozilla hard-blocked Web Security cluster,https://chromewebstore.google.com/detail/simplysearch@dirtylittlehelpers.com,critical,,2026-08-03,ExtSentry (github.com/mthcht/awesome-lists)
extreme@smarttube.io,Smarttube - Extreme,*extreme@smarttube.io*,malware,malicious,https://bugzilla.mozilla.org/show_bug.cgi?id=1483995,Firefox - verified internal extension ID - Mozilla hard-blocked Web Security cluster,https://chromewebstore.google.com/detail/extreme@smarttube.io,critical,,2026-08-03,ExtSentry (github.com/mthcht/awesome-lists)
selfdestructingcookies@dirtylittlehelpers.com,Self Destroying Cookies,*selfdestructingcookies@dirtylittlehelpers.com*,malware,malicious,https://bugzilla.mozilla.org/show_bug.cgi?id=1483995,Firefox - verified internal extension ID - Mozilla hard-blocked Web Security cluster,https://chromewebstore.google.com/detail/selfdestructingcookies@dirtylittlehelpers.com,critical,,2026-08-03,ExtSentry (github.com/mthcht/awesome-lists)
{27a1b6d8-c6c9-4ddd-bf20-3afa0ccf5040},Web Security blocked add-on,*{27a1b6d8-c6c9-4ddd-bf20-3afa0ccf5040}*,malware,malicious,https://bugzilla.mozilla.org/show_bug.cgi?id=1483995,Firefox - verified internal extension ID - Mozilla hard-blocked Web Security cluster,https://chromewebstore.google.com/detail/{27a1b6d8-c6c9-4ddd-bf20-3afa0ccf5040},critical,,2026-08-03,ExtSentry (github.com/mthcht/awesome-lists)
{2e9cae8b-ee3f-4762-a39e-b53d31dffd37},Web Security blocked add-on,*{2e9cae8b-ee3f-4762-a39e-b53d31dffd37}*,malware,malicious,https://bugzilla.mozilla.org/show_bug.cgi?id=1483995,Firefox - verified internal extension ID - Mozilla hard-blocked Web Security cluster,https://chromewebstore.google.com/detail/{2e9cae8b-ee3f-4762-a39e-b53d31dffd37},critical,,2026-08-03,ExtSentry (github.com/mthcht/awesome-lists)
adblock@smarttube.io,YouTube - Adblock,*adblock@smarttube.io*,malware,malicious,https://bugzilla.mozilla.org/show_bug.cgi?id=1483995,Firefox - verified internal extension ID - Mozilla hard-blocked Web Security cluster,https://chromewebstore.google.com/detail/adblock@smarttube.io,critical,,2026-08-03,ExtSentry (github.com/mthcht/awesome-lists)
{a659bdfa-dbbe-4e58-baf8-70a6975e47d0},Web Security blocked add-on,*{a659bdfa-dbbe-4e58-baf8-70a6975e47d0}*,malware,malicious,https://bugzilla.mozilla.org/show_bug.cgi?id=1483995,Firefox - verified internal extension ID - Mozilla hard-blocked Web Security cluster,https://chromewebstore.google.com/detail/{a659bdfa-dbbe-4e58-baf8-70a6975e47d0},critical,,2026-08-03,ExtSentry (github.com/mthcht/awesome-lists)
{f9455ec1-203a-4fe8-95b6-f6c54a9e56af},Web Security blocked add-on,*{f9455ec1-203a-4fe8-95b6-f6c54a9e56af}*,malware,malicious,https://bugzilla.mozilla.org/show_bug.cgi?id=1483995,Firefox - verified internal extension ID - Mozilla hard-blocked Web Security cluster,https://chromewebstore.google.com/detail/{f9455ec1-203a-4fe8-95b6-f6c54a9e56af},critical,,2026-08-03,ExtSentry (github.com/mthcht/awesome-lists)
{8c85526d-1be9-4b96-9462-aa48a811f4cf},Web Security blocked add-on,*{8c85526d-1be9-4b96-9462-aa48a811f4cf}*,malware,malicious,https://bugzilla.mozilla.org/show_bug.cgi?id=1483995,Firefox - verified internal extension ID - Mozilla hard-blocked Web Security cluster,https://chromewebstore.google.com/detail/{8c85526d-1be9-4b96-9462-aa48a811f4cf},critical,,2026-08-03,ExtSentry (github.com/mthcht/awesome-lists)
mail@quick-buttons.de,Amazon Quick Search,*mail@quick-buttons.de*,malware,malicious,https://bugzilla.mozilla.org/show_bug.cgi?id=1483995,Firefox - verified internal extension ID - Mozilla hard-blocked Web Security cluster,https://chromewebstore.google.com/detail/mail@quick-buttons.de,critical,,2026-08-03,ExtSentry (github.com/mthcht/awesome-lists)
youtubeadblocker@yttools.io,YouTube Adblocker,*youtubeadblocker@yttools.io*,malware,malicious,https://bugzilla.mozilla.org/show_bug.cgi?id=1483995,Firefox - verified internal extension ID - Mozilla hard-blocked Web Security cluster,https://chromewebstore.google.com/detail/youtubeadblocker@yttools.io,critical,,2026-08-03,ExtSentry (github.com/mthcht/awesome-lists)
extension@browser-safety.org,Browser Safety,*extension@browser-safety.org*,malware,malicious,https://bugzilla.mozilla.org/show_bug.cgi?id=1483995,Firefox - verified internal extension ID - Mozilla hard-blocked Web Security cluster,https://chromewebstore.google.com/detail/extension@browser-safety.org,critical,,2026-08-03,ExtSentry (github.com/mthcht/awesome-lists)
contact@web-security.com,Web Security,*contact@web-security.com*,malware,malicious,https://bugzilla.mozilla.org/show_bug.cgi?id=1483995,Firefox - verified internal extension ID - Mozilla hard-blocked Web Security cluster,https://chromewebstore.google.com/detail/contact@web-security.com,critical,,2026-08-03,ExtSentry (github.com/mthcht/awesome-lists)
videodownloader@dirtylittlehelpers.com,Video Downloader,*videodownloader@dirtylittlehelpers.com*,malware,malicious,https://bugzilla.mozilla.org/show_bug.cgi?id=1483995,Firefox - verified internal extension ID - Mozilla hard-blocked Web Security cluster,https://chromewebstore.google.com/detail/videodownloader@dirtylittlehelpers.com,critical,,2026-08-03,ExtSentry (github.com/mthcht/awesome-lists)
googlenotrack@dirtylittlehelpers.com,Google NoTrack,*googlenotrack@dirtylittlehelpers.com*,malware,malicious,https://bugzilla.mozilla.org/show_bug.cgi?id=1483995,Firefox - verified internal extension ID - Mozilla hard-blocked Web Security cluster,https://chromewebstore.google.com/detail/googlenotrack@dirtylittlehelpers.com,critical,,2026-08-03,ExtSentry (github.com/mthcht/awesome-lists)
develop@quick-amz.com,Quick AMZ,*develop@quick-amz.com*,malware,malicious,https://bugzilla.mozilla.org/show_bug.cgi?id=1483995,Firefox - verified internal extension ID - Mozilla hard-blocked Web Security cluster,https://chromewebstore.google.com/detail/develop@quick-amz.com,critical,,2026-08-03,ExtSentry (github.com/mthcht/awesome-lists)
{7536027f-96fb-4762-9e02-fdfaedd3bfb5},Twiter X Video Downloader,*{7536027f-96fb-4762-9e02-fdfaedd3bfb5}*,malware,malicious,https://www.koi.ai/blog/darkspectre-unmasking-the-threat-actor-behind-7-8-million-infected-browsers,Firefox - verified internal extension ID - DarkSpectre / Zoom Stealer,https://chromewebstore.google.com/detail/{7536027f-96fb-4762-9e02-fdfaedd3bfb5},critical,,2026-08-03,ExtSentry (github.com/mthcht/awesome-lists)
xtwitterdownloader@benimaddonum.com,x-video-downloader,*xtwitterdownloader@benimaddonum.com*,malware,malicious,https://www.koi.ai/blog/darkspectre-unmasking-the-threat-actor-behind-7-8-million-infected-browsers,Firefox - verified internal extension ID - DarkSpectre / Zoom Stealer,https://chromewebstore.google.com/detail/xtwitterdownloader@benimaddonum.com,critical,,2026-08-03,ExtSentry (github.com/mthcht/awesome-lists)
{34b0d04c-29cf-473c-bb6c-c2fe94377b99},ShadyPanda Firefox add-on,*{34b0d04c-29cf-473c-bb6c-c2fe94377b99}*,malware,malicious,https://www.koi.ai/blog/darkspectre-unmasking-the-threat-actor-behind-7-8-million-infected-browsers,Firefox - verified internal extension ID - DarkSpectre / ShadyPanda,https://chromewebstore.google.com/detail/{34b0d04c-29cf-473c-bb6c-c2fe94377b99},critical,,2026-08-03,ExtSentry (github.com/mthcht/awesome-lists)
{7cc10397-c6f4-4a27-a1e7-83b870dd6cab},ShadyPanda Firefox add-on,*{7cc10397-c6f4-4a27-a1e7-83b870dd6cab}*,malware,malicious,https://www.koi.ai/blog/darkspectre-unmasking-the-threat-actor-behind-7-8-million-infected-browsers,Firefox - verified internal extension ID - DarkSpectre / ShadyPanda,https://chromewebstore.google.com/detail/{7cc10397-c6f4-4a27-a1e7-83b870dd6cab},critical,,2026-08-03,ExtSentry (github.com/mthcht/awesome-lists)
nickyfeng2@edgetranslate.com,ShadyPanda Firefox add-on,*nickyfeng2@edgetranslate.com*,malware,malicious,https://www.koi.ai/blog/darkspectre-unmasking-the-threat-actor-behind-7-8-million-infected-browsers,Firefox - verified internal extension ID - DarkSpectre / ShadyPanda - source defanged domain,https://chromewebstore.google.com/detail/nickyfeng2@edgetranslate.com,critical,,2026-08-03,ExtSentry (github.com/mthcht/awesome-lists)
1305302314@qq.com,ShadyPanda Firefox add-on,*1305302314@qq.com*,malware,malicious,https://www.koi.ai/blog/darkspectre-unmasking-the-threat-actor-behind-7-8-million-infected-browsers,Firefox - verified internal extension ID - DarkSpectre / ShadyPanda - source defanged domain,https://chromewebstore.google.com/detail/1305302314@qq.com,critical,,2026-08-03,ExtSentry (github.com/mthcht/awesome-lists)
mail@imba97.cn,ShadyPanda Firefox add-on,*mail@imba97.cn*,malware,malicious,https://www.koi.ai/blog/darkspectre-unmasking-the-threat-actor-behind-7-8-million-infected-browsers,Firefox - verified internal extension ID - DarkSpectre / ShadyPanda - source defanged domain,https://chromewebstore.google.com/detail/mail@imba97.cn,critical,,2026-08-03,ExtSentry (github.com/mthcht/awesome-lists)
{99d4bddd-5452-4216-83bc-fcd57857b6fb},ShadyPanda Firefox add-on,*{99d4bddd-5452-4216-83bc-fcd57857b6fb}*,malware,malicious,https://www.koi.ai/blog/darkspectre-unmasking-the-threat-actor-behind-7-8-million-infected-browsers,Firefox - verified internal extension ID - DarkSpectre / ShadyPanda,https://chromewebstore.google.com/detail/{99d4bddd-5452-4216-83bc-fcd57857b6fb},critical,,2026-08-03,ExtSentry (github.com/mthcht/awesome-lists)
{f7d2c8aa-e06e-4117-8b99-52a145eb7d23},ShadyPanda Firefox add-on,*{f7d2c8aa-e06e-4117-8b99-52a145eb7d23}*,malware,malicious,https://www.koi.ai/blog/darkspectre-unmasking-the-threat-actor-behind-7-8-million-infected-browsers,Firefox - verified internal extension ID - DarkSpectre / ShadyPanda,https://chromewebstore.google.com/detail/{f7d2c8aa-e06e-4117-8b99-52a145eb7d23},critical,,2026-08-03,ExtSentry (github.com/mthcht/awesome-lists)
{5f246670-f5e2-45ff-b183-be21cbeb065a},ShadyPanda Firefox add-on,*{5f246670-f5e2-45ff-b183-be21cbeb065a}*,malware,malicious,https://www.koi.ai/blog/darkspectre-unmasking-the-threat-actor-behind-7-8-million-infected-browsers,Firefox - verified internal extension ID - DarkSpectre / ShadyPanda,https://chromewebstore.google.com/detail/{5f246670-f5e2-45ff-b183-be21cbeb065a},critical,,2026-08-03,ExtSentry (github.com/mthcht/awesome-lists)
{c257a965-0bf8-4934-bf85-9ebf761d1cf8},ShadyPanda Firefox add-on,*{c257a965-0bf8-4934-bf85-9ebf761d1cf8}*,malware,malicious,https://www.koi.ai/blog/darkspectre-unmasking-the-threat-actor-behind-7-8-million-infected-browsers,Firefox - verified internal extension ID - DarkSpectre / ShadyPanda,https://chromewebstore.google.com/detail/{c257a965-0bf8-4934-bf85-9ebf761d1cf8},critical,,2026-08-03,ExtSentry (github.com/mthcht/awesome-lists)
