type,name,description,pattern,pattern_type,x_opencti_main_observable_type,labels,confidence,valid_from,x_opencti_score
indicator,Browser Extension: Gradient Sentry Node,Extension ID: caacbgbklghmpodbdafajbgdnegacfmo. Category: PUP. used for cryptomining. Ref: ,[software:x_extension_id = 'caacbgbklghmpodbdafajbgdnegacfmo'],stix,Software,"PUP,privacy,browser-extension",50,2026-08-19T22:58:58Z,40
indicator,Browser Extension: NodeGo.Ai DePIN Connect,Extension ID: jbmdcnidiaknboflpljihfnbonjgegah. Category: PUP. used for cryptomining. Ref: ,[software:x_extension_id = 'jbmdcnidiaknboflpljihfnbonjgegah'],stix,Software,"PUP,privacy,browser-extension",50,2026-08-19T22:58:58Z,40
indicator,Browser Extension: 360Airo LinkedIn Automation,Extension ID: ppemikmneckkgmmbedecgnclmcgfhemf. Category: malware. credentials stealer. Ref: ,[software:x_extension_id = 'ppemikmneckkgmmbedecgnclmcgfhemf'],stix,Software,"malware,malicious,browser-extension",85,2026-08-19T22:58:58Z,90
indicator,Browser Extension: Contrast Flip - Dark & Light Switcher,Extension ID: pmjfbdnpbhfgeioabfahbheefebeiehp. Category: malware. credentials stealer. Ref: ,[software:x_extension_id = 'pmjfbdnpbhfgeioabfahbheefebeiehp'],stix,Software,"malware,malicious,browser-extension",85,2026-08-19T22:58:58Z,90
indicator,Browser Extension: Kai Kai Extension,Extension ID: noamdmpakpnhegiadckcbjacfcinaaih. Category: malware. credentials stealer. Ref: ,[software:x_extension_id = 'noamdmpakpnhegiadckcbjacfcinaaih'],stix,Software,"malware,malicious,browser-extension",85,2026-08-19T22:58:58Z,90
indicator,Browser Extension: Reels downloader,Extension ID: molhgnmmgandgcphadkejgpmbdelblbf. Category: malware. credentials stealer. Ref: ,[software:x_extension_id = 'molhgnmmgandgcphadkejgpmbdelblbf'],stix,Software,"malware,malicious,browser-extension",85,2026-08-19T22:58:58Z,90
indicator,Browser Extension: Extrator de token • Ace Bot,Extension ID: moaepgbhoepmpnmkjedfkepbfigjplfo. Category: malware. credentials stealer. Ref: ,[software:x_extension_id = 'moaepgbhoepmpnmkjedfkepbfigjplfo'],stix,Software,"malware,malicious,browser-extension",85,2026-08-19T22:58:58Z,90
indicator,Browser Extension: PageGuard - Phishing Protection,Extension ID: mlaonedihngoginmmlaacpihnojcoocl. Category: malware. used for phishing. Ref: ,[software:x_extension_id = 'mlaonedihngoginmmlaacpihnojcoocl'],stix,Software,"malware,malicious,browser-extension",85,2026-08-19T22:58:58Z,90
indicator,Browser Extension: Market Owl — Your Crypto Intelligence Hub,Extension ID: linflaofbnlhpakjpohmfnkkkmpngnck. Category: malware. used for phishing. Ref: ,[software:x_extension_id = 'linflaofbnlhpakjpohmfnkkkmpngnck'],stix,Software,"malware,malicious,browser-extension",85,2026-08-19T22:58:58Z,90
indicator,Browser Extension: Adblock King,Extension ID: kgaleicefmhgoefglnbdfpmbgbngnnmd. Category: malware. credentials stealer. Ref: ,[software:x_extension_id = 'kgaleicefmhgoefglnbdfpmbgbngnnmd'],stix,Software,"malware,malicious,browser-extension",85,2026-08-19T22:58:58Z,90
indicator,Browser Extension: PixVerse: AI Video Generator,Extension ID: jollepgbbbblfcnlnpohjmjjnmhcjaik. Category: malware. used for phishing. Ref: ,[software:x_extension_id = 'jollepgbbbblfcnlnpohjmjjnmhcjaik'],stix,Software,"malware,malicious,browser-extension",85,2026-08-19T22:58:58Z,90
indicator,Browser Extension: Streaming Skipper works with Paramount Plus [QVI],Extension ID: jnednbilgloghpmmjcaaikkoajcklalm. Category: malware. credentials stealer. Ref: ,[software:x_extension_id = 'jnednbilgloghpmmjcaaikkoajcklalm'],stix,Software,"malware,malicious,browser-extension",85,2026-08-19T22:58:58Z,90
indicator,Browser Extension: rynzen token ext,Extension ID: jacapfdcamanncjmobhiimfiempggoid. Category: malware. credentials stealer. Ref: ,[software:x_extension_id = 'jacapfdcamanncjmobhiimfiempggoid'],stix,Software,"malware,malicious,browser-extension",85,2026-08-19T22:58:58Z,90
indicator,Browser Extension: HOLA VPN - Рабочий VPN в 2026 для Chrome ютуб,Extension ID: gffafiabcifddagoobhnapcambklhmkh. Category: malware. spyware activity. Ref: ,[software:x_extension_id = 'gffafiabcifddagoobhnapcambklhmkh'],stix,Software,"malware,malicious,browser-extension",85,2026-08-19T22:58:58Z,90
indicator,Browser Extension: Cookie Manager Pro,Extension ID: hmdjcinnollmgfieppkodcgjekoldlde. Category: malware. credentials stealer. Ref: ,[software:x_extension_id = 'hmdjcinnollmgfieppkodcgjekoldlde'],stix,Software,"malware,malicious,browser-extension",85,2026-08-19T22:58:58Z,90
indicator,Browser Extension: dpv,Extension ID: gmmbcogjfolpbonhldnkcajpmgknkdbb. Category: malware. credentials stealer. Ref: ,[software:x_extension_id = 'gmmbcogjfolpbonhldnkcajpmgknkdbb'],stix,Software,"malware,malicious,browser-extension",85,2026-08-19T22:58:58Z,90
indicator,Browser Extension: Muun,Extension ID: gflodpomcgkoplepioifngjcffdgfabp. Category: malware. credentials stealer. Ref: ,[software:x_extension_id = 'gflodpomcgkoplepioifngjcffdgfabp'],stix,Software,"malware,malicious,browser-extension",85,2026-08-19T22:58:58Z,90
indicator,Browser Extension: Kamino,Extension ID: foljknabefdkeifdkapmaenecijjmlom. Category: malware. used for phishing. Ref: ,[software:x_extension_id = 'foljknabefdkeifdkapmaenecijjmlom'],stix,Software,"malware,malicious,browser-extension",85,2026-08-19T22:58:58Z,90
indicator,Browser Extension: Digiskills Quiz Helper,Extension ID: enjdjejaijiebcikjmcmejgbobdkiflf. Category: malware. credentials stealer. Ref: ,[software:x_extension_id = 'enjdjejaijiebcikjmcmejgbobdkiflf'],stix,Software,"malware,malicious,browser-extension",85,2026-08-19T22:58:58Z,90
indicator,Browser Extension: *Donuts - Slot Machine*,Extension ID: cmlbghnlnbjkdgfjlegkbjmadpbmlgjb. Category: malware. credentials stealer. Ref: ,[software:x_extension_id = 'cmlbghnlnbjkdgfjlegkbjmadpbmlgjb'],stix,Software,"malware,malicious,browser-extension",85,2026-08-19T22:58:58Z,90
indicator,Browser Extension: Cookie Master,Extension ID: cjkmdmgcomefpihnfkhnohfccikdlpli. Category: malware. credentials stealer. Ref: ,[software:x_extension_id = 'cjkmdmgcomefpihnfkhnohfccikdlpli'],stix,Software,"malware,malicious,browser-extension",85,2026-08-19T22:58:58Z,90
indicator,Browser Extension: Starlink,Extension ID: chdcepakhbkbgcljkaoikoopjkphphbd. Category: malware. used for phishing. Ref: ,[software:x_extension_id = 'chdcepakhbkbgcljkaoikoopjkphphbd'],stix,Software,"malware,malicious,browser-extension",85,2026-08-19T22:58:58Z,90
indicator,Browser Extension: lmΤoken Chromophore,Extension ID: bbhaganppipihlhjgaaeeeefbaoihcgi. Category: malware. credentials stealer. Ref: ,[software:x_extension_id = 'bbhaganppipihlhjgaaeeeefbaoihcgi'],stix,Software,"malware,malicious,browser-extension",85,2026-08-19T22:58:58Z,90
indicator,Browser Extension: ActionReplay Pro,Extension ID: gbbfiogknfkmkiihmdifbenmflboageg. Category: malware. credentials stealer. Ref: ,[software:x_extension_id = 'gbbfiogknfkmkiihmdifbenmflboageg'],stix,Software,"malware,malicious,browser-extension",85,2026-08-19T22:58:58Z,90
indicator,Browser Extension: Amazon 二段階認証,Extension ID: ioflbileeadfgndimfogiadmicpbfafn. Category: malware. credentials stealer. Ref: ,[software:x_extension_id = 'ioflbileeadfgndimfogiadmicpbfafn'],stix,Software,"malware,malicious,browser-extension",85,2026-08-19T22:58:58Z,90
indicator,Browser Extension: Wiwana,Extension ID: aknipljacjndlpkpbpakbcchmdgoblcf. Category: malware. spyware activity. Ref: ,[software:x_extension_id = 'aknipljacjndlpkpbpakbcchmdgoblcf'],stix,Software,"malware,malicious,browser-extension",85,2026-08-19T22:58:58Z,90
indicator,Browser Extension: HyperBank,Extension ID: jifhfjebdojpeofhjbldhmojmajnedgo. Category: malware. used for phishing. Ref: ,[software:x_extension_id = 'jifhfjebdojpeofhjbldhmojmajnedgo'],stix,Software,"malware,malicious,browser-extension",85,2026-08-19T22:58:58Z,90
indicator,Browser Extension: 伴影 (Shadow Mate): Daily Web Journal & Recap,Extension ID: hlidpdhiafeejnmjbpjkbdpohocfjicf. Category: malware. credentials stealer. Ref: ,[software:x_extension_id = 'hlidpdhiafeejnmjbpjkbdpohocfjicf'],stix,Software,"malware,malicious,browser-extension",85,2026-08-19T22:58:58Z,90
indicator,Browser Extension: Tabby Cat - any new tab,Extension ID: clgemeijamgdpmilcegplfihfbkhbank. Category: malware. used for phishing. Ref: ,[software:x_extension_id = 'clgemeijamgdpmilcegplfihfbkhbank'],stix,Software,"malware,malicious,browser-extension",85,2026-08-19T22:58:58Z,90
indicator,Browser Extension: LucidPay QR Connect,Extension ID: bnapbdlppkcagdebgodflflkganenmam. Category: malware. credentials stealer. Ref: ,[software:x_extension_id = 'bnapbdlppkcagdebgodflflkganenmam'],stix,Software,"malware,malicious,browser-extension",85,2026-08-19T22:58:58Z,90
indicator,Browser Extension: BypassTools Helper,Extension ID: llgabammdchaeghapldlbhemdhofbkec. Category: malware. credentials stealer. Ref: ,[software:x_extension_id = 'llgabammdchaeghapldlbhemdhofbkec'],stix,Software,"malware,malicious,browser-extension",85,2026-08-19T22:58:58Z,90
indicator,Browser Extension: Spoonfeeder,Extension ID: aobncdfcdpeicfkghjjffdicafmhanee. Category: malware. credentials stealer. Ref: ,[software:x_extension_id = 'aobncdfcdpeicfkghjjffdicafmhanee'],stix,Software,"malware,malicious,browser-extension",85,2026-08-19T22:58:58Z,90
indicator,Browser Extension: Schedulebeats Sync,Extension ID: hcllfblgjihnjmmdjhnahnoegopnllab. Category: malware. credentials stealer. Ref: ,[software:x_extension_id = 'hcllfblgjihnjmmdjhnahnoegopnllab'],stix,Software,"malware,malicious,browser-extension",85,2026-08-19T22:58:58Z,90
indicator,Browser Extension: Pinboard Extension,Extension ID: kbjiajimoeapacbebclicbmibgcgceok. Category: malware. credentials stealer. Ref: ,[software:x_extension_id = 'kbjiajimoeapacbebclicbmibgcgceok'],stix,Software,"malware,malicious,browser-extension",85,2026-08-19T22:58:58Z,90
indicator,Browser Extension: Discord ID Lookup,Extension ID: ciegppinlanbdjdlpkpgdlepffeliofa. Category: malware. credentials stealer. Ref: ,[software:x_extension_id = 'ciegppinlanbdjdlpkpgdlepffeliofa'],stix,Software,"malware,malicious,browser-extension",85,2026-08-19T22:58:58Z,90
indicator,Browser Extension: WhatsApp Free Rotate,Extension ID: ilgdgaajigobnmcmbieobelchldlaplf. Category: malware. credentials stealer. Ref: ,[software:x_extension_id = 'ilgdgaajigobnmcmbieobelchldlaplf'],stix,Software,"malware,malicious,browser-extension",85,2026-08-19T22:58:58Z,90
indicator,Browser Extension: Cryptonit Sniper,Extension ID: kocajemligblhdpjmcoplaaogcendpcb. Category: malware. credentials stealer. Ref: ,[software:x_extension_id = 'kocajemligblhdpjmcoplaaogcendpcb'],stix,Software,"malware,malicious,browser-extension",85,2026-08-19T22:58:58Z,90
indicator,Browser Extension: Best Snake,Extension ID: aahhemfjdkjamblajnjcddcffpcpmlia. Category: malware. credentials stealer. Ref: ,[software:x_extension_id = 'aahhemfjdkjamblajnjcddcffpcpmlia'],stix,Software,"malware,malicious,browser-extension",85,2026-08-19T22:58:58Z,90
indicator,Browser Extension: Matrix Tunnel VPN - Your Digital Fortress,Extension ID: hpamjldgeadmapkdklhndmcdankicnch. Category: malware. credentials stealer. Ref: ,[software:x_extension_id = 'hpamjldgeadmapkdklhndmcdankicnch'],stix,Software,"malware,malicious,browser-extension",85,2026-08-19T22:58:58Z,90
indicator,Browser Extension: LightDownload,Extension ID: bagfjpcfejdcfnhckcjcpekcjbencfeb. Category: malware. credentials stealer. Ref: ,[software:x_extension_id = 'bagfjpcfejdcfnhckcjcpekcjbencfeb'],stix,Software,"malware,malicious,browser-extension",85,2026-08-19T22:58:58Z,90
indicator,Browser Extension: avistorm,Extension ID: kmcdpinedoopehidpionkcmifkginapk. Category: malware. credentials stealer. Ref: ,[software:x_extension_id = 'kmcdpinedoopehidpionkcmifkginapk'],stix,Software,"malware,malicious,browser-extension",85,2026-08-19T22:58:58Z,90
indicator,Browser Extension: DAT GO,Extension ID: fjpobenajidogfpilgbjgbglcanfjnoa. Category: malware. credentials stealer. Ref: ,[software:x_extension_id = 'fjpobenajidogfpilgbjgbglcanfjnoa'],stix,Software,"malware,malicious,browser-extension",85,2026-08-19T22:58:58Z,90
indicator,Browser Extension: Speed test - wifi speed test,Extension ID: bpljfbcejldmgeoodnogeefaihjdgbam. Category: malware. credentials stealer. Ref: ,[software:x_extension_id = 'bpljfbcejldmgeoodnogeefaihjdgbam'],stix,Software,"malware,malicious,browser-extension",85,2026-08-19T22:58:58Z,90
indicator,Browser Extension: Roblox Hacker Pro,Extension ID: ldiogmbmanedcgkhejlejjooboikinki. Category: malware. credentials stealer. Ref: ,[software:x_extension_id = 'ldiogmbmanedcgkhejlejjooboikinki'],stix,Software,"malware,malicious,browser-extension",85,2026-08-19T22:58:58Z,90
indicator,Browser Extension: App Store to iTunes Opener,Extension ID: bjdilcmajpmmjlmnfojgkincnekmhohb. Category: malware. credentials stealer. Ref: ,[software:x_extension_id = 'bjdilcmajpmmjlmnfojgkincnekmhohb'],stix,Software,"malware,malicious,browser-extension",85,2026-08-19T22:58:58Z,90
indicator,Browser Extension: TrueMoji,Extension ID: elcfpmpgobljibnhecmkmpgdmljdfbbg. Category: malware. used for phishing. Ref: ,[software:x_extension_id = 'elcfpmpgobljibnhecmkmpgdmljdfbbg'],stix,Software,"malware,malicious,browser-extension",85,2026-08-19T22:58:58Z,90
indicator,Browser Extension: Pixel Shield - Block Ads,Extension ID: nlogodaofdghipmbdclajkkpheneldjd. Category: malware. used for phishing. Ref: ,[software:x_extension_id = 'nlogodaofdghipmbdclajkkpheneldjd'],stix,Software,"malware,malicious,browser-extension",85,2026-08-19T22:58:58Z,90
indicator,Browser Extension: MarsConnect,Extension ID: cldemkeecebhnjipedpghophnhhhdebi. Category: malware. credentials stealer. Ref: ,[software:x_extension_id = 'cldemkeecebhnjipedpghophnhhhdebi'],stix,Software,"malware,malicious,browser-extension",85,2026-08-19T22:58:58Z,90
indicator,Browser Extension: Keystone,Extension ID: fakkphkbmjbknmockignahjhlopcdnof. Category: malware. credentials stealer. Ref: ,[software:x_extension_id = 'fakkphkbmjbknmockignahjhlopcdnof'],stix,Software,"malware,malicious,browser-extension",85,2026-08-19T22:58:58Z,90
indicator,Browser Extension: Gimkit Hacker,Extension ID: iihglaelfepbbnohanfefalhflkkblmb. Category: malware. used for phishing. Ref: ,[software:x_extension_id = 'iihglaelfepbbnohanfefalhflkkblmb'],stix,Software,"malware,malicious,browser-extension",85,2026-08-19T22:58:58Z,90
indicator,Browser Extension: Ad-Blocking - YouTube & Websites,Extension ID: hhldcfhioabacdbbaggcllphmmfkeioi. Category: malware. spyware activity. Ref: ,[software:x_extension_id = 'hhldcfhioabacdbbaggcllphmmfkeioi'],stix,Software,"malware,malicious,browser-extension",85,2026-08-19T22:58:58Z,90
indicator,Browser Extension: Obelisk VPN — The Fastest & Most Reliable Proxy,Extension ID: fagjmplkfdopalfkkajedcgmhnlfdjjc. Category: malware. used for phishing. Ref: ,[software:x_extension_id = 'fagjmplkfdopalfkkajedcgmhnlfdjjc'],stix,Software,"malware,malicious,browser-extension",85,2026-08-19T22:58:58Z,90
indicator,Browser Extension: Kahoot Hacker Auto Answer,Extension ID: abpppenajdmdganodlmoeocldojbbjgp. Category: malware. used for phishing. Ref: ,[software:x_extension_id = 'abpppenajdmdganodlmoeocldojbbjgp'],stix,Software,"malware,malicious,browser-extension",85,2026-08-19T22:58:58Z,90
indicator,Browser Extension: SiteArmor - Malware Protection,Extension ID: pfgfbflpcekpehdblfgmffbfnmoljknc. Category: malware. used for clickfix attackls. Ref: ,[software:x_extension_id = 'pfgfbflpcekpehdblfgmffbfnmoljknc'],stix,Software,"malware,malicious,browser-extension",85,2026-08-19T22:58:58Z,90
indicator,Browser Extension: Амнезия — быстрый и надёжный VPN с Premium-возможностями,Extension ID: jjijhajiibghbdnmbkeidhgkafliocja. Category: malware. spyware activity. Ref: ,[software:x_extension_id = 'jjijhajiibghbdnmbkeidhgkafliocja'],stix,Software,"malware,malicious,browser-extension",85,2026-08-19T22:58:58Z,90
indicator,Browser Extension: 2FA Authenticator,Extension ID: ebhcbenbgjmaebpgbldimndmfomjmphd. Category: malware. credentials stealer. Ref: ,[software:x_extension_id = 'ebhcbenbgjmaebpgbldimndmfomjmphd'],stix,Software,"malware,malicious,browser-extension",85,2026-08-19T22:58:58Z,90
indicator,Browser Extension: BakersMathClass Kiosk,Extension ID: mdjlfpofidinookippfogekcboinmgnj. Category: malware. credentials stealer. Ref: ,[software:x_extension_id = 'mdjlfpofidinookippfogekcboinmgnj'],stix,Software,"malware,malicious,browser-extension",85,2026-08-19T22:58:58Z,90
indicator,Browser Extension: Privacy Extension For WhatsApp Web - Lucky Dev,Extension ID: lehpamhljefeohdanffoailfekikjjad. Category: malware. credentials stealer. Ref: ,[software:x_extension_id = 'lehpamhljefeohdanffoailfekikjjad'],stix,Software,"malware,malicious,browser-extension",85,2026-08-19T22:58:58Z,90
indicator,Browser Extension: Swift Solutions,Extension ID: kopglboechnehmjoggncbnbmabekcbfb. Category: malware. credentials stealer. Ref: ,[software:x_extension_id = 'kopglboechnehmjoggncbnbmabekcbfb'],stix,Software,"malware,malicious,browser-extension",85,2026-08-19T22:58:58Z,90
indicator,Browser Extension: SafeLink Checker,Extension ID: gcogiddcejmejahafmiohkijbfjpheni. Category: malware. credentials stealer. Ref: ,[software:x_extension_id = 'gcogiddcejmejahafmiohkijbfjpheni'],stix,Software,"malware,malicious,browser-extension",85,2026-08-19T22:58:58Z,90
indicator,Browser Extension: Lumora — Reader Mode & Translation,Extension ID: amfdgdlcdglpolkldbjahpgnpeimakjd. Category: malware. credentials stealer. Ref: ,[software:x_extension_id = 'amfdgdlcdglpolkldbjahpgnpeimakjd'],stix,Software,"malware,malicious,browser-extension",85,2026-08-19T22:58:58Z,90
indicator,Browser Extension: Axiom Wallet,Extension ID: joejamlmdlfhlefljkooaapbhihjhmbj. Category: malware. credentials stealer. Ref: ,[software:x_extension_id = 'joejamlmdlfhlefljkooaapbhihjhmbj'],stix,Software,"malware,malicious,browser-extension",85,2026-08-19T22:58:58Z,90
indicator,Browser Extension: Digital Hunters Flow,Extension ID: jeokhfhofmjmdagaehbkkkaajfnofnen. Category: malware. credentials stealer. Ref: ,[software:x_extension_id = 'jeokhfhofmjmdagaehbkkkaajfnofnen'],stix,Software,"malware,malicious,browser-extension",85,2026-08-19T22:58:58Z,90
indicator,Browser Extension: IlbonVPN Extension,Extension ID: nfeifdedjonpiciadhaajilmbnfagkff. Category: malware. spyware activity. Ref: ,[software:x_extension_id = 'nfeifdedjonpiciadhaajilmbnfagkff'],stix,Software,"malware,malicious,browser-extension",85,2026-08-19T22:58:58Z,90
indicator,Browser Extension: Realtime VPN Per-Tab Speed & IP Flag,Extension ID: mknabnjbhfamkfcpfjgoilkoechakclb. Category: malware. spyware activity. Ref: ,[software:x_extension_id = 'mknabnjbhfamkfcpfjgoilkoechakclb'],stix,Software,"malware,malicious,browser-extension",85,2026-08-19T22:58:58Z,90
indicator,Browser Extension: Piligrim — Free Gamified VPN,Extension ID: ffeeaccmegmlgjboppflieinleebdjfj. Category: malware. spyware activity. Ref: ,[software:x_extension_id = 'ffeeaccmegmlgjboppflieinleebdjfj'],stix,Software,"malware,malicious,browser-extension",85,2026-08-19T22:58:58Z,90
indicator,Browser Extension: Kryon VPN,Extension ID: kphikjjhfimbdookdcfcfoflfgeflmcl. Category: malware. spyware activity. Ref: ,[software:x_extension_id = 'kphikjjhfimbdookdcfcfoflfgeflmcl'],stix,Software,"malware,malicious,browser-extension",85,2026-08-19T22:58:58Z,90
indicator,Browser Extension: iceguard VPN,Extension ID: kiojeclcnhejliaagjfoalgdmgdmniac. Category: malware. spyware activity. Ref: ,[software:x_extension_id = 'kiojeclcnhejliaagjfoalgdmgdmniac'],stix,Software,"malware,malicious,browser-extension",85,2026-08-19T22:58:58Z,90
indicator,Browser Extension: IPSECVPN,Extension ID: kndpnpbcnbmgmeafbmpefkhbnfnpkpdb. Category: malware. spyware activity. Ref: ,[software:x_extension_id = 'kndpnpbcnbmgmeafbmpefkhbnfnpkpdb'],stix,Software,"malware,malicious,browser-extension",85,2026-08-19T22:58:58Z,90
indicator,Browser Extension: Iron Tunnel | Unlimited VPN,Extension ID: faihnblmeedkfdeghdhimhgcdkhcaphb. Category: malware. spyware activity. Ref: ,[software:x_extension_id = 'faihnblmeedkfdeghdhimhgcdkhcaphb'],stix,Software,"malware,malicious,browser-extension",85,2026-08-19T22:58:58Z,90
indicator,Browser Extension: CoProxy Free Proxy VPN,Extension ID: bnbeodkfjfmfmoajcoecnckjjfeobbmd. Category: malware. spyware activity. Ref: ,[software:x_extension_id = 'bnbeodkfjfmfmoajcoecnckjjfeobbmd'],stix,Software,"malware,malicious,browser-extension",85,2026-08-19T22:58:58Z,90
indicator,Browser Extension: Free VPN - Orchid | Unlimited VPN,Extension ID: dhhmopcmpiadcgchhhldcpoeppcofdic. Category: malware. spyware activity. Ref: ,[software:x_extension_id = 'dhhmopcmpiadcgchhhldcpoeppcofdic'],stix,Software,"malware,malicious,browser-extension",85,2026-08-19T22:58:58Z,90
indicator,Browser Extension: Vpn chrome extension,Extension ID: lkolfehkajahlomeongnkilfngfmabhd. Category: malware. spyware activity. Ref: ,[software:x_extension_id = 'lkolfehkajahlomeongnkilfngfmabhd'],stix,Software,"malware,malicious,browser-extension",85,2026-08-19T22:58:58Z,90
indicator,"Browser Extension: Roamly: Free VPN Proxy for Chrome - Unblock Sites, Hide IP, Privacy",Extension ID: djhdoinjgecheiekbdmhcebijnaikonl. Category: malware. spyware activity. Ref: ,[software:x_extension_id = 'djhdoinjgecheiekbdmhcebijnaikonl'],stix,Software,"malware,malicious,browser-extension",85,2026-08-19T22:58:58Z,90
indicator,Browser Extension: Accel VPN,Extension ID: hghhhfmjdmdgfjnpkmfbelagbdcjamek. Category: malware. spyware activity. Ref: ,[software:x_extension_id = 'hghhhfmjdmdgfjnpkmfbelagbdcjamek'],stix,Software,"malware,malicious,browser-extension",85,2026-08-19T22:58:58Z,90
indicator,Browser Extension: Swift Proton VPN: Fast & Secure,Extension ID: mofnafclpcapghpjdoaanahkgcjfcece. Category: malware. spyware activity. Ref: ,[software:x_extension_id = 'mofnafclpcapghpjdoaanahkgcjfcece'],stix,Software,"malware,malicious,browser-extension",85,2026-08-19T22:58:58Z,90
indicator,Browser Extension: Free vpn | Access to Notion,Extension ID: goecghjfhmlckpbnhoaliaolfhgmemal. Category: malware. spyware activity. Ref: ,[software:x_extension_id = 'goecghjfhmlckpbnhoaliaolfhgmemal'],stix,Software,"malware,malicious,browser-extension",85,2026-08-19T22:58:58Z,90
indicator,"Browser Extension: Guru VPN & Proxy, VPN to Unblock any sites",Extension ID: knajdeaocbpmfghhmijicidfcmdgbdpm. Category: malware. spyware activity. Ref: ,[software:x_extension_id = 'knajdeaocbpmfghhmijicidfcmdgbdpm'],stix,Software,"malware,malicious,browser-extension",85,2026-08-19T22:58:58Z,90
indicator,Browser Extension: VPN GLOBAL -Free VPN Extension for Windows,Extension ID: pmecbbbdpikphhheojiiojjmcckdkink. Category: malware. spyware activity. Ref: ,[software:x_extension_id = 'pmecbbbdpikphhheojiiojjmcckdkink'],stix,Software,"malware,malicious,browser-extension",85,2026-08-19T22:58:58Z,90
indicator,Browser Extension: Social VPN,Extension ID: igahhbkcppaollcjeaaoapkijbnphfhb. Category: malware. spyware activity. Ref: ,[software:x_extension_id = 'igahhbkcppaollcjeaaoapkijbnphfhb'],stix,Software,"malware,malicious,browser-extension",85,2026-08-19T22:58:58Z,90
indicator,Browser Extension: Squid VPN - Hotspot VPN & Private Browser,Extension ID: ofbgjmmbmmdehioamfhccohdgiajbajj. Category: malware. spyware activity. Ref: ,[software:x_extension_id = 'ofbgjmmbmmdehioamfhccohdgiajbajj'],stix,Software,"malware,malicious,browser-extension",85,2026-08-19T22:58:58Z,90
indicator,Browser Extension: VPN Master,Extension ID: nmbgmmidnmpoebaopgafhmomioefilof. Category: malware. spyware activity. Ref: ,[software:x_extension_id = 'nmbgmmidnmpoebaopgafhmomioefilof'],stix,Software,"malware,malicious,browser-extension",85,2026-08-19T22:58:58Z,90
indicator,Browser Extension: FreeVPN,Extension ID: jcbiifklmgnkppebelchllpdbnibihel. Category: malware. spyware activity. Ref: ,[software:x_extension_id = 'jcbiifklmgnkppebelchllpdbnibihel'],stix,Software,"malware,malicious,browser-extension",85,2026-08-19T22:58:58Z,90
indicator,Browser Extension: ModHeader,Extension ID: mknbkgdikangjebcpfcbkiioojainjnh. Category: malware. . Ref: https://hackindex.io/research/modheader-malware-chrome-spyware,[software:x_extension_id = 'mknbkgdikangjebcpfcbkiioojainjnh'],stix,Software,"malware,malicious,browser-extension",85,2026-08-19T22:58:58Z,90
indicator,Browser Extension: ModHeader,Extension ID: idgpnmonknjnojddfkpgkljpfnnfcklj. Category: malware. . Ref: https://hackindex.io/research/modheader-malware-chrome-spyware,[software:x_extension_id = 'idgpnmonknjnojddfkpgkljpfnnfcklj'],stix,Software,"malware,malicious,browser-extension",85,2026-08-19T22:58:58Z,90
indicator,Browser Extension: ModHeader,Extension ID: opgbiafapkbbnbnjcdomjaghbckfkglc. Category: malware. . Ref: https://hackindex.io/research/modheader-malware-chrome-spyware,[software:x_extension_id = 'opgbiafapkbbnbnjcdomjaghbckfkglc'],stix,Software,"malware,malicious,browser-extension",85,2026-08-19T22:58:58Z,90
indicator,Browser Extension: Video Downloader,Extension ID: kghcdbkokgjghlfeojcpeoclfnljkbdk. Category: malware. . Ref: https://www.koi.ai/blog/a-month-of-malware-in-the-chrome-web-store,[software:x_extension_id = 'kghcdbkokgjghlfeojcpeoclfnljkbdk'],stix,Software,"malware,malicious,browser-extension",85,2026-08-19T22:58:58Z,90
indicator,Browser Extension: Bass Booster,Extension ID: ndhaplegimoabombidcdfogcnpmcicik. Category: malware. . Ref: https://www.koi.ai/blog/a-month-of-malware-in-the-chrome-web-store,[software:x_extension_id = 'ndhaplegimoabombidcdfogcnpmcicik'],stix,Software,"malware,malicious,browser-extension",85,2026-08-19T22:58:58Z,90
indicator,Browser Extension: Downloader For Instagram,Extension ID: ompafndkajgkoldjbgnbikogdkljinlb. Category: malware. . Ref: https://www.koi.ai/blog/a-month-of-malware-in-the-chrome-web-store,[software:x_extension_id = 'ompafndkajgkoldjbgnbikogdkljinlb'],stix,Software,"malware,malicious,browser-extension",85,2026-08-19T22:58:58Z,90
indicator,Browser Extension: Downloader For Instagram,Extension ID: bhfelhfpjghfmhogedjnlmdpkbhmjhlf. Category: malware. . Ref: https://www.koi.ai/blog/a-month-of-malware-in-the-chrome-web-store,[software:x_extension_id = 'bhfelhfpjghfmhogedjnlmdpkbhmjhlf'],stix,Software,"malware,malicious,browser-extension",85,2026-08-19T22:58:58Z,90
indicator,Browser Extension: Surfshark VPN,Extension ID: jkhapebnlgocjncbbfccgiepjlghehmj. Category: PROXY/VPN. . Ref: https://microsoftedge.microsoft.com/addons/detail/jkhapebnlgocjncbbfccgiepjlghehmj,[software:x_extension_id = 'jkhapebnlgocjncbbfccgiepjlghehmj'],stix,Software,"PROXY/VPN,Defense Evasion,browser-extension",50,2026-08-19T22:58:58Z,40
indicator,Browser Extension: Private Internet Access – Proxy for Chrome,Extension ID: jplnlifepflhkbkgonidnobkakhmpnmh. Category: PROXY/VPN. . Ref: https://chromewebstore.google.com/detail/private-internet-access-%E2%80%93/jplnlifepflhkbkgonidnobkakhmpnmh,[software:x_extension_id = 'jplnlifepflhkbkgonidnobkakhmpnmh'],stix,Software,"PROXY/VPN,Defense Evasion,browser-extension",50,2026-08-19T22:58:58Z,40
indicator,Browser Extension: AdGuard VPN: free & secure proxy,Extension ID: hhdobjgopfphlmjbmnpglhfcgppchgje. Category: PROXY/VPN. . Ref: https://chromewebstore.google.com/detail/adguard-vpn-free-secure-p/hhdobjgopfphlmjbmnpglhfcgppchgje,[software:x_extension_id = 'hhdobjgopfphlmjbmnpglhfcgppchgje'],stix,Software,"PROXY/VPN,Defense Evasion,browser-extension",50,2026-08-19T22:58:58Z,40
indicator,Browser Extension: Touch VPN - Secure and unlimited VPN proxy,Extension ID: ighhnpmaabelnfcbbkijikgghajbiaml. Category: PROXY/VPN. . Ref: https://microsoftedge.microsoft.com/addons/detail/touch-vpn-secure-and-un/ighhnpmaabelnfcbbkijikgghajbiaml,[software:x_extension_id = 'ighhnpmaabelnfcbbkijikgghajbiaml'],stix,Software,"PROXY/VPN,Defense Evasion,browser-extension",50,2026-08-19T22:58:58Z,40
indicator,Browser Extension: Picture in Picture for Videos,Extension ID: pmdjjeplkafhkdjebfaoaljknbmilfgo. Category: malware. . Ref: https://palant.info/2025/01/20/malicious-extensions-circumvent-googles-remote-code-ban/#netflix-party,[software:x_extension_id = 'pmdjjeplkafhkdjebfaoaljknbmilfgo'],stix,Software,"malware,malicious,browser-extension",85,2026-08-19T22:58:58Z,90
indicator,Browser Extension: Video Ad Block Youtube,Extension ID: okepkpmjhegbhmnnondmminfgfbjddpb. Category: malware. . Ref: https://palant.info/2025/01/20/malicious-extensions-circumvent-googles-remote-code-ban/#netflix-party,[software:x_extension_id = 'okepkpmjhegbhmnnondmminfgfbjddpb'],stix,Software,"malware,malicious,browser-extension",85,2026-08-19T22:58:58Z,90
indicator,Browser Extension: Free adblocker,Extension ID: njjbfkooniaeodkimaidbpginjcmhmbm. Category: malware. . Ref: https://palant.info/2025/01/20/malicious-extensions-circumvent-googles-remote-code-ban/#netflix-party,[software:x_extension_id = 'njjbfkooniaeodkimaidbpginjcmhmbm'],stix,Software,"malware,malicious,browser-extension",85,2026-08-19T22:58:58Z,90
indicator,Browser Extension: Netflix Party,Extension ID: mmnbenehknklpbendgmgngeaignppnbe. Category: malware. . Ref: https://palant.info/2025/01/20/malicious-extensions-circumvent-googles-remote-code-ban/#netflix-party,[software:x_extension_id = 'mmnbenehknklpbendgmgngeaignppnbe'],stix,Software,"malware,malicious,browser-extension",85,2026-08-19T22:58:58Z,90
indicator,Browser Extension: Adblock for Browser,Extension ID: jcbjcocinigpbgfpnhlpagidbmlngnnn. Category: malware. . Ref: https://palant.info/2025/01/20/malicious-extensions-circumvent-googles-remote-code-ban/#netflix-party,[software:x_extension_id = 'jcbjcocinigpbgfpnhlpagidbmlngnnn'],stix,Software,"malware,malicious,browser-extension",85,2026-08-19T22:58:58Z,90
indicator,Browser Extension: Smart Adblocker,Extension ID: iojpcjjdfhlcbgjnpngcmaojmlokmeii. Category: malware. . Ref: https://palant.info/2025/01/20/malicious-extensions-circumvent-googles-remote-code-ban/#netflix-party,[software:x_extension_id = 'iojpcjjdfhlcbgjnpngcmaojmlokmeii'],stix,Software,"malware,malicious,browser-extension",85,2026-08-19T22:58:58Z,90
indicator,Browser Extension: Autoskip for Youtube™ Ads,Extension ID: hmbnhhcgiecenbbkgdoaoafjpeaboine. Category: malware. . Ref: https://palant.info/2025/01/20/malicious-extensions-circumvent-googles-remote-code-ban/#netflix-party,[software:x_extension_id = 'hmbnhhcgiecenbbkgdoaoafjpeaboine'],stix,Software,"malware,malicious,browser-extension",85,2026-08-19T22:58:58Z,90
indicator,"Browser Extension: AutoBuy Flash Sales, Deals, and Coupons",Extension ID: gbnahglfafmhaehbdmjedfhdmimjcbed. Category: malware. . Ref: https://palant.info/2025/01/20/malicious-extensions-circumvent-googles-remote-code-ban/#netflix-party,[software:x_extension_id = 'gbnahglfafmhaehbdmjedfhdmimjcbed'],stix,Software,"malware,malicious,browser-extension",85,2026-08-19T22:58:58Z,90
indicator,Browser Extension: Adblock all advertisement - No Ads extension,Extension ID: gbdjcgalliefpinpmggefbloehmmknca. Category: malware. . Ref: https://palant.info/2025/01/20/malicious-extensions-circumvent-googles-remote-code-ban/#netflix-party,[software:x_extension_id = 'gbdjcgalliefpinpmggefbloehmmknca'],stix,Software,"malware,malicious,browser-extension",85,2026-08-19T22:58:58Z,90
indicator,Browser Extension: Smart Auto Refresh,Extension ID: fkjngjgmgbfelejhbjblhjkehchifpcj. Category: malware. . Ref: https://palant.info/2025/01/20/malicious-extensions-circumvent-googles-remote-code-ban/#netflix-party,[software:x_extension_id = 'fkjngjgmgbfelejhbjblhjkehchifpcj'],stix,Software,"malware,malicious,browser-extension",85,2026-08-19T22:58:58Z,90
indicator,Browser Extension: Auto Refresh Plus,Extension ID: ffejlioijcokmblckiijnjcmfidjppdn. Category: malware. . Ref: https://palant.info/2025/01/20/malicious-extensions-circumvent-googles-remote-code-ban/#netflix-party,[software:x_extension_id = 'ffejlioijcokmblckiijnjcmfidjppdn'],stix,Software,"malware,malicious,browser-extension",85,2026-08-19T22:58:58Z,90
indicator,Browser Extension: Touch VPN - Secure and unlimited VPN proxy,Extension ID: bihmplhobchoageeokmgbdihknkjbknd. Category: PROXY/VPN. Bypassing enterprise security. Ref: https://chromewebstore.google.com/detail/omdakjcmkglenbhjadbccaookpfjihpa,[software:x_extension_id = 'bihmplhobchoageeokmgbdihknkjbknd'],stix,Software,"PROXY/VPN,Defense Evasion,browser-extension",50,2026-08-19T22:58:58Z,40
indicator,Browser Extension: Free VPN for Chrome - VPN Proxy 1clickVPN,Extension ID: fcfhplploccackoneaefokcmbjfbkenj. Category: PROXY/VPN. Bypassing enterprise security. Ref: https://chromewebstore.google.com/detail/omdakjcmkglenbhjadbccaookpfjihpa,[software:x_extension_id = 'fcfhplploccackoneaefokcmbjfbkenj'],stix,Software,"PROXY/VPN,Defense Evasion,browser-extension",50,2026-08-19T22:58:58Z,40
indicator,Browser Extension: Free VPN for Chrome - Troywell VPN,Extension ID: adlpodnneegcnbophopdmhedicjbcgco. Category: PROXY/VPN. Bypassing enterprise security. Ref: https://chromewebstore.google.com/detail/omdakjcmkglenbhjadbccaookpfjihpa,[software:x_extension_id = 'adlpodnneegcnbophopdmhedicjbcgco'],stix,Software,"PROXY/VPN,Defense Evasion,browser-extension",50,2026-08-19T22:58:58Z,40
indicator,Browser Extension: Proton VPN: Fast & Secure,Extension ID: jplgfhpmjnbigmhklmmbgecoobifkmpa. Category: PROXY/VPN. Bypassing enterprise security. Ref: https://chromewebstore.google.com/detail/omdakjcmkglenbhjadbccaookpfjihpa,[software:x_extension_id = 'jplgfhpmjnbigmhklmmbgecoobifkmpa'],stix,Software,"PROXY/VPN,Defense Evasion,browser-extension",50,2026-08-19T22:58:58Z,40
indicator,Browser Extension: PureVPN Proxy - Best VPN for Chrome,Extension ID: bfidboloedlamgdmenmlbipfnccokknp. Category: PROXY/VPN. Bypassing enterprise security. Ref: https://chromewebstore.google.com/detail/omdakjcmkglenbhjadbccaookpfjihpa,[software:x_extension_id = 'bfidboloedlamgdmenmlbipfnccokknp'],stix,Software,"PROXY/VPN,Defense Evasion,browser-extension",50,2026-08-19T22:58:58Z,40
indicator,Browser Extension: SetupVPN - Lifetime Free VPN,Extension ID: oofgbpoabipfcfjapgnbbjjaenockbdp. Category: PROXY/VPN. Bypassing enterprise security. Ref: https://chromewebstore.google.com/detail/omdakjcmkglenbhjadbccaookpfjihpa,[software:x_extension_id = 'oofgbpoabipfcfjapgnbbjjaenockbdp'],stix,Software,"PROXY/VPN,Defense Evasion,browser-extension",50,2026-08-19T22:58:58Z,40
indicator,Browser Extension: Free VPN ZenMate-Best VPN for Chrome,Extension ID: fdcgdnkidjaadafnichfpabhfomcebme. Category: PROXY/VPN. Bypassing enterprise security. Ref: https://chromewebstore.google.com/detail/omdakjcmkglenbhjadbccaookpfjihpa,[software:x_extension_id = 'fdcgdnkidjaadafnichfpabhfomcebme'],stix,Software,"PROXY/VPN,Defense Evasion,browser-extension",50,2026-08-19T22:58:58Z,40
indicator,Browser Extension: TunnelBear VPN,Extension ID: omdakjcmkglenbhjadbccaookpfjihpa. Category: PROXY/VPN. Bypassing enterprise security. Ref: https://chromewebstore.google.com/detail/omdakjcmkglenbhjadbccaookpfjihpa,[software:x_extension_id = 'omdakjcmkglenbhjadbccaookpfjihpa'],stix,Software,"PROXY/VPN,Defense Evasion,browser-extension",50,2026-08-19T22:58:58Z,40
indicator,Browser Extension: AI Chat to PDF,Extension ID: nlfkaldinolmacagmiddfpnfaeclfibn. Category: malware. This extension inject malicious scripts to capture users credentials - email content and browsing activity and send that sensitive data to attacker-controlled infrastructure for unauthorized access and theft.. Ref: https://www.island.io/blog/badblocker-11-million-users-one-server-call-away-from-compromise,[software:x_extension_id = 'nlfkaldinolmacagmiddfpnfaeclfibn'],stix,Software,"malware,malicious,browser-extension",85,2026-08-19T22:58:58Z,90
indicator,Browser Extension: Adblock for Youtube™,Extension ID: cmedhionkhpnakcndndgjdbohmhepckk. Category: malware. arbitrary JavaScript execution on any website. Ref: https://www.island.io/blog/badblocker-11-million-users-one-server-call-away-from-compromise,[software:x_extension_id = 'cmedhionkhpnakcndndgjdbohmhepckk'],stix,Software,"malware,malicious,browser-extension",85,2026-08-19T22:58:58Z,90
indicator,Browser Extension: AdBlock Suite,Extension ID: gekoepiplklhniacchbbgbhilidiojmb. Category: malware. arbitrary JavaScript execution on any website. Ref: https://www.island.io/blog/badblocker-11-million-users-one-server-call-away-from-compromise,[software:x_extension_id = 'gekoepiplklhniacchbbgbhilidiojmb'],stix,Software,"malware,malicious,browser-extension",85,2026-08-19T22:58:58Z,90
indicator,Browser Extension: Web to PDF,Extension ID: pamnlaoeobcmhkliljfaofekeddpmfoh. Category: malware. linked to LevelBlue Labs report: Infrastructure of Interest: Medium Confidence InfoStealer - blocking just in case. Ref: https://chromewebstore.google.com/detail/web-to-pdf/pamnlaoeobcmhkliljfaofekeddpmfoh. CRX SHA-256: c3c45ac09dbda8cb8b7e1cd347e0cac30736e485d8f2606668c7902d8ec4930b,[software:x_extension_id = 'pamnlaoeobcmhkliljfaofekeddpmfoh'],stix,Software,"malware,malicious,browser-extension",85,2026-08-19T22:58:58Z,90
indicator,Browser Extension: wallpaper adwares,Extension ID: abcidfelbbfbijdeilhlgmgejdbappaj. Category: malware. . Ref: https://github.com/PaloAltoNetworks/Unit42-timely-threat-intel/blob/main/2026-06-01-Adware-Wallpaper-Chrome-Extension-Campaign.txt,[software:x_extension_id = 'abcidfelbbfbijdeilhlgmgejdbappaj'],stix,Software,"malware,malicious,browser-extension",85,2026-08-19T22:58:58Z,90
indicator,Browser Extension: wallpaper adwares,Extension ID: adiolfenpimdeonhngpkbjbjjcopdfdp. Category: malware. . Ref: https://github.com/PaloAltoNetworks/Unit42-timely-threat-intel/blob/main/2026-06-01-Adware-Wallpaper-Chrome-Extension-Campaign.txt,[software:x_extension_id = 'adiolfenpimdeonhngpkbjbjjcopdfdp'],stix,Software,"malware,malicious,browser-extension",85,2026-08-19T22:58:58Z,90
indicator,Browser Extension: wallpaper adwares,Extension ID: bbbbneobfdbkipmlgpapfjabfggogdij. Category: malware. . Ref: https://github.com/PaloAltoNetworks/Unit42-timely-threat-intel/blob/main/2026-06-01-Adware-Wallpaper-Chrome-Extension-Campaign.txt,[software:x_extension_id = 'bbbbneobfdbkipmlgpapfjabfggogdij'],stix,Software,"malware,malicious,browser-extension",85,2026-08-19T22:58:58Z,90
indicator,Browser Extension: wallpaper adwares,Extension ID: bbdejfjnpbdjbdnibpmiegbdfbngbahn. Category: malware. . Ref: https://github.com/PaloAltoNetworks/Unit42-timely-threat-intel/blob/main/2026-06-01-Adware-Wallpaper-Chrome-Extension-Campaign.txt,[software:x_extension_id = 'bbdejfjnpbdjbdnibpmiegbdfbngbahn'],stix,Software,"malware,malicious,browser-extension",85,2026-08-19T22:58:58Z,90
indicator,Browser Extension: wallpaper adwares,Extension ID: bdnlfekadefohaaphlndnnieaolmpaao. Category: malware. . Ref: https://github.com/PaloAltoNetworks/Unit42-timely-threat-intel/blob/main/2026-06-01-Adware-Wallpaper-Chrome-Extension-Campaign.txt,[software:x_extension_id = 'bdnlfekadefohaaphlndnnieaolmpaao'],stix,Software,"malware,malicious,browser-extension",85,2026-08-19T22:58:58Z,90
indicator,Browser Extension: wallpaper adwares,Extension ID: belplhjdnniinakggihimnikmhiijenk. Category: malware. . Ref: https://github.com/PaloAltoNetworks/Unit42-timely-threat-intel/blob/main/2026-06-01-Adware-Wallpaper-Chrome-Extension-Campaign.txt,[software:x_extension_id = 'belplhjdnniinakggihimnikmhiijenk'],stix,Software,"malware,malicious,browser-extension",85,2026-08-19T22:58:58Z,90
indicator,Browser Extension: wallpaper adwares,Extension ID: bfkaeaehpekfmfkbindbledlfcbammaa. Category: malware. . Ref: https://github.com/PaloAltoNetworks/Unit42-timely-threat-intel/blob/main/2026-06-01-Adware-Wallpaper-Chrome-Extension-Campaign.txt,[software:x_extension_id = 'bfkaeaehpekfmfkbindbledlfcbammaa'],stix,Software,"malware,malicious,browser-extension",85,2026-08-19T22:58:58Z,90
indicator,Browser Extension: wallpaper adwares,Extension ID: cdfjefamdaghbhmlddgnfneonpjbbehp. Category: malware. . Ref: https://github.com/PaloAltoNetworks/Unit42-timely-threat-intel/blob/main/2026-06-01-Adware-Wallpaper-Chrome-Extension-Campaign.txt,[software:x_extension_id = 'cdfjefamdaghbhmlddgnfneonpjbbehp'],stix,Software,"malware,malicious,browser-extension",85,2026-08-19T22:58:58Z,90
indicator,Browser Extension: wallpaper adwares,Extension ID: cgopijlpehalkmakdjmhjonljokilban. Category: malware. . Ref: https://github.com/PaloAltoNetworks/Unit42-timely-threat-intel/blob/main/2026-06-01-Adware-Wallpaper-Chrome-Extension-Campaign.txt,[software:x_extension_id = 'cgopijlpehalkmakdjmhjonljokilban'],stix,Software,"malware,malicious,browser-extension",85,2026-08-19T22:58:58Z,90
indicator,Browser Extension: wallpaper adwares,Extension ID: clddibaehbcaahnmhnjbnbkccbmghago. Category: malware. . Ref: https://github.com/PaloAltoNetworks/Unit42-timely-threat-intel/blob/main/2026-06-01-Adware-Wallpaper-Chrome-Extension-Campaign.txt,[software:x_extension_id = 'clddibaehbcaahnmhnjbnbkccbmghago'],stix,Software,"malware,malicious,browser-extension",85,2026-08-19T22:58:58Z,90
indicator,Browser Extension: wallpaper adwares,Extension ID: cnlabipcnjebmibdelcindmhkkchndpd. Category: malware. . Ref: https://github.com/PaloAltoNetworks/Unit42-timely-threat-intel/blob/main/2026-06-01-Adware-Wallpaper-Chrome-Extension-Campaign.txt,[software:x_extension_id = 'cnlabipcnjebmibdelcindmhkkchndpd'],stix,Software,"malware,malicious,browser-extension",85,2026-08-19T22:58:58Z,90
indicator,Browser Extension: wallpaper adwares,Extension ID: cpddjnopcpkpdhkhnimmgnniiglambdl. Category: malware. . Ref: https://github.com/PaloAltoNetworks/Unit42-timely-threat-intel/blob/main/2026-06-01-Adware-Wallpaper-Chrome-Extension-Campaign.txt,[software:x_extension_id = 'cpddjnopcpkpdhkhnimmgnniiglambdl'],stix,Software,"malware,malicious,browser-extension",85,2026-08-19T22:58:58Z,90
indicator,Browser Extension: wallpaper adwares,Extension ID: dbfgidnodecgmmademfkaddkjidikobd. Category: malware. . Ref: https://github.com/PaloAltoNetworks/Unit42-timely-threat-intel/blob/main/2026-06-01-Adware-Wallpaper-Chrome-Extension-Campaign.txt,[software:x_extension_id = 'dbfgidnodecgmmademfkaddkjidikobd'],stix,Software,"malware,malicious,browser-extension",85,2026-08-19T22:58:58Z,90
indicator,Browser Extension: wallpaper adwares,Extension ID: dhllmgbdfgblbeckhcidmbcamonplgmg. Category: malware. . Ref: https://github.com/PaloAltoNetworks/Unit42-timely-threat-intel/blob/main/2026-06-01-Adware-Wallpaper-Chrome-Extension-Campaign.txt,[software:x_extension_id = 'dhllmgbdfgblbeckhcidmbcamonplgmg'],stix,Software,"malware,malicious,browser-extension",85,2026-08-19T22:58:58Z,90
indicator,Browser Extension: wallpaper adwares,Extension ID: djlolemkfmghdipoalonefccpgjbfanc. Category: malware. . Ref: https://github.com/PaloAltoNetworks/Unit42-timely-threat-intel/blob/main/2026-06-01-Adware-Wallpaper-Chrome-Extension-Campaign.txt,[software:x_extension_id = 'djlolemkfmghdipoalonefccpgjbfanc'],stix,Software,"malware,malicious,browser-extension",85,2026-08-19T22:58:58Z,90
indicator,Browser Extension: wallpaper adwares,Extension ID: dligcnabijlnmgbamdiakeoencoomaef. Category: malware. . Ref: https://github.com/PaloAltoNetworks/Unit42-timely-threat-intel/blob/main/2026-06-01-Adware-Wallpaper-Chrome-Extension-Campaign.txt,[software:x_extension_id = 'dligcnabijlnmgbamdiakeoencoomaef'],stix,Software,"malware,malicious,browser-extension",85,2026-08-19T22:58:58Z,90
indicator,Browser Extension: wallpaper adwares,Extension ID: ecbkfpnhjofeoimpihdlbcjcedjdllin. Category: malware. . Ref: https://github.com/PaloAltoNetworks/Unit42-timely-threat-intel/blob/main/2026-06-01-Adware-Wallpaper-Chrome-Extension-Campaign.txt,[software:x_extension_id = 'ecbkfpnhjofeoimpihdlbcjcedjdllin'],stix,Software,"malware,malicious,browser-extension",85,2026-08-19T22:58:58Z,90
indicator,Browser Extension: wallpaper adwares,Extension ID: eeicldodfhmgcjedepfmmpdpibebgkbl. Category: malware. . Ref: https://github.com/PaloAltoNetworks/Unit42-timely-threat-intel/blob/main/2026-06-01-Adware-Wallpaper-Chrome-Extension-Campaign.txt,[software:x_extension_id = 'eeicldodfhmgcjedepfmmpdpibebgkbl'],stix,Software,"malware,malicious,browser-extension",85,2026-08-19T22:58:58Z,90
indicator,Browser Extension: wallpaper adwares,Extension ID: ekgffgmnoaclljkicakkmobeoeeahmac. Category: malware. . Ref: https://github.com/PaloAltoNetworks/Unit42-timely-threat-intel/blob/main/2026-06-01-Adware-Wallpaper-Chrome-Extension-Campaign.txt,[software:x_extension_id = 'ekgffgmnoaclljkicakkmobeoeeahmac'],stix,Software,"malware,malicious,browser-extension",85,2026-08-19T22:58:58Z,90
indicator,Browser Extension: wallpaper adwares,Extension ID: enbiohidhjmepichhkjgbgppabjembml. Category: malware. . Ref: https://github.com/PaloAltoNetworks/Unit42-timely-threat-intel/blob/main/2026-06-01-Adware-Wallpaper-Chrome-Extension-Campaign.txt,[software:x_extension_id = 'enbiohidhjmepichhkjgbgppabjembml'],stix,Software,"malware,malicious,browser-extension",85,2026-08-19T22:58:58Z,90
indicator,Browser Extension: wallpaper adwares,Extension ID: famoeaahdjkggighmjpagpjmcmbinkia. Category: malware. . Ref: https://github.com/PaloAltoNetworks/Unit42-timely-threat-intel/blob/main/2026-06-01-Adware-Wallpaper-Chrome-Extension-Campaign.txt,[software:x_extension_id = 'famoeaahdjkggighmjpagpjmcmbinkia'],stix,Software,"malware,malicious,browser-extension",85,2026-08-19T22:58:58Z,90
indicator,Browser Extension: wallpaper adwares,Extension ID: fipehnelbojemafmdmhdkphjnafdnfle. Category: malware. . Ref: https://github.com/PaloAltoNetworks/Unit42-timely-threat-intel/blob/main/2026-06-01-Adware-Wallpaper-Chrome-Extension-Campaign.txt,[software:x_extension_id = 'fipehnelbojemafmdmhdkphjnafdnfle'],stix,Software,"malware,malicious,browser-extension",85,2026-08-19T22:58:58Z,90
indicator,Browser Extension: wallpaper adwares,Extension ID: flomkgojkgpbholngecnpopgafijhenn. Category: malware. . Ref: https://github.com/PaloAltoNetworks/Unit42-timely-threat-intel/blob/main/2026-06-01-Adware-Wallpaper-Chrome-Extension-Campaign.txt,[software:x_extension_id = 'flomkgojkgpbholngecnpopgafijhenn'],stix,Software,"malware,malicious,browser-extension",85,2026-08-19T22:58:58Z,90
indicator,Browser Extension: wallpaper adwares,Extension ID: fnfaggodhehejkigojefdehaffoneokd. Category: malware. . Ref: https://github.com/PaloAltoNetworks/Unit42-timely-threat-intel/blob/main/2026-06-01-Adware-Wallpaper-Chrome-Extension-Campaign.txt,[software:x_extension_id = 'fnfaggodhehejkigojefdehaffoneokd'],stix,Software,"malware,malicious,browser-extension",85,2026-08-19T22:58:58Z,90
indicator,Browser Extension: wallpaper adwares,Extension ID: fnfhdeimoegdjjpnmlpfjpchpmndamii. Category: malware. . Ref: https://github.com/PaloAltoNetworks/Unit42-timely-threat-intel/blob/main/2026-06-01-Adware-Wallpaper-Chrome-Extension-Campaign.txt,[software:x_extension_id = 'fnfhdeimoegdjjpnmlpfjpchpmndamii'],stix,Software,"malware,malicious,browser-extension",85,2026-08-19T22:58:58Z,90
indicator,Browser Extension: wallpaper adwares,Extension ID: gejcmgekakacmlccopnlhanpipkfggcn. Category: malware. . Ref: https://github.com/PaloAltoNetworks/Unit42-timely-threat-intel/blob/main/2026-06-01-Adware-Wallpaper-Chrome-Extension-Campaign.txt,[software:x_extension_id = 'gejcmgekakacmlccopnlhanpipkfggcn'],stix,Software,"malware,malicious,browser-extension",85,2026-08-19T22:58:58Z,90
indicator,Browser Extension: wallpaper adwares,Extension ID: gljmgepjbkfkcgepikciaeiihgfbfljf. Category: malware. . Ref: https://github.com/PaloAltoNetworks/Unit42-timely-threat-intel/blob/main/2026-06-01-Adware-Wallpaper-Chrome-Extension-Campaign.txt,[software:x_extension_id = 'gljmgepjbkfkcgepikciaeiihgfbfljf'],stix,Software,"malware,malicious,browser-extension",85,2026-08-19T22:58:58Z,90
indicator,Browser Extension: wallpaper adwares,Extension ID: gpkgjopaiakcnokecmocecnbpghkkjhg. Category: malware. . Ref: https://github.com/PaloAltoNetworks/Unit42-timely-threat-intel/blob/main/2026-06-01-Adware-Wallpaper-Chrome-Extension-Campaign.txt,[software:x_extension_id = 'gpkgjopaiakcnokecmocecnbpghkkjhg'],stix,Software,"malware,malicious,browser-extension",85,2026-08-19T22:58:58Z,90
indicator,Browser Extension: wallpaper adwares,Extension ID: hnhdhliichckphekkkgpopiicfdbcocc. Category: malware. . Ref: https://github.com/PaloAltoNetworks/Unit42-timely-threat-intel/blob/main/2026-06-01-Adware-Wallpaper-Chrome-Extension-Campaign.txt,[software:x_extension_id = 'hnhdhliichckphekkkgpopiicfdbcocc'],stix,Software,"malware,malicious,browser-extension",85,2026-08-19T22:58:58Z,90
indicator,Browser Extension: wallpaper adwares,Extension ID: iagfghcakcckojogakhmdeebmkkjldfb. Category: malware. . Ref: https://github.com/PaloAltoNetworks/Unit42-timely-threat-intel/blob/main/2026-06-01-Adware-Wallpaper-Chrome-Extension-Campaign.txt,[software:x_extension_id = 'iagfghcakcckojogakhmdeebmkkjldfb'],stix,Software,"malware,malicious,browser-extension",85,2026-08-19T22:58:58Z,90
indicator,Browser Extension: wallpaper adwares,Extension ID: iccidfcfcknibmadeplfehdinbeghbej. Category: malware. . Ref: https://github.com/PaloAltoNetworks/Unit42-timely-threat-intel/blob/main/2026-06-01-Adware-Wallpaper-Chrome-Extension-Campaign.txt,[software:x_extension_id = 'iccidfcfcknibmadeplfehdinbeghbej'],stix,Software,"malware,malicious,browser-extension",85,2026-08-19T22:58:58Z,90
indicator,Browser Extension: wallpaper adwares,Extension ID: ichbopbcihgldmgbgijfllfikfpeamlo. Category: malware. . Ref: https://github.com/PaloAltoNetworks/Unit42-timely-threat-intel/blob/main/2026-06-01-Adware-Wallpaper-Chrome-Extension-Campaign.txt,[software:x_extension_id = 'ichbopbcihgldmgbgijfllfikfpeamlo'],stix,Software,"malware,malicious,browser-extension",85,2026-08-19T22:58:58Z,90
indicator,Browser Extension: wallpaper adwares,Extension ID: imaibfagcdapbapmnepebaamfgjpdidk. Category: malware. . Ref: https://github.com/PaloAltoNetworks/Unit42-timely-threat-intel/blob/main/2026-06-01-Adware-Wallpaper-Chrome-Extension-Campaign.txt,[software:x_extension_id = 'imaibfagcdapbapmnepebaamfgjpdidk'],stix,Software,"malware,malicious,browser-extension",85,2026-08-19T22:58:58Z,90
indicator,Browser Extension: wallpaper adwares,Extension ID: ippdfgpdnmndlebdgggkgpapaffdcabp. Category: malware. . Ref: https://github.com/PaloAltoNetworks/Unit42-timely-threat-intel/blob/main/2026-06-01-Adware-Wallpaper-Chrome-Extension-Campaign.txt,[software:x_extension_id = 'ippdfgpdnmndlebdgggkgpapaffdcabp'],stix,Software,"malware,malicious,browser-extension",85,2026-08-19T22:58:58Z,90
indicator,Browser Extension: wallpaper adwares,Extension ID: jbaghkaihalnmkknemcgjikkimiecgpn. Category: malware. . Ref: https://github.com/PaloAltoNetworks/Unit42-timely-threat-intel/blob/main/2026-06-01-Adware-Wallpaper-Chrome-Extension-Campaign.txt,[software:x_extension_id = 'jbaghkaihalnmkknemcgjikkimiecgpn'],stix,Software,"malware,malicious,browser-extension",85,2026-08-19T22:58:58Z,90
indicator,Browser Extension: wallpaper adwares,Extension ID: jeoonjgjpiepmdcmgcdnadamojoefbad. Category: malware. . Ref: https://github.com/PaloAltoNetworks/Unit42-timely-threat-intel/blob/main/2026-06-01-Adware-Wallpaper-Chrome-Extension-Campaign.txt,[software:x_extension_id = 'jeoonjgjpiepmdcmgcdnadamojoefbad'],stix,Software,"malware,malicious,browser-extension",85,2026-08-19T22:58:58Z,90
indicator,Browser Extension: wallpaper adwares,Extension ID: jneelgnlhodkmclkcnooopnfmamckbgf. Category: malware. . Ref: https://github.com/PaloAltoNetworks/Unit42-timely-threat-intel/blob/main/2026-06-01-Adware-Wallpaper-Chrome-Extension-Campaign.txt,[software:x_extension_id = 'jneelgnlhodkmclkcnooopnfmamckbgf'],stix,Software,"malware,malicious,browser-extension",85,2026-08-19T22:58:58Z,90
indicator,Browser Extension: wallpaper adwares,Extension ID: jnnkcihkpoljaejgnmaohgbodpdmfmdg. Category: malware. . Ref: https://github.com/PaloAltoNetworks/Unit42-timely-threat-intel/blob/main/2026-06-01-Adware-Wallpaper-Chrome-Extension-Campaign.txt,[software:x_extension_id = 'jnnkcihkpoljaejgnmaohgbodpdmfmdg'],stix,Software,"malware,malicious,browser-extension",85,2026-08-19T22:58:58Z,90
indicator,Browser Extension: wallpaper adwares,Extension ID: kjdbfkbkiepbabfjncinoeclenkcgbmf. Category: malware. . Ref: https://github.com/PaloAltoNetworks/Unit42-timely-threat-intel/blob/main/2026-06-01-Adware-Wallpaper-Chrome-Extension-Campaign.txt,[software:x_extension_id = 'kjdbfkbkiepbabfjncinoeclenkcgbmf'],stix,Software,"malware,malicious,browser-extension",85,2026-08-19T22:58:58Z,90
indicator,Browser Extension: wallpaper adwares,Extension ID: kjhnajdlflnfmfdghcckbngdchajaime. Category: malware. . Ref: https://github.com/PaloAltoNetworks/Unit42-timely-threat-intel/blob/main/2026-06-01-Adware-Wallpaper-Chrome-Extension-Campaign.txt,[software:x_extension_id = 'kjhnajdlflnfmfdghcckbngdchajaime'],stix,Software,"malware,malicious,browser-extension",85,2026-08-19T22:58:58Z,90
indicator,Browser Extension: wallpaper adwares,Extension ID: klgebnlgcgpinhblnheofececjjaaofd. Category: malware. . Ref: https://github.com/PaloAltoNetworks/Unit42-timely-threat-intel/blob/main/2026-06-01-Adware-Wallpaper-Chrome-Extension-Campaign.txt,[software:x_extension_id = 'klgebnlgcgpinhblnheofececjjaaofd'],stix,Software,"malware,malicious,browser-extension",85,2026-08-19T22:58:58Z,90
indicator,Browser Extension: wallpaper adwares,Extension ID: kocbandikoadlapjnhpgbimaoncpnkpi. Category: malware. . Ref: https://github.com/PaloAltoNetworks/Unit42-timely-threat-intel/blob/main/2026-06-01-Adware-Wallpaper-Chrome-Extension-Campaign.txt,[software:x_extension_id = 'kocbandikoadlapjnhpgbimaoncpnkpi'],stix,Software,"malware,malicious,browser-extension",85,2026-08-19T22:58:58Z,90
indicator,Browser Extension: wallpaper adwares,Extension ID: laombeiddkmdfbnfobjgebnfaedefidp. Category: malware. . Ref: https://github.com/PaloAltoNetworks/Unit42-timely-threat-intel/blob/main/2026-06-01-Adware-Wallpaper-Chrome-Extension-Campaign.txt,[software:x_extension_id = 'laombeiddkmdfbnfobjgebnfaedefidp'],stix,Software,"malware,malicious,browser-extension",85,2026-08-19T22:58:58Z,90
indicator,Browser Extension: wallpaper adwares,Extension ID: lappfnpdgnphiodelgopbncadpoldica. Category: malware. . Ref: https://github.com/PaloAltoNetworks/Unit42-timely-threat-intel/blob/main/2026-06-01-Adware-Wallpaper-Chrome-Extension-Campaign.txt,[software:x_extension_id = 'lappfnpdgnphiodelgopbncadpoldica'],stix,Software,"malware,malicious,browser-extension",85,2026-08-19T22:58:58Z,90
indicator,Browser Extension: wallpaper adwares,Extension ID: liimhladbmdgppodfomkkcppkfbkmjbm. Category: malware. . Ref: https://github.com/PaloAltoNetworks/Unit42-timely-threat-intel/blob/main/2026-06-01-Adware-Wallpaper-Chrome-Extension-Campaign.txt,[software:x_extension_id = 'liimhladbmdgppodfomkkcppkfbkmjbm'],stix,Software,"malware,malicious,browser-extension",85,2026-08-19T22:58:58Z,90
indicator,Browser Extension: wallpaper adwares,Extension ID: ljpapggfdnpbagfbfnlolopaiknkbbmb. Category: malware. . Ref: https://github.com/PaloAltoNetworks/Unit42-timely-threat-intel/blob/main/2026-06-01-Adware-Wallpaper-Chrome-Extension-Campaign.txt,[software:x_extension_id = 'ljpapggfdnpbagfbfnlolopaiknkbbmb'],stix,Software,"malware,malicious,browser-extension",85,2026-08-19T22:58:58Z,90
indicator,Browser Extension: wallpaper adwares,Extension ID: mefpdeoonpdjecmnekooffdonpllblnb. Category: malware. . Ref: https://github.com/PaloAltoNetworks/Unit42-timely-threat-intel/blob/main/2026-06-01-Adware-Wallpaper-Chrome-Extension-Campaign.txt,[software:x_extension_id = 'mefpdeoonpdjecmnekooffdonpllblnb'],stix,Software,"malware,malicious,browser-extension",85,2026-08-19T22:58:58Z,90
indicator,Browser Extension: wallpaper adwares,Extension ID: mifhdbomjebcedjhoclccddgmmjhpkne. Category: malware. . Ref: https://github.com/PaloAltoNetworks/Unit42-timely-threat-intel/blob/main/2026-06-01-Adware-Wallpaper-Chrome-Extension-Campaign.txt,[software:x_extension_id = 'mifhdbomjebcedjhoclccddgmmjhpkne'],stix,Software,"malware,malicious,browser-extension",85,2026-08-19T22:58:58Z,90
indicator,Browser Extension: wallpaper adwares,Extension ID: mjoehhmchapliffjeiopgilfhmphfpbp. Category: malware. . Ref: https://github.com/PaloAltoNetworks/Unit42-timely-threat-intel/blob/main/2026-06-01-Adware-Wallpaper-Chrome-Extension-Campaign.txt,[software:x_extension_id = 'mjoehhmchapliffjeiopgilfhmphfpbp'],stix,Software,"malware,malicious,browser-extension",85,2026-08-19T22:58:58Z,90
indicator,Browser Extension: wallpaper adwares,Extension ID: mjojolnflneijogfbcoficpkmldhamba. Category: malware. . Ref: https://github.com/PaloAltoNetworks/Unit42-timely-threat-intel/blob/main/2026-06-01-Adware-Wallpaper-Chrome-Extension-Campaign.txt,[software:x_extension_id = 'mjojolnflneijogfbcoficpkmldhamba'],stix,Software,"malware,malicious,browser-extension",85,2026-08-19T22:58:58Z,90
indicator,Browser Extension: wallpaper adwares,Extension ID: mmlpmfnhfgjpogjjleoklkfeipnnojgd. Category: malware. . Ref: https://github.com/PaloAltoNetworks/Unit42-timely-threat-intel/blob/main/2026-06-01-Adware-Wallpaper-Chrome-Extension-Campaign.txt,[software:x_extension_id = 'mmlpmfnhfgjpogjjleoklkfeipnnojgd'],stix,Software,"malware,malicious,browser-extension",85,2026-08-19T22:58:58Z,90
indicator,Browser Extension: wallpaper adwares,Extension ID: mphkmheooambmkecalfljbkchadlfhap. Category: malware. . Ref: https://github.com/PaloAltoNetworks/Unit42-timely-threat-intel/blob/main/2026-06-01-Adware-Wallpaper-Chrome-Extension-Campaign.txt,[software:x_extension_id = 'mphkmheooambmkecalfljbkchadlfhap'],stix,Software,"malware,malicious,browser-extension",85,2026-08-19T22:58:58Z,90
indicator,Browser Extension: wallpaper adwares,Extension ID: nbmkfpfhpmajmnkihgkmbgbnalncdnna. Category: malware. . Ref: https://github.com/PaloAltoNetworks/Unit42-timely-threat-intel/blob/main/2026-06-01-Adware-Wallpaper-Chrome-Extension-Campaign.txt,[software:x_extension_id = 'nbmkfpfhpmajmnkihgkmbgbnalncdnna'],stix,Software,"malware,malicious,browser-extension",85,2026-08-19T22:58:58Z,90
indicator,Browser Extension: wallpaper adwares,Extension ID: ndeeopioahgjcemhhbgdoednmaleeemp. Category: malware. . Ref: https://github.com/PaloAltoNetworks/Unit42-timely-threat-intel/blob/main/2026-06-01-Adware-Wallpaper-Chrome-Extension-Campaign.txt,[software:x_extension_id = 'ndeeopioahgjcemhhbgdoednmaleeemp'],stix,Software,"malware,malicious,browser-extension",85,2026-08-19T22:58:58Z,90
indicator,Browser Extension: wallpaper adwares,Extension ID: nfpdlagnobaebggdhbflhiobfhondmdb. Category: malware. . Ref: https://github.com/PaloAltoNetworks/Unit42-timely-threat-intel/blob/main/2026-06-01-Adware-Wallpaper-Chrome-Extension-Campaign.txt,[software:x_extension_id = 'nfpdlagnobaebggdhbflhiobfhondmdb'],stix,Software,"malware,malicious,browser-extension",85,2026-08-19T22:58:58Z,90
indicator,Browser Extension: wallpaper adwares,Extension ID: ngnfdhfeccjahkpielcjbjebipckhoii. Category: malware. . Ref: https://github.com/PaloAltoNetworks/Unit42-timely-threat-intel/blob/main/2026-06-01-Adware-Wallpaper-Chrome-Extension-Campaign.txt,[software:x_extension_id = 'ngnfdhfeccjahkpielcjbjebipckhoii'],stix,Software,"malware,malicious,browser-extension",85,2026-08-19T22:58:58Z,90
indicator,Browser Extension: wallpaper adwares,Extension ID: nipbcfdkdiccemcmnfeebgmlnejmhbpd. Category: malware. . Ref: https://github.com/PaloAltoNetworks/Unit42-timely-threat-intel/blob/main/2026-06-01-Adware-Wallpaper-Chrome-Extension-Campaign.txt,[software:x_extension_id = 'nipbcfdkdiccemcmnfeebgmlnejmhbpd'],stix,Software,"malware,malicious,browser-extension",85,2026-08-19T22:58:58Z,90
indicator,Browser Extension: wallpaper adwares,Extension ID: njggjookikiachbndaocbijjpddcijkf. Category: malware. . Ref: https://github.com/PaloAltoNetworks/Unit42-timely-threat-intel/blob/main/2026-06-01-Adware-Wallpaper-Chrome-Extension-Campaign.txt,[software:x_extension_id = 'njggjookikiachbndaocbijjpddcijkf'],stix,Software,"malware,malicious,browser-extension",85,2026-08-19T22:58:58Z,90
indicator,Browser Extension: wallpaper adwares,Extension ID: obdcmkbifgehdkjacmndbapoiiabnjlo. Category: malware. . Ref: https://github.com/PaloAltoNetworks/Unit42-timely-threat-intel/blob/main/2026-06-01-Adware-Wallpaper-Chrome-Extension-Campaign.txt,[software:x_extension_id = 'obdcmkbifgehdkjacmndbapoiiabnjlo'],stix,Software,"malware,malicious,browser-extension",85,2026-08-19T22:58:58Z,90
indicator,Browser Extension: wallpaper adwares,Extension ID: oeaifghbbhjomcgbgpihadpbfnpidggi. Category: malware. . Ref: https://github.com/PaloAltoNetworks/Unit42-timely-threat-intel/blob/main/2026-06-01-Adware-Wallpaper-Chrome-Extension-Campaign.txt,[software:x_extension_id = 'oeaifghbbhjomcgbgpihadpbfnpidggi'],stix,Software,"malware,malicious,browser-extension",85,2026-08-19T22:58:58Z,90
indicator,Browser Extension: wallpaper adwares,Extension ID: ooepolkedgpkhojiihdjoajnjohciajl. Category: malware. . Ref: https://github.com/PaloAltoNetworks/Unit42-timely-threat-intel/blob/main/2026-06-01-Adware-Wallpaper-Chrome-Extension-Campaign.txt,[software:x_extension_id = 'ooepolkedgpkhojiihdjoajnjohciajl'],stix,Software,"malware,malicious,browser-extension",85,2026-08-19T22:58:58Z,90
indicator,Browser Extension: wallpaper adwares,Extension ID: oojlpfnmoijaiephcdakeggdbbfdbanb. Category: malware. . Ref: https://github.com/PaloAltoNetworks/Unit42-timely-threat-intel/blob/main/2026-06-01-Adware-Wallpaper-Chrome-Extension-Campaign.txt,[software:x_extension_id = 'oojlpfnmoijaiephcdakeggdbbfdbanb'],stix,Software,"malware,malicious,browser-extension",85,2026-08-19T22:58:58Z,90
indicator,Browser Extension: wallpaper adwares,Extension ID: opdcfknedcfgiophhnojmnljpndojbom. Category: malware. . Ref: https://github.com/PaloAltoNetworks/Unit42-timely-threat-intel/blob/main/2026-06-01-Adware-Wallpaper-Chrome-Extension-Campaign.txt,[software:x_extension_id = 'opdcfknedcfgiophhnojmnljpndojbom'],stix,Software,"malware,malicious,browser-extension",85,2026-08-19T22:58:58Z,90
indicator,Browser Extension: wallpaper adwares,Extension ID: phcfjgnhnpfjhpghiacilpocpcdcgljm. Category: malware. . Ref: https://github.com/PaloAltoNetworks/Unit42-timely-threat-intel/blob/main/2026-06-01-Adware-Wallpaper-Chrome-Extension-Campaign.txt,[software:x_extension_id = 'phcfjgnhnpfjhpghiacilpocpcdcgljm'],stix,Software,"malware,malicious,browser-extension",85,2026-08-19T22:58:58Z,90
indicator,Browser Extension: wallpaper adwares,Extension ID: phpjgmopmomaokbddkjpnnffmchbnagh. Category: malware. . Ref: https://github.com/PaloAltoNetworks/Unit42-timely-threat-intel/blob/main/2026-06-01-Adware-Wallpaper-Chrome-Extension-Campaign.txt,[software:x_extension_id = 'phpjgmopmomaokbddkjpnnffmchbnagh'],stix,Software,"malware,malicious,browser-extension",85,2026-08-19T22:58:58Z,90
indicator,Browser Extension: wallpaper adwares,Extension ID: pkadlokfbobblmiclilbgajkjcpaaopk. Category: malware. . Ref: https://github.com/PaloAltoNetworks/Unit42-timely-threat-intel/blob/main/2026-06-01-Adware-Wallpaper-Chrome-Extension-Campaign.txt,[software:x_extension_id = 'pkadlokfbobblmiclilbgajkjcpaaopk'],stix,Software,"malware,malicious,browser-extension",85,2026-08-19T22:58:58Z,90
indicator,Browser Extension: wallpaper adwares,Extension ID: pkmjadcejhbaahnlaooacmfkfflpkcic. Category: malware. . Ref: https://github.com/PaloAltoNetworks/Unit42-timely-threat-intel/blob/main/2026-06-01-Adware-Wallpaper-Chrome-Extension-Campaign.txt,[software:x_extension_id = 'pkmjadcejhbaahnlaooacmfkfflpkcic'],stix,Software,"malware,malicious,browser-extension",85,2026-08-19T22:58:58Z,90
indicator,Browser Extension: wallpaper adwares,Extension ID: pnlahghdcgkecfkeeiekinacgmbdcabk. Category: malware. . Ref: https://github.com/PaloAltoNetworks/Unit42-timely-threat-intel/blob/main/2026-06-01-Adware-Wallpaper-Chrome-Extension-Campaign.txt,[software:x_extension_id = 'pnlahghdcgkecfkeeiekinacgmbdcabk'],stix,Software,"malware,malicious,browser-extension",85,2026-08-19T22:58:58Z,90
indicator,Browser Extension: Supersonic AI,Extension ID: eebihieclccoidddmjcencomodomdoei. Category: malware. . Ref: https://unit42.paloaltonetworks.com/high-risk-gen-ai-browser-extensions/,[software:x_extension_id = 'eebihieclccoidddmjcencomodomdoei'],stix,Software,"malware,malicious,browser-extension",85,2026-08-19T22:58:58Z,90
indicator,Browser Extension: Picsart: AI Photo Video Editor,Extension ID: dcjfbgppfdokmjgajnnkgdmkdeiloigh. Category: malware. . Ref: https://unit42.paloaltonetworks.com/high-risk-gen-ai-browser-extensions/,[software:x_extension_id = 'dcjfbgppfdokmjgajnnkgdmkdeiloigh'],stix,Software,"malware,malicious,browser-extension",85,2026-08-19T22:58:58Z,90
indicator,Browser Extension: Ask AI - GPT chat,Extension ID: cjmhegifablecgkkncjddcgkjmgoacfd. Category: malware. . Ref: https://unit42.paloaltonetworks.com/high-risk-gen-ai-browser-extensions/,[software:x_extension_id = 'cjmhegifablecgkkncjddcgkjmgoacfd'],stix,Software,"malware,malicious,browser-extension",85,2026-08-19T22:58:58Z,90
indicator,"Browser Extension: Agent Risk Reminder Remover - CNFans, ACBuy & More",Extension ID: bonhfflnjgdbnhcpjemkknlhimceckgb. Category: malware. . Ref: https://unit42.paloaltonetworks.com/high-risk-gen-ai-browser-extensions/,[software:x_extension_id = 'bonhfflnjgdbnhcpjemkknlhimceckgb'],stix,Software,"malware,malicious,browser-extension",85,2026-08-19T22:58:58Z,90
indicator,Browser Extension: NotionAI----,Extension ID: jndldoeopjgmpakgmieaeeelhnjnfgkj. Category: malware. . Ref: https://unit42.paloaltonetworks.com/high-risk-gen-ai-browser-extensions/,[software:x_extension_id = 'jndldoeopjgmpakgmieaeeelhnjnfgkj'],stix,Software,"malware,malicious,browser-extension",85,2026-08-19T22:58:58Z,90
indicator,Browser Extension: Notion----,Extension ID: pdahnbohfcekobflehebdkoemnmmempk. Category: malware. . Ref: https://unit42.paloaltonetworks.com/high-risk-gen-ai-browser-extensions/,[software:x_extension_id = 'pdahnbohfcekobflehebdkoemnmmempk'],stix,Software,"malware,malicious,browser-extension",85,2026-08-19T22:58:58Z,90
indicator,Browser Extension: Notion----,Extension ID: ljlhpcabhpjdlcjhbmgjigfceppgabmk. Category: malware. . Ref: https://unit42.paloaltonetworks.com/high-risk-gen-ai-browser-extensions/,[software:x_extension_id = 'ljlhpcabhpjdlcjhbmgjigfceppgabmk'],stix,Software,"malware,malicious,browser-extension",85,2026-08-19T22:58:58Z,90
indicator,Browser Extension: AI Agent,Extension ID: hnppehcgmflfkcdkbkaeemjfngffmeag. Category: malware. . Ref: https://unit42.paloaltonetworks.com/high-risk-gen-ai-browser-extensions/,[software:x_extension_id = 'hnppehcgmflfkcdkbkaeemjfngffmeag'],stix,Software,"malware,malicious,browser-extension",85,2026-08-19T22:58:58Z,90
indicator,Browser Extension: Google AI,Extension ID: pfdmleklaejjccgfhoeafapbhkjipcnj. Category: malware. . Ref: https://unit42.paloaltonetworks.com/high-risk-gen-ai-browser-extensions/,[software:x_extension_id = 'pfdmleklaejjccgfhoeafapbhkjipcnj'],stix,Software,"malware,malicious,browser-extension",85,2026-08-19T22:58:58Z,90
indicator,Browser Extension: Text Summarizer,Extension ID: npifianbfjhobabjjpfdjjihgbdnbojh. Category: malware. . Ref: https://unit42.paloaltonetworks.com/high-risk-gen-ai-browser-extensions/,[software:x_extension_id = 'npifianbfjhobabjjpfdjjihgbdnbojh'],stix,Software,"malware,malicious,browser-extension",85,2026-08-19T22:58:58Z,90
indicator,Browser Extension: Nano Banana,Extension ID: ffocfibjgakneigiajpccfcdmomlbapo. Category: malware. . Ref: https://unit42.paloaltonetworks.com/high-risk-gen-ai-browser-extensions/,[software:x_extension_id = 'ffocfibjgakneigiajpccfcdmomlbapo'],stix,Software,"malware,malicious,browser-extension",85,2026-08-19T22:58:58Z,90
indicator,Browser Extension: Anker AIME Copilot,Extension ID: nbflcljmdbibeoaipongjgfmbapanipm. Category: malware. . Ref: https://unit42.paloaltonetworks.com/high-risk-gen-ai-browser-extensions/,[software:x_extension_id = 'nbflcljmdbibeoaipongjgfmbapanipm'],stix,Software,"malware,malicious,browser-extension",85,2026-08-19T22:58:58Z,90
indicator,Browser Extension: browser cash,Extension ID: oaldjcdohhhibelagdhoahbedekfjjjf. Category: malware. . Ref: https://unit42.paloaltonetworks.com/high-risk-gen-ai-browser-extensions/,[software:x_extension_id = 'oaldjcdohhhibelagdhoahbedekfjjjf'],stix,Software,"malware,malicious,browser-extension",85,2026-08-19T22:58:58Z,90
indicator,Browser Extension: AI Agent Deep DeepSeek,Extension ID: dgeiaiglmhdhajbpfbmajaajdlfdinpi. Category: malware. . Ref: https://unit42.paloaltonetworks.com/high-risk-gen-ai-browser-extensions/. CRX SHA-256: c9754454efede2dec2fcb856faa40424b8df378706b664a5ae4847fcd0336b53,[software:x_extension_id = 'dgeiaiglmhdhajbpfbmajaajdlfdinpi'],stix,Software,"malware,malicious,browser-extension",85,2026-08-19T22:58:58Z,90
indicator,Browser Extension: AI Photo and Video Editor,Extension ID: hmkcidjcpomiegnklmplkimmbcbklglb. Category: malware. . Ref: https://unit42.paloaltonetworks.com/high-risk-gen-ai-browser-extensions/. CRX SHA-256: 4e38bee33237a8c8b17a2504013e506ca7cbf667a7f68a2d94d75db505c2149f,[software:x_extension_id = 'hmkcidjcpomiegnklmplkimmbcbklglb'],stix,Software,"malware,malicious,browser-extension",85,2026-08-19T22:58:58Z,90
indicator,Browser Extension: Chat AI for Chrome,Extension ID: jhhjbaicgmecddbaobeobkikgmfffaeg. Category: malware. . Ref: https://unit42.paloaltonetworks.com/high-risk-gen-ai-browser-extensions/. CRX SHA-256: dfe307d957724ebe32331f92d53e366b7fa85968a9564c2285c5a0142ac9e1bb,[software:x_extension_id = 'jhhjbaicgmecddbaobeobkikgmfffaeg'],stix,Software,"malware,malicious,browser-extension",85,2026-08-19T22:58:58Z,90
indicator,Browser Extension: Reverse Recruiting — AI Job Application Assistant,Extension ID: iefpkdilnfhogjbkhgnliaomoldgkdlj. Category: malware. . Ref: https://unit42.paloaltonetworks.com/high-risk-gen-ai-browser-extensions/. CRX SHA-256: 604c7aef72892b56ac23ad54744376574239c8f0651e95dd5b6cf540eb70f7c3,[software:x_extension_id = 'iefpkdilnfhogjbkhgnliaomoldgkdlj'],stix,Software,"malware,malicious,browser-extension",85,2026-08-19T22:58:58Z,90
indicator,"Browser Extension: TikTok Downloader – Save Videos, No Watermark",Extension ID: injnjbcogjhcjhnhcbmlahgikemedbko. Category: malware. StealTok campaign; browser=Google Chrome; status=Active; installs=3000. Ref: https://layerxsecurity.com/blog/stealtok-130k-users-compromised-by-data-stealing-tiktok-video-downloaders/,[software:x_extension_id = 'injnjbcogjhcjhnhcbmlahgikemedbko'],stix,Software,"malware,malicious,browser-extension",85,2026-08-19T22:58:58Z,90
indicator,Browser Extension: TikTok Video Downloader – Bulk Save,Extension ID: ehdkeonoccndeaggbnolijnmmeohkbpf. Category: malware. StealTok campaign; browser=Google Chrome; status=Active; installs=1000. Ref: https://layerxsecurity.com/blog/stealtok-130k-users-compromised-by-data-stealing-tiktok-video-downloaders/,[software:x_extension_id = 'ehdkeonoccndeaggbnolijnmmeohkbpf'],stix,Software,"malware,malicious,browser-extension",85,2026-08-19T22:58:58Z,90
indicator,Browser Extension: Tiktok Downloader,Extension ID: pfpijacnpangmkfdpgodlbokpkhpkeka. Category: malware. StealTok campaign; browser=Google Chrome; status=Active; installs=353. Ref: https://layerxsecurity.com/blog/stealtok-130k-users-compromised-by-data-stealing-tiktok-video-downloaders/,[software:x_extension_id = 'pfpijacnpangmkfdpgodlbokpkhpkeka'],stix,Software,"malware,malicious,browser-extension",85,2026-08-19T22:58:58Z,90
indicator,Browser Extension: TikTok Video Downloader – Save Without Watermark,Extension ID: cfbgdmiobbicgjnaegnenlcgbdabkcli. Category: malware. StealTok campaign; browser=Google Chrome; status=Active; installs=4000. Ref: https://layerxsecurity.com/blog/stealtok-130k-users-compromised-by-data-stealing-tiktok-video-downloaders/,[software:x_extension_id = 'cfbgdmiobbicgjnaegnenlcgbdabkcli'],stix,Software,"malware,malicious,browser-extension",85,2026-08-19T22:58:58Z,90
indicator,Browser Extension: Mass Tiktok Video Downloader,Extension ID: mpalaahimeigibehbocnjipjfakekfia. Category: malware. StealTok campaign; browser=Microsoft Edge; status=Active; installs=77. Ref: https://layerxsecurity.com/blog/stealtok-130k-users-compromised-by-data-stealing-tiktok-video-downloaders/,[software:x_extension_id = 'mpalaahimeigibehbocnjipjfakekfia'],stix,Software,"malware,malicious,browser-extension",85,2026-08-19T22:58:58Z,90
indicator,Browser Extension: TikTok Video Downloader – Save Without Watermark,Extension ID: kkhjihaeddnhknninbekkhaklnailngh. Category: malware. StealTok campaign; browser=Microsoft Edge; status=Active; installs=9. Ref: https://layerxsecurity.com/blog/stealtok-130k-users-compromised-by-data-stealing-tiktok-video-downloaders/,[software:x_extension_id = 'kkhjihaeddnhknninbekkhaklnailngh'],stix,Software,"malware,malicious,browser-extension",85,2026-08-19T22:58:58Z,90
indicator,"Browser Extension: TikTok Downloader – Save Videos, No Watermark",Extension ID: kbifpojhlkdoidmndacedmkbjopeekgl. Category: malware. StealTok campaign; browser=Microsoft Edge; status=Active; installs=47. Ref: https://layerxsecurity.com/blog/stealtok-130k-users-compromised-by-data-stealing-tiktok-video-downloaders/,[software:x_extension_id = 'kbifpojhlkdoidmndacedmkbjopeekgl'],stix,Software,"malware,malicious,browser-extension",85,2026-08-19T22:58:58Z,90
indicator,Browser Extension: Mass Tiktok Video Downloader,Extension ID: jacilgchggenbmgbfnehcegalhlgpnhf. Category: malware. StealTok campaign; browser=Google Chrome; status=Active; installs=4000. Ref: https://layerxsecurity.com/blog/stealtok-130k-users-compromised-by-data-stealing-tiktok-video-downloaders/,[software:x_extension_id = 'jacilgchggenbmgbfnehcegalhlgpnhf'],stix,Software,"malware,malicious,browser-extension",85,2026-08-19T22:58:58Z,90
indicator,Browser Extension: Mass Tiktok Video Downloader,Extension ID: oaceepljpkcbcgccnmlepeofkhplkbih. Category: malware. StealTok campaign; browser=Google Chrome; status=Removed; installs=30000. Ref: https://layerxsecurity.com/blog/stealtok-130k-users-compromised-by-data-stealing-tiktok-video-downloaders/,[software:x_extension_id = 'oaceepljpkcbcgccnmlepeofkhplkbih'],stix,Software,"malware,malicious,browser-extension",85,2026-08-19T22:58:58Z,90
indicator,"Browser Extension: TikTok Downloader – Save Videos, No Watermark",Extension ID: ilcjgmjecbhpgpipmkfkibjopafpbcag. Category: malware. StealTok campaign; browser=Google Chrome; status=Removed; installs=10000. Ref: https://layerxsecurity.com/blog/stealtok-130k-users-compromised-by-data-stealing-tiktok-video-downloaders/,[software:x_extension_id = 'ilcjgmjecbhpgpipmkfkibjopafpbcag'],stix,Software,"malware,malicious,browser-extension",85,2026-08-19T22:58:58Z,90
indicator,Browser Extension: TikTok Video Keeper,Extension ID: kmobjdioiclamniofdnngmafbhgcniok. Category: malware. StealTok campaign; browser=Google Chrome; status=Removed; installs=60000. Ref: https://layerxsecurity.com/blog/stealtok-130k-users-compromised-by-data-stealing-tiktok-video-downloaders/,[software:x_extension_id = 'kmobjdioiclamniofdnngmafbhgcniok'],stix,Software,"malware,malicious,browser-extension",85,2026-08-19T22:58:58Z,90
indicator,Browser Extension: Video Downloader for Tiktok,Extension ID: cgnbfcoeopaehocfdnkkjecibafichje. Category: malware. StealTok campaign; browser=Google Chrome; status=Removed; installs=20000. Ref: https://layerxsecurity.com/blog/stealtok-130k-users-compromised-by-data-stealing-tiktok-video-downloaders/,[software:x_extension_id = 'cgnbfcoeopaehocfdnkkjecibafichje'],stix,Software,"malware,malicious,browser-extension",85,2026-08-19T22:58:58Z,90
indicator,Browser Extension: Sinceerly,Extension ID: lhokehflammomchbkmpohfeidffnlpmo. Category: malware. stealing api key and email text messages. Ref: https://x.com/nix_eth/status/2047407665211728181,[software:x_extension_id = 'lhokehflammomchbkmpohfeidffnlpmo'],stix,Software,"malware,malicious,browser-extension",85,2026-08-19T22:58:58Z,90
indicator,Browser Extension: NexShield Advanced Web Guardian,Extension ID: cpcdkmjddocikjdkbbeiaafnpdbdafmi. Category: malware. . Ref: https://github.com/mthcht/ThreatIntel-Reports/blob/f1ceede743e0791ea9f2af7988ab9fcfd4a38d56/Intel%20Reports/thehackernews_com/2026_01_crashfix-chrome-extension-delivers_html/content.txt#L696. CRX SHA-256: c46af9ae6ab0e7567573dbc950a8ffbe30ea848fac90cd15860045fe7640199c,[software:x_extension_id = 'cpcdkmjddocikjdkbbeiaafnpdbdafmi'],stix,Software,"malware,malicious,browser-extension",85,2026-08-19T22:58:58Z,90
indicator,Browser Extension: Context Extension,Extension ID: omddlmnhcofjbnbflmjginpjjblphbgk. Category: malware. Linked in public reporting to the Vercel third-party AI tool incident and a now-removed extension - Hunt with related OAuth IOC 110671459871-30f1spbu0hptbs60cb4vsmv79i7bbvqj.apps.googleusercontent.com. Ref: https://x.com/i/status/2045960143209152981,[software:x_extension_id = 'omddlmnhcofjbnbflmjginpjjblphbgk'],stix,Software,"malware,malicious,browser-extension",85,2026-08-19T22:58:58Z,90
indicator,Browser Extension: OpenClaw Browser Relay,Extension ID: nglingapjinhecnfejdcpihlpneeadjp. Category: malware. Browser-control relay extension with local WebSocket/CDP automation - third-party depreciated package for openclaw. Added for enterprise blocklist - not as confirmed malware. Ref: https://chromewebstore.google.com/detail/openclaw-browser-relay/nglingapjinhecnfejdcpihlpneeadjp. CRX SHA-256: 133df5ad1bd5f3c5444fc6bf15040b34372dd309d7481be708ae6445c3a20c6f,[software:x_extension_id = 'nglingapjinhecnfejdcpihlpneeadjp'],stix,Software,"malware,malicious,browser-extension",85,2026-08-19T22:58:58Z,90
indicator,Browser Extension: Telegram Multi-account,Extension ID: obifanppcpchlehkjipahhphbcbjekfa. Category: malware. . Ref: https://socket.dev/blog/108-chrome-ext-linked-to-data-exfil-session-theft-shared-c2,[software:x_extension_id = 'obifanppcpchlehkjipahhphbcbjekfa'],stix,Software,"malware,malicious,browser-extension",85,2026-08-19T22:58:58Z,90
indicator,Browser Extension: Web Client for Telegram - Teleside,Extension ID: mdcfennpfgkngnibjbpnpaafcjnhcjno. Category: malware. . Ref: https://socket.dev/blog/108-chrome-ext-linked-to-data-exfil-session-theft-shared-c2,[software:x_extension_id = 'mdcfennpfgkngnibjbpnpaafcjnhcjno'],stix,Software,"malware,malicious,browser-extension",85,2026-08-19T22:58:58Z,90
indicator,Browser Extension: YouSide - Youtube Sidebar,Extension ID: mmecpiobcdbjkaijljohghhpfgngpjmk. Category: malware. . Ref: https://socket.dev/blog/108-chrome-ext-linked-to-data-exfil-session-theft-shared-c2,[software:x_extension_id = 'mmecpiobcdbjkaijljohghhpfgngpjmk'],stix,Software,"malware,malicious,browser-extension",85,2026-08-19T22:58:58Z,90
indicator,Browser Extension: Web Client for Youtube - SideYou,Extension ID: bfoofgelpmalhcmedaaeogahlmbkopfd. Category: malware. . Ref: https://socket.dev/blog/108-chrome-ext-linked-to-data-exfil-session-theft-shared-c2,[software:x_extension_id = 'bfoofgelpmalhcmedaaeogahlmbkopfd'],stix,Software,"malware,malicious,browser-extension",85,2026-08-19T22:58:58Z,90
indicator,Browser Extension: Web Client for TikTok,Extension ID: cbfhnceafaenchbefokkngcbnejached. Category: malware. . Ref: https://socket.dev/blog/108-chrome-ext-linked-to-data-exfil-session-theft-shared-c2,[software:x_extension_id = 'cbfhnceafaenchbefokkngcbnejached'],stix,Software,"malware,malicious,browser-extension",85,2026-08-19T22:58:58Z,90
indicator,Browser Extension: Text Translation,Extension ID: ogogpebnagniggbnkbpjioobomdbmdcj. Category: malware. . Ref: https://socket.dev/blog/108-chrome-ext-linked-to-data-exfil-session-theft-shared-c2,[software:x_extension_id = 'ogogpebnagniggbnkbpjioobomdbmdcj'],stix,Software,"malware,malicious,browser-extension",85,2026-08-19T22:58:58Z,90
indicator,Browser Extension: Page Locker,Extension ID: ldmnhdllijbchflpbmnlgndfnlgmkgif. Category: malware. . Ref: https://socket.dev/blog/108-chrome-ext-linked-to-data-exfil-session-theft-shared-c2,[software:x_extension_id = 'ldmnhdllijbchflpbmnlgndfnlgmkgif'],stix,Software,"malware,malicious,browser-extension",85,2026-08-19T22:58:58Z,90
indicator,Browser Extension: Page Auto Refresh,Extension ID: lnajjhohknhgemncbaomjjjpmpdigedg. Category: malware. . Ref: https://socket.dev/blog/108-chrome-ext-linked-to-data-exfil-session-theft-shared-c2,[software:x_extension_id = 'lnajjhohknhgemncbaomjjjpmpdigedg'],stix,Software,"malware,malicious,browser-extension",85,2026-08-19T22:58:58Z,90
indicator,Browser Extension: Web Client for Rugby Rush - SideGame,Extension ID: aecccajigpipkpioaidignbgbeekglkd. Category: malware. . Ref: https://socket.dev/blog/108-chrome-ext-linked-to-data-exfil-session-theft-shared-c2,[software:x_extension_id = 'aecccajigpipkpioaidignbgbeekglkd'],stix,Software,"malware,malicious,browser-extension",85,2026-08-19T22:58:58Z,90
indicator,Browser Extension: Formula Rush Racing Game,Extension ID: akebbllmckjphjiojeioooidhnddnplj. Category: malware. . Ref: https://socket.dev/blog/108-chrome-ext-linked-to-data-exfil-session-theft-shared-c2,[software:x_extension_id = 'akebbllmckjphjiojeioooidhnddnplj'],stix,Software,"malware,malicious,browser-extension",85,2026-08-19T22:58:58Z,90
indicator,Browser Extension: Piggy Prizes - Slot Machine,Extension ID: akifdnfipbeoonhoeabdicnlcdhghmpn. Category: malware. . Ref: https://socket.dev/blog/108-chrome-ext-linked-to-data-exfil-session-theft-shared-c2,[software:x_extension_id = 'akifdnfipbeoonhoeabdicnlcdhghmpn'],stix,Software,"malware,malicious,browser-extension",85,2026-08-19T22:58:58Z,90
indicator,Browser Extension: Slot Arabian,Extension ID: akkkopcadaalekbdgpdikhdablkgjagd. Category: malware. . Ref: https://socket.dev/blog/108-chrome-ext-linked-to-data-exfil-session-theft-shared-c2,[software:x_extension_id = 'akkkopcadaalekbdgpdikhdablkgjagd'],stix,Software,"malware,malicious,browser-extension",85,2026-08-19T22:58:58Z,90
indicator,Browser Extension: Frogtastic,Extension ID: alkfljfjkpiccfgbeocbbjjladigcleg. Category: malware. . Ref: https://socket.dev/blog/108-chrome-ext-linked-to-data-exfil-session-theft-shared-c2,[software:x_extension_id = 'alkfljfjkpiccfgbeocbbjjladigcleg'],stix,Software,"malware,malicious,browser-extension",85,2026-08-19T22:58:58Z,90
indicator,Browser Extension: Black Beard Slot Machine,Extension ID: alllblhkgghelnejlggmmgjbkdabidie. Category: malware. . Ref: https://socket.dev/blog/108-chrome-ext-linked-to-data-exfil-session-theft-shared-c2,[software:x_extension_id = 'alllblhkgghelnejlggmmgjbkdabidie'],stix,Software,"malware,malicious,browser-extension",85,2026-08-19T22:58:58Z,90
indicator,Browser Extension: Indian - Slot Machine,Extension ID: amkkjdjjgiiamenbopfpdmjcleecjjgg. Category: malware. . Ref: https://socket.dev/blog/108-chrome-ext-linked-to-data-exfil-session-theft-shared-c2,[software:x_extension_id = 'amkkjdjjgiiamenbopfpdmjcleecjjgg'],stix,Software,"malware,malicious,browser-extension",85,2026-08-19T22:58:58Z,90
indicator,Browser Extension: Mahjong Deluxe,Extension ID: amnaljnjmgajgajelnplfmidgjgbjfhe. Category: malware. . Ref: https://socket.dev/blog/108-chrome-ext-linked-to-data-exfil-session-theft-shared-c2,[software:x_extension_id = 'amnaljnjmgajgajelnplfmidgjgbjfhe'],stix,Software,"malware,malicious,browser-extension",85,2026-08-19T22:58:58Z,90
indicator,Browser Extension: Crazy Freekick,Extension ID: bbjdlbemjklojnbifkgameepcafflmem. Category: malware. . Ref: https://socket.dev/blog/108-chrome-ext-linked-to-data-exfil-session-theft-shared-c2,[software:x_extension_id = 'bbjdlbemjklojnbifkgameepcafflmem'],stix,Software,"malware,malicious,browser-extension",85,2026-08-19T22:58:58Z,90
indicator,Browser Extension: Slot Car Racing,Extension ID: bdnanfggeppmkfhkgmpojkhanoplkacc. Category: malware. . Ref: https://socket.dev/blog/108-chrome-ext-linked-to-data-exfil-session-theft-shared-c2,[software:x_extension_id = 'bdnanfggeppmkfhkgmpojkhanoplkacc'],stix,Software,"malware,malicious,browser-extension",85,2026-08-19T22:58:58Z,90
indicator,Browser Extension: Clear Cache Plus,Extension ID: bgdkbjcdecedfoejdfgeafdodjgfohno. Category: malware. . Ref: https://socket.dev/blog/108-chrome-ext-linked-to-data-exfil-session-theft-shared-c2,[software:x_extension_id = 'bgdkbjcdecedfoejdfgeafdodjgfohno'],stix,Software,"malware,malicious,browser-extension",85,2026-08-19T22:58:58Z,90
indicator,Browser Extension: Galactica Delux - Slot Machine,Extension ID: bnchgibgpgmlickioneccggfobljmhjc. Category: malware. . Ref: https://socket.dev/blog/108-chrome-ext-linked-to-data-exfil-session-theft-shared-c2,[software:x_extension_id = 'bnchgibgpgmlickioneccggfobljmhjc'],stix,Software,"malware,malicious,browser-extension",85,2026-08-19T22:58:58Z,90
indicator,Browser Extension: Speed Test for Chrome - WiFi SpeedTest,Extension ID: bpljfbcejldmgeoodnogeefaihjdgbam. Category: malware. . Ref: https://socket.dev/blog/108-chrome-ext-linked-to-data-exfil-session-theft-shared-c2,[software:x_extension_id = 'bpljfbcejldmgeoodnogeefaihjdgbam'],stix,Software,"malware,malicious,browser-extension",85,2026-08-19T22:58:58Z,90
indicator,Browser Extension: Game SkySpeedster,Extension ID: cbnekafldflkmngbgmbnfmchjaelnhem. Category: malware. . Ref: https://socket.dev/blog/108-chrome-ext-linked-to-data-exfil-session-theft-shared-c2,[software:x_extension_id = 'cbnekafldflkmngbgmbnfmchjaelnhem'],stix,Software,"malware,malicious,browser-extension",85,2026-08-19T22:58:58Z,90
indicator,Browser Extension: Master Chess,Extension ID: cdpiopekjeonfjeocbfebemgocjciepp. Category: malware. . Ref: https://socket.dev/blog/108-chrome-ext-linked-to-data-exfil-session-theft-shared-c2,[software:x_extension_id = 'cdpiopekjeonfjeocbfebemgocjciepp'],stix,Software,"malware,malicious,browser-extension",85,2026-08-19T22:58:58Z,90
indicator,Browser Extension: Hockey Shootout,Extension ID: cehdkmmfadpplgchnbjgdngdcjmhlfcc. Category: malware. . Ref: https://socket.dev/blog/108-chrome-ext-linked-to-data-exfil-session-theft-shared-c2,[software:x_extension_id = 'cehdkmmfadpplgchnbjgdngdcjmhlfcc'],stix,Software,"malware,malicious,browser-extension",85,2026-08-19T22:58:58Z,90
indicator,Browser Extension: Odds Of The Gods - Slot Machine,Extension ID: cljengcehefhflhoahaambmkknjekjib. Category: malware. . Ref: https://socket.dev/blog/108-chrome-ext-linked-to-data-exfil-session-theft-shared-c2,[software:x_extension_id = 'cljengcehefhflhoahaambmkknjekjib'],stix,Software,"malware,malicious,browser-extension",85,2026-08-19T22:58:58Z,90
indicator,Browser Extension: Billiards Pro,Extension ID: clpgopiimdjcilllcjncdkoeikkkcfbi. Category: malware. . Ref: https://socket.dev/blog/108-chrome-ext-linked-to-data-exfil-session-theft-shared-c2,[software:x_extension_id = 'clpgopiimdjcilllcjncdkoeikkkcfbi'],stix,Software,"malware,malicious,browser-extension",85,2026-08-19T22:58:58Z,90
indicator,Browser Extension: Three Card Poker,Extension ID: cmeoegkmpbpcoabhlklbamfeidebgmdf. Category: malware. . Ref: https://socket.dev/blog/108-chrome-ext-linked-to-data-exfil-session-theft-shared-c2,[software:x_extension_id = 'cmeoegkmpbpcoabhlklbamfeidebgmdf'],stix,Software,"malware,malicious,browser-extension",85,2026-08-19T22:58:58Z,90
indicator,Browser Extension: Donuts - Slot Machine,Extension ID: cmlbghnlnbjkdgfjlegkbjmadpbmlgjb. Category: malware. . Ref: https://socket.dev/blog/108-chrome-ext-linked-to-data-exfil-session-theft-shared-c2,[software:x_extension_id = 'cmlbghnlnbjkdgfjlegkbjmadpbmlgjb'],stix,Software,"malware,malicious,browser-extension",85,2026-08-19T22:58:58Z,90
indicator,Browser Extension: Archer - Slot Machine,Extension ID: cnibdhllkgidlgmaoanhkemjeklneolk. Category: malware. . Ref: https://socket.dev/blog/108-chrome-ext-linked-to-data-exfil-session-theft-shared-c2,[software:x_extension_id = 'cnibdhllkgidlgmaoanhkemjeklneolk'],stix,Software,"malware,malicious,browser-extension",85,2026-08-19T22:58:58Z,90
indicator,Browser Extension: Rugby Rush,Extension ID: cpnfioldnmhaihohppoaebillnambcgn. Category: malware. . Ref: https://socket.dev/blog/108-chrome-ext-linked-to-data-exfil-session-theft-shared-c2,[software:x_extension_id = 'cpnfioldnmhaihohppoaebillnambcgn'],stix,Software,"malware,malicious,browser-extension",85,2026-08-19T22:58:58Z,90
indicator,Browser Extension: Bingo,Extension ID: dbohcpohlgnhgjmfkakoniiplglpfhcb. Category: malware. . Ref: https://socket.dev/blog/108-chrome-ext-linked-to-data-exfil-session-theft-shared-c2,[software:x_extension_id = 'dbohcpohlgnhgjmfkakoniiplglpfhcb'],stix,Software,"malware,malicious,browser-extension",85,2026-08-19T22:58:58Z,90
indicator,Browser Extension: Web Client for game Cricket Batter Challenge,Extension ID: dcamdpfclondppklabgkfaofjccpioil. Category: malware. . Ref: https://socket.dev/blog/108-chrome-ext-linked-to-data-exfil-session-theft-shared-c2,[software:x_extension_id = 'dcamdpfclondppklabgkfaofjccpioil'],stix,Software,"malware,malicious,browser-extension",85,2026-08-19T22:58:58Z,90
indicator,Browser Extension: Slot Machine Zeus Treasures,Extension ID: dljlpildgknddpnahppkihgodokfjbnd. Category: malware. . Ref: https://socket.dev/blog/108-chrome-ext-linked-to-data-exfil-session-theft-shared-c2,[software:x_extension_id = 'dljlpildgknddpnahppkihgodokfjbnd'],stix,Software,"malware,malicious,browser-extension",85,2026-08-19T22:58:58Z,90
indicator,Browser Extension: Horse Racing,Extension ID: dlpiookhionidajbiopmaajeckifeehn. Category: malware. . Ref: https://socket.dev/blog/108-chrome-ext-linked-to-data-exfil-session-theft-shared-c2,[software:x_extension_id = 'dlpiookhionidajbiopmaajeckifeehn'],stix,Software,"malware,malicious,browser-extension",85,2026-08-19T22:58:58Z,90
indicator,Browser Extension: Aztec - Slot Machine,Extension ID: dmaibhbbpmdihedidicfeigilkbobcog. Category: malware. . Ref: https://socket.dev/blog/108-chrome-ext-linked-to-data-exfil-session-theft-shared-c2,[software:x_extension_id = 'dmaibhbbpmdihedidicfeigilkbobcog'],stix,Software,"malware,malicious,browser-extension",85,2026-08-19T22:58:58Z,90
indicator,Browser Extension: Straight 4,Extension ID: dohenclhhdfljpjlnpjnephpccbdgmmb. Category: malware. . Ref: https://socket.dev/blog/108-chrome-ext-linked-to-data-exfil-session-theft-shared-c2,[software:x_extension_id = 'dohenclhhdfljpjlnpjnephpccbdgmmb'],stix,Software,"malware,malicious,browser-extension",85,2026-08-19T22:58:58Z,90
indicator,Browser Extension: Slot The Gold Pot,Extension ID: dpdemambcedffmnkfmkephnhhnclmcio. Category: malware. . Ref: https://socket.dev/blog/108-chrome-ext-linked-to-data-exfil-session-theft-shared-c2,[software:x_extension_id = 'dpdemambcedffmnkfmkephnhhnclmcio'],stix,Software,"malware,malicious,browser-extension",85,2026-08-19T22:58:58Z,90
indicator,Browser Extension: American Roulette Royale,Extension ID: ejlcbfmhjbkgohopdkijfgggbikgbacb. Category: malware. . Ref: https://socket.dev/blog/108-chrome-ext-linked-to-data-exfil-session-theft-shared-c2,[software:x_extension_id = 'ejlcbfmhjbkgohopdkijfgggbikgbacb'],stix,Software,"malware,malicious,browser-extension",85,2026-08-19T22:58:58Z,90
indicator,Browser Extension: Asia Slot,Extension ID: eljfpgehlncincemdmmnebmnlcmfamhm. Category: malware. . Ref: https://socket.dev/blog/108-chrome-ext-linked-to-data-exfil-session-theft-shared-c2,[software:x_extension_id = 'eljfpgehlncincemdmmnebmnlcmfamhm'],stix,Software,"malware,malicious,browser-extension",85,2026-08-19T22:58:58Z,90
indicator,Browser Extension: Web Client for game Drive Your Car,Extension ID: enmmilgindjmffoljaojkcgloakmloen. Category: malware. . Ref: https://socket.dev/blog/108-chrome-ext-linked-to-data-exfil-session-theft-shared-c2,[software:x_extension_id = 'enmmilgindjmffoljaojkcgloakmloen'],stix,Software,"malware,malicious,browser-extension",85,2026-08-19T22:58:58Z,90
indicator,Browser Extension: Jurassic Giants - Slot Machine,Extension ID: eoklnfefipnjfeknpmigmogeeepddcch. Category: malware. . Ref: https://socket.dev/blog/108-chrome-ext-linked-to-data-exfil-session-theft-shared-c2,[software:x_extension_id = 'eoklnfefipnjfeknpmigmogeeepddcch'],stix,Software,"malware,malicious,browser-extension",85,2026-08-19T22:58:58Z,90
indicator,Browser Extension: Street Basketball,Extension ID: fddajeklkkggbnppabbhkdmnkdjindlo. Category: malware. . Ref: https://socket.dev/blog/108-chrome-ext-linked-to-data-exfil-session-theft-shared-c2,[software:x_extension_id = 'fddajeklkkggbnppabbhkdmnkdjindlo'],stix,Software,"malware,malicious,browser-extension",85,2026-08-19T22:58:58Z,90
indicator,Browser Extension: Tarot Side Panel,Extension ID: fibgndhgobbaaekmnneapojgkcehaeac. Category: malware. . Ref: https://socket.dev/blog/108-chrome-ext-linked-to-data-exfil-session-theft-shared-c2,[software:x_extension_id = 'fibgndhgobbaaekmnneapojgkcehaeac'],stix,Software,"malware,malicious,browser-extension",85,2026-08-19T22:58:58Z,90
indicator,Browser Extension: Dragon Slayer - Slot Machine,Extension ID: fjfhejmbhpabkacpoddjbcfandjoacmb. Category: malware. . Ref: https://socket.dev/blog/108-chrome-ext-linked-to-data-exfil-session-theft-shared-c2,[software:x_extension_id = 'fjfhejmbhpabkacpoddjbcfandjoacmb'],stix,Software,"malware,malicious,browser-extension",85,2026-08-19T22:58:58Z,90
indicator,Browser Extension: Best Blackjack,Extension ID: flkdjodmoefccepdihipjdlianmkmhgc. Category: malware. . Ref: https://socket.dev/blog/108-chrome-ext-linked-to-data-exfil-session-theft-shared-c2,[software:x_extension_id = 'flkdjodmoefccepdihipjdlianmkmhgc'],stix,Software,"malware,malicious,browser-extension",85,2026-08-19T22:58:58Z,90
indicator,Browser Extension: Book Of Magic - Slot Machine,Extension ID: fmajpchoiahphjiligpmghnhmabolhoh. Category: malware. . Ref: https://socket.dev/blog/108-chrome-ext-linked-to-data-exfil-session-theft-shared-c2,[software:x_extension_id = 'fmajpchoiahphjiligpmghnhmabolhoh'],stix,Software,"malware,malicious,browser-extension",85,2026-08-19T22:58:58Z,90
indicator,Browser Extension: Snake - Slot Machine,Extension ID: gaafhblhbnkekenogcjniofhbicchlke. Category: malware. . Ref: https://socket.dev/blog/108-chrome-ext-linked-to-data-exfil-session-theft-shared-c2,[software:x_extension_id = 'gaafhblhbnkekenogcjniofhbicchlke'],stix,Software,"malware,malicious,browser-extension",85,2026-08-19T22:58:58Z,90
indicator,Browser Extension: Dice King - Classic Craps And Roll Game,Extension ID: gbaoddbbpompjhmilbgiaapkkakldlpc. Category: malware. . Ref: https://socket.dev/blog/108-chrome-ext-linked-to-data-exfil-session-theft-shared-c2,[software:x_extension_id = 'gbaoddbbpompjhmilbgiaapkkakldlpc'],stix,Software,"malware,malicious,browser-extension",85,2026-08-19T22:58:58Z,90
indicator,Browser Extension: Slot Ramses,Extension ID: gbhhgipmedccnankkjchgcidiigmioio. Category: malware. . Ref: https://socket.dev/blog/108-chrome-ext-linked-to-data-exfil-session-theft-shared-c2,[software:x_extension_id = 'gbhhgipmedccnankkjchgcidiigmioio'],stix,Software,"malware,malicious,browser-extension",85,2026-08-19T22:58:58Z,90
indicator,Browser Extension: Battleship War,Extension ID: gfhcdakcnpahfdealajmhcapnhhablbp. Category: malware. . Ref: https://socket.dev/blog/108-chrome-ext-linked-to-data-exfil-session-theft-shared-c2,[software:x_extension_id = 'gfhcdakcnpahfdealajmhcapnhhablbp'],stix,Software,"malware,malicious,browser-extension",85,2026-08-19T22:58:58Z,90
indicator,Browser Extension: Gold Miner 2,Extension ID: gipmochingljoikdjakkdolfcbphmlom. Category: malware. . Ref: https://socket.dev/blog/108-chrome-ext-linked-to-data-exfil-session-theft-shared-c2,[software:x_extension_id = 'gipmochingljoikdjakkdolfcbphmlom'],stix,Software,"malware,malicious,browser-extension",85,2026-08-19T22:58:58Z,90
indicator,Browser Extension: Greyhound Racing - Dog Race Simulator,Extension ID: glofhphmolanicdaddgkmhfmjidjkaem. Category: malware. . Ref: https://socket.dev/blog/108-chrome-ext-linked-to-data-exfil-session-theft-shared-c2,[software:x_extension_id = 'glofhphmolanicdaddgkmhfmjidjkaem'],stix,Software,"malware,malicious,browser-extension",85,2026-08-19T22:58:58Z,90
indicator,Browser Extension: Hercules: Sports Legend,Extension ID: haochenfmhglpholokliifmlpafilfdc. Category: malware. . Ref: https://socket.dev/blog/108-chrome-ext-linked-to-data-exfil-session-theft-shared-c2,[software:x_extension_id = 'haochenfmhglpholokliifmlpafilfdc'],stix,Software,"malware,malicious,browser-extension",85,2026-08-19T22:58:58Z,90
indicator,Browser Extension: Flicking Soccer,Extension ID: hbobdcfpgonejphpemijgjddanoipbkj. Category: malware. . Ref: https://socket.dev/blog/108-chrome-ext-linked-to-data-exfil-session-theft-shared-c2,[software:x_extension_id = 'hbobdcfpgonejphpemijgjddanoipbkj'],stix,Software,"malware,malicious,browser-extension",85,2026-08-19T22:58:58Z,90
indicator,Browser Extension: Voodoo Magic - Slot Machine,Extension ID: hdmppejcahhppjhkncagagopecddokpi. Category: malware. . Ref: https://socket.dev/blog/108-chrome-ext-linked-to-data-exfil-session-theft-shared-c2,[software:x_extension_id = 'hdmppejcahhppjhkncagagopecddokpi'],stix,Software,"malware,malicious,browser-extension",85,2026-08-19T22:58:58Z,90
indicator,Browser Extension: Web Client for Hockey Shootout - SideGame,Extension ID: heljkmdknlfhiecpknceodpbokeipigo. Category: malware. . Ref: https://socket.dev/blog/108-chrome-ext-linked-to-data-exfil-session-theft-shared-c2,[software:x_extension_id = 'heljkmdknlfhiecpknceodpbokeipigo'],stix,Software,"malware,malicious,browser-extension",85,2026-08-19T22:58:58Z,90
indicator,Browser Extension: MASTER CHECKERS,Extension ID: hiofkndodabpioiheinoiojjobadpgmj. Category: malware. . Ref: https://socket.dev/blog/108-chrome-ext-linked-to-data-exfil-session-theft-shared-c2,[software:x_extension_id = 'hiofkndodabpioiheinoiojjobadpgmj'],stix,Software,"malware,malicious,browser-extension",85,2026-08-19T22:58:58Z,90
indicator,Browser Extension: Watercraft Rush,Extension ID: hkbihmjhjmehlocilifheeaeiljabenb. Category: malware. . Ref: https://socket.dev/blog/108-chrome-ext-linked-to-data-exfil-session-theft-shared-c2,[software:x_extension_id = 'hkbihmjhjmehlocilifheeaeiljabenb'],stix,Software,"malware,malicious,browser-extension",85,2026-08-19T22:58:58Z,90
indicator,Browser Extension: Car Rush,Extension ID: hlmdnedepbbihmbddepemmbkenbnoegd. Category: malware. . Ref: https://socket.dev/blog/108-chrome-ext-linked-to-data-exfil-session-theft-shared-c2,[software:x_extension_id = 'hlmdnedepbbihmbddepemmbkenbnoegd'],stix,Software,"malware,malicious,browser-extension",85,2026-08-19T22:58:58Z,90
indicator,Browser Extension: Video Poker Deuces Wild,Extension ID: hmlnefhgicedcmebmkjdcogieefbaagl. Category: malware. . Ref: https://socket.dev/blog/108-chrome-ext-linked-to-data-exfil-session-theft-shared-c2,[software:x_extension_id = 'hmlnefhgicedcmebmkjdcogieefbaagl'],stix,Software,"malware,malicious,browser-extension",85,2026-08-19T22:58:58Z,90
indicator,Browser Extension: Slot Machine Ultimate Soccer,Extension ID: hnpbijogiiaegambgpaenjbcbgaeimlf. Category: malware. . Ref: https://socket.dev/blog/108-chrome-ext-linked-to-data-exfil-session-theft-shared-c2,[software:x_extension_id = 'hnpbijogiiaegambgpaenjbcbgaeimlf'],stix,Software,"malware,malicious,browser-extension",85,2026-08-19T22:58:58Z,90
indicator,Browser Extension: Christmas Eve - Slot Machine,Extension ID: ibelidmkbnjmmpjgfibbdbkamgcbnjdm. Category: malware. . Ref: https://socket.dev/blog/108-chrome-ext-linked-to-data-exfil-session-theft-shared-c2,[software:x_extension_id = 'ibelidmkbnjmmpjgfibbdbkamgcbnjdm'],stix,Software,"malware,malicious,browser-extension",85,2026-08-19T22:58:58Z,90
indicator,Browser Extension: Columbus Voyage - Slot Machine,Extension ID: ihbkmfoadnfjgkpdmgcboiehapkiflme. Category: malware. . Ref: https://socket.dev/blog/108-chrome-ext-linked-to-data-exfil-session-theft-shared-c2,[software:x_extension_id = 'ihbkmfoadnfjgkpdmgcboiehapkiflme'],stix,Software,"malware,malicious,browser-extension",85,2026-08-19T22:58:58Z,90
indicator,Browser Extension: High or Low Casino Game,Extension ID: ijccacgjefefdpglhclnbpfjlcbagafm. Category: malware. . Ref: https://socket.dev/blog/108-chrome-ext-linked-to-data-exfil-session-theft-shared-c2,[software:x_extension_id = 'ijccacgjefefdpglhclnbpfjlcbagafm'],stix,Software,"malware,malicious,browser-extension",85,2026-08-19T22:58:58Z,90
indicator,Browser Extension: Goalkeeper Challenge,Extension ID: ijfmkphjcogaealhjgijjfjlkpdhhojk. Category: malware. . Ref: https://socket.dev/blog/108-chrome-ext-linked-to-data-exfil-session-theft-shared-c2,[software:x_extension_id = 'ijfmkphjcogaealhjgijjfjlkpdhhojk'],stix,Software,"malware,malicious,browser-extension",85,2026-08-19T22:58:58Z,90
indicator,Browser Extension: Tropical Beach - Slot Machine,Extension ID: ijpgccpmogehkjhdmomckpkfcpbjlmnj. Category: malware. . Ref: https://socket.dev/blog/108-chrome-ext-linked-to-data-exfil-session-theft-shared-c2,[software:x_extension_id = 'ijpgccpmogehkjhdmomckpkfcpbjlmnj'],stix,Software,"malware,malicious,browser-extension",85,2026-08-19T22:58:58Z,90
indicator,Browser Extension: BlackJack 3D,Extension ID: imjmnghlhiimodfkdkgnfplhlobehnpm. Category: malware. . Ref: https://socket.dev/blog/108-chrome-ext-linked-to-data-exfil-session-theft-shared-c2,[software:x_extension_id = 'imjmnghlhiimodfkdkgnfplhlobehnpm'],stix,Software,"malware,malicious,browser-extension",85,2026-08-19T22:58:58Z,90
indicator,Browser Extension: Web Client for game Classic Bowling,Extension ID: jddinhnhplibccfmniaakhffpjpnaglp. Category: malware. . Ref: https://socket.dev/blog/108-chrome-ext-linked-to-data-exfil-session-theft-shared-c2,[software:x_extension_id = 'jddinhnhplibccfmniaakhffpjpnaglp'],stix,Software,"malware,malicious,browser-extension",85,2026-08-19T22:58:58Z,90
indicator,Browser Extension: Raging Zeus Mines,Extension ID: jmopjanoebpdbopigcbpjhiigmjolikk. Category: malware. . Ref: https://socket.dev/blog/108-chrome-ext-linked-to-data-exfil-session-theft-shared-c2,[software:x_extension_id = 'jmopjanoebpdbopigcbpjhiigmjolikk'],stix,Software,"malware,malicious,browser-extension",85,2026-08-19T22:58:58Z,90
indicator,Browser Extension: Classic Backgammon,Extension ID: jnmmbmkmbkcccpihjgnhjmhhkokfdnfe. Category: malware. . Ref: https://socket.dev/blog/108-chrome-ext-linked-to-data-exfil-session-theft-shared-c2,[software:x_extension_id = 'jnmmbmkmbkcccpihjgnhjmhhkokfdnfe'],stix,Software,"malware,malicious,browser-extension",85,2026-08-19T22:58:58Z,90
indicator,Browser Extension: Slot Machine The Fruits,Extension ID: jodocbbdcdclkhjkibnlfhbmllcpfkfo. Category: malware. . Ref: https://socket.dev/blog/108-chrome-ext-linked-to-data-exfil-session-theft-shared-c2,[software:x_extension_id = 'jodocbbdcdclkhjkibnlfhbmllcpfkfo'],stix,Software,"malware,malicious,browser-extension",85,2026-08-19T22:58:58Z,90
indicator,Browser Extension: Baccarat,Extension ID: kahcolfecjbejjjadhjafmihdnifonjf. Category: malware. . Ref: https://socket.dev/blog/108-chrome-ext-linked-to-data-exfil-session-theft-shared-c2,[software:x_extension_id = 'kahcolfecjbejjjadhjafmihdnifonjf'],stix,Software,"malware,malicious,browser-extension",85,2026-08-19T22:58:58Z,90
indicator,Browser Extension: Mini Golf World,Extension ID: kblomapfkjidbbbdllmofkcakcenkmec. Category: malware. . Ref: https://socket.dev/blog/108-chrome-ext-linked-to-data-exfil-session-theft-shared-c2,[software:x_extension_id = 'kblomapfkjidbbbdllmofkcakcenkmec'],stix,Software,"malware,malicious,browser-extension",85,2026-08-19T22:58:58Z,90
indicator,Browser Extension: Gold Rush - Slot Machine,Extension ID: kbmindomjiejdikjaagfdbdfpnlanobi. Category: malware. . Ref: https://socket.dev/blog/108-chrome-ext-linked-to-data-exfil-session-theft-shared-c2,[software:x_extension_id = 'kbmindomjiejdikjaagfdbdfpnlanobi'],stix,Software,"malware,malicious,browser-extension",85,2026-08-19T22:58:58Z,90
indicator,Browser Extension: Pirat Slot,Extension ID: kbnkkecifeppobnemkielnpagifkobki. Category: malware. . Ref: https://socket.dev/blog/108-chrome-ext-linked-to-data-exfil-session-theft-shared-c2,[software:x_extension_id = 'kbnkkecifeppobnemkielnpagifkobki'],stix,Software,"malware,malicious,browser-extension",85,2026-08-19T22:58:58Z,90
indicator,Browser Extension: 40 Imperial Crown - Slot Machine,Extension ID: kjnakdbpijigdbfepipnbafnhbcfdkga. Category: malware. . Ref: https://socket.dev/blog/108-chrome-ext-linked-to-data-exfil-session-theft-shared-c2,[software:x_extension_id = 'kjnakdbpijigdbfepipnbafnhbcfdkga'],stix,Software,"malware,malicious,browser-extension",85,2026-08-19T22:58:58Z,90
indicator,Browser Extension: 3D Soccer Slot Machine,Extension ID: kknakidneabpfgepadgpkibalcnabnnh. Category: malware. . Ref: https://socket.dev/blog/108-chrome-ext-linked-to-data-exfil-session-theft-shared-c2,[software:x_extension_id = 'kknakidneabpfgepadgpkibalcnabnnh'],stix,Software,"malware,malicious,browser-extension",85,2026-08-19T22:58:58Z,90
indicator,Browser Extension: Premium Horse Racing,Extension ID: klglejfbdeipgklgaepnodpjcnhaihkd. Category: malware. . Ref: https://socket.dev/blog/108-chrome-ext-linked-to-data-exfil-session-theft-shared-c2,[software:x_extension_id = 'klglejfbdeipgklgaepnodpjcnhaihkd'],stix,Software,"malware,malicious,browser-extension",85,2026-08-19T22:58:58Z,90
indicator,Browser Extension: Tanks Game,Extension ID: kmiidcaojgeepjlccoalkdimgpfnbagj. Category: malware. . Ref: https://socket.dev/blog/108-chrome-ext-linked-to-data-exfil-session-theft-shared-c2,[software:x_extension_id = 'kmiidcaojgeepjlccoalkdimgpfnbagj'],stix,Software,"malware,malicious,browser-extension",85,2026-08-19T22:58:58Z,90
indicator,Browser Extension: Caribbean Stud Poker,Extension ID: lcijkepobdokkgmefebkiejhealgblle. Category: malware. . Ref: https://socket.dev/blog/108-chrome-ext-linked-to-data-exfil-session-theft-shared-c2,[software:x_extension_id = 'lcijkepobdokkgmefebkiejhealgblle'],stix,Software,"malware,malicious,browser-extension",85,2026-08-19T22:58:58Z,90
indicator,Browser Extension: Wild Buffalo - Slot Machine,Extension ID: lefndgfmmbdklidbkeifpgclmpnhcilg. Category: malware. . Ref: https://socket.dev/blog/108-chrome-ext-linked-to-data-exfil-session-theft-shared-c2,[software:x_extension_id = 'lefndgfmmbdklidbkeifpgclmpnhcilg'],stix,Software,"malware,malicious,browser-extension",85,2026-08-19T22:58:58Z,90
indicator,Browser Extension: Aqua - Slot Machine,Extension ID: lfkknbmaifjomagejflmjklcmpadmmdg. Category: malware. . Ref: https://socket.dev/blog/108-chrome-ext-linked-to-data-exfil-session-theft-shared-c2,[software:x_extension_id = 'lfkknbmaifjomagejflmjklcmpadmmdg'],stix,Software,"malware,malicious,browser-extension",85,2026-08-19T22:58:58Z,90
indicator,Browser Extension: Game Crypto Merge,Extension ID: ljbgkfbiifhpgpipepnfefijldolkhlm. Category: malware. . Ref: https://socket.dev/blog/108-chrome-ext-linked-to-data-exfil-session-theft-shared-c2,[software:x_extension_id = 'ljbgkfbiifhpgpipepnfefijldolkhlm'],stix,Software,"malware,malicious,browser-extension",85,2026-08-19T22:58:58Z,90
indicator,Browser Extension: Sherwood Forest - Slot Machine,Extension ID: lmcpbhamfpbonaenickjclacodolkbdl. Category: malware. . Ref: https://socket.dev/blog/108-chrome-ext-linked-to-data-exfil-session-theft-shared-c2,[software:x_extension_id = 'lmcpbhamfpbonaenickjclacodolkbdl'],stix,Software,"malware,malicious,browser-extension",85,2026-08-19T22:58:58Z,90
indicator,Browser Extension: Web Client for game Fatboy Dream,Extension ID: lmgenhmehbcolpikplhkoelmagdhoojn. Category: malware. . Ref: https://socket.dev/blog/108-chrome-ext-linked-to-data-exfil-session-theft-shared-c2,[software:x_extension_id = 'lmgenhmehbcolpikplhkoelmagdhoojn'],stix,Software,"malware,malicious,browser-extension",85,2026-08-19T22:58:58Z,90
indicator,Browser Extension: Lone Star Jackpots - Slot Machine,Extension ID: maeccdadgnadblfddcmanhpofobhgfme. Category: malware. . Ref: https://socket.dev/blog/108-chrome-ext-linked-to-data-exfil-session-theft-shared-c2,[software:x_extension_id = 'maeccdadgnadblfddcmanhpofobhgfme'],stix,Software,"malware,malicious,browser-extension",85,2026-08-19T22:58:58Z,90
indicator,Browser Extension: Hidden Kitty Game,Extension ID: medkneifmjcpgmmibfppjpfjbkgbgebl. Category: malware. . Ref: https://socket.dev/blog/108-chrome-ext-linked-to-data-exfil-session-theft-shared-c2,[software:x_extension_id = 'medkneifmjcpgmmibfppjpfjbkgbgebl'],stix,Software,"malware,malicious,browser-extension",85,2026-08-19T22:58:58Z,90
indicator,Browser Extension: Keno,Extension ID: mheomooihiffmcgldolenemmplpgoahn. Category: malware. . Ref: https://socket.dev/blog/108-chrome-ext-linked-to-data-exfil-session-theft-shared-c2,[software:x_extension_id = 'mheomooihiffmcgldolenemmplpgoahn'],stix,Software,"malware,malicious,browser-extension",85,2026-08-19T22:58:58Z,90
indicator,Browser Extension: Jokers Bonanza - Slot Machine,Extension ID: mmbbjakjlpmndjlbhihlddgcdppblpka. Category: malware. . Ref: https://socket.dev/blog/108-chrome-ext-linked-to-data-exfil-session-theft-shared-c2,[software:x_extension_id = 'mmbbjakjlpmndjlbhihlddgcdppblpka'],stix,Software,"malware,malicious,browser-extension",85,2026-08-19T22:58:58Z,90
indicator,Browser Extension: Penalty Kicks,Extension ID: mmbkmjmlnhocfcnjmbchmflamalekbnb. Category: malware. . Ref: https://socket.dev/blog/108-chrome-ext-linked-to-data-exfil-session-theft-shared-c2,[software:x_extension_id = 'mmbkmjmlnhocfcnjmbchmflamalekbnb'],stix,Software,"malware,malicious,browser-extension",85,2026-08-19T22:58:58Z,90
indicator,Browser Extension: Pai Gow Poker,Extension ID: nbgligggjfgkpphhghhjdoiefbimgooc. Category: malware. . Ref: https://socket.dev/blog/108-chrome-ext-linked-to-data-exfil-session-theft-shared-c2,[software:x_extension_id = 'nbgligggjfgkpphhghhjdoiefbimgooc'],stix,Software,"malware,malicious,browser-extension",85,2026-08-19T22:58:58Z,90
indicator,Browser Extension: Metal Calculator,Extension ID: ncpdkpcgmdhhnmcjgiiifdhefmekdcnf. Category: malware. . Ref: https://socket.dev/blog/108-chrome-ext-linked-to-data-exfil-session-theft-shared-c2,[software:x_extension_id = 'ncpdkpcgmdhhnmcjgiiifdhefmekdcnf'],stix,Software,"malware,malicious,browser-extension",85,2026-08-19T22:58:58Z,90
indicator,Browser Extension: Farm - Slot Machine,Extension ID: ndajcmifndknmkckdcdefkpgcodciggk. Category: malware. . Ref: https://socket.dev/blog/108-chrome-ext-linked-to-data-exfil-session-theft-shared-c2,[software:x_extension_id = 'ndajcmifndknmkckdcdefkpgcodciggk'],stix,Software,"malware,malicious,browser-extension",85,2026-08-19T22:58:58Z,90
indicator,Browser Extension: Rail Maze Puzzle,Extension ID: nelbpdjegmhhgpfcjclhdmkcglimkjpp. Category: malware. . Ref: https://socket.dev/blog/108-chrome-ext-linked-to-data-exfil-session-theft-shared-c2,[software:x_extension_id = 'nelbpdjegmhhgpfcjclhdmkcglimkjpp'],stix,Software,"malware,malicious,browser-extension",85,2026-08-19T22:58:58Z,90
indicator,Browser Extension: RED DOG CARD GAME,Extension ID: nkacmelgoeejhjgmmgflbcdhonpaplcg. Category: malware. . Ref: https://socket.dev/blog/108-chrome-ext-linked-to-data-exfil-session-theft-shared-c2,[software:x_extension_id = 'nkacmelgoeejhjgmmgflbcdhonpaplcg'],stix,Software,"malware,malicious,browser-extension",85,2026-08-19T22:58:58Z,90
indicator,Browser Extension: Coin Miner 2,Extension ID: nmegibgeklckejdlfhoadhhbgcdjnojb. Category: malware. . Ref: https://socket.dev/blog/108-chrome-ext-linked-to-data-exfil-session-theft-shared-c2,[software:x_extension_id = 'nmegibgeklckejdlfhoadhhbgcdjnojb'],stix,Software,"malware,malicious,browser-extension",85,2026-08-19T22:58:58Z,90
indicator,Browser Extension: Black Ninja - Slot Machine,Extension ID: nodobilhjanebkafmpihkpoabiggnnfl. Category: malware. . Ref: https://socket.dev/blog/108-chrome-ext-linked-to-data-exfil-session-theft-shared-c2,[software:x_extension_id = 'nodobilhjanebkafmpihkpoabiggnnfl'],stix,Software,"malware,malicious,browser-extension",85,2026-08-19T22:58:58Z,90
indicator,Browser Extension: Pyramid Solitaire,Extension ID: oanpifaoclmgmflmddlgkikfaggejobn. Category: malware. . Ref: https://socket.dev/blog/108-chrome-ext-linked-to-data-exfil-session-theft-shared-c2,[software:x_extension_id = 'oanpifaoclmgmflmddlgkikfaggejobn'],stix,Software,"malware,malicious,browser-extension",85,2026-08-19T22:58:58Z,90
indicator,Browser Extension: Chrome Client for Downhill Ski - SideGame,Extension ID: ocflhkadmmnlbieoiiekfcdcmjcfeahe. Category: malware. . Ref: https://socket.dev/blog/108-chrome-ext-linked-to-data-exfil-session-theft-shared-c2,[software:x_extension_id = 'ocflhkadmmnlbieoiiekfcdcmjcfeahe'],stix,Software,"malware,malicious,browser-extension",85,2026-08-19T22:58:58Z,90
indicator,Browser Extension: Slot Machine Mr Chicken,Extension ID: odeccdcabdffpebnfancpkepjeecempn. Category: malware. . Ref: https://socket.dev/blog/108-chrome-ext-linked-to-data-exfil-session-theft-shared-c2,[software:x_extension_id = 'odeccdcabdffpebnfancpkepjeecempn'],stix,Software,"malware,malicious,browser-extension",85,2026-08-19T22:58:58Z,90
indicator,Browser Extension: Web Client for French Roulette - SideGame,Extension ID: oejhnncfanbaogjlbknmlgjpleachclf. Category: malware. . Ref: https://socket.dev/blog/108-chrome-ext-linked-to-data-exfil-session-theft-shared-c2,[software:x_extension_id = 'oejhnncfanbaogjlbknmlgjpleachclf'],stix,Software,"malware,malicious,browser-extension",85,2026-08-19T22:58:58Z,90
indicator,Browser Extension: 3D Roulette Casino Game,Extension ID: ogbaedmbbmmipljceodeimlckohbnfan. Category: malware. . Ref: https://socket.dev/blog/108-chrome-ext-linked-to-data-exfil-session-theft-shared-c2,[software:x_extension_id = 'ogbaedmbbmmipljceodeimlckohbnfan'],stix,Software,"malware,malicious,browser-extension",85,2026-08-19T22:58:58Z,90
indicator,Browser Extension: Slot Machine Space Adventure,Extension ID: ojkbafekojdcedacileemekjdfdpkbkf. Category: malware. . Ref: https://socket.dev/blog/108-chrome-ext-linked-to-data-exfil-session-theft-shared-c2,[software:x_extension_id = 'ojkbafekojdcedacileemekjdfdpkbkf'],stix,Software,"malware,malicious,browser-extension",85,2026-08-19T22:58:58Z,90
indicator,Browser Extension: Whack 'em All,Extension ID: pdgaknahllnfldmclpcllpieafkaibmf. Category: malware. . Ref: https://socket.dev/blog/108-chrome-ext-linked-to-data-exfil-session-theft-shared-c2,[software:x_extension_id = 'pdgaknahllnfldmclpcllpieafkaibmf'],stix,Software,"malware,malicious,browser-extension",85,2026-08-19T22:58:58Z,90
indicator,Browser Extension: Video Poker Jacks or Better,Extension ID: peflgkmfmoijonfgcjdlpnnfdegnlaji. Category: malware. . Ref: https://socket.dev/blog/108-chrome-ext-linked-to-data-exfil-session-theft-shared-c2,[software:x_extension_id = 'peflgkmfmoijonfgcjdlpnnfdegnlaji'],stix,Software,"malware,malicious,browser-extension",85,2026-08-19T22:58:58Z,90
indicator,Browser Extension: Swimming Pro,Extension ID: phfkdailnomcbcknpdmokejhellbecjb. Category: malware. . Ref: https://socket.dev/blog/108-chrome-ext-linked-to-data-exfil-session-theft-shared-c2,[software:x_extension_id = 'phfkdailnomcbcknpdmokejhellbecjb'],stix,Software,"malware,malicious,browser-extension",85,2026-08-19T22:58:58Z,90
indicator,Browser Extension: InterAlt,Extension ID: pkghgkfjhjghinikeanecbgjehojfhdg. Category: malware. . Ref: https://socket.dev/blog/108-chrome-ext-linked-to-data-exfil-session-theft-shared-c2,[software:x_extension_id = 'pkghgkfjhjghinikeanecbgjehojfhdg'],stix,Software,"malware,malicious,browser-extension",85,2026-08-19T22:58:58Z,90
indicator,Browser Extension: Gold of Egypt - Slot Machine,Extension ID: pllkanemicadpcmkfodglahcocfdgkhj. Category: malware. . Ref: https://socket.dev/blog/108-chrome-ext-linked-to-data-exfil-session-theft-shared-c2,[software:x_extension_id = 'pllkanemicadpcmkfodglahcocfdgkhj'],stix,Software,"malware,malicious,browser-extension",85,2026-08-19T22:58:58Z,90
indicator,Browser Extension: Pro search,Extension ID: jnannpdmmiphnkpaooplhegabbghlplj. Category: malware. shows fake antivirus alerts constantly and capture browsing activities. Ref: ,[software:x_extension_id = 'jnannpdmmiphnkpaooplhegabbghlplj'],stix,Software,"malware,malicious,browser-extension",85,2026-08-19T22:58:58Z,90
indicator,Browser Extension: Color Picker - Eyedropper,Extension ID: gogbiohkminacikoppmljeolgccpmlop. Category: PUP. spying on you. Ref: https://x.com/tuckner/status/2039777577452155131,[software:x_extension_id = 'gogbiohkminacikoppmljeolgccpmlop'],stix,Software,"PUP,privacy,browser-extension",50,2026-08-19T22:58:58Z,40
indicator,Browser Extension: JSON Formatter,Extension ID: bcjindcccaagfpapjjmafapmmgkkhgoa. Category: PUP. https://x.com/wesbos/status/2039355472830939319?s=20. Ref: https://chromewebstore.google.com/detail/json-formatter/bcjindcccaagfpapjjmafapmmgkkhgoa/reviews,[software:x_extension_id = 'bcjindcccaagfpapjjmafapmmgkkhgoa'],stix,Software,"PUP,privacy,browser-extension",50,2026-08-19T22:58:58Z,40
indicator,Browser Extension: bank credential stealer,Extension ID: ckkjdiimhlanonhceggkfjlmjnenpmfm. Category: malware. bank credential stealer. Ref: https://x.com/i/status/1907925793336078675,[software:x_extension_id = 'ckkjdiimhlanonhceggkfjlmjnenpmfm'],stix,Software,"malware,malicious,browser-extension",85,2026-08-19T22:58:58Z,90
indicator,Browser Extension: Chrome MCP Server - AI Browser Control,Extension ID: fpeabamapgecnidibdmjoepaiehokgda. Category: malware. RAT AI browser extension. Ref: https://github.com/PaloAltoNetworks/Unit42-timely-threat-intel/blob/dbdcea6a9f5684a9268c39e60c667c5c9c06263b/2026-02-11-IOCs-for-RAT-disguinsed-as-AI-based-browser-extension.txt. CRX SHA-256: 0cbf101e96f6d5c4146812f07105f8b89bd76dd994f540470cd1c4bc37df37d5,[software:x_extension_id = 'fpeabamapgecnidibdmjoepaiehokgda'],stix,Software,"malware,malicious,browser-extension",85,2026-08-19T22:58:58Z,90
indicator,Browser Extension: OmniBar AI Chat and Search,Extension ID: ajfanjhcdgaohcbphpaceglgpgaaohod. Category: malware. Malicious AI browser extension. Ref: https://github.com/PaloAltoNetworks/Unit42-timely-threat-intel/blob/main/2026-03-09-Threat-Alert-30K-domains-distributing-malicious-AI-related-browser-extension.txt. CRX SHA-256: 21dd863ff9bbd15da01c1218bf92bd65eeae04a41876e10c41733b58035414c4,[software:x_extension_id = 'ajfanjhcdgaohcbphpaceglgpgaaohod'],stix,Software,"malware,malicious,browser-extension",85,2026-08-19T22:58:58Z,90
indicator,Browser Extension: AI Output Algo Tool,Extension ID: eeoonfhmbjlmienmmbgapfloddpmoalh. Category: malware. Malicious AI browser extension. Ref: https://github.com/PaloAltoNetworks/Unit42-timely-threat-intel/blob/main/2026-03-09-Threat-Alert-30K-domains-distributing-malicious-AI-related-browser-extension.txt. CRX SHA-256: 9d0f550ac883455ed64da402cdb0c822c90de405c540678e0697b77fe20de3cf,[software:x_extension_id = 'eeoonfhmbjlmienmmbgapfloddpmoalh'],stix,Software,"malware,malicious,browser-extension",85,2026-08-19T22:58:58Z,90
indicator,Browser Extension: Serpey.com official extension,Extension ID: hokdpdlchkgcenfpiibjjfkfmleoknkp. Category: malware. Malicious AI browser extension. Ref: https://github.com/PaloAltoNetworks/Unit42-timely-threat-intel/blob/main/2026-03-09-Threat-Alert-30K-domains-distributing-malicious-AI-related-browser-extension.txt. CRX SHA-256: a25a3e108f62a10caa2b736123ca7350e9dbc1b888c44e909cbd6866205ca671,[software:x_extension_id = 'hokdpdlchkgcenfpiibjjfkfmleoknkp'],stix,Software,"malware,malicious,browser-extension",85,2026-08-19T22:58:58Z,90
indicator,Browser Extension: Care.Sale,Extension ID: jaioobipjdejpeckgojiojjahmkiaihp. Category: malware. Malicious AI browser extension. Ref: https://github.com/PaloAltoNetworks/Unit42-timely-threat-intel/blob/main/2026-03-09-Threat-Alert-30K-domains-distributing-malicious-AI-related-browser-extension.txt. CRX SHA-256: 4a2f0f1893527e4c419f36c2e4f95a61617074200bb67218fb96ae74125e433b,[software:x_extension_id = 'jaioobipjdejpeckgojiojjahmkiaihp'],stix,Software,"malware,malicious,browser-extension",85,2026-08-19T22:58:58Z,90
indicator,Browser Extension: Giant Coupons Official Extension,Extension ID: akdajpomgjgldidenledjjiemgkjcchc. Category: malware. Malicious AI browser extension. Ref: https://github.com/PaloAltoNetworks/Unit42-timely-threat-intel/blob/main/2026-03-09-Threat-Alert-30K-domains-distributing-malicious-AI-related-browser-extension.txt. CRX SHA-256: 5629be21869a83e9b9da86ab16a2d9cebd0aed2c04a9efe2ac044dfe0d5db6b9,[software:x_extension_id = 'akdajpomgjgldidenledjjiemgkjcchc'],stix,Software,"malware,malicious,browser-extension",85,2026-08-19T22:58:58Z,90
indicator,Browser Extension: Consensus - Reddit Comment Summarizer,Extension ID: mkkfklcadlnkhgapjeejemflhamcdjld. Category: malware. Malicious AI browser extension. Ref: https://github.com/PaloAltoNetworks/Unit42-timely-threat-intel/blob/main/2026-03-09-Threat-Alert-30K-domains-distributing-malicious-AI-related-browser-extension.txt. CRX SHA-256: cdae573ab468b24c28a42d6078daf2da1a4b4c5657a4146ad966e2fe8340cb49,[software:x_extension_id = 'mkkfklcadlnkhgapjeejemflhamcdjld'],stix,Software,"malware,malicious,browser-extension",85,2026-08-19T22:58:58Z,90
indicator,Browser Extension: Chrome - The Zoom Stealer,Extension ID: kfokdmfpdnokpmpbjhjbcabgligoelgp. Category: malware. Chrome - The Zoom Stealer. Ref: https://www.koi.ai/blog/darkspectre-unmasking-the-threat-actor-behind-7-8-million-infected-browsers,[software:x_extension_id = 'kfokdmfpdnokpmpbjhjbcabgligoelgp'],stix,Software,"malware,malicious,browser-extension",85,2026-08-19T22:58:58Z,90
indicator,Browser Extension: Chrome - The Zoom Stealer,Extension ID: pdadlkbckhinonakkfkdaadceojbekep. Category: malware. Chrome - The Zoom Stealer. Ref: https://www.koi.ai/blog/darkspectre-unmasking-the-threat-actor-behind-7-8-million-infected-browsers,[software:x_extension_id = 'pdadlkbckhinonakkfkdaadceojbekep'],stix,Software,"malware,malicious,browser-extension",85,2026-08-19T22:58:58Z,90
indicator,Browser Extension: Chrome - The Zoom Stealer,Extension ID: akmdionenlnfcipmdhbhcnkighafmdha. Category: malware. Chrome - The Zoom Stealer. Ref: https://www.koi.ai/blog/darkspectre-unmasking-the-threat-actor-behind-7-8-million-infected-browsers,[software:x_extension_id = 'akmdionenlnfcipmdhbhcnkighafmdha'],stix,Software,"malware,malicious,browser-extension",85,2026-08-19T22:58:58Z,90
indicator,Browser Extension: Chrome - The Zoom Stealer,Extension ID: pabkjoplheapcclldpknfpcepheldbga. Category: malware. Chrome - The Zoom Stealer. Ref: https://www.koi.ai/blog/darkspectre-unmasking-the-threat-actor-behind-7-8-million-infected-browsers,[software:x_extension_id = 'pabkjoplheapcclldpknfpcepheldbga'],stix,Software,"malware,malicious,browser-extension",85,2026-08-19T22:58:58Z,90
indicator,Browser Extension: Chrome - The Zoom Stealer,Extension ID: aedgpiecagcpmehhelbibfbgpfiafdkm. Category: malware. Chrome - The Zoom Stealer. Ref: https://www.koi.ai/blog/darkspectre-unmasking-the-threat-actor-behind-7-8-million-infected-browsers,[software:x_extension_id = 'aedgpiecagcpmehhelbibfbgpfiafdkm'],stix,Software,"malware,malicious,browser-extension",85,2026-08-19T22:58:58Z,90
indicator,Browser Extension: Chrome - The Zoom Stealer,Extension ID: dpdgjbnanmmlikideilnpfjjdbmneanf. Category: malware. Chrome - The Zoom Stealer. Ref: https://www.koi.ai/blog/darkspectre-unmasking-the-threat-actor-behind-7-8-million-infected-browsers,[software:x_extension_id = 'dpdgjbnanmmlikideilnpfjjdbmneanf'],stix,Software,"malware,malicious,browser-extension",85,2026-08-19T22:58:58Z,90
indicator,Browser Extension: Chrome - The Zoom Stealer,Extension ID: kabbfhmcaaodobkfbnnehopcghicgffo. Category: malware. Chrome - The Zoom Stealer. Ref: https://www.koi.ai/blog/darkspectre-unmasking-the-threat-actor-behind-7-8-million-infected-browsers,[software:x_extension_id = 'kabbfhmcaaodobkfbnnehopcghicgffo'],stix,Software,"malware,malicious,browser-extension",85,2026-08-19T22:58:58Z,90
indicator,Browser Extension: Chrome - The Zoom Stealer,Extension ID: cphibdhgbdoekmkkcbbaoogedpfibeme. Category: malware. Chrome - The Zoom Stealer. Ref: https://www.koi.ai/blog/darkspectre-unmasking-the-threat-actor-behind-7-8-million-infected-browsers,[software:x_extension_id = 'cphibdhgbdoekmkkcbbaoogedpfibeme'],stix,Software,"malware,malicious,browser-extension",85,2026-08-19T22:58:58Z,90
indicator,Browser Extension: Chrome - The Zoom Stealer,Extension ID: ceofheakaalaecnecdkdanhejojkpeai. Category: malware. Chrome - The Zoom Stealer. Ref: https://www.koi.ai/blog/darkspectre-unmasking-the-threat-actor-behind-7-8-million-infected-browsers,[software:x_extension_id = 'ceofheakaalaecnecdkdanhejojkpeai'],stix,Software,"malware,malicious,browser-extension",85,2026-08-19T22:58:58Z,90
indicator,Browser Extension: Chrome - The Zoom Stealer,Extension ID: dakebdbeofhmlnmjlmhjdmmjmfohiicn. Category: malware. Chrome - The Zoom Stealer. Ref: https://www.koi.ai/blog/darkspectre-unmasking-the-threat-actor-behind-7-8-million-infected-browsers,[software:x_extension_id = 'dakebdbeofhmlnmjlmhjdmmjmfohiicn'],stix,Software,"malware,malicious,browser-extension",85,2026-08-19T22:58:58Z,90
indicator,Browser Extension: Chrome - The Zoom Stealer,Extension ID: adjoknoacleghaejlggocbakidkoifle. Category: malware. Chrome - The Zoom Stealer. Ref: https://www.koi.ai/blog/darkspectre-unmasking-the-threat-actor-behind-7-8-million-infected-browsers,[software:x_extension_id = 'adjoknoacleghaejlggocbakidkoifle'],stix,Software,"malware,malicious,browser-extension",85,2026-08-19T22:58:58Z,90
indicator,Browser Extension: Chrome - The Zoom Stealer,Extension ID: pgpidfocdapogajplhjofamgeboonmmj. Category: malware. Chrome - The Zoom Stealer. Ref: https://www.koi.ai/blog/darkspectre-unmasking-the-threat-actor-behind-7-8-million-infected-browsers,[software:x_extension_id = 'pgpidfocdapogajplhjofamgeboonmmj'],stix,Software,"malware,malicious,browser-extension",85,2026-08-19T22:58:58Z,90
indicator,Browser Extension: Chrome - The Zoom Stealer,Extension ID: ifklcpoenaammhnoddgedlapnodfcjpn. Category: malware. Chrome - The Zoom Stealer. Ref: https://www.koi.ai/blog/darkspectre-unmasking-the-threat-actor-behind-7-8-million-infected-browsers,[software:x_extension_id = 'ifklcpoenaammhnoddgedlapnodfcjpn'],stix,Software,"malware,malicious,browser-extension",85,2026-08-19T22:58:58Z,90
indicator,Browser Extension: Chrome - The Zoom Stealer,Extension ID: ebhomdageggjbmomenipfbhcjamfkmbl. Category: malware. Chrome - The Zoom Stealer. Ref: https://www.koi.ai/blog/darkspectre-unmasking-the-threat-actor-behind-7-8-million-infected-browsers,[software:x_extension_id = 'ebhomdageggjbmomenipfbhcjamfkmbl'],stix,Software,"malware,malicious,browser-extension",85,2026-08-19T22:58:58Z,90
indicator,Browser Extension: Chrome - The Zoom Stealer,Extension ID: ajfokipknlmjhcioemgnofkpmdnbaldi. Category: malware. Chrome - The Zoom Stealer. Ref: https://www.koi.ai/blog/darkspectre-unmasking-the-threat-actor-behind-7-8-million-infected-browsers,[software:x_extension_id = 'ajfokipknlmjhcioemgnofkpmdnbaldi'],stix,Software,"malware,malicious,browser-extension",85,2026-08-19T22:58:58Z,90
indicator,Browser Extension: Edge - The Zoom Stealer,Extension ID: mhjdjckeljinofckdibjiojbdpapoecj. Category: malware. Edge - The Zoom Stealer. Ref: https://www.koi.ai/blog/darkspectre-unmasking-the-threat-actor-behind-7-8-million-infected-browsers,[software:x_extension_id = 'mhjdjckeljinofckdibjiojbdpapoecj'],stix,Software,"malware,malicious,browser-extension",85,2026-08-19T22:58:58Z,90
indicator,Browser Extension: Chrome - Shady Panda,Extension ID: aikflfpejipbpjdlfabpgclhblkpaafo. Category: malware. Chrome - Shady Panda. Ref: https://www.koi.ai/blog/darkspectre-unmasking-the-threat-actor-behind-7-8-million-infected-browsers,[software:x_extension_id = 'aikflfpejipbpjdlfabpgclhblkpaafo'],stix,Software,"malware,malicious,browser-extension",85,2026-08-19T22:58:58Z,90
indicator,Browser Extension: Chrome - Shady Panda,Extension ID: dbfmnekepjoapopniengjbcpnbljalfg. Category: malware. Chrome - Shady Panda. Ref: https://www.koi.ai/blog/darkspectre-unmasking-the-threat-actor-behind-7-8-million-infected-browsers,[software:x_extension_id = 'dbfmnekepjoapopniengjbcpnbljalfg'],stix,Software,"malware,malicious,browser-extension",85,2026-08-19T22:58:58Z,90
indicator,Browser Extension: Chrome - Shady Panda,Extension ID: nnnkddnnlpamobajfibfdgfnbcnkgngh. Category: malware. Chrome - Shady Panda. Ref: https://www.koi.ai/blog/darkspectre-unmasking-the-threat-actor-behind-7-8-million-infected-browsers,[software:x_extension_id = 'nnnkddnnlpamobajfibfdgfnbcnkgngh'],stix,Software,"malware,malicious,browser-extension",85,2026-08-19T22:58:58Z,90
indicator,Browser Extension: Chrome - Shady Panda,Extension ID: ppfdcmempdfjnanjegmjhanplgjicefg. Category: malware. Chrome - Shady Panda. Ref: https://www.koi.ai/blog/darkspectre-unmasking-the-threat-actor-behind-7-8-million-infected-browsers,[software:x_extension_id = 'ppfdcmempdfjnanjegmjhanplgjicefg'],stix,Software,"malware,malicious,browser-extension",85,2026-08-19T22:58:58Z,90
indicator,Browser Extension: Chrome - Shady Panda,Extension ID: fmiefmaepcnjahoajkfckenfngfehhma. Category: malware. Chrome - Shady Panda. Ref: https://www.koi.ai/blog/darkspectre-unmasking-the-threat-actor-behind-7-8-million-infected-browsers,[software:x_extension_id = 'fmiefmaepcnjahoajkfckenfngfehhma'],stix,Software,"malware,malicious,browser-extension",85,2026-08-19T22:58:58Z,90
indicator,Browser Extension: Chrome - Shady Panda,Extension ID: edojphplonjclmfckdiolpahpgcanjnh. Category: malware. Chrome - Shady Panda. Ref: https://www.koi.ai/blog/darkspectre-unmasking-the-threat-actor-behind-7-8-million-infected-browsers,[software:x_extension_id = 'edojphplonjclmfckdiolpahpgcanjnh'],stix,Software,"malware,malicious,browser-extension",85,2026-08-19T22:58:58Z,90
indicator,Browser Extension: Chrome - Shady Panda,Extension ID: bjehnpiidogpaocjjfhnopdjcahigggm. Category: malware. Chrome - Shady Panda. Ref: https://www.koi.ai/blog/darkspectre-unmasking-the-threat-actor-behind-7-8-million-infected-browsers,[software:x_extension_id = 'bjehnpiidogpaocjjfhnopdjcahigggm'],stix,Software,"malware,malicious,browser-extension",85,2026-08-19T22:58:58Z,90
indicator,Browser Extension: Chrome - Shady Panda,Extension ID: kdgjiakonpbfmndaacfhamdoangincgp. Category: malware. Chrome - Shady Panda. Ref: https://www.koi.ai/blog/darkspectre-unmasking-the-threat-actor-behind-7-8-million-infected-browsers,[software:x_extension_id = 'kdgjiakonpbfmndaacfhamdoangincgp'],stix,Software,"malware,malicious,browser-extension",85,2026-08-19T22:58:58Z,90
indicator,Browser Extension: Chrome - Shady Panda,Extension ID: dihekmadkkcgnffajefocfamnpimlhah. Category: malware. Chrome - Shady Panda. Ref: https://www.koi.ai/blog/darkspectre-unmasking-the-threat-actor-behind-7-8-million-infected-browsers,[software:x_extension_id = 'dihekmadkkcgnffajefocfamnpimlhah'],stix,Software,"malware,malicious,browser-extension",85,2026-08-19T22:58:58Z,90
indicator,Browser Extension: Chrome - Shady Panda,Extension ID: eijnkinhnplaekpllmgbbfieecdhcmcp. Category: malware. Chrome - Shady Panda. Ref: https://www.koi.ai/blog/darkspectre-unmasking-the-threat-actor-behind-7-8-million-infected-browsers,[software:x_extension_id = 'eijnkinhnplaekpllmgbbfieecdhcmcp'],stix,Software,"malware,malicious,browser-extension",85,2026-08-19T22:58:58Z,90
indicator,Browser Extension: Chrome - Shady Panda,Extension ID: mdlkdelnchilkeedllnnjfigkhhadlff. Category: malware. Chrome - Shady Panda. Ref: https://www.koi.ai/blog/darkspectre-unmasking-the-threat-actor-behind-7-8-million-infected-browsers,[software:x_extension_id = 'mdlkdelnchilkeedllnnjfigkhhadlff'],stix,Software,"malware,malicious,browser-extension",85,2026-08-19T22:58:58Z,90
indicator,Browser Extension: Chrome - Shady Panda,Extension ID: agepkkdokhlaoiaenedmjbfnblfdiboc. Category: malware. Chrome - Shady Panda. Ref: https://www.koi.ai/blog/darkspectre-unmasking-the-threat-actor-behind-7-8-million-infected-browsers,[software:x_extension_id = 'agepkkdokhlaoiaenedmjbfnblfdiboc'],stix,Software,"malware,malicious,browser-extension",85,2026-08-19T22:58:58Z,90
indicator,Browser Extension: Chrome - Shady Panda,Extension ID: epepbcdeelckgplpmmmnmjplbeipgllo. Category: malware. Chrome - Shady Panda. Ref: https://www.koi.ai/blog/darkspectre-unmasking-the-threat-actor-behind-7-8-million-infected-browsers,[software:x_extension_id = 'epepbcdeelckgplpmmmnmjplbeipgllo'],stix,Software,"malware,malicious,browser-extension",85,2026-08-19T22:58:58Z,90
indicator,Browser Extension: Chrome - Shady Panda,Extension ID: makeekhnfplggoaiklkphfopajegajci. Category: malware. Chrome - Shady Panda. Ref: https://www.koi.ai/blog/darkspectre-unmasking-the-threat-actor-behind-7-8-million-infected-browsers,[software:x_extension_id = 'makeekhnfplggoaiklkphfopajegajci'],stix,Software,"malware,malicious,browser-extension",85,2026-08-19T22:58:58Z,90
indicator,Browser Extension: Chrome - Shady Panda,Extension ID: cahdpfhnokmnnjhoaoliabdbcbbokmgc. Category: malware. Chrome - Shady Panda. Ref: https://www.koi.ai/blog/darkspectre-unmasking-the-threat-actor-behind-7-8-million-infected-browsers,[software:x_extension_id = 'cahdpfhnokmnnjhoaoliabdbcbbokmgc'],stix,Software,"malware,malicious,browser-extension",85,2026-08-19T22:58:58Z,90
indicator,Browser Extension: Chrome - Shady Panda,Extension ID: mmpfmolbdhdfoblfggigchncdgmdnjha. Category: malware. Chrome - Shady Panda. Ref: https://www.koi.ai/blog/darkspectre-unmasking-the-threat-actor-behind-7-8-million-infected-browsers,[software:x_extension_id = 'mmpfmolbdhdfoblfggigchncdgmdnjha'],stix,Software,"malware,malicious,browser-extension",85,2026-08-19T22:58:58Z,90
indicator,Browser Extension: Chrome - Shady Panda,Extension ID: knejepegjmjmjlhficbikmblnbemdpke. Category: malware. Chrome - Shady Panda. Ref: https://www.koi.ai/blog/darkspectre-unmasking-the-threat-actor-behind-7-8-million-infected-browsers,[software:x_extension_id = 'knejepegjmjmjlhficbikmblnbemdpke'],stix,Software,"malware,malicious,browser-extension",85,2026-08-19T22:58:58Z,90
indicator,Browser Extension: Chrome - Shady Panda,Extension ID: cjlabngphhjjdapemkdnpgkpebkpjbbe. Category: malware. Chrome - Shady Panda. Ref: https://www.koi.ai/blog/darkspectre-unmasking-the-threat-actor-behind-7-8-million-infected-browsers,[software:x_extension_id = 'cjlabngphhjjdapemkdnpgkpebkpjbbe'],stix,Software,"malware,malicious,browser-extension",85,2026-08-19T22:58:58Z,90
indicator,Browser Extension: Chrome - Shady Panda,Extension ID: jeaebbdndojkbnnfcaihgokhnakocbnf. Category: malware. Chrome - Shady Panda. Ref: https://www.koi.ai/blog/darkspectre-unmasking-the-threat-actor-behind-7-8-million-infected-browsers,[software:x_extension_id = 'jeaebbdndojkbnnfcaihgokhnakocbnf'],stix,Software,"malware,malicious,browser-extension",85,2026-08-19T22:58:58Z,90
indicator,Browser Extension: Chrome - Shady Panda,Extension ID: bajoeadpdidoahbhphmhejmbdmgnbdci. Category: malware. Chrome - Shady Panda. Ref: https://www.koi.ai/blog/darkspectre-unmasking-the-threat-actor-behind-7-8-million-infected-browsers,[software:x_extension_id = 'bajoeadpdidoahbhphmhejmbdmgnbdci'],stix,Software,"malware,malicious,browser-extension",85,2026-08-19T22:58:58Z,90
indicator,Browser Extension: Chrome - Shady Panda,Extension ID: goiffchdhlcehhgdpdbocefkohlhmlom. Category: malware. Chrome - Shady Panda. Ref: https://www.koi.ai/blog/darkspectre-unmasking-the-threat-actor-behind-7-8-million-infected-browsers,[software:x_extension_id = 'goiffchdhlcehhgdpdbocefkohlhmlom'],stix,Software,"malware,malicious,browser-extension",85,2026-08-19T22:58:58Z,90
indicator,Browser Extension: Chrome - Shady Panda,Extension ID: djkddblnfgendjoklmfmocaboelkmdkm. Category: malware. Chrome - Shady Panda. Ref: https://www.koi.ai/blog/darkspectre-unmasking-the-threat-actor-behind-7-8-million-infected-browsers,[software:x_extension_id = 'djkddblnfgendjoklmfmocaboelkmdkm'],stix,Software,"malware,malicious,browser-extension",85,2026-08-19T22:58:58Z,90
indicator,Browser Extension: Chrome - Shady Panda,Extension ID: codgofkgobbmgglciccjabipdlgefnch. Category: malware. Chrome - Shady Panda. Ref: https://www.koi.ai/blog/darkspectre-unmasking-the-threat-actor-behind-7-8-million-infected-browsers,[software:x_extension_id = 'codgofkgobbmgglciccjabipdlgefnch'],stix,Software,"malware,malicious,browser-extension",85,2026-08-19T22:58:58Z,90
indicator,Browser Extension: Chrome - Shady Panda,Extension ID: cicnbbdlbjaoioilpbdioeeaockgbhfi. Category: malware. Chrome - Shady Panda. Ref: https://www.koi.ai/blog/darkspectre-unmasking-the-threat-actor-behind-7-8-million-infected-browsers,[software:x_extension_id = 'cicnbbdlbjaoioilpbdioeeaockgbhfi'],stix,Software,"malware,malicious,browser-extension",85,2026-08-19T22:58:58Z,90
indicator,Browser Extension: Chrome - Shady Panda,Extension ID: mchacgmgddefeohkjobefhihbadocneh. Category: malware. Chrome - Shady Panda. Ref: https://www.koi.ai/blog/darkspectre-unmasking-the-threat-actor-behind-7-8-million-infected-browsers,[software:x_extension_id = 'mchacgmgddefeohkjobefhihbadocneh'],stix,Software,"malware,malicious,browser-extension",85,2026-08-19T22:58:58Z,90
indicator,Browser Extension: Chrome - Shady Panda,Extension ID: oelcnhfgpdjeocflhhfecinnpjojeokp. Category: malware. Chrome - Shady Panda. Ref: https://www.koi.ai/blog/darkspectre-unmasking-the-threat-actor-behind-7-8-million-infected-browsers,[software:x_extension_id = 'oelcnhfgpdjeocflhhfecinnpjojeokp'],stix,Software,"malware,malicious,browser-extension",85,2026-08-19T22:58:58Z,90
indicator,Browser Extension: Chrome - Shady Panda,Extension ID: fllcifcfhgmmfpogmpedgbjccnjalpjo. Category: malware. Chrome - Shady Panda. Ref: https://www.koi.ai/blog/darkspectre-unmasking-the-threat-actor-behind-7-8-million-infected-browsers,[software:x_extension_id = 'fllcifcfhgmmfpogmpedgbjccnjalpjo'],stix,Software,"malware,malicious,browser-extension",85,2026-08-19T22:58:58Z,90
indicator,Browser Extension: Chrome - Shady Panda,Extension ID: fmgaogkbodhdhhbgkphhbokciiecllno. Category: malware. Chrome - Shady Panda. Ref: https://www.koi.ai/blog/darkspectre-unmasking-the-threat-actor-behind-7-8-million-infected-browsers,[software:x_extension_id = 'fmgaogkbodhdhhbgkphhbokciiecllno'],stix,Software,"malware,malicious,browser-extension",85,2026-08-19T22:58:58Z,90
indicator,Browser Extension: Chrome - Shady Panda,Extension ID: dkbpkjhegfanacodkmfjeackckmehkfp. Category: malware. Chrome - Shady Panda. Ref: https://www.koi.ai/blog/darkspectre-unmasking-the-threat-actor-behind-7-8-million-infected-browsers,[software:x_extension_id = 'dkbpkjhegfanacodkmfjeackckmehkfp'],stix,Software,"malware,malicious,browser-extension",85,2026-08-19T22:58:58Z,90
indicator,Browser Extension: Chrome - Shady Panda,Extension ID: jooiimddfkjoomennmpjabdbbpdocjng. Category: malware. Chrome - Shady Panda. Ref: https://www.koi.ai/blog/darkspectre-unmasking-the-threat-actor-behind-7-8-million-infected-browsers,[software:x_extension_id = 'jooiimddfkjoomennmpjabdbbpdocjng'],stix,Software,"malware,malicious,browser-extension",85,2026-08-19T22:58:58Z,90
indicator,Browser Extension: Chrome - Shady Panda,Extension ID: dekjibpkbhgbnmnfibnibnjoccaphfog. Category: malware. Chrome - Shady Panda. Ref: https://www.koi.ai/blog/darkspectre-unmasking-the-threat-actor-behind-7-8-million-infected-browsers,[software:x_extension_id = 'dekjibpkbhgbnmnfibnibnjoccaphfog'],stix,Software,"malware,malicious,browser-extension",85,2026-08-19T22:58:58Z,90
indicator,Browser Extension: Chrome - Shady Panda,Extension ID: mnamhmcgcfflfjafflanbhbfffpmkmmm. Category: malware. Chrome - Shady Panda. Ref: https://www.koi.ai/blog/darkspectre-unmasking-the-threat-actor-behind-7-8-million-infected-browsers,[software:x_extension_id = 'mnamhmcgcfflfjafflanbhbfffpmkmmm'],stix,Software,"malware,malicious,browser-extension",85,2026-08-19T22:58:58Z,90
indicator,Browser Extension: Chrome - Shady Panda,Extension ID: ambcheakfbokmebglefpbbphbccekhhl. Category: malware. Chrome - Shady Panda. Ref: https://www.koi.ai/blog/darkspectre-unmasking-the-threat-actor-behind-7-8-million-infected-browsers,[software:x_extension_id = 'ambcheakfbokmebglefpbbphbccekhhl'],stix,Software,"malware,malicious,browser-extension",85,2026-08-19T22:58:58Z,90
indicator,Browser Extension: Chrome - Shady Panda,Extension ID: nmaegedpdmepbkahckadmaolllgmogma. Category: malware. Chrome - Shady Panda. Ref: https://www.koi.ai/blog/darkspectre-unmasking-the-threat-actor-behind-7-8-million-infected-browsers,[software:x_extension_id = 'nmaegedpdmepbkahckadmaolllgmogma'],stix,Software,"malware,malicious,browser-extension",85,2026-08-19T22:58:58Z,90
indicator,Browser Extension: Chrome - Shady Panda,Extension ID: doeomodlafdbbnajjllemacdfphbbohl. Category: malware. Chrome - Shady Panda. Ref: https://www.koi.ai/blog/darkspectre-unmasking-the-threat-actor-behind-7-8-million-infected-browsers,[software:x_extension_id = 'doeomodlafdbbnajjllemacdfphbbohl'],stix,Software,"malware,malicious,browser-extension",85,2026-08-19T22:58:58Z,90
indicator,Browser Extension: Chrome - Shady Panda,Extension ID: meobjhkdifjealkiaanikkpajiaalcad. Category: malware. Chrome - Shady Panda. Ref: https://www.koi.ai/blog/darkspectre-unmasking-the-threat-actor-behind-7-8-million-infected-browsers,[software:x_extension_id = 'meobjhkdifjealkiaanikkpajiaalcad'],stix,Software,"malware,malicious,browser-extension",85,2026-08-19T22:58:58Z,90
indicator,Browser Extension: Chrome - Shady Panda,Extension ID: kfdopiiledmclnopmihkclnfgdiggjna. Category: malware. Chrome - Shady Panda. Ref: https://www.koi.ai/blog/darkspectre-unmasking-the-threat-actor-behind-7-8-million-infected-browsers,[software:x_extension_id = 'kfdopiiledmclnopmihkclnfgdiggjna'],stix,Software,"malware,malicious,browser-extension",85,2026-08-19T22:58:58Z,90
indicator,Browser Extension: Chrome - Shady Panda,Extension ID: cfgiodgnkinmacjkgjgdejeciohojglp. Category: malware. Chrome - Shady Panda. Ref: https://www.koi.ai/blog/darkspectre-unmasking-the-threat-actor-behind-7-8-million-infected-browsers,[software:x_extension_id = 'cfgiodgnkinmacjkgjgdejeciohojglp'],stix,Software,"malware,malicious,browser-extension",85,2026-08-19T22:58:58Z,90
indicator,Browser Extension: Chrome - Shady Panda,Extension ID: okepehobneenpbhiendcjcanjodhmcbj. Category: malware. Chrome - Shady Panda. Ref: https://www.koi.ai/blog/darkspectre-unmasking-the-threat-actor-behind-7-8-million-infected-browsers,[software:x_extension_id = 'okepehobneenpbhiendcjcanjodhmcbj'],stix,Software,"malware,malicious,browser-extension",85,2026-08-19T22:58:58Z,90
indicator,Browser Extension: Chrome - Shady Panda,Extension ID: cdgonefipacceedbkflolomdegncceid. Category: malware. Chrome - Shady Panda. Ref: https://www.koi.ai/blog/darkspectre-unmasking-the-threat-actor-behind-7-8-million-infected-browsers,[software:x_extension_id = 'cdgonefipacceedbkflolomdegncceid'],stix,Software,"malware,malicious,browser-extension",85,2026-08-19T22:58:58Z,90
indicator,Browser Extension: Chrome - Shady Panda,Extension ID: bgkdocoihppjkdfaghndpjlfoehjcmka. Category: malware. Chrome - Shady Panda. Ref: https://www.koi.ai/blog/darkspectre-unmasking-the-threat-actor-behind-7-8-million-infected-browsers,[software:x_extension_id = 'bgkdocoihppjkdfaghndpjlfoehjcmka'],stix,Software,"malware,malicious,browser-extension",85,2026-08-19T22:58:58Z,90
indicator,Browser Extension: Chrome - Shady Panda,Extension ID: ldmnodpmebcfcdkejkdakphbcjnmejlf. Category: malware. Chrome - Shady Panda. Ref: https://www.koi.ai/blog/darkspectre-unmasking-the-threat-actor-behind-7-8-million-infected-browsers,[software:x_extension_id = 'ldmnodpmebcfcdkejkdakphbcjnmejlf'],stix,Software,"malware,malicious,browser-extension",85,2026-08-19T22:58:58Z,90
indicator,Browser Extension: Chrome - Shady Panda,Extension ID: pdfladlchakneeclhmpoboohikpbchkj. Category: malware. Chrome - Shady Panda. Ref: https://www.koi.ai/blog/darkspectre-unmasking-the-threat-actor-behind-7-8-million-infected-browsers,[software:x_extension_id = 'pdfladlchakneeclhmpoboohikpbchkj'],stix,Software,"malware,malicious,browser-extension",85,2026-08-19T22:58:58Z,90
indicator,Browser Extension: Chrome - Shady Panda,Extension ID: gipnpcencdgljnaecpekokmpgnhgpela. Category: malware. Chrome - Shady Panda. Ref: https://www.koi.ai/blog/darkspectre-unmasking-the-threat-actor-behind-7-8-million-infected-browsers,[software:x_extension_id = 'gipnpcencdgljnaecpekokmpgnhgpela'],stix,Software,"malware,malicious,browser-extension",85,2026-08-19T22:58:58Z,90
indicator,Browser Extension: Chrome - Shady Panda,Extension ID: idholfkkmfccbondfiabhlmdfeamnnaj. Category: malware. Chrome - Shady Panda. Ref: https://www.koi.ai/blog/darkspectre-unmasking-the-threat-actor-behind-7-8-million-infected-browsers,[software:x_extension_id = 'idholfkkmfccbondfiabhlmdfeamnnaj'],stix,Software,"malware,malicious,browser-extension",85,2026-08-19T22:58:58Z,90
indicator,Browser Extension: Chrome - Shady Panda,Extension ID: bpgaffohfacaamplbbojgbiicfgedmoi. Category: malware. Chrome - Shady Panda. Ref: https://www.koi.ai/blog/darkspectre-unmasking-the-threat-actor-behind-7-8-million-infected-browsers,[software:x_extension_id = 'bpgaffohfacaamplbbojgbiicfgedmoi'],stix,Software,"malware,malicious,browser-extension",85,2026-08-19T22:58:58Z,90
indicator,Browser Extension: Chrome - Shady Panda,Extension ID: jdehnhjckcbfdkgnlbfjokofagpbbdgl. Category: malware. Chrome - Shady Panda. Ref: https://www.koi.ai/blog/darkspectre-unmasking-the-threat-actor-behind-7-8-million-infected-browsers,[software:x_extension_id = 'jdehnhjckcbfdkgnlbfjokofagpbbdgl'],stix,Software,"malware,malicious,browser-extension",85,2026-08-19T22:58:58Z,90
indicator,Browser Extension: Chrome - Shady Panda,Extension ID: dijcdmefkmlhnbkcejcmepheakikgpdg. Category: malware. Chrome - Shady Panda. Ref: https://www.koi.ai/blog/darkspectre-unmasking-the-threat-actor-behind-7-8-million-infected-browsers,[software:x_extension_id = 'dijcdmefkmlhnbkcejcmepheakikgpdg'],stix,Software,"malware,malicious,browser-extension",85,2026-08-19T22:58:58Z,90
indicator,Browser Extension: Chrome - Shady Panda,Extension ID: gndlcpbcmhbcaadppjjekgbhfhceeikm. Category: malware. Chrome - Shady Panda. Ref: https://www.koi.ai/blog/darkspectre-unmasking-the-threat-actor-behind-7-8-million-infected-browsers,[software:x_extension_id = 'gndlcpbcmhbcaadppjjekgbhfhceeikm'],stix,Software,"malware,malicious,browser-extension",85,2026-08-19T22:58:58Z,90
indicator,Browser Extension: Chrome - Shady Panda,Extension ID: lepdjbhbkpfenckechpdfohdmkhogojf. Category: malware. Chrome - Shady Panda. Ref: https://www.koi.ai/blog/darkspectre-unmasking-the-threat-actor-behind-7-8-million-infected-browsers,[software:x_extension_id = 'lepdjbhbkpfenckechpdfohdmkhogojf'],stix,Software,"malware,malicious,browser-extension",85,2026-08-19T22:58:58Z,90
indicator,Browser Extension: Chrome - Shady Panda,Extension ID: hbjeophpjnopmeheabcilmgdhnnjbmbo. Category: malware. Chrome - Shady Panda. Ref: https://www.koi.ai/blog/darkspectre-unmasking-the-threat-actor-behind-7-8-million-infected-browsers,[software:x_extension_id = 'hbjeophpjnopmeheabcilmgdhnnjbmbo'],stix,Software,"malware,malicious,browser-extension",85,2026-08-19T22:58:58Z,90
indicator,Browser Extension: Chrome - Shady Panda,Extension ID: dlfjoijnhjeagkenhbililbdiooginng. Category: malware. Chrome - Shady Panda. Ref: https://www.koi.ai/blog/darkspectre-unmasking-the-threat-actor-behind-7-8-million-infected-browsers,[software:x_extension_id = 'dlfjoijnhjeagkenhbililbdiooginng'],stix,Software,"malware,malicious,browser-extension",85,2026-08-19T22:58:58Z,90
indicator,Browser Extension: Chrome - Shady Panda,Extension ID: kolgdodmgnnhnijmnnidfabnghgakobl. Category: malware. Chrome - Shady Panda. Ref: https://www.koi.ai/blog/darkspectre-unmasking-the-threat-actor-behind-7-8-million-infected-browsers,[software:x_extension_id = 'kolgdodmgnnhnijmnnidfabnghgakobl'],stix,Software,"malware,malicious,browser-extension",85,2026-08-19T22:58:58Z,90
indicator,Browser Extension: Edge - Shady Panda,Extension ID: edohfgmjmdnibeihfcajfclmhapjkooa. Category: malware. Edge - Shady Panda. Ref: https://www.koi.ai/blog/darkspectre-unmasking-the-threat-actor-behind-7-8-million-infected-browsers,[software:x_extension_id = 'edohfgmjmdnibeihfcajfclmhapjkooa'],stix,Software,"malware,malicious,browser-extension",85,2026-08-19T22:58:58Z,90
indicator,Browser Extension: Edge - Shady Panda,Extension ID: pdjpkfbpeniinkdlmibcdebccnkimnna. Category: malware. Edge - Shady Panda. Ref: https://www.koi.ai/blog/darkspectre-unmasking-the-threat-actor-behind-7-8-million-infected-browsers,[software:x_extension_id = 'pdjpkfbpeniinkdlmibcdebccnkimnna'],stix,Software,"malware,malicious,browser-extension",85,2026-08-19T22:58:58Z,90
indicator,Browser Extension: Edge - Shady Panda,Extension ID: hmpjibmngagmkafmijncjokocepchnea. Category: malware. Edge - Shady Panda. Ref: https://www.koi.ai/blog/darkspectre-unmasking-the-threat-actor-behind-7-8-million-infected-browsers,[software:x_extension_id = 'hmpjibmngagmkafmijncjokocepchnea'],stix,Software,"malware,malicious,browser-extension",85,2026-08-19T22:58:58Z,90
indicator,Browser Extension: Edge - Shady Panda,Extension ID: kljbaedmklfnlgfmmbodnckafhllkjnd. Category: malware. Edge - Shady Panda. Ref: https://www.koi.ai/blog/darkspectre-unmasking-the-threat-actor-behind-7-8-million-infected-browsers,[software:x_extension_id = 'kljbaedmklfnlgfmmbodnckafhllkjnd'],stix,Software,"malware,malicious,browser-extension",85,2026-08-19T22:58:58Z,90
indicator,Browser Extension: Edge - Shady Panda,Extension ID: lmppkgmbapjgihlpadknmfalefnfnfnd. Category: malware. Edge - Shady Panda. Ref: https://www.koi.ai/blog/darkspectre-unmasking-the-threat-actor-behind-7-8-million-infected-browsers,[software:x_extension_id = 'lmppkgmbapjgihlpadknmfalefnfnfnd'],stix,Software,"malware,malicious,browser-extension",85,2026-08-19T22:58:58Z,90
indicator,Browser Extension: Edge - Shady Panda,Extension ID: ldghoefcghcinacfneopmnechojlhldf. Category: malware. Edge - Shady Panda. Ref: https://www.koi.ai/blog/darkspectre-unmasking-the-threat-actor-behind-7-8-million-infected-browsers,[software:x_extension_id = 'ldghoefcghcinacfneopmnechojlhldf'],stix,Software,"malware,malicious,browser-extension",85,2026-08-19T22:58:58Z,90
indicator,Browser Extension: Edge - Shady Panda,Extension ID: mgjfjcimpkdjgeldkcaoboiojmlcleka. Category: malware. Edge - Shady Panda. Ref: https://www.koi.ai/blog/darkspectre-unmasking-the-threat-actor-behind-7-8-million-infected-browsers,[software:x_extension_id = 'mgjfjcimpkdjgeldkcaoboiojmlcleka'],stix,Software,"malware,malicious,browser-extension",85,2026-08-19T22:58:58Z,90
indicator,Browser Extension: Edge - Shady Panda,Extension ID: aghafppaelpjbjajpgcogcojcbmappoi. Category: malware. Edge - Shady Panda. Ref: https://www.koi.ai/blog/darkspectre-unmasking-the-threat-actor-behind-7-8-million-infected-browsers,[software:x_extension_id = 'aghafppaelpjbjajpgcogcojcbmappoi'],stix,Software,"malware,malicious,browser-extension",85,2026-08-19T22:58:58Z,90
indicator,Browser Extension: Edge - Shady Panda,Extension ID: kgdjeaonamhfooejllllfpeappcgfpod. Category: malware. Edge - Shady Panda. Ref: https://www.koi.ai/blog/darkspectre-unmasking-the-threat-actor-behind-7-8-million-infected-browsers,[software:x_extension_id = 'kgdjeaonamhfooejllllfpeappcgfpod'],stix,Software,"malware,malicious,browser-extension",85,2026-08-19T22:58:58Z,90
indicator,Browser Extension: Edge - Shady Panda,Extension ID: knjgknhkgmedmajpkhooaagjgfgbcndo. Category: malware. Edge - Shady Panda. Ref: https://www.koi.ai/blog/darkspectre-unmasking-the-threat-actor-behind-7-8-million-infected-browsers,[software:x_extension_id = 'knjgknhkgmedmajpkhooaagjgfgbcndo'],stix,Software,"malware,malicious,browser-extension",85,2026-08-19T22:58:58Z,90
indicator,Browser Extension: Edge - Shady Panda,Extension ID: apoklfecapckgpbbcpaiebemaghmkncf. Category: malware. Edge - Shady Panda. Ref: https://www.koi.ai/blog/darkspectre-unmasking-the-threat-actor-behind-7-8-million-infected-browsers,[software:x_extension_id = 'apoklfecapckgpbbcpaiebemaghmkncf'],stix,Software,"malware,malicious,browser-extension",85,2026-08-19T22:58:58Z,90
indicator,Browser Extension: Edge - Shady Panda,Extension ID: podfjomopoejmlkfnhanlmlagcnlappd. Category: malware. Edge - Shady Panda. Ref: https://www.koi.ai/blog/darkspectre-unmasking-the-threat-actor-behind-7-8-million-infected-browsers,[software:x_extension_id = 'podfjomopoejmlkfnhanlmlagcnlappd'],stix,Software,"malware,malicious,browser-extension",85,2026-08-19T22:58:58Z,90
indicator,Browser Extension: Edge - Shady Panda,Extension ID: idngjfdlfbfgecemidnhbdcogggnjkpg. Category: malware. Edge - Shady Panda. Ref: https://www.koi.ai/blog/darkspectre-unmasking-the-threat-actor-behind-7-8-million-infected-browsers,[software:x_extension_id = 'idngjfdlfbfgecemidnhbdcogggnjkpg'],stix,Software,"malware,malicious,browser-extension",85,2026-08-19T22:58:58Z,90
indicator,Browser Extension: Edge - Shady Panda,Extension ID: kghabofklgjfnipgkjadlogcjbebkeid. Category: malware. Edge - Shady Panda. Ref: https://www.koi.ai/blog/darkspectre-unmasking-the-threat-actor-behind-7-8-million-infected-browsers,[software:x_extension_id = 'kghabofklgjfnipgkjadlogcjbebkeid'],stix,Software,"malware,malicious,browser-extension",85,2026-08-19T22:58:58Z,90
indicator,Browser Extension: Edge - Shady Panda,Extension ID: fmmfeaoidanfcipomjfolmchjdnhmaio. Category: malware. Edge - Shady Panda. Ref: https://www.koi.ai/blog/darkspectre-unmasking-the-threat-actor-behind-7-8-million-infected-browsers,[software:x_extension_id = 'fmmfeaoidanfcipomjfolmchjdnhmaio'],stix,Software,"malware,malicious,browser-extension",85,2026-08-19T22:58:58Z,90
indicator,Browser Extension: Edge - Shady Panda,Extension ID: cfmfokegjjljmdcdpnmlfajlddngkoah. Category: malware. Edge - Shady Panda. Ref: https://www.koi.ai/blog/darkspectre-unmasking-the-threat-actor-behind-7-8-million-infected-browsers,[software:x_extension_id = 'cfmfokegjjljmdcdpnmlfajlddngkoah'],stix,Software,"malware,malicious,browser-extension",85,2026-08-19T22:58:58Z,90
indicator,Browser Extension: Edge - Shady Panda,Extension ID: eoimljninkkepafoijpgbedkkieobfek. Category: malware. Edge - Shady Panda. Ref: https://www.koi.ai/blog/darkspectre-unmasking-the-threat-actor-behind-7-8-million-infected-browsers,[software:x_extension_id = 'eoimljninkkepafoijpgbedkkieobfek'],stix,Software,"malware,malicious,browser-extension",85,2026-08-19T22:58:58Z,90
indicator,Browser Extension: Edge - Shady Panda,Extension ID: ojmaccnnagaiokckbcpdldhnifkibcah. Category: malware. Edge - Shady Panda. Ref: https://www.koi.ai/blog/darkspectre-unmasking-the-threat-actor-behind-7-8-million-infected-browsers,[software:x_extension_id = 'ojmaccnnagaiokckbcpdldhnifkibcah'],stix,Software,"malware,malicious,browser-extension",85,2026-08-19T22:58:58Z,90
indicator,Browser Extension: Edge - Shady Panda,Extension ID: bhoebgegnjoehioianjnjakeeggajanb. Category: malware. Edge - Shady Panda. Ref: https://www.koi.ai/blog/darkspectre-unmasking-the-threat-actor-behind-7-8-million-infected-browsers,[software:x_extension_id = 'bhoebgegnjoehioianjnjakeeggajanb'],stix,Software,"malware,malicious,browser-extension",85,2026-08-19T22:58:58Z,90
indicator,Browser Extension: Edge - Shady Panda,Extension ID: leaglmohfmgdengbciphnodmcgfgdgnf. Category: malware. Edge - Shady Panda. Ref: https://www.koi.ai/blog/darkspectre-unmasking-the-threat-actor-behind-7-8-million-infected-browsers,[software:x_extension_id = 'leaglmohfmgdengbciphnodmcgfgdgnf'],stix,Software,"malware,malicious,browser-extension",85,2026-08-19T22:58:58Z,90
indicator,Browser Extension: Edge - Shady Panda,Extension ID: ljdhejdbbogemelgkihbabifpfdfomcc. Category: malware. Edge - Shady Panda. Ref: https://www.koi.ai/blog/darkspectre-unmasking-the-threat-actor-behind-7-8-million-infected-browsers,[software:x_extension_id = 'ljdhejdbbogemelgkihbabifpfdfomcc'],stix,Software,"malware,malicious,browser-extension",85,2026-08-19T22:58:58Z,90
indicator,Browser Extension: Edge - Shady Panda,Extension ID: hfokkkgobhlkcagflcbgcokdbnknfngo. Category: malware. Edge - Shady Panda. Ref: https://www.koi.ai/blog/darkspectre-unmasking-the-threat-actor-behind-7-8-million-infected-browsers,[software:x_extension_id = 'hfokkkgobhlkcagflcbgcokdbnknfngo'],stix,Software,"malware,malicious,browser-extension",85,2026-08-19T22:58:58Z,90
indicator,Browser Extension: Edge - Shady Panda,Extension ID: hilgkhepkfjdkkdigphhcgmghefdledg. Category: malware. Edge - Shady Panda. Ref: https://www.koi.ai/blog/darkspectre-unmasking-the-threat-actor-behind-7-8-million-infected-browsers,[software:x_extension_id = 'hilgkhepkfjdkkdigphhcgmghefdledg'],stix,Software,"malware,malicious,browser-extension",85,2026-08-19T22:58:58Z,90
indicator,Browser Extension: Edge - Shady Panda,Extension ID: jipclfaahkhinbelbojjblmbcpkaipko. Category: malware. Edge - Shady Panda. Ref: https://www.koi.ai/blog/darkspectre-unmasking-the-threat-actor-behind-7-8-million-infected-browsers,[software:x_extension_id = 'jipclfaahkhinbelbojjblmbcpkaipko'],stix,Software,"malware,malicious,browser-extension",85,2026-08-19T22:58:58Z,90
indicator,Browser Extension: Edge - Shady Panda,Extension ID: cmckpheolajgbmhlfhgelajhhfgjbhpk. Category: malware. Edge - Shady Panda. Ref: https://www.koi.ai/blog/darkspectre-unmasking-the-threat-actor-behind-7-8-million-infected-browsers,[software:x_extension_id = 'cmckpheolajgbmhlfhgelajhhfgjbhpk'],stix,Software,"malware,malicious,browser-extension",85,2026-08-19T22:58:58Z,90
indicator,Browser Extension: Edge - Shady Panda,Extension ID: jjdhjfgoadphekgihokkigfghndfmffb. Category: malware. Edge - Shady Panda. Ref: https://www.koi.ai/blog/darkspectre-unmasking-the-threat-actor-behind-7-8-million-infected-browsers,[software:x_extension_id = 'jjdhjfgoadphekgihokkigfghndfmffb'],stix,Software,"malware,malicious,browser-extension",85,2026-08-19T22:58:58Z,90
indicator,Browser Extension: Edge - Shady Panda,Extension ID: nelegdbdfopcgkignnifhdoiapldlhpf. Category: malware. Edge - Shady Panda. Ref: https://www.koi.ai/blog/darkspectre-unmasking-the-threat-actor-behind-7-8-million-infected-browsers,[software:x_extension_id = 'nelegdbdfopcgkignnifhdoiapldlhpf'],stix,Software,"malware,malicious,browser-extension",85,2026-08-19T22:58:58Z,90
indicator,Browser Extension: Edge - Shady Panda,Extension ID: dnojfjfegklgconkoekfkaajejmdgdkj. Category: malware. Edge - Shady Panda. Ref: https://www.koi.ai/blog/darkspectre-unmasking-the-threat-actor-behind-7-8-million-infected-browsers,[software:x_extension_id = 'dnojfjfegklgconkoekfkaajejmdgdkj'],stix,Software,"malware,malicious,browser-extension",85,2026-08-19T22:58:58Z,90
indicator,Browser Extension: Edge - Shady Panda,Extension ID: nnceocbiolncfljcmajijmeakcdlffnh. Category: malware. Edge - Shady Panda. Ref: https://www.koi.ai/blog/darkspectre-unmasking-the-threat-actor-behind-7-8-million-infected-browsers,[software:x_extension_id = 'nnceocbiolncfljcmajijmeakcdlffnh'],stix,Software,"malware,malicious,browser-extension",85,2026-08-19T22:58:58Z,90
indicator,Browser Extension: Edge - Shady Panda,Extension ID: dacliiapfipnlipdmifioaijepgmhdga. Category: malware. Edge - Shady Panda. Ref: https://www.koi.ai/blog/darkspectre-unmasking-the-threat-actor-behind-7-8-million-infected-browsers,[software:x_extension_id = 'dacliiapfipnlipdmifioaijepgmhdga'],stix,Software,"malware,malicious,browser-extension",85,2026-08-19T22:58:58Z,90
indicator,Browser Extension: Edge - Shady Panda,Extension ID: cpbbiepjnljbnngpepgeaojjeneacpld. Category: malware. Edge - Shady Panda. Ref: https://www.koi.ai/blog/darkspectre-unmasking-the-threat-actor-behind-7-8-million-infected-browsers,[software:x_extension_id = 'cpbbiepjnljbnngpepgeaojjeneacpld'],stix,Software,"malware,malicious,browser-extension",85,2026-08-19T22:58:58Z,90
indicator,Browser Extension: Edge - Shady Panda,Extension ID: ocopipabchoopeppmgiigphgbicocoea. Category: malware. Edge - Shady Panda. Ref: https://www.koi.ai/blog/darkspectre-unmasking-the-threat-actor-behind-7-8-million-infected-browsers,[software:x_extension_id = 'ocopipabchoopeppmgiigphgbicocoea'],stix,Software,"malware,malicious,browser-extension",85,2026-08-19T22:58:58Z,90
indicator,Browser Extension: Edge - Shady Panda,Extension ID: gfechfioaanebemclajhfgkfaopcaibo. Category: malware. Edge - Shady Panda. Ref: https://www.koi.ai/blog/darkspectre-unmasking-the-threat-actor-behind-7-8-million-infected-browsers,[software:x_extension_id = 'gfechfioaanebemclajhfgkfaopcaibo'],stix,Software,"malware,malicious,browser-extension",85,2026-08-19T22:58:58Z,90
indicator,Browser Extension: Edge - Shady Panda,Extension ID: hoclolhilhbecpefaignjficiaaclpop. Category: malware. Edge - Shady Panda. Ref: https://www.koi.ai/blog/darkspectre-unmasking-the-threat-actor-behind-7-8-million-infected-browsers,[software:x_extension_id = 'hoclolhilhbecpefaignjficiaaclpop'],stix,Software,"malware,malicious,browser-extension",85,2026-08-19T22:58:58Z,90
indicator,Browser Extension: Edge - Shady Panda,Extension ID: ibmdocjlknaopfecmnojomdlbeadpdnb. Category: malware. Edge - Shady Panda. Ref: https://www.koi.ai/blog/darkspectre-unmasking-the-threat-actor-behind-7-8-million-infected-browsers,[software:x_extension_id = 'ibmdocjlknaopfecmnojomdlbeadpdnb'],stix,Software,"malware,malicious,browser-extension",85,2026-08-19T22:58:58Z,90
indicator,Browser Extension: Edge - Shady Panda,Extension ID: ckdbfeccfocmhdclmmofmheljglmhhne. Category: malware. Edge - Shady Panda. Ref: https://www.koi.ai/blog/darkspectre-unmasking-the-threat-actor-behind-7-8-million-infected-browsers,[software:x_extension_id = 'ckdbfeccfocmhdclmmofmheljglmhhne'],stix,Software,"malware,malicious,browser-extension",85,2026-08-19T22:58:58Z,90
indicator,Browser Extension: Edge - Shady Panda,Extension ID: gddkghdkhhlihaabphhnjbhdoiifhcpa. Category: malware. Edge - Shady Panda. Ref: https://www.koi.ai/blog/darkspectre-unmasking-the-threat-actor-behind-7-8-million-infected-browsers,[software:x_extension_id = 'gddkghdkhhlihaabphhnjbhdoiifhcpa'],stix,Software,"malware,malicious,browser-extension",85,2026-08-19T22:58:58Z,90
indicator,Browser Extension: AI Assistant,Extension ID: nlhpidbjmmffhoogcennoiopekbiglbp. Category: malware. chrome. Ref: https://layerxsecurity.com/blog/aiframe-fake-ai-assistant-extensions-targeting-260000-chrome-users-via-injected-iframes/,[software:x_extension_id = 'nlhpidbjmmffhoogcennoiopekbiglbp'],stix,Software,"malware,malicious,browser-extension",85,2026-08-19T22:58:58Z,90
indicator,Browser Extension: Llama,Extension ID: gcfianbpjcfkafpiadmheejkokcmdkjl. Category: malware. chrome. Ref: https://layerxsecurity.com/blog/aiframe-fake-ai-assistant-extensions-targeting-260000-chrome-users-via-injected-iframes/,[software:x_extension_id = 'gcfianbpjcfkafpiadmheejkokcmdkjl'],stix,Software,"malware,malicious,browser-extension",85,2026-08-19T22:58:58Z,90
indicator,Browser Extension: Gemini AI Sidebar,Extension ID: fppbiomdkfbhgjjdmojlogeceejinadg. Category: malware. chrome. Ref: https://layerxsecurity.com/blog/aiframe-fake-ai-assistant-extensions-targeting-260000-chrome-users-via-injected-iframes/,[software:x_extension_id = 'fppbiomdkfbhgjjdmojlogeceejinadg'],stix,Software,"malware,malicious,browser-extension",85,2026-08-19T22:58:58Z,90
indicator,Browser Extension: AI Sidebar,Extension ID: djhjckkfgancelbmgcamjimgphaphjdl. Category: malware. chrome. Ref: https://layerxsecurity.com/blog/aiframe-fake-ai-assistant-extensions-targeting-260000-chrome-users-via-injected-iframes/,[software:x_extension_id = 'djhjckkfgancelbmgcamjimgphaphjdl'],stix,Software,"malware,malicious,browser-extension",85,2026-08-19T22:58:58Z,90
indicator,Browser Extension: ChatGPT Sidebar,Extension ID: llojfncgbabajmdglnkbhmiebiinohek. Category: malware. chrome. Ref: https://layerxsecurity.com/blog/aiframe-fake-ai-assistant-extensions-targeting-260000-chrome-users-via-injected-iframes/,[software:x_extension_id = 'llojfncgbabajmdglnkbhmiebiinohek'],stix,Software,"malware,malicious,browser-extension",85,2026-08-19T22:58:58Z,90
indicator,Browser Extension: AI Sidebar,Extension ID: gghdfkafnhfpaooiolhncejnlgglhkhe. Category: malware. chrome. Ref: https://layerxsecurity.com/blog/aiframe-fake-ai-assistant-extensions-targeting-260000-chrome-users-via-injected-iframes/,[software:x_extension_id = 'gghdfkafnhfpaooiolhncejnlgglhkhe'],stix,Software,"malware,malicious,browser-extension",85,2026-08-19T22:58:58Z,90
indicator,Browser Extension: Grok,Extension ID: cgmmcoandmabammnhfnjcakdeejbfimn. Category: malware. chrome. Ref: https://layerxsecurity.com/blog/aiframe-fake-ai-assistant-extensions-targeting-260000-chrome-users-via-injected-iframes/,[software:x_extension_id = 'cgmmcoandmabammnhfnjcakdeejbfimn'],stix,Software,"malware,malicious,browser-extension",85,2026-08-19T22:58:58Z,90
indicator,Browser Extension: Asking Chat Gpt,Extension ID: phiphcloddhmndjbdedgfbglhpkjcffh. Category: malware. chrome. Ref: https://layerxsecurity.com/blog/aiframe-fake-ai-assistant-extensions-targeting-260000-chrome-users-via-injected-iframes/,[software:x_extension_id = 'phiphcloddhmndjbdedgfbglhpkjcffh'],stix,Software,"malware,malicious,browser-extension",85,2026-08-19T22:58:58Z,90
indicator,Browser Extension: ChatGBT,Extension ID: pgfibniplgcnccdnkhblpmmlfodijppg. Category: malware. chrome. Ref: https://layerxsecurity.com/blog/aiframe-fake-ai-assistant-extensions-targeting-260000-chrome-users-via-injected-iframes/,[software:x_extension_id = 'pgfibniplgcnccdnkhblpmmlfodijppg'],stix,Software,"malware,malicious,browser-extension",85,2026-08-19T22:58:58Z,90
indicator,Browser Extension: Chat Bot GPT,Extension ID: nkgbfengofophpmonladgaldioelckbe. Category: malware. chrome. Ref: https://layerxsecurity.com/blog/aiframe-fake-ai-assistant-extensions-targeting-260000-chrome-users-via-injected-iframes/,[software:x_extension_id = 'nkgbfengofophpmonladgaldioelckbe'],stix,Software,"malware,malicious,browser-extension",85,2026-08-19T22:58:58Z,90
indicator,Browser Extension: Grok Chatbot,Extension ID: gcdfailafdfjbailcdcbjmeginhncjkb. Category: malware. chrome. Ref: https://layerxsecurity.com/blog/aiframe-fake-ai-assistant-extensions-targeting-260000-chrome-users-via-injected-iframes/,[software:x_extension_id = 'gcdfailafdfjbailcdcbjmeginhncjkb'],stix,Software,"malware,malicious,browser-extension",85,2026-08-19T22:58:58Z,90
indicator,Browser Extension: Chat With Gemini,Extension ID: ebmmjmakencgmgoijdfnbailknaaiffh. Category: malware. chrome. Ref: https://layerxsecurity.com/blog/aiframe-fake-ai-assistant-extensions-targeting-260000-chrome-users-via-injected-iframes/,[software:x_extension_id = 'ebmmjmakencgmgoijdfnbailknaaiffh'],stix,Software,"malware,malicious,browser-extension",85,2026-08-19T22:58:58Z,90
indicator,Browser Extension: XAI,Extension ID: baonbjckakcpgliaafcodddkoednpjgf. Category: malware. chrome. Ref: https://layerxsecurity.com/blog/aiframe-fake-ai-assistant-extensions-targeting-260000-chrome-users-via-injected-iframes/,[software:x_extension_id = 'baonbjckakcpgliaafcodddkoednpjgf'],stix,Software,"malware,malicious,browser-extension",85,2026-08-19T22:58:58Z,90
indicator,Browser Extension: Google Gemini,Extension ID: fdlagfnfaheppaigholhoojabfaapnhb. Category: malware. chrome. Ref: https://layerxsecurity.com/blog/aiframe-fake-ai-assistant-extensions-targeting-260000-chrome-users-via-injected-iframes/,[software:x_extension_id = 'fdlagfnfaheppaigholhoojabfaapnhb'],stix,Software,"malware,malicious,browser-extension",85,2026-08-19T22:58:58Z,90
indicator,Browser Extension: Ask Gemini,Extension ID: gnaekhndaddbimfllbgmecjijbbfpabc. Category: malware. chrome. Ref: https://layerxsecurity.com/blog/aiframe-fake-ai-assistant-extensions-targeting-260000-chrome-users-via-injected-iframes/,[software:x_extension_id = 'gnaekhndaddbimfllbgmecjijbbfpabc'],stix,Software,"malware,malicious,browser-extension",85,2026-08-19T22:58:58Z,90
indicator,Browser Extension: AI Letter Generator,Extension ID: hgnjolbjpjmhepcbjgeeallnamkjnfgi. Category: malware. chrome. Ref: https://layerxsecurity.com/blog/aiframe-fake-ai-assistant-extensions-targeting-260000-chrome-users-via-injected-iframes/,[software:x_extension_id = 'hgnjolbjpjmhepcbjgeeallnamkjnfgi'],stix,Software,"malware,malicious,browser-extension",85,2026-08-19T22:58:58Z,90
indicator,Browser Extension: AI Message Generator,Extension ID: lodlcpnbppgipaimgbjgniokjcnpiiad. Category: malware. chrome. Ref: https://layerxsecurity.com/blog/aiframe-fake-ai-assistant-extensions-targeting-260000-chrome-users-via-injected-iframes/,[software:x_extension_id = 'lodlcpnbppgipaimgbjgniokjcnpiiad'],stix,Software,"malware,malicious,browser-extension",85,2026-08-19T22:58:58Z,90
indicator,Browser Extension: AI Translator,Extension ID: cmpmhhjahlioglkleiofbjodhhiejhei. Category: malware. chrome. Ref: https://layerxsecurity.com/blog/aiframe-fake-ai-assistant-extensions-targeting-260000-chrome-users-via-injected-iframes/,[software:x_extension_id = 'cmpmhhjahlioglkleiofbjodhhiejhei'],stix,Software,"malware,malicious,browser-extension",85,2026-08-19T22:58:58Z,90
indicator,Browser Extension: AI For Translation,Extension ID: bilfflcophfehljhpnklmcelkoiffapb. Category: malware. chrome. Ref: https://layerxsecurity.com/blog/aiframe-fake-ai-assistant-extensions-targeting-260000-chrome-users-via-injected-iframes/,[software:x_extension_id = 'bilfflcophfehljhpnklmcelkoiffapb'],stix,Software,"malware,malicious,browser-extension",85,2026-08-19T22:58:58Z,90
indicator,Browser Extension: AI Cover Letter Generator,Extension ID: cicjlpmjmimeoempffghfglndokjihhn. Category: malware. chrome. Ref: https://layerxsecurity.com/blog/aiframe-fake-ai-assistant-extensions-targeting-260000-chrome-users-via-injected-iframes/,[software:x_extension_id = 'cicjlpmjmimeoempffghfglndokjihhn'],stix,Software,"malware,malicious,browser-extension",85,2026-08-19T22:58:58Z,90
indicator,Browser Extension: AI Image Generator Chat GPT,Extension ID: ckneindgfbjnbbiggcmnjeofelhflhaj. Category: malware. chrome. Ref: https://layerxsecurity.com/blog/aiframe-fake-ai-assistant-extensions-targeting-260000-chrome-users-via-injected-iframes/,[software:x_extension_id = 'ckneindgfbjnbbiggcmnjeofelhflhaj'],stix,Software,"malware,malicious,browser-extension",85,2026-08-19T22:58:58Z,90
indicator,Browser Extension: Ai Wallpaper Generator,Extension ID: dbclhjpifdfkofnmjfpheiondafpkoed. Category: malware. chrome. Ref: https://layerxsecurity.com/blog/aiframe-fake-ai-assistant-extensions-targeting-260000-chrome-users-via-injected-iframes/,[software:x_extension_id = 'dbclhjpifdfkofnmjfpheiondafpkoed'],stix,Software,"malware,malicious,browser-extension",85,2026-08-19T22:58:58Z,90
indicator,Browser Extension: Ai Picture Generator,Extension ID: ecikmpoikkcelnakpgaeplcjoickgacj. Category: malware. chrome. Ref: https://layerxsecurity.com/blog/aiframe-fake-ai-assistant-extensions-targeting-260000-chrome-users-via-injected-iframes/,[software:x_extension_id = 'ecikmpoikkcelnakpgaeplcjoickgacj'],stix,Software,"malware,malicious,browser-extension",85,2026-08-19T22:58:58Z,90
indicator,Browser Extension: DeepSeek Download,Extension ID: kepibgehhljlecgaeihhnmibnmikbnga. Category: malware. chrome. Ref: https://layerxsecurity.com/blog/aiframe-fake-ai-assistant-extensions-targeting-260000-chrome-users-via-injected-iframes/,[software:x_extension_id = 'kepibgehhljlecgaeihhnmibnmikbnga'],stix,Software,"malware,malicious,browser-extension",85,2026-08-19T22:58:58Z,90
indicator,Browser Extension: AI Email Writer,Extension ID: ckicoadchmmndbakbokhapncehanaeni. Category: malware. chrome. Ref: https://layerxsecurity.com/blog/aiframe-fake-ai-assistant-extensions-targeting-260000-chrome-users-via-injected-iframes/,[software:x_extension_id = 'ckicoadchmmndbakbokhapncehanaeni'],stix,Software,"malware,malicious,browser-extension",85,2026-08-19T22:58:58Z,90
indicator,Browser Extension: Email Generator AI,Extension ID: fnjinbdmidgjkpmlihcginjipjaoapol. Category: malware. chrome. Ref: https://layerxsecurity.com/blog/aiframe-fake-ai-assistant-extensions-targeting-260000-chrome-users-via-injected-iframes/,[software:x_extension_id = 'fnjinbdmidgjkpmlihcginjipjaoapol'],stix,Software,"malware,malicious,browser-extension",85,2026-08-19T22:58:58Z,90
indicator,Browser Extension: DeepSeek Chat,Extension ID: gohgeedemmaohocbaccllpkabadoogpl. Category: malware. chrome. Ref: https://layerxsecurity.com/blog/aiframe-fake-ai-assistant-extensions-targeting-260000-chrome-users-via-injected-iframes/,[software:x_extension_id = 'gohgeedemmaohocbaccllpkabadoogpl'],stix,Software,"malware,malicious,browser-extension",85,2026-08-19T22:58:58Z,90
indicator,Browser Extension: ChatGPT Picture Generator,Extension ID: flnecpdpbhdblkpnegekobahlijbmfok. Category: malware. chrome. Ref: https://layerxsecurity.com/blog/aiframe-fake-ai-assistant-extensions-targeting-260000-chrome-users-via-injected-iframes/,[software:x_extension_id = 'flnecpdpbhdblkpnegekobahlijbmfok'],stix,Software,"malware,malicious,browser-extension",85,2026-08-19T22:58:58Z,90
indicator,Browser Extension: ChatGPT Translate,Extension ID: acaeafediijmccnjlokgcdiojiljfpbe. Category: malware. chrome. Ref: https://layerxsecurity.com/blog/aiframe-fake-ai-assistant-extensions-targeting-260000-chrome-users-via-injected-iframes/,[software:x_extension_id = 'acaeafediijmccnjlokgcdiojiljfpbe'],stix,Software,"malware,malicious,browser-extension",85,2026-08-19T22:58:58Z,90
indicator,Browser Extension: AI GPT,Extension ID: kblengdlefjpjkekanpoidgoghdngdgl. Category: malware. chrome. Ref: https://layerxsecurity.com/blog/aiframe-fake-ai-assistant-extensions-targeting-260000-chrome-users-via-injected-iframes/,[software:x_extension_id = 'kblengdlefjpjkekanpoidgoghdngdgl'],stix,Software,"malware,malicious,browser-extension",85,2026-08-19T22:58:58Z,90
indicator,Browser Extension: ChatGPT Translation,Extension ID: idhknpoceajhnjokpnbicildeoligdgh. Category: malware. chrome. Ref: https://layerxsecurity.com/blog/aiframe-fake-ai-assistant-extensions-targeting-260000-chrome-users-via-injected-iframes/,[software:x_extension_id = 'idhknpoceajhnjokpnbicildeoligdgh'],stix,Software,"malware,malicious,browser-extension",85,2026-08-19T22:58:58Z,90
indicator,Browser Extension: Chat GPT for Gmail,Extension ID: fpmkabpaklbhbhegegapfkenkmpipick. Category: malware. chrome. Ref: https://layerxsecurity.com/blog/aiframe-fake-ai-assistant-extensions-targeting-260000-chrome-users-via-injected-iframes/,[software:x_extension_id = 'fpmkabpaklbhbhegegapfkenkmpipick'],stix,Software,"malware,malicious,browser-extension",85,2026-08-19T22:58:58Z,90
indicator,"Browser Extension: ChatGPT folder, voice download, prompt manager, free tools – ChatGPT Mods",Extension ID: lmiigijnefpkjcenfbinhdpafehaddag. Category: malware. chrome. Ref: https://layerxsecurity.com/blog/how-we-discovered-a-campaign-of-16-malicious-extensions-chatgpt/,[software:x_extension_id = 'lmiigijnefpkjcenfbinhdpafehaddag'],stix,Software,"malware,malicious,browser-extension",85,2026-08-19T22:58:58Z,90
indicator,"Browser Extension: ChatGPT voice download, TTS download – ChatGPT Mods",Extension ID: obdobankihdfckkbfnoglefmdgmblcld. Category: malware. chrome. Ref: https://layerxsecurity.com/blog/how-we-discovered-a-campaign-of-16-malicious-extensions-chatgpt/,[software:x_extension_id = 'obdobankihdfckkbfnoglefmdgmblcld'],stix,Software,"malware,malicious,browser-extension",85,2026-08-19T22:58:58Z,90
indicator,"Browser Extension: ChatGPT pin chat, bookmark – ChatGPT Mods",Extension ID: kefnabicobeigajdngijnnjmljehknjl. Category: malware. chrome. Ref: https://layerxsecurity.com/blog/how-we-discovered-a-campaign-of-16-malicious-extensions-chatgpt/,[software:x_extension_id = 'kefnabicobeigajdngijnnjmljehknjl'],stix,Software,"malware,malicious,browser-extension",85,2026-08-19T22:58:58Z,90
indicator,"Browser Extension: ChatGPT message navigator, history scroller – ChatGPT Mods",Extension ID: ifjimhnbnbniiiaihphlclkpfikcdkab. Category: malware. chrome. Ref: https://layerxsecurity.com/blog/how-we-discovered-a-campaign-of-16-malicious-extensions-chatgpt/,[software:x_extension_id = 'ifjimhnbnbniiiaihphlclkpfikcdkab'],stix,Software,"malware,malicious,browser-extension",85,2026-08-19T22:58:58Z,90
indicator,"Browser Extension: ChatGPT model switch, save advanced model uses – ChatGPT Mods",Extension ID: pfgbcfaiglkcoclichlojeaklcfboieh. Category: malware. chrome. Ref: https://layerxsecurity.com/blog/how-we-discovered-a-campaign-of-16-malicious-extensions-chatgpt/,[software:x_extension_id = 'pfgbcfaiglkcoclichlojeaklcfboieh'],stix,Software,"malware,malicious,browser-extension",85,2026-08-19T22:58:58Z,90
indicator,"Browser Extension: ChatGPT export, Markdown, JSON, images – ChatGPT Mods",Extension ID: hljdedgemmmkdalbnmnpoimdedckdkhm. Category: malware. chrome. Ref: https://layerxsecurity.com/blog/how-we-discovered-a-campaign-of-16-malicious-extensions-chatgpt/,[software:x_extension_id = 'hljdedgemmmkdalbnmnpoimdedckdkhm'],stix,Software,"malware,malicious,browser-extension",85,2026-08-19T22:58:58Z,90
indicator,Browser Extension: ChatGPT Timestamp Display – ChatGPT Mods,Extension ID: afjenpabhpfodjpncbiiahbknnghabdc. Category: malware. chrome. Ref: https://layerxsecurity.com/blog/how-we-discovered-a-campaign-of-16-malicious-extensions-chatgpt/,[software:x_extension_id = 'afjenpabhpfodjpncbiiahbknnghabdc'],stix,Software,"malware,malicious,browser-extension",85,2026-08-19T22:58:58Z,90
indicator,"Browser Extension: ChatGPT bulk delete, Chat manager – ChatGPT Mods",Extension ID: gbcgjnbccjojicobfimcnfjddhpphaod. Category: malware. chrome. Ref: https://layerxsecurity.com/blog/how-we-discovered-a-campaign-of-16-malicious-extensions-chatgpt/,[software:x_extension_id = 'gbcgjnbccjojicobfimcnfjddhpphaod'],stix,Software,"malware,malicious,browser-extension",85,2026-08-19T22:58:58Z,90
indicator,"Browser Extension: ChatGPT search history, locate specific messages – ChatGPT Mods",Extension ID: ipjgfhcjeckaibnohigmbcaonfcjepmb. Category: malware. chrome. Ref: https://layerxsecurity.com/blog/how-we-discovered-a-campaign-of-16-malicious-extensions-chatgpt/,[software:x_extension_id = 'ipjgfhcjeckaibnohigmbcaonfcjepmb'],stix,Software,"malware,malicious,browser-extension",85,2026-08-19T22:58:58Z,90
indicator,Browser Extension: ChatGPT prompt optimization – ChatGPT Mods,Extension ID: mmjmcfaejolfbenlplfoihnobnggljij. Category: malware. chrome. Ref: https://layerxsecurity.com/blog/how-we-discovered-a-campaign-of-16-malicious-extensions-chatgpt/,[software:x_extension_id = 'mmjmcfaejolfbenlplfoihnobnggljij'],stix,Software,"malware,malicious,browser-extension",85,2026-08-19T22:58:58Z,90
indicator,Browser Extension: Collapsed message – ChatGPT Mods,Extension ID: lechagcebaneoafonkbfkljmbmaaoaec. Category: malware. chrome. Ref: https://layerxsecurity.com/blog/how-we-discovered-a-campaign-of-16-malicious-extensions-chatgpt/,[software:x_extension_id = 'lechagcebaneoafonkbfkljmbmaaoaec'],stix,Software,"malware,malicious,browser-extension",85,2026-08-19T22:58:58Z,90
indicator,Browser Extension: Multi-Profile Management & Switching – ChatGPT Mods,Extension ID: nhnfaiiobkpbenbbiblmgncgokeknnno. Category: malware. chrome. Ref: https://layerxsecurity.com/blog/how-we-discovered-a-campaign-of-16-malicious-extensions-chatgpt/,[software:x_extension_id = 'nhnfaiiobkpbenbbiblmgncgokeknnno'],stix,Software,"malware,malicious,browser-extension",85,2026-08-19T22:58:58Z,90
indicator,Browser Extension: Search with ChatGPT – ChatGPT Mods,Extension ID: hpcejjllhbalkcmdikecfngkepppoknd. Category: malware. chrome. Ref: https://layerxsecurity.com/blog/how-we-discovered-a-campaign-of-16-malicious-extensions-chatgpt/,[software:x_extension_id = 'hpcejjllhbalkcmdikecfngkepppoknd'],stix,Software,"malware,malicious,browser-extension",85,2026-08-19T22:58:58Z,90
indicator,Browser Extension: ChatGPT Token counter – ChatGPT Mods,Extension ID: hfdpdgblphooommgcjdnnmhpglleaafj. Category: malware. chrome. Ref: https://layerxsecurity.com/blog/how-we-discovered-a-campaign-of-16-malicious-extensions-chatgpt/,[software:x_extension_id = 'hfdpdgblphooommgcjdnnmhpglleaafj'],stix,Software,"malware,malicious,browser-extension",85,2026-08-19T22:58:58Z,90
indicator,"Browser Extension: ChatGPT Prompt Manager, Folder, Library, Auto Send – ChatGPT Mods",Extension ID: ioaeacncbhpmlkediaagefiegegknglc. Category: malware. chrome. Ref: https://layerxsecurity.com/blog/how-we-discovered-a-campaign-of-16-malicious-extensions-chatgpt/,[software:x_extension_id = 'ioaeacncbhpmlkediaagefiegegknglc'],stix,Software,"malware,malicious,browser-extension",85,2026-08-19T22:58:58Z,90
indicator,Browser Extension: ChatGPT Mods – Folder Voice Download & More Free Tools,Extension ID: jhohjhmbiakpgedidneeloaoloadlbdj. Category: malware. edge. Ref: https://layerxsecurity.com/blog/how-we-discovered-a-campaign-of-16-malicious-extensions-chatgpt/,[software:x_extension_id = 'jhohjhmbiakpgedidneeloaoloadlbdj'],stix,Software,"malware,malicious,browser-extension",85,2026-08-19T22:58:58Z,90
indicator,Browser Extension: Emoji keyboard online â copy&past your emoji.,Extension ID: kgmeffmlnkfnjpgmdndccklfigfhajen. Category: malware. chrome. Ref: https://www.koi.ai/blog/google-and-microsoft-trusted-them-2-3-million-users-installed-them-they-were-malware,[software:x_extension_id = 'kgmeffmlnkfnjpgmdndccklfigfhajen'],stix,Software,"malware,malicious,browser-extension",85,2026-08-19T22:58:58Z,90
indicator,Browser Extension: Free Weather Forecast,Extension ID: dpdibkjjgbaadnnjhkmmnenkmbnhpobj. Category: malware. chrome. Ref: https://www.koi.ai/blog/google-and-microsoft-trusted-them-2-3-million-users-installed-them-they-were-malware,[software:x_extension_id = 'dpdibkjjgbaadnnjhkmmnenkmbnhpobj'],stix,Software,"malware,malicious,browser-extension",85,2026-08-19T22:58:58Z,90
indicator,Browser Extension: Video Speed Controller â Video manager,Extension ID: gaiceihehajjahakcglkhmdbbdclbnlf. Category: malware. chrome. Ref: https://www.koi.ai/blog/google-and-microsoft-trusted-them-2-3-million-users-installed-them-they-were-malware,[software:x_extension_id = 'gaiceihehajjahakcglkhmdbbdclbnlf'],stix,Software,"malware,malicious,browser-extension",85,2026-08-19T22:58:58Z,90
indicator,Browser Extension: Unlock Discord â VPN Proxy to Unblock Discord Anywhere,Extension ID: mlgbkfnjdmaoldgagamcnommbbnhfnhf. Category: malware. chrome. Ref: https://www.koi.ai/blog/google-and-microsoft-trusted-them-2-3-million-users-installed-them-they-were-malware,[software:x_extension_id = 'mlgbkfnjdmaoldgagamcnommbbnhfnhf'],stix,Software,"malware,malicious,browser-extension",85,2026-08-19T22:58:58Z,90
indicator,Browser Extension: Dark Theme â Dark Reader for Chrome,Extension ID: eckokfcjbjbgjifpcbdmengnabecdakp. Category: malware. chrome. Ref: https://www.koi.ai/blog/google-and-microsoft-trusted-them-2-3-million-users-installed-them-they-were-malware,[software:x_extension_id = 'eckokfcjbjbgjifpcbdmengnabecdakp'],stix,Software,"malware,malicious,browser-extension",85,2026-08-19T22:58:58Z,90
indicator,Browser Extension: Volume Max â Ultimate Sound Booster,Extension ID: mgbhdehiapbjamfgekfpebmhmnmcmemg. Category: malware. chrome. Ref: https://www.koi.ai/blog/google-and-microsoft-trusted-them-2-3-million-users-installed-them-they-were-malware,[software:x_extension_id = 'mgbhdehiapbjamfgekfpebmhmnmcmemg'],stix,Software,"malware,malicious,browser-extension",85,2026-08-19T22:58:58Z,90
indicator,Browser Extension: Unblock TikTok â Seamless Access with One-Click Proxy,Extension ID: cbajickflblmpjodnjoldpiicfmecmif. Category: malware. chrome. Ref: https://www.koi.ai/blog/google-and-microsoft-trusted-them-2-3-million-users-installed-them-they-were-malware,[software:x_extension_id = 'cbajickflblmpjodnjoldpiicfmecmif'],stix,Software,"malware,malicious,browser-extension",85,2026-08-19T22:58:58Z,90
indicator,Browser Extension: Unlock YouTube VPN,Extension ID: pdbfcnhlobhoahcamoefbfodpmklgmjm. Category: malware. chrome. Ref: https://www.koi.ai/blog/google-and-microsoft-trusted-them-2-3-million-users-installed-them-they-were-malware,[software:x_extension_id = 'pdbfcnhlobhoahcamoefbfodpmklgmjm'],stix,Software,"malware,malicious,browser-extension",85,2026-08-19T22:58:58Z,90
indicator,"Browser Extension: Color Picker, Eyedropper â Geco colorpick",Extension ID: eokjikchkppnkdipbiggnmlkahcdkikp. Category: malware. chrome. Ref: https://www.koi.ai/blog/google-and-microsoft-trusted-them-2-3-million-users-installed-them-they-were-malware,[software:x_extension_id = 'eokjikchkppnkdipbiggnmlkahcdkikp'],stix,Software,"malware,malicious,browser-extension",85,2026-08-19T22:58:58Z,90
indicator,Browser Extension: Weather,Extension ID: ihbiedpeaicgipncdnnkikeehnjiddck. Category: malware. chrome. Ref: https://www.koi.ai/blog/google-and-microsoft-trusted-them-2-3-million-users-installed-them-they-were-malware,[software:x_extension_id = 'ihbiedpeaicgipncdnnkikeehnjiddck'],stix,Software,"malware,malicious,browser-extension",85,2026-08-19T22:58:58Z,90
indicator,Browser Extension: Unlock TikTok,Extension ID: jjdajogomggcjifnjgkpghcijgkbcjdi. Category: malware. edge. Ref: https://www.koi.ai/blog/google-and-microsoft-trusted-them-2-3-million-users-installed-them-they-were-malware,[software:x_extension_id = 'jjdajogomggcjifnjgkpghcijgkbcjdi'],stix,Software,"malware,malicious,browser-extension",85,2026-08-19T22:58:58Z,90
indicator,Browser Extension: Volume Booster â Increase your sound,Extension ID: mmcnmppeeghenglmidpmjkaiamcacmgm. Category: malware. edge. Ref: https://www.koi.ai/blog/google-and-microsoft-trusted-them-2-3-million-users-installed-them-they-were-malware,[software:x_extension_id = 'mmcnmppeeghenglmidpmjkaiamcacmgm'],stix,Software,"malware,malicious,browser-extension",85,2026-08-19T22:58:58Z,90
indicator,Browser Extension: Web Sound Equalizer,Extension ID: ojdkklpgpacpicaobnhankbalkkgaafp. Category: malware. edge. Ref: https://www.koi.ai/blog/google-and-microsoft-trusted-them-2-3-million-users-installed-them-they-were-malware,[software:x_extension_id = 'ojdkklpgpacpicaobnhankbalkkgaafp'],stix,Software,"malware,malicious,browser-extension",85,2026-08-19T22:58:58Z,90
indicator,Browser Extension: Header Value,Extension ID: lodeighbngipjjedfelnboplhgediclp. Category: malware. edge. Ref: https://www.koi.ai/blog/google-and-microsoft-trusted-them-2-3-million-users-installed-them-they-were-malware,[software:x_extension_id = 'lodeighbngipjjedfelnboplhgediclp'],stix,Software,"malware,malicious,browser-extension",85,2026-08-19T22:58:58Z,90
indicator,Browser Extension: Flash Player â games emulator,Extension ID: hkjagicdaogfgdifaklcgajmgefjllmd. Category: malware. edge. Ref: https://www.koi.ai/blog/google-and-microsoft-trusted-them-2-3-million-users-installed-them-they-were-malware,[software:x_extension_id = 'hkjagicdaogfgdifaklcgajmgefjllmd'],stix,Software,"malware,malicious,browser-extension",85,2026-08-19T22:58:58Z,90
indicator,Browser Extension: Youtube Unblocked,Extension ID: gflkbgebojohihfnnplhbdakoipdbpdm. Category: malware. edge. Ref: https://www.koi.ai/blog/google-and-microsoft-trusted-them-2-3-million-users-installed-them-they-were-malware,[software:x_extension_id = 'gflkbgebojohihfnnplhbdakoipdbpdm'],stix,Software,"malware,malicious,browser-extension",85,2026-08-19T22:58:58Z,90
indicator,Browser Extension: SearchGPT â ChatGPT for Search Engine,Extension ID: kpilmncnoafddjpnbhepaiilgkdcieaf. Category: malware. edge. Ref: https://www.koi.ai/blog/google-and-microsoft-trusted-them-2-3-million-users-installed-them-they-were-malware,[software:x_extension_id = 'kpilmncnoafddjpnbhepaiilgkdcieaf'],stix,Software,"malware,malicious,browser-extension",85,2026-08-19T22:58:58Z,90
indicator,Browser Extension: Unlock Discord,Extension ID: caibdnkmpnjhjdfnomfhijhmebigcelo. Category: malware. edge. Ref: https://www.koi.ai/blog/google-and-microsoft-trusted-them-2-3-million-users-installed-them-they-were-malware,[software:x_extension_id = 'caibdnkmpnjhjdfnomfhijhmebigcelo'],stix,Software,"malware,malicious,browser-extension",85,2026-08-19T22:58:58Z,90
indicator,Browser Extension: VK Styles - Themes for vk.com,Extension ID: ceibjdigmfbbgcpkkdpmjokkokklodmc. Category: malware. chrome. Ref: https://www.koi.ai/blog/vk-styles-500k-users-infected-by-chrome-extensions-that-hijack-vkontakte-accounts,[software:x_extension_id = 'ceibjdigmfbbgcpkkdpmjokkokklodmc'],stix,Software,"malware,malicious,browser-extension",85,2026-08-19T22:58:58Z,90
indicator,Browser Extension: VK Music - audio saver,Extension ID: mflibpdjoodmoppignjhciadahapkoch. Category: malware. chrome. Ref: https://www.koi.ai/blog/vk-styles-500k-users-infected-by-chrome-extensions-that-hijack-vkontakte-accounts,[software:x_extension_id = 'mflibpdjoodmoppignjhciadahapkoch'],stix,Software,"malware,malicious,browser-extension",85,2026-08-19T22:58:58Z,90
indicator,Browser Extension: Music Downloader - VKsaver,Extension ID: lgakkahjfibfgmacigibnhcgepajgfdb. Category: malware. chrome. Ref: https://www.koi.ai/blog/vk-styles-500k-users-infected-by-chrome-extensions-that-hijack-vkontakte-accounts,[software:x_extension_id = 'lgakkahjfibfgmacigibnhcgepajgfdb'],stix,Software,"malware,malicious,browser-extension",85,2026-08-19T22:58:58Z,90
indicator,Browser Extension: vksaver - music saver vk,Extension ID: bndkfmmbidllaiccmpnbdonijmicaafn. Category: malware. chrome. Ref: https://www.koi.ai/blog/vk-styles-500k-users-infected-by-chrome-extensions-that-hijack-vkontakte-accounts,[software:x_extension_id = 'bndkfmmbidllaiccmpnbdonijmicaafn'],stix,Software,"malware,malicious,browser-extension",85,2026-08-19T22:58:58Z,90
indicator,Browser Extension: VKfeed - Download music and video from VK,Extension ID: pcdgkgbadeggbnodegejccjffnoakcoh. Category: malware. chrome. Ref: https://www.koi.ai/blog/vk-styles-500k-users-infected-by-chrome-extensions-that-hijack-vkontakte-accounts,[software:x_extension_id = 'pcdgkgbadeggbnodegejccjffnoakcoh'],stix,Software,"malware,malicious,browser-extension",85,2026-08-19T22:58:58Z,90
indicator,Browser Extension: DataByCloud Access,Extension ID: oldhjammhkghhahhhdcifmmlefibciph. Category: malware. chrome. Ref: https://socket.dev/blog/5-malicious-chrome-extensions-enable-session-hijacking,[software:x_extension_id = 'oldhjammhkghhahhhdcifmmlefibciph'],stix,Software,"malware,malicious,browser-extension",85,2026-08-19T22:58:58Z,90
indicator,Browser Extension: Tool Access 11,Extension ID: ijapakghdgckgblfgjobhcfglebbkebf. Category: malware. chrome. Ref: https://socket.dev/blog/5-malicious-chrome-extensions-enable-session-hijacking,[software:x_extension_id = 'ijapakghdgckgblfgjobhcfglebbkebf'],stix,Software,"malware,malicious,browser-extension",85,2026-08-19T22:58:58Z,90
indicator,Browser Extension: Data By Cloud 2,Extension ID: makdmacamkifdldldlelollkkjnoiedg. Category: malware. chrome. Ref: https://socket.dev/blog/5-malicious-chrome-extensions-enable-session-hijacking,[software:x_extension_id = 'makdmacamkifdldldlelollkkjnoiedg'],stix,Software,"malware,malicious,browser-extension",85,2026-08-19T22:58:58Z,90
indicator,Browser Extension: Data By Cloud 1,Extension ID: mbjjeombjeklkbndcjgmfcdhfbjngcam. Category: malware. chrome. Ref: https://socket.dev/blog/5-malicious-chrome-extensions-enable-session-hijacking,[software:x_extension_id = 'mbjjeombjeklkbndcjgmfcdhfbjngcam'],stix,Software,"malware,malicious,browser-extension",85,2026-08-19T22:58:58Z,90
indicator,Browser Extension: Software Access,Extension ID: bmodapcihjhklpogdpblefpepjolaoij. Category: malware. chrome. Ref: https://socket.dev/blog/5-malicious-chrome-extensions-enable-session-hijacking,[software:x_extension_id = 'bmodapcihjhklpogdpblefpepjolaoij'],stix,Software,"malware,malicious,browser-extension",85,2026-08-19T22:58:58Z,90
indicator,Browser Extension: Phantom Shuttle,Extension ID: fbfldogmkadejddihifklefknmikncaj. Category: malware. chrome. Ref: https://socket.dev/blog/malicious-chrome-extensions-phantom-shuttle,[software:x_extension_id = 'fbfldogmkadejddihifklefknmikncaj'],stix,Software,"malware,malicious,browser-extension",85,2026-08-19T22:58:58Z,90
indicator,Browser Extension: Phantom Shuttle,Extension ID: ocpcmfmiidofonkbodpdhgddhlcmcofd. Category: malware. chrome. Ref: https://socket.dev/blog/malicious-chrome-extensions-phantom-shuttle,[software:x_extension_id = 'ocpcmfmiidofonkbodpdhgddhlcmcofd'],stix,Software,"malware,malicious,browser-extension",85,2026-08-19T22:58:58Z,90
indicator,Browser Extension: Free Unlimited VPN,Extension ID: fgpecemjbefkjlcgnhjohdonijdkfooj. Category: malware. chrome. Ref: https://layerxsecurity.com/blog/rolypoly-vpn-the-malicious-free-vpn-extension-that-keeps-coming-back/,[software:x_extension_id = 'fgpecemjbefkjlcgnhjohdonijdkfooj'],stix,Software,"malware,malicious,browser-extension",85,2026-08-19T22:58:58Z,90
indicator,Browser Extension: VPN Professional - Free Unlimited VPN Proxy,Extension ID: kekfppnajjchccpkfaogiomfcncbgagc. Category: malware. chrome. Ref: https://layerxsecurity.com/blog/rolypoly-vpn-the-malicious-free-vpn-extension-that-keeps-coming-back/,[software:x_extension_id = 'kekfppnajjchccpkfaogiomfcncbgagc'],stix,Software,"malware,malicious,browser-extension",85,2026-08-19T22:58:58Z,90
indicator,Browser Extension: Ads Cleaner for Facebook,Extension ID: nhiafglcjghpmcipelflfhkckdpcokid. Category: malware. chrome. Ref: https://layerxsecurity.com/blog/rolypoly-vpn-the-malicious-free-vpn-extension-that-keeps-coming-back/,[software:x_extension_id = 'nhiafglcjghpmcipelflfhkckdpcokid'],stix,Software,"malware,malicious,browser-extension",85,2026-08-19T22:58:58Z,90
indicator,Browser Extension: Ð¡ÐºÐ°ÑÐ°ÑÑ Ð¼ÑÐ·ÑÐºÑ,Extension ID: hfofhoffdcfcjgmilkpnhkamcgemaban. Category: malware. chrome. Ref: https://layerxsecurity.com/blog/rolypoly-vpn-the-malicious-free-vpn-extension-that-keeps-coming-back/,[software:x_extension_id = 'hfofhoffdcfcjgmilkpnhkamcgemaban'],stix,Software,"malware,malicious,browser-extension",85,2026-08-19T22:58:58Z,90
indicator,Browser Extension: VPN Professional - Free Secure and Unlimited VPN Proxy Chrome Extension,Extension ID: foiopecknacmiihiocgdjgbjokkpkohc. Category: malware. chrome. Ref: https://layerxsecurity.com/blog/rolypoly-vpn-the-malicious-free-vpn-extension-that-keeps-coming-back/,[software:x_extension_id = 'foiopecknacmiihiocgdjgbjokkpkohc'],stix,Software,"malware,malicious,browser-extension",85,2026-08-19T22:58:58Z,90
indicator,Browser Extension: VPN-free.pro - Free Unlimited VPN,Extension ID: bibjcjfmgapbfoljiojpipaooddpkpai. Category: malware. chrome. Ref: https://layerxsecurity.com/blog/rolypoly-vpn-the-malicious-free-vpn-extension-that-keeps-coming-back/,[software:x_extension_id = 'bibjcjfmgapbfoljiojpipaooddpkpai'],stix,Software,"malware,malicious,browser-extension",85,2026-08-19T22:58:58Z,90
indicator,Browser Extension: Ads Blocker,Extension ID: ngahaphlngmdfhbhkplbglnfhehnpgdb. Category: malware. chrome. Ref: https://layerxsecurity.com/blog/rolypoly-vpn-the-malicious-free-vpn-extension-that-keeps-coming-back/,[software:x_extension_id = 'ngahaphlngmdfhbhkplbglnfhehnpgdb'],stix,Software,"malware,malicious,browser-extension",85,2026-08-19T22:58:58Z,90
indicator,Browser Extension: OKmusic - ÑÐºÐ°ÑÐ°ÑÑ Ð¼ÑÐ·ÑÐºÑ Ð¸ Ð²Ð¸Ð´ÐµÐ¾ ÐÐ´Ð½Ð¾ÐºÐ»Ð°ÑÑÐ½Ð¸ÐºÐ¸ | OK.ru Music Downloader,Extension ID: ibibeegnncapfdcgpdnnbjbbojglhlmk. Category: malware. chrome. Ref: https://layerxsecurity.com/blog/rolypoly-vpn-the-malicious-free-vpn-extension-that-keeps-coming-back/,[software:x_extension_id = 'ibibeegnncapfdcgpdnnbjbbojglhlmk'],stix,Software,"malware,malicious,browser-extension",85,2026-08-19T22:58:58Z,90
indicator,Browser Extension: Speed Dial | Bookmarks | New Tab Page | Quick Access | Custom Search,Extension ID: anlhakiodmebohjmkbciohpglnjifjaa. Category: malware. chrome. Ref: https://layerxsecurity.com/blog/rolypoly-vpn-the-malicious-free-vpn-extension-that-keeps-coming-back/,[software:x_extension_id = 'anlhakiodmebohjmkbciohpglnjifjaa'],stix,Software,"malware,malicious,browser-extension",85,2026-08-19T22:58:58Z,90
indicator,Browser Extension: Good Tab,Extension ID: glckmpfajbjppappjlnhhlofhdhlcgaj. Category: malware. chrome. Ref: https://www.security.com/threat-intelligence/chrome-extensions-are-you-getting-more-you-bargained,[software:x_extension_id = 'glckmpfajbjppappjlnhhlofhdhlcgaj'],stix,Software,"malware,malicious,browser-extension",85,2026-08-19T22:58:58Z,90
indicator,Browser Extension: Children Protection,Extension ID: giecgobdmgdamgffeoankaipjkdjbfep. Category: malware. chrome. Ref: https://www.security.com/threat-intelligence/chrome-extensions-are-you-getting-more-you-bargained,[software:x_extension_id = 'giecgobdmgdamgffeoankaipjkdjbfep'],stix,Software,"malware,malicious,browser-extension",85,2026-08-19T22:58:58Z,90
indicator,Browser Extension: DPS Websafe,Extension ID: bjoddpbfndnpeohkmpbjfhcppkhgobcg. Category: malware. chrome. Ref: https://www.security.com/threat-intelligence/chrome-extensions-are-you-getting-more-you-bargained,[software:x_extension_id = 'bjoddpbfndnpeohkmpbjfhcppkhgobcg'],stix,Software,"malware,malicious,browser-extension",85,2026-08-19T22:58:58Z,90
indicator,Browser Extension: Stock Informer,Extension ID: beifiidafjobphnbhbbgmgnndjolfcho. Category: malware. chrome. Ref: https://www.security.com/threat-intelligence/chrome-extensions-are-you-getting-more-you-bargained,[software:x_extension_id = 'beifiidafjobphnbhbbgmgnndjolfcho'],stix,Software,"malware,malicious,browser-extension",85,2026-08-19T22:58:58Z,90
indicator,Browser Extension: chrome,Extension ID: eagiakjmjnblliacokhcalebgnhellfi. Category: malware. chrome. Ref: https://www.koi.ai/blog/4-million-browsers-infected-inside-shadypanda-7-year-malware-campaign,[software:x_extension_id = 'eagiakjmjnblliacokhcalebgnhellfi'],stix,Software,"malware,malicious,browser-extension",85,2026-08-19T22:58:58Z,90
indicator,Browser Extension: chrome,Extension ID: ibiejjpajlfljcgjndbonclhcbdcamai. Category: malware. chrome. Ref: https://www.koi.ai/blog/4-million-browsers-infected-inside-shadypanda-7-year-malware-campaign,[software:x_extension_id = 'ibiejjpajlfljcgjndbonclhcbdcamai'],stix,Software,"malware,malicious,browser-extension",85,2026-08-19T22:58:58Z,90
indicator,Browser Extension: chrome,Extension ID: ogjneoecnllmjcegcfpaamfpbiaaiekh. Category: malware. chrome. Ref: https://www.koi.ai/blog/4-million-browsers-infected-inside-shadypanda-7-year-malware-campaign,[software:x_extension_id = 'ogjneoecnllmjcegcfpaamfpbiaaiekh'],stix,Software,"malware,malicious,browser-extension",85,2026-08-19T22:58:58Z,90
indicator,Browser Extension: chrome,Extension ID: jbnopeoocgbmnochaadfnhiiimfpbpmf. Category: malware. chrome. Ref: https://www.koi.ai/blog/4-million-browsers-infected-inside-shadypanda-7-year-malware-campaign,[software:x_extension_id = 'jbnopeoocgbmnochaadfnhiiimfpbpmf'],stix,Software,"malware,malicious,browser-extension",85,2026-08-19T22:58:58Z,90
indicator,Browser Extension: chrome,Extension ID: ineempkjpmbdejmdgienaphomigjjiej. Category: malware. chrome. Ref: https://www.koi.ai/blog/4-million-browsers-infected-inside-shadypanda-7-year-malware-campaign,[software:x_extension_id = 'ineempkjpmbdejmdgienaphomigjjiej'],stix,Software,"malware,malicious,browser-extension",85,2026-08-19T22:58:58Z,90
indicator,Browser Extension: chrome,Extension ID: nnnklgkfdfbdijeeglhjfleaoagiagig. Category: malware. chrome. Ref: https://www.koi.ai/blog/4-million-browsers-infected-inside-shadypanda-7-year-malware-campaign,[software:x_extension_id = 'nnnklgkfdfbdijeeglhjfleaoagiagig'],stix,Software,"malware,malicious,browser-extension",85,2026-08-19T22:58:58Z,90
indicator,Browser Extension: chrome,Extension ID: mljmfnkjmcdmongjnnnbbnajjdbojoci. Category: malware. chrome. Ref: https://www.koi.ai/blog/4-million-browsers-infected-inside-shadypanda-7-year-malware-campaign,[software:x_extension_id = 'mljmfnkjmcdmongjnnnbbnajjdbojoci'],stix,Software,"malware,malicious,browser-extension",85,2026-08-19T22:58:58Z,90
indicator,Browser Extension: chrome,Extension ID: llkncpcdceadgibhbedecmkencokjajg. Category: malware. chrome. Ref: https://www.koi.ai/blog/4-million-browsers-infected-inside-shadypanda-7-year-malware-campaign,[software:x_extension_id = 'llkncpcdceadgibhbedecmkencokjajg'],stix,Software,"malware,malicious,browser-extension",85,2026-08-19T22:58:58Z,90
indicator,Browser Extension: chrome,Extension ID: nmfbniajnpceakchicdhfofoejhgjefb. Category: malware. chrome. Ref: https://www.koi.ai/blog/4-million-browsers-infected-inside-shadypanda-7-year-malware-campaign,[software:x_extension_id = 'nmfbniajnpceakchicdhfofoejhgjefb'],stix,Software,"malware,malicious,browser-extension",85,2026-08-19T22:58:58Z,90
indicator,Browser Extension: chrome,Extension ID: ijcpbhmpbaafndchbjdjchogaogelnjl. Category: malware. chrome. Ref: https://www.koi.ai/blog/4-million-browsers-infected-inside-shadypanda-7-year-malware-campaign,[software:x_extension_id = 'ijcpbhmpbaafndchbjdjchogaogelnjl'],stix,Software,"malware,malicious,browser-extension",85,2026-08-19T22:58:58Z,90
indicator,Browser Extension: chrome,Extension ID: olaahjgjlhoehkpemnfognpgmkbedodk. Category: malware. chrome. Ref: https://www.koi.ai/blog/4-million-browsers-infected-inside-shadypanda-7-year-malware-campaign,[software:x_extension_id = 'olaahjgjlhoehkpemnfognpgmkbedodk'],stix,Software,"malware,malicious,browser-extension",85,2026-08-19T22:58:58Z,90
indicator,Browser Extension: chrome,Extension ID: gnhgdhlkojnlgljamagoigaabdmfhfeg. Category: malware. chrome. Ref: https://www.koi.ai/blog/4-million-browsers-infected-inside-shadypanda-7-year-malware-campaign,[software:x_extension_id = 'gnhgdhlkojnlgljamagoigaabdmfhfeg'],stix,Software,"malware,malicious,browser-extension",85,2026-08-19T22:58:58Z,90
indicator,Browser Extension: chrome,Extension ID: cihbmmokhmieaidfgamioabhhkggnehm. Category: malware. chrome. Ref: https://www.koi.ai/blog/4-million-browsers-infected-inside-shadypanda-7-year-malware-campaign,[software:x_extension_id = 'cihbmmokhmieaidfgamioabhhkggnehm'],stix,Software,"malware,malicious,browser-extension",85,2026-08-19T22:58:58Z,90
indicator,Browser Extension: chrome,Extension ID: lehjnmndiohfaphecnjhopgookigekdk. Category: malware. chrome. Ref: https://www.koi.ai/blog/4-million-browsers-infected-inside-shadypanda-7-year-malware-campaign,[software:x_extension_id = 'lehjnmndiohfaphecnjhopgookigekdk'],stix,Software,"malware,malicious,browser-extension",85,2026-08-19T22:58:58Z,90
indicator,Browser Extension: chrome,Extension ID: hlcjkaoneihodfmonjnlnnfpdcopgfjk. Category: malware. chrome. Ref: https://www.koi.ai/blog/4-million-browsers-infected-inside-shadypanda-7-year-malware-campaign,[software:x_extension_id = 'hlcjkaoneihodfmonjnlnnfpdcopgfjk'],stix,Software,"malware,malicious,browser-extension",85,2026-08-19T22:58:58Z,90
indicator,Browser Extension: chrome,Extension ID: hmhifpbclhgklaaepgbabgcpfgidkoei. Category: malware. chrome. Ref: https://www.koi.ai/blog/4-million-browsers-infected-inside-shadypanda-7-year-malware-campaign,[software:x_extension_id = 'hmhifpbclhgklaaepgbabgcpfgidkoei'],stix,Software,"malware,malicious,browser-extension",85,2026-08-19T22:58:58Z,90
indicator,Browser Extension: chrome,Extension ID: lnlononncfdnhdfmgpkdfoibmfdehfoj. Category: malware. chrome. Ref: https://www.koi.ai/blog/4-million-browsers-infected-inside-shadypanda-7-year-malware-campaign,[software:x_extension_id = 'lnlononncfdnhdfmgpkdfoibmfdehfoj'],stix,Software,"malware,malicious,browser-extension",85,2026-08-19T22:58:58Z,90
indicator,Browser Extension: chrome,Extension ID: nagbiboibhbjbclhcigklajjdefaiidc. Category: malware. chrome. Ref: https://www.koi.ai/blog/4-million-browsers-infected-inside-shadypanda-7-year-malware-campaign,[software:x_extension_id = 'nagbiboibhbjbclhcigklajjdefaiidc'],stix,Software,"malware,malicious,browser-extension",85,2026-08-19T22:58:58Z,90
indicator,Browser Extension: chrome,Extension ID: ofkopmlicnffaiiabnmnaajaimmenkjn. Category: malware. chrome. Ref: https://www.koi.ai/blog/4-million-browsers-infected-inside-shadypanda-7-year-malware-campaign,[software:x_extension_id = 'ofkopmlicnffaiiabnmnaajaimmenkjn'],stix,Software,"malware,malicious,browser-extension",85,2026-08-19T22:58:58Z,90
indicator,Browser Extension: chrome,Extension ID: ocffbdeldlbilgegmifiakciiicnoaeo. Category: malware. chrome. Ref: https://www.koi.ai/blog/4-million-browsers-infected-inside-shadypanda-7-year-malware-campaign,[software:x_extension_id = 'ocffbdeldlbilgegmifiakciiicnoaeo'],stix,Software,"malware,malicious,browser-extension",85,2026-08-19T22:58:58Z,90
indicator,Browser Extension: chrome,Extension ID: eaokmbopbenbmgegkmoiogmpejlaikea. Category: malware. chrome. Ref: https://www.koi.ai/blog/4-million-browsers-infected-inside-shadypanda-7-year-malware-campaign,[software:x_extension_id = 'eaokmbopbenbmgegkmoiogmpejlaikea'],stix,Software,"malware,malicious,browser-extension",85,2026-08-19T22:58:58Z,90
indicator,Browser Extension: chrome,Extension ID: lhiehjmkpbhhkfapacaiheolgejcifgd. Category: malware. chrome. Ref: https://www.koi.ai/blog/4-million-browsers-infected-inside-shadypanda-7-year-malware-campaign,[software:x_extension_id = 'lhiehjmkpbhhkfapacaiheolgejcifgd'],stix,Software,"malware,malicious,browser-extension",85,2026-08-19T22:58:58Z,90
indicator,Browser Extension: chrome,Extension ID: ondhgmkgppbdnogfiglikgpdkmkaiggk. Category: malware. chrome. Ref: https://www.koi.ai/blog/4-million-browsers-infected-inside-shadypanda-7-year-malware-campaign,[software:x_extension_id = 'ondhgmkgppbdnogfiglikgpdkmkaiggk'],stix,Software,"malware,malicious,browser-extension",85,2026-08-19T22:58:58Z,90
indicator,Browser Extension: chrome,Extension ID: imdgpklnabbkghcbhmkbjbhcomnfdige. Category: malware. chrome. Ref: https://www.koi.ai/blog/4-million-browsers-infected-inside-shadypanda-7-year-malware-campaign,[software:x_extension_id = 'imdgpklnabbkghcbhmkbjbhcomnfdige'],stix,Software,"malware,malicious,browser-extension",85,2026-08-19T22:58:58Z,90
indicator,Browser Extension: edge,Extension ID: bpelnogcookhocnaokfpoeinibimbeff. Category: malware. edge. Ref: https://www.koi.ai/blog/4-million-browsers-infected-inside-shadypanda-7-year-malware-campaign,[software:x_extension_id = 'bpelnogcookhocnaokfpoeinibimbeff'],stix,Software,"malware,malicious,browser-extension",85,2026-08-19T22:58:58Z,90
indicator,Browser Extension: edge,Extension ID: enkihkfondbngohnmlefmobdgkpmejha. Category: malware. edge. Ref: https://www.koi.ai/blog/4-million-browsers-infected-inside-shadypanda-7-year-malware-campaign,[software:x_extension_id = 'enkihkfondbngohnmlefmobdgkpmejha'],stix,Software,"malware,malicious,browser-extension",85,2026-08-19T22:58:58Z,90
indicator,Browser Extension: edge,Extension ID: hajlmbnnniemimmaehcefkamdadpjlfa. Category: malware. edge. Ref: https://www.koi.ai/blog/4-million-browsers-infected-inside-shadypanda-7-year-malware-campaign,[software:x_extension_id = 'hajlmbnnniemimmaehcefkamdadpjlfa'],stix,Software,"malware,malicious,browser-extension",85,2026-08-19T22:58:58Z,90
indicator,Browser Extension: edge,Extension ID: aadnmeanpbokjjahcnikajejglihibpd. Category: malware. edge. Ref: https://www.koi.ai/blog/4-million-browsers-infected-inside-shadypanda-7-year-malware-campaign,[software:x_extension_id = 'aadnmeanpbokjjahcnikajejglihibpd'],stix,Software,"malware,malicious,browser-extension",85,2026-08-19T22:58:58Z,90
indicator,Browser Extension: edge,Extension ID: ipnidmjhnoipibbinllilgeohohehabl. Category: malware. edge. Ref: https://www.koi.ai/blog/4-million-browsers-infected-inside-shadypanda-7-year-malware-campaign,[software:x_extension_id = 'ipnidmjhnoipibbinllilgeohohehabl'],stix,Software,"malware,malicious,browser-extension",85,2026-08-19T22:58:58Z,90
indicator,Browser Extension: edge,Extension ID: fnnigcfbmghcefaboigkhfimeolhhbcp. Category: malware. edge. Ref: https://www.koi.ai/blog/4-million-browsers-infected-inside-shadypanda-7-year-malware-campaign,[software:x_extension_id = 'fnnigcfbmghcefaboigkhfimeolhhbcp'],stix,Software,"malware,malicious,browser-extension",85,2026-08-19T22:58:58Z,90
indicator,Browser Extension: edge,Extension ID: nlcebdoehkdiojeahkofcfnolkleembf. Category: malware. edge. Ref: https://www.koi.ai/blog/4-million-browsers-infected-inside-shadypanda-7-year-malware-campaign,[software:x_extension_id = 'nlcebdoehkdiojeahkofcfnolkleembf'],stix,Software,"malware,malicious,browser-extension",85,2026-08-19T22:58:58Z,90
indicator,Browser Extension: edge,Extension ID: fhababnomjcnhmobbemagohkldaeicad. Category: malware. edge. Ref: https://www.koi.ai/blog/4-million-browsers-infected-inside-shadypanda-7-year-malware-campaign,[software:x_extension_id = 'fhababnomjcnhmobbemagohkldaeicad'],stix,Software,"malware,malicious,browser-extension",85,2026-08-19T22:58:58Z,90
indicator,Browser Extension: edge,Extension ID: nokknhlkpdfppefncfkdebhgfpfilieo. Category: malware. edge. Ref: https://www.koi.ai/blog/4-million-browsers-infected-inside-shadypanda-7-year-malware-campaign,[software:x_extension_id = 'nokknhlkpdfppefncfkdebhgfpfilieo'],stix,Software,"malware,malicious,browser-extension",85,2026-08-19T22:58:58Z,90
indicator,Browser Extension: edge,Extension ID: ljmcneongnlaecabgneiippeacdoimaa. Category: malware. edge. Ref: https://www.koi.ai/blog/4-million-browsers-infected-inside-shadypanda-7-year-malware-campaign,[software:x_extension_id = 'ljmcneongnlaecabgneiippeacdoimaa'],stix,Software,"malware,malicious,browser-extension",85,2026-08-19T22:58:58Z,90
indicator,Browser Extension: edge,Extension ID: onifebiiejdjncjpjnojlebibonmnhog. Category: malware. edge. Ref: https://www.koi.ai/blog/4-million-browsers-infected-inside-shadypanda-7-year-malware-campaign,[software:x_extension_id = 'onifebiiejdjncjpjnojlebibonmnhog'],stix,Software,"malware,malicious,browser-extension",85,2026-08-19T22:58:58Z,90
indicator,Browser Extension: edge,Extension ID: dbagndmcddecodlmnlcmhheicgkaglpk. Category: malware. edge. Ref: https://www.koi.ai/blog/4-million-browsers-infected-inside-shadypanda-7-year-malware-campaign,[software:x_extension_id = 'dbagndmcddecodlmnlcmhheicgkaglpk'],stix,Software,"malware,malicious,browser-extension",85,2026-08-19T22:58:58Z,90
indicator,Browser Extension: edge,Extension ID: fmgfcpjmmapcjlknncjgmbolgaecngfo. Category: malware. edge. Ref: https://www.koi.ai/blog/4-million-browsers-infected-inside-shadypanda-7-year-malware-campaign,[software:x_extension_id = 'fmgfcpjmmapcjlknncjgmbolgaecngfo'],stix,Software,"malware,malicious,browser-extension",85,2026-08-19T22:58:58Z,90
indicator,Browser Extension: edge,Extension ID: kgmlodoegkmpfkbepkfhgeldidodgohd. Category: malware. edge. Ref: https://www.koi.ai/blog/4-million-browsers-infected-inside-shadypanda-7-year-malware-campaign,[software:x_extension_id = 'kgmlodoegkmpfkbepkfhgeldidodgohd'],stix,Software,"malware,malicious,browser-extension",85,2026-08-19T22:58:58Z,90
indicator,Browser Extension: edge,Extension ID: hegpgapbnfiibpbkanjemgmdpmmlecbc. Category: malware. edge. Ref: https://www.koi.ai/blog/4-million-browsers-infected-inside-shadypanda-7-year-malware-campaign,[software:x_extension_id = 'hegpgapbnfiibpbkanjemgmdpmmlecbc'],stix,Software,"malware,malicious,browser-extension",85,2026-08-19T22:58:58Z,90
indicator,Browser Extension: edge,Extension ID: gkanlgbbnncfafkhlchnadcopcgjkfli. Category: malware. edge. Ref: https://www.koi.ai/blog/4-million-browsers-infected-inside-shadypanda-7-year-malware-campaign,[software:x_extension_id = 'gkanlgbbnncfafkhlchnadcopcgjkfli'],stix,Software,"malware,malicious,browser-extension",85,2026-08-19T22:58:58Z,90
indicator,Browser Extension: edge,Extension ID: oghgaghnofhhoolfneepjneedejcpiic. Category: malware. edge. Ref: https://www.koi.ai/blog/4-million-browsers-infected-inside-shadypanda-7-year-malware-campaign,[software:x_extension_id = 'oghgaghnofhhoolfneepjneedejcpiic'],stix,Software,"malware,malicious,browser-extension",85,2026-08-19T22:58:58Z,90
indicator,Browser Extension: edge,Extension ID: fcidgbgogbfdcgijkcfdjcagmhcelpbc. Category: malware. edge. Ref: https://www.koi.ai/blog/4-million-browsers-infected-inside-shadypanda-7-year-malware-campaign,[software:x_extension_id = 'fcidgbgogbfdcgijkcfdjcagmhcelpbc'],stix,Software,"malware,malicious,browser-extension",85,2026-08-19T22:58:58Z,90
indicator,Browser Extension: edge,Extension ID: domfmjgbmkckapepjahpedlpdedmckbj. Category: malware. edge. Ref: https://www.koi.ai/blog/4-million-browsers-infected-inside-shadypanda-7-year-malware-campaign,[software:x_extension_id = 'domfmjgbmkckapepjahpedlpdedmckbj'],stix,Software,"malware,malicious,browser-extension",85,2026-08-19T22:58:58Z,90
indicator,Browser Extension: edge,Extension ID: cbkogccidanmoaicgphipbdofakomlak. Category: malware. edge. Ref: https://www.koi.ai/blog/4-million-browsers-infected-inside-shadypanda-7-year-malware-campaign,[software:x_extension_id = 'cbkogccidanmoaicgphipbdofakomlak'],stix,Software,"malware,malicious,browser-extension",85,2026-08-19T22:58:58Z,90
indicator,Browser Extension: edge,Extension ID: bmlifknbfonkgphkpmkeoahgbhbdhebh. Category: malware. edge. Ref: https://www.koi.ai/blog/4-million-browsers-infected-inside-shadypanda-7-year-malware-campaign,[software:x_extension_id = 'bmlifknbfonkgphkpmkeoahgbhbdhebh'],stix,Software,"malware,malicious,browser-extension",85,2026-08-19T22:58:58Z,90
indicator,Browser Extension: edge,Extension ID: ghaggkcfafofhcfppignflhlocmcfimd. Category: malware. edge. Ref: https://www.koi.ai/blog/4-million-browsers-infected-inside-shadypanda-7-year-malware-campaign,[software:x_extension_id = 'ghaggkcfafofhcfppignflhlocmcfimd'],stix,Software,"malware,malicious,browser-extension",85,2026-08-19T22:58:58Z,90
indicator,Browser Extension: edge,Extension ID: hfeialplaojonefabmojhobdmghnjkmf. Category: malware. edge. Ref: https://www.koi.ai/blog/4-million-browsers-infected-inside-shadypanda-7-year-malware-campaign,[software:x_extension_id = 'hfeialplaojonefabmojhobdmghnjkmf'],stix,Software,"malware,malicious,browser-extension",85,2026-08-19T22:58:58Z,90
indicator,Browser Extension: edge,Extension ID: boiciofdokedkpmopjnghpkgdakmcpmb. Category: malware. edge. Ref: https://www.koi.ai/blog/4-million-browsers-infected-inside-shadypanda-7-year-malware-campaign,[software:x_extension_id = 'boiciofdokedkpmopjnghpkgdakmcpmb'],stix,Software,"malware,malicious,browser-extension",85,2026-08-19T22:58:58Z,90
indicator,Browser Extension: edge,Extension ID: ibfpbjfnpcgmiggfildbcngccoomddmj. Category: malware. edge. Ref: https://www.koi.ai/blog/4-million-browsers-infected-inside-shadypanda-7-year-malware-campaign,[software:x_extension_id = 'ibfpbjfnpcgmiggfildbcngccoomddmj'],stix,Software,"malware,malicious,browser-extension",85,2026-08-19T22:58:58Z,90
indicator,Browser Extension: edge,Extension ID: idjhfmgaddmdojcfmhcjnnbhnhbmhipd. Category: malware. edge. Ref: https://www.koi.ai/blog/4-million-browsers-infected-inside-shadypanda-7-year-malware-campaign,[software:x_extension_id = 'idjhfmgaddmdojcfmhcjnnbhnhbmhipd'],stix,Software,"malware,malicious,browser-extension",85,2026-08-19T22:58:58Z,90
indicator,Browser Extension: edge,Extension ID: jhgfinhjcamijjoikplacnfknpchndgb. Category: malware. edge. Ref: https://www.koi.ai/blog/4-million-browsers-infected-inside-shadypanda-7-year-malware-campaign,[software:x_extension_id = 'jhgfinhjcamijjoikplacnfknpchndgb'],stix,Software,"malware,malicious,browser-extension",85,2026-08-19T22:58:58Z,90
indicator,Browser Extension: edge,Extension ID: cgjgmbppcoolfkbkjhoogdpkboohhgel. Category: malware. edge. Ref: https://www.koi.ai/blog/4-million-browsers-infected-inside-shadypanda-7-year-malware-campaign,[software:x_extension_id = 'cgjgmbppcoolfkbkjhoogdpkboohhgel'],stix,Software,"malware,malicious,browser-extension",85,2026-08-19T22:58:58Z,90
indicator,Browser Extension: edge,Extension ID: afooldonhjnhddgnfahlepchipjennab. Category: malware. edge. Ref: https://www.koi.ai/blog/4-million-browsers-infected-inside-shadypanda-7-year-malware-campaign,[software:x_extension_id = 'afooldonhjnhddgnfahlepchipjennab'],stix,Software,"malware,malicious,browser-extension",85,2026-08-19T22:58:58Z,90
indicator,Browser Extension: edge,Extension ID: fkbcbgffcclobgbombinljckbelhnpif. Category: malware. edge. Ref: https://www.koi.ai/blog/4-million-browsers-infected-inside-shadypanda-7-year-malware-campaign,[software:x_extension_id = 'fkbcbgffcclobgbombinljckbelhnpif'],stix,Software,"malware,malicious,browser-extension",85,2026-08-19T22:58:58Z,90
indicator,Browser Extension: edge,Extension ID: fpokgjmlcemklhmilomcljolhnbaaajk. Category: malware. edge. Ref: https://www.koi.ai/blog/4-million-browsers-infected-inside-shadypanda-7-year-malware-campaign,[software:x_extension_id = 'fpokgjmlcemklhmilomcljolhnbaaajk'],stix,Software,"malware,malicious,browser-extension",85,2026-08-19T22:58:58Z,90
indicator,Browser Extension: edge,Extension ID: hadkldcldaanpomhhllacdmglkoepaed. Category: malware. edge. Ref: https://www.koi.ai/blog/4-million-browsers-infected-inside-shadypanda-7-year-malware-campaign,[software:x_extension_id = 'hadkldcldaanpomhhllacdmglkoepaed'],stix,Software,"malware,malicious,browser-extension",85,2026-08-19T22:58:58Z,90
indicator,Browser Extension: edge,Extension ID: iedkeilnpbkeecjpmkelnglnjpnacnlh. Category: malware. edge. Ref: https://www.koi.ai/blog/4-million-browsers-infected-inside-shadypanda-7-year-malware-campaign,[software:x_extension_id = 'iedkeilnpbkeecjpmkelnglnjpnacnlh'],stix,Software,"malware,malicious,browser-extension",85,2026-08-19T22:58:58Z,90
indicator,Browser Extension: edge,Extension ID: hjfmkkelabjoojjmjljidocklbibphgl. Category: malware. edge. Ref: https://www.koi.ai/blog/4-million-browsers-infected-inside-shadypanda-7-year-malware-campaign,[software:x_extension_id = 'hjfmkkelabjoojjmjljidocklbibphgl'],stix,Software,"malware,malicious,browser-extension",85,2026-08-19T22:58:58Z,90
indicator,Browser Extension: edge,Extension ID: dhjmmcjnajkpnbnbpagglbbfpbacoffm. Category: malware. edge. Ref: https://www.koi.ai/blog/4-million-browsers-infected-inside-shadypanda-7-year-malware-campaign,[software:x_extension_id = 'dhjmmcjnajkpnbnbpagglbbfpbacoffm'],stix,Software,"malware,malicious,browser-extension",85,2026-08-19T22:58:58Z,90
indicator,Browser Extension: edge,Extension ID: cgehahdmoijenmnhinajnojmmlnipckl. Category: malware. edge. Ref: https://www.koi.ai/blog/4-million-browsers-infected-inside-shadypanda-7-year-malware-campaign,[software:x_extension_id = 'cgehahdmoijenmnhinajnojmmlnipckl'],stix,Software,"malware,malicious,browser-extension",85,2026-08-19T22:58:58Z,90
indicator,Browser Extension: edge,Extension ID: fjigdpmfeomndepihcinokhcphdojepm. Category: malware. edge. Ref: https://www.koi.ai/blog/4-million-browsers-infected-inside-shadypanda-7-year-malware-campaign,[software:x_extension_id = 'fjigdpmfeomndepihcinokhcphdojepm'],stix,Software,"malware,malicious,browser-extension",85,2026-08-19T22:58:58Z,90
indicator,Browser Extension: edge,Extension ID: chmcepembfffejphepoongapnlchjgil. Category: malware. edge. Ref: https://www.koi.ai/blog/4-million-browsers-infected-inside-shadypanda-7-year-malware-campaign,[software:x_extension_id = 'chmcepembfffejphepoongapnlchjgil'],stix,Software,"malware,malicious,browser-extension",85,2026-08-19T22:58:58Z,90
indicator,Browser Extension: edge,Extension ID: googojfbnbhbbnpfpdnffnklipgifngn. Category: malware. edge. Ref: https://www.koi.ai/blog/4-million-browsers-infected-inside-shadypanda-7-year-malware-campaign,[software:x_extension_id = 'googojfbnbhbbnpfpdnffnklipgifngn'],stix,Software,"malware,malicious,browser-extension",85,2026-08-19T22:58:58Z,90
indicator,Browser Extension: edge,Extension ID: fodcokjckpkfpegbekkiallamhedahjd. Category: malware. edge. Ref: https://www.koi.ai/blog/4-million-browsers-infected-inside-shadypanda-7-year-malware-campaign,[software:x_extension_id = 'fodcokjckpkfpegbekkiallamhedahjd'],stix,Software,"malware,malicious,browser-extension",85,2026-08-19T22:58:58Z,90
indicator,Browser Extension: edge,Extension ID: igiakpjhacibmaichhgbagdkjmjbnanl. Category: malware. edge. Ref: https://www.koi.ai/blog/4-million-browsers-infected-inside-shadypanda-7-year-malware-campaign,[software:x_extension_id = 'igiakpjhacibmaichhgbagdkjmjbnanl'],stix,Software,"malware,malicious,browser-extension",85,2026-08-19T22:58:58Z,90
indicator,Browser Extension: edge,Extension ID: omkjakddaeljdfgekdjebbbiboljnalk. Category: malware. edge. Ref: https://www.koi.ai/blog/4-million-browsers-infected-inside-shadypanda-7-year-malware-campaign,[software:x_extension_id = 'omkjakddaeljdfgekdjebbbiboljnalk'],stix,Software,"malware,malicious,browser-extension",85,2026-08-19T22:58:58Z,90
indicator,Browser Extension: edge,Extension ID: llilhpmmhicmiaoancaafdgganakopfg. Category: malware. edge. Ref: https://www.koi.ai/blog/4-million-browsers-infected-inside-shadypanda-7-year-malware-campaign,[software:x_extension_id = 'llilhpmmhicmiaoancaafdgganakopfg'],stix,Software,"malware,malicious,browser-extension",85,2026-08-19T22:58:58Z,90
indicator,Browser Extension: edge,Extension ID: nemkiffjklgaooligallbpmhdmmhepll. Category: malware. edge. Ref: https://www.koi.ai/blog/4-million-browsers-infected-inside-shadypanda-7-year-malware-campaign,[software:x_extension_id = 'nemkiffjklgaooligallbpmhdmmhepll'],stix,Software,"malware,malicious,browser-extension",85,2026-08-19T22:58:58Z,90
indicator,Browser Extension: edge,Extension ID: papedehkgfhnagdiempdbhlgcnioofnd. Category: malware. edge. Ref: https://www.koi.ai/blog/4-million-browsers-infected-inside-shadypanda-7-year-malware-campaign,[software:x_extension_id = 'papedehkgfhnagdiempdbhlgcnioofnd'],stix,Software,"malware,malicious,browser-extension",85,2026-08-19T22:58:58Z,90
indicator,Browser Extension: edge,Extension ID: glfddenhiaacfmhoiebfeljnfkkkmbjb. Category: malware. edge. Ref: https://www.koi.ai/blog/4-million-browsers-infected-inside-shadypanda-7-year-malware-campaign,[software:x_extension_id = 'glfddenhiaacfmhoiebfeljnfkkkmbjb'],stix,Software,"malware,malicious,browser-extension",85,2026-08-19T22:58:58Z,90
indicator,Browser Extension: edge,Extension ID: pkjfghocapckmendmgdmppjccbplccbg. Category: malware. edge. Ref: https://www.koi.ai/blog/4-million-browsers-infected-inside-shadypanda-7-year-malware-campaign,[software:x_extension_id = 'pkjfghocapckmendmgdmppjccbplccbg'],stix,Software,"malware,malicious,browser-extension",85,2026-08-19T22:58:58Z,90
indicator,Browser Extension: edge,Extension ID: gbcjipmcpedgndgdnfofbhgnkmghoamm. Category: malware. edge. Ref: https://www.koi.ai/blog/4-million-browsers-infected-inside-shadypanda-7-year-malware-campaign,[software:x_extension_id = 'gbcjipmcpedgndgdnfofbhgnkmghoamm'],stix,Software,"malware,malicious,browser-extension",85,2026-08-19T22:58:58Z,90
indicator,Browser Extension: edge,Extension ID: ncapkionddmdmfocnjfcfpnimepibggf. Category: malware. edge. Ref: https://www.koi.ai/blog/4-million-browsers-infected-inside-shadypanda-7-year-malware-campaign,[software:x_extension_id = 'ncapkionddmdmfocnjfcfpnimepibggf'],stix,Software,"malware,malicious,browser-extension",85,2026-08-19T22:58:58Z,90
indicator,Browser Extension: edge,Extension ID: klggeioacnkkpdcnapgcoicnblliidmf. Category: malware. edge. Ref: https://www.koi.ai/blog/4-million-browsers-infected-inside-shadypanda-7-year-malware-campaign,[software:x_extension_id = 'klggeioacnkkpdcnapgcoicnblliidmf'],stix,Software,"malware,malicious,browser-extension",85,2026-08-19T22:58:58Z,90
indicator,Browser Extension: edge,Extension ID: klgjbnheihgnmimajhohfcldhfpjnahe. Category: malware. edge. Ref: https://www.koi.ai/blog/4-million-browsers-infected-inside-shadypanda-7-year-malware-campaign,[software:x_extension_id = 'klgjbnheihgnmimajhohfcldhfpjnahe'],stix,Software,"malware,malicious,browser-extension",85,2026-08-19T22:58:58Z,90
indicator,Browser Extension: edge,Extension ID: acogeoajdpgplfhidldckbjkkpgeebod. Category: malware. edge. Ref: https://www.koi.ai/blog/4-million-browsers-infected-inside-shadypanda-7-year-malware-campaign,[software:x_extension_id = 'acogeoajdpgplfhidldckbjkkpgeebod'],stix,Software,"malware,malicious,browser-extension",85,2026-08-19T22:58:58Z,90
indicator,Browser Extension: edge,Extension ID: ekndlocgcngbpebppapnpalpjfnkoffh. Category: malware. edge. Ref: https://www.koi.ai/blog/4-million-browsers-infected-inside-shadypanda-7-year-malware-campaign,[software:x_extension_id = 'ekndlocgcngbpebppapnpalpjfnkoffh'],stix,Software,"malware,malicious,browser-extension",85,2026-08-19T22:58:58Z,90
indicator,Browser Extension: edge,Extension ID: elckfehnjdbghpoheamjffpdbbogjhie. Category: malware. edge. Ref: https://www.koi.ai/blog/4-million-browsers-infected-inside-shadypanda-7-year-malware-campaign,[software:x_extension_id = 'elckfehnjdbghpoheamjffpdbbogjhie'],stix,Software,"malware,malicious,browser-extension",85,2026-08-19T22:58:58Z,90
indicator,Browser Extension: edge,Extension ID: dmpceopfiajfdnoiebfankfoabfehdpn. Category: malware. edge. Ref: https://www.koi.ai/blog/4-million-browsers-infected-inside-shadypanda-7-year-malware-campaign,[software:x_extension_id = 'dmpceopfiajfdnoiebfankfoabfehdpn'],stix,Software,"malware,malicious,browser-extension",85,2026-08-19T22:58:58Z,90
indicator,Browser Extension: edge,Extension ID: gpolcigkhldaighngmmmcjldkkiaonbg. Category: malware. edge. Ref: https://www.koi.ai/blog/4-million-browsers-infected-inside-shadypanda-7-year-malware-campaign,[software:x_extension_id = 'gpolcigkhldaighngmmmcjldkkiaonbg'],stix,Software,"malware,malicious,browser-extension",85,2026-08-19T22:58:58Z,90
indicator,Browser Extension: edge,Extension ID: dfakjobhimnibdmkbgpkijoihplhcnil. Category: malware. edge. Ref: https://www.koi.ai/blog/4-million-browsers-infected-inside-shadypanda-7-year-malware-campaign,[software:x_extension_id = 'dfakjobhimnibdmkbgpkijoihplhcnil'],stix,Software,"malware,malicious,browser-extension",85,2026-08-19T22:58:58Z,90
indicator,Browser Extension: edge,Extension ID: hbghbdhfibifdgnbpaogepnkekonkdgc. Category: malware. edge. Ref: https://www.koi.ai/blog/4-million-browsers-infected-inside-shadypanda-7-year-malware-campaign,[software:x_extension_id = 'hbghbdhfibifdgnbpaogepnkekonkdgc'],stix,Software,"malware,malicious,browser-extension",85,2026-08-19T22:58:58Z,90
indicator,Browser Extension: edge,Extension ID: fppchnhginnfabgenhihpncnphhafmac. Category: malware. edge. Ref: https://www.koi.ai/blog/4-million-browsers-infected-inside-shadypanda-7-year-malware-campaign,[software:x_extension_id = 'fppchnhginnfabgenhihpncnphhafmac'],stix,Software,"malware,malicious,browser-extension",85,2026-08-19T22:58:58Z,90
indicator,Browser Extension: edge,Extension ID: ghhddclfklljabeodmcejjjlhoaaiban. Category: malware. edge. Ref: https://www.koi.ai/blog/4-million-browsers-infected-inside-shadypanda-7-year-malware-campaign,[software:x_extension_id = 'ghhddclfklljabeodmcejjjlhoaaiban'],stix,Software,"malware,malicious,browser-extension",85,2026-08-19T22:58:58Z,90
indicator,Browser Extension: edge,Extension ID: bppelgkcnhfkicolffhlkbdghdnjdkhi. Category: malware. edge. Ref: https://www.koi.ai/blog/4-million-browsers-infected-inside-shadypanda-7-year-malware-campaign,[software:x_extension_id = 'bppelgkcnhfkicolffhlkbdghdnjdkhi'],stix,Software,"malware,malicious,browser-extension",85,2026-08-19T22:58:58Z,90
indicator,Browser Extension: edge,Extension ID: ikgaleggljchgbihlaanjbkekmmgccam. Category: malware. edge. Ref: https://www.koi.ai/blog/4-million-browsers-infected-inside-shadypanda-7-year-malware-campaign,[software:x_extension_id = 'ikgaleggljchgbihlaanjbkekmmgccam'],stix,Software,"malware,malicious,browser-extension",85,2026-08-19T22:58:58Z,90
indicator,Browser Extension: edge,Extension ID: bdhjinjoglaijpffoamhhnhooeimgoap. Category: malware. edge. Ref: https://www.koi.ai/blog/4-million-browsers-infected-inside-shadypanda-7-year-malware-campaign,[software:x_extension_id = 'bdhjinjoglaijpffoamhhnhooeimgoap'],stix,Software,"malware,malicious,browser-extension",85,2026-08-19T22:58:58Z,90
indicator,Browser Extension: edge,Extension ID: fjioinpkgmlcioajfnncgldldcnabffe. Category: malware. edge. Ref: https://www.koi.ai/blog/4-million-browsers-infected-inside-shadypanda-7-year-malware-campaign,[software:x_extension_id = 'fjioinpkgmlcioajfnncgldldcnabffe'],stix,Software,"malware,malicious,browser-extension",85,2026-08-19T22:58:58Z,90
indicator,Browser Extension: edge,Extension ID: opncjjhgbllenobgbfjbblhghmdpmpbj. Category: malware. edge. Ref: https://www.koi.ai/blog/4-million-browsers-infected-inside-shadypanda-7-year-malware-campaign,[software:x_extension_id = 'opncjjhgbllenobgbfjbblhghmdpmpbj'],stix,Software,"malware,malicious,browser-extension",85,2026-08-19T22:58:58Z,90
indicator,Browser Extension: edge,Extension ID: cbijiaccpnkbdpgbmiiipedpepbhioel. Category: malware. edge. Ref: https://www.koi.ai/blog/4-million-browsers-infected-inside-shadypanda-7-year-malware-campaign,[software:x_extension_id = 'cbijiaccpnkbdpgbmiiipedpepbhioel'],stix,Software,"malware,malicious,browser-extension",85,2026-08-19T22:58:58Z,90
indicator,Browser Extension: edge,Extension ID: fbbmnieefocnacnecccgmedmcbhlkcpm. Category: malware. edge. Ref: https://www.koi.ai/blog/4-million-browsers-infected-inside-shadypanda-7-year-malware-campaign,[software:x_extension_id = 'fbbmnieefocnacnecccgmedmcbhlkcpm'],stix,Software,"malware,malicious,browser-extension",85,2026-08-19T22:58:58Z,90
indicator,Browser Extension: edge,Extension ID: hmbacpfgehmmoloinfmkgkpjoagiogai. Category: malware. edge. Ref: https://www.koi.ai/blog/4-million-browsers-infected-inside-shadypanda-7-year-malware-campaign,[software:x_extension_id = 'hmbacpfgehmmoloinfmkgkpjoagiogai'],stix,Software,"malware,malicious,browser-extension",85,2026-08-19T22:58:58Z,90
indicator,Browser Extension: edge,Extension ID: paghkadkhiladedijgodgghaajppmpcg. Category: malware. edge. Ref: https://www.koi.ai/blog/4-million-browsers-infected-inside-shadypanda-7-year-malware-campaign,[software:x_extension_id = 'paghkadkhiladedijgodgghaajppmpcg'],stix,Software,"malware,malicious,browser-extension",85,2026-08-19T22:58:58Z,90
indicator,Browser Extension: edge,Extension ID: bafbmfpfepdlgnfkgfbobplkkaoakjcl. Category: malware. edge. Ref: https://www.koi.ai/blog/4-million-browsers-infected-inside-shadypanda-7-year-malware-campaign,[software:x_extension_id = 'bafbmfpfepdlgnfkgfbobplkkaoakjcl'],stix,Software,"malware,malicious,browser-extension",85,2026-08-19T22:58:58Z,90
indicator,Browser Extension: edge,Extension ID: kcpkoopmfjhdpgjohcbgkbjpmbjmhgoi. Category: malware. edge. Ref: https://www.koi.ai/blog/4-million-browsers-infected-inside-shadypanda-7-year-malware-campaign,[software:x_extension_id = 'kcpkoopmfjhdpgjohcbgkbjpmbjmhgoi'],stix,Software,"malware,malicious,browser-extension",85,2026-08-19T22:58:58Z,90
indicator,Browser Extension: edge,Extension ID: jelgelidmodjpmohbapbghdgcpncahki. Category: malware. edge. Ref: https://www.koi.ai/blog/4-million-browsers-infected-inside-shadypanda-7-year-malware-campaign,[software:x_extension_id = 'jelgelidmodjpmohbapbghdgcpncahki'],stix,Software,"malware,malicious,browser-extension",85,2026-08-19T22:58:58Z,90
indicator,Browser Extension: edge,Extension ID: lfgakdlafdenmaikccbojgcofkkhmolj. Category: malware. edge. Ref: https://www.koi.ai/blog/4-million-browsers-infected-inside-shadypanda-7-year-malware-campaign,[software:x_extension_id = 'lfgakdlafdenmaikccbojgcofkkhmolj'],stix,Software,"malware,malicious,browser-extension",85,2026-08-19T22:58:58Z,90
indicator,Browser Extension: edge,Extension ID: hdfknlljfbdfjdjhfgoonpphpigjjjak. Category: malware. edge. Ref: https://www.koi.ai/blog/4-million-browsers-infected-inside-shadypanda-7-year-malware-campaign,[software:x_extension_id = 'hdfknlljfbdfjdjhfgoonpphpigjjjak'],stix,Software,"malware,malicious,browser-extension",85,2026-08-19T22:58:58Z,90
indicator,Browser Extension: edge,Extension ID: kpfbijpdidioaomoecdbfaodhajbcjfl. Category: malware. edge. Ref: https://www.koi.ai/blog/4-million-browsers-infected-inside-shadypanda-7-year-malware-campaign,[software:x_extension_id = 'kpfbijpdidioaomoecdbfaodhajbcjfl'],stix,Software,"malware,malicious,browser-extension",85,2026-08-19T22:58:58Z,90
indicator,Browser Extension: edge,Extension ID: fckphkcbpgmappcgnfieaacjbknhkhin. Category: malware. edge. Ref: https://www.koi.ai/blog/4-million-browsers-infected-inside-shadypanda-7-year-malware-campaign,[software:x_extension_id = 'fckphkcbpgmappcgnfieaacjbknhkhin'],stix,Software,"malware,malicious,browser-extension",85,2026-08-19T22:58:58Z,90
indicator,Browser Extension: edge,Extension ID: lhfdakoonenpbggbeephofdlflloghhi. Category: malware. edge. Ref: https://www.koi.ai/blog/4-million-browsers-infected-inside-shadypanda-7-year-malware-campaign,[software:x_extension_id = 'lhfdakoonenpbggbeephofdlflloghhi'],stix,Software,"malware,malicious,browser-extension",85,2026-08-19T22:58:58Z,90
indicator,Browser Extension: edge,Extension ID: ljjngehkphcdnnapgciajcdbcpgmpknc. Category: malware. edge. Ref: https://www.koi.ai/blog/4-million-browsers-infected-inside-shadypanda-7-year-malware-campaign,[software:x_extension_id = 'ljjngehkphcdnnapgciajcdbcpgmpknc'],stix,Software,"malware,malicious,browser-extension",85,2026-08-19T22:58:58Z,90
indicator,Browser Extension: edge,Extension ID: ejfocpkjndmkbloiobcdhkkoeekcpkik. Category: malware. edge. Ref: https://www.koi.ai/blog/4-million-browsers-infected-inside-shadypanda-7-year-malware-campaign,[software:x_extension_id = 'ejfocpkjndmkbloiobcdhkkoeekcpkik'],stix,Software,"malware,malicious,browser-extension",85,2026-08-19T22:58:58Z,90
indicator,Browser Extension: edge,Extension ID: ccdimkoieijdbgdlkfjjfncmihmlpanj. Category: malware. edge. Ref: https://www.koi.ai/blog/4-million-browsers-infected-inside-shadypanda-7-year-malware-campaign,[software:x_extension_id = 'ccdimkoieijdbgdlkfjjfncmihmlpanj'],stix,Software,"malware,malicious,browser-extension",85,2026-08-19T22:58:58Z,90
indicator,Browser Extension: edge,Extension ID: agdlpnhabjfcbeiempefhpgikapcapjb. Category: malware. edge. Ref: https://www.koi.ai/blog/4-million-browsers-infected-inside-shadypanda-7-year-malware-campaign,[software:x_extension_id = 'agdlpnhabjfcbeiempefhpgikapcapjb'],stix,Software,"malware,malicious,browser-extension",85,2026-08-19T22:58:58Z,90
indicator,Browser Extension: edge,Extension ID: mddfnhdadbofiifdebeiegecchpkbgdb. Category: malware. edge. Ref: https://www.koi.ai/blog/4-million-browsers-infected-inside-shadypanda-7-year-malware-campaign,[software:x_extension_id = 'mddfnhdadbofiifdebeiegecchpkbgdb'],stix,Software,"malware,malicious,browser-extension",85,2026-08-19T22:58:58Z,90
indicator,Browser Extension: edge,Extension ID: alknmfpopohfpdpafdmobclioihdkhjh. Category: malware. edge. Ref: https://www.koi.ai/blog/4-million-browsers-infected-inside-shadypanda-7-year-malware-campaign,[software:x_extension_id = 'alknmfpopohfpdpafdmobclioihdkhjh'],stix,Software,"malware,malicious,browser-extension",85,2026-08-19T22:58:58Z,90
indicator,Browser Extension: edge,Extension ID: hlglicejgohbanllnmnjllajhmnhjjel. Category: malware. edge. Ref: https://www.koi.ai/blog/4-million-browsers-infected-inside-shadypanda-7-year-malware-campaign,[software:x_extension_id = 'hlglicejgohbanllnmnjllajhmnhjjel'],stix,Software,"malware,malicious,browser-extension",85,2026-08-19T22:58:58Z,90
indicator,Browser Extension: edge,Extension ID: iaccapfapbjahnhcmkgjjonlccbhdpjl. Category: malware. edge. Ref: https://www.koi.ai/blog/4-million-browsers-infected-inside-shadypanda-7-year-malware-campaign,[software:x_extension_id = 'iaccapfapbjahnhcmkgjjonlccbhdpjl'],stix,Software,"malware,malicious,browser-extension",85,2026-08-19T22:58:58Z,90
indicator,Browser Extension: edge,Extension ID: ehmnkbambjnodfbjcebjffilahbfjdml. Category: malware. edge. Ref: https://www.koi.ai/blog/4-million-browsers-infected-inside-shadypanda-7-year-malware-campaign,[software:x_extension_id = 'ehmnkbambjnodfbjcebjffilahbfjdml'],stix,Software,"malware,malicious,browser-extension",85,2026-08-19T22:58:58Z,90
indicator,Browser Extension: edge,Extension ID: ngbfciefgjgijkkmpalnmhikoojilkob. Category: malware. edge. Ref: https://www.koi.ai/blog/4-million-browsers-infected-inside-shadypanda-7-year-malware-campaign,[software:x_extension_id = 'ngbfciefgjgijkkmpalnmhikoojilkob'],stix,Software,"malware,malicious,browser-extension",85,2026-08-19T22:58:58Z,90
indicator,Browser Extension: edge,Extension ID: laholcgeblfbgdhkbiidbpiofdcbpeeo. Category: malware. edge. Ref: https://www.koi.ai/blog/4-million-browsers-infected-inside-shadypanda-7-year-malware-campaign,[software:x_extension_id = 'laholcgeblfbgdhkbiidbpiofdcbpeeo'],stix,Software,"malware,malicious,browser-extension",85,2026-08-19T22:58:58Z,90
indicator,Browser Extension: edge,Extension ID: njoedigapanaggiabjafnaklppphempm. Category: malware. edge. Ref: https://www.koi.ai/blog/4-million-browsers-infected-inside-shadypanda-7-year-malware-campaign,[software:x_extension_id = 'njoedigapanaggiabjafnaklppphempm'],stix,Software,"malware,malicious,browser-extension",85,2026-08-19T22:58:58Z,90
indicator,Browser Extension: edge,Extension ID: fomlombffdkflbliepgpgcnagolnegjn. Category: malware. edge. Ref: https://www.koi.ai/blog/4-million-browsers-infected-inside-shadypanda-7-year-malware-campaign,[software:x_extension_id = 'fomlombffdkflbliepgpgcnagolnegjn'],stix,Software,"malware,malicious,browser-extension",85,2026-08-19T22:58:58Z,90
indicator,Browser Extension: edge,Extension ID: jpoofbjomdefajdjcimmaoildecebkjc. Category: malware. edge. Ref: https://www.koi.ai/blog/4-million-browsers-infected-inside-shadypanda-7-year-malware-campaign,[software:x_extension_id = 'jpoofbjomdefajdjcimmaoildecebkjc'],stix,Software,"malware,malicious,browser-extension",85,2026-08-19T22:58:58Z,90
indicator,Browser Extension: edge,Extension ID: nhdiopbebcklbkpfnhipecgfhdhdbfhb. Category: malware. edge. Ref: https://www.koi.ai/blog/4-million-browsers-infected-inside-shadypanda-7-year-malware-campaign,[software:x_extension_id = 'nhdiopbebcklbkpfnhipecgfhdhdbfhb'],stix,Software,"malware,malicious,browser-extension",85,2026-08-19T22:58:58Z,90
indicator,Browser Extension: edge,Extension ID: gdnhikbabcflemolpeaaknnieodgpiie. Category: malware. edge. Ref: https://www.koi.ai/blog/4-million-browsers-infected-inside-shadypanda-7-year-malware-campaign,[software:x_extension_id = 'gdnhikbabcflemolpeaaknnieodgpiie'],stix,Software,"malware,malicious,browser-extension",85,2026-08-19T22:58:58Z,90
indicator,Browser Extension: edge,Extension ID: bbdioggpbhhodagchciaeaggdponnhpa. Category: malware. edge. Ref: https://www.koi.ai/blog/4-million-browsers-infected-inside-shadypanda-7-year-malware-campaign,[software:x_extension_id = 'bbdioggpbhhodagchciaeaggdponnhpa'],stix,Software,"malware,malicious,browser-extension",85,2026-08-19T22:58:58Z,90
indicator,Browser Extension: edge,Extension ID: ikajognfijokhbgjdhgpemljgcjclpmn. Category: malware. edge. Ref: https://www.koi.ai/blog/4-million-browsers-infected-inside-shadypanda-7-year-malware-campaign,[software:x_extension_id = 'ikajognfijokhbgjdhgpemljgcjclpmn'],stix,Software,"malware,malicious,browser-extension",85,2026-08-19T22:58:58Z,90
indicator,Browser Extension: edge,Extension ID: lmnjiioclbjphkggicmldippjojgmldk. Category: malware. edge. Ref: https://www.koi.ai/blog/4-million-browsers-infected-inside-shadypanda-7-year-malware-campaign,[software:x_extension_id = 'lmnjiioclbjphkggicmldippjojgmldk'],stix,Software,"malware,malicious,browser-extension",85,2026-08-19T22:58:58Z,90
indicator,Browser Extension: edge,Extension ID: ffgihbmcfcihmpbegcfdkmafaplheknk. Category: malware. edge. Ref: https://www.koi.ai/blog/4-million-browsers-infected-inside-shadypanda-7-year-malware-campaign,[software:x_extension_id = 'ffgihbmcfcihmpbegcfdkmafaplheknk'],stix,Software,"malware,malicious,browser-extension",85,2026-08-19T22:58:58Z,90
indicator,Browser Extension: edge,Extension ID: lgnjdldkappogbkljaiedgogobcgemch. Category: malware. edge. Ref: https://www.koi.ai/blog/4-million-browsers-infected-inside-shadypanda-7-year-malware-campaign,[software:x_extension_id = 'lgnjdldkappogbkljaiedgogobcgemch'],stix,Software,"malware,malicious,browser-extension",85,2026-08-19T22:58:58Z,90
indicator,Browser Extension: edge,Extension ID: hiodlpcelfelhpinhgngoopbmclcaghd. Category: malware. edge. Ref: https://www.koi.ai/blog/4-million-browsers-infected-inside-shadypanda-7-year-malware-campaign,[software:x_extension_id = 'hiodlpcelfelhpinhgngoopbmclcaghd'],stix,Software,"malware,malicious,browser-extension",85,2026-08-19T22:58:58Z,90
indicator,Browser Extension: edge,Extension ID: mnophppbmlnlfobakddidbcgcjakipin. Category: malware. edge. Ref: https://www.koi.ai/blog/4-million-browsers-infected-inside-shadypanda-7-year-malware-campaign,[software:x_extension_id = 'mnophppbmlnlfobakddidbcgcjakipin'],stix,Software,"malware,malicious,browser-extension",85,2026-08-19T22:58:58Z,90
indicator,Browser Extension: edge,Extension ID: jbajdpebknffiaenkdhopebkolgdlfaf. Category: malware. edge. Ref: https://www.koi.ai/blog/4-million-browsers-infected-inside-shadypanda-7-year-malware-campaign,[software:x_extension_id = 'jbajdpebknffiaenkdhopebkolgdlfaf'],stix,Software,"malware,malicious,browser-extension",85,2026-08-19T22:58:58Z,90
indicator,Browser Extension: edge,Extension ID: ejdihbblcbdfobabjfebfjfopenohbjb. Category: malware. edge. Ref: https://www.koi.ai/blog/4-million-browsers-infected-inside-shadypanda-7-year-malware-campaign,[software:x_extension_id = 'ejdihbblcbdfobabjfebfjfopenohbjb'],stix,Software,"malware,malicious,browser-extension",85,2026-08-19T22:58:58Z,90
indicator,Browser Extension: edge,Extension ID: ikkoanocgpdmmiamnkogipbpdpckcahn. Category: malware. edge. Ref: https://www.koi.ai/blog/4-million-browsers-infected-inside-shadypanda-7-year-malware-campaign,[software:x_extension_id = 'ikkoanocgpdmmiamnkogipbpdpckcahn'],stix,Software,"malware,malicious,browser-extension",85,2026-08-19T22:58:58Z,90
indicator,Browser Extension: edge,Extension ID: ileojfedpkdbkcchpnghhaebfoimamop. Category: malware. edge. Ref: https://www.koi.ai/blog/4-million-browsers-infected-inside-shadypanda-7-year-malware-campaign,[software:x_extension_id = 'ileojfedpkdbkcchpnghhaebfoimamop'],stix,Software,"malware,malicious,browser-extension",85,2026-08-19T22:58:58Z,90
indicator,Browser Extension: edge,Extension ID: akialmafcdmkelghnomeneinkcllnoih. Category: malware. edge. Ref: https://www.koi.ai/blog/4-million-browsers-infected-inside-shadypanda-7-year-malware-campaign,[software:x_extension_id = 'akialmafcdmkelghnomeneinkcllnoih'],stix,Software,"malware,malicious,browser-extension",85,2026-08-19T22:58:58Z,90
indicator,Browser Extension: edge,Extension ID: eholblediahnodlgigdkdhkkpmbiafoj. Category: malware. edge. Ref: https://www.koi.ai/blog/4-million-browsers-infected-inside-shadypanda-7-year-malware-campaign,[software:x_extension_id = 'eholblediahnodlgigdkdhkkpmbiafoj'],stix,Software,"malware,malicious,browser-extension",85,2026-08-19T22:58:58Z,90
indicator,Browser Extension: edge,Extension ID: ipokalojgdmhfpagmhnjokidnpjfnfik. Category: malware. edge. Ref: https://www.koi.ai/blog/4-million-browsers-infected-inside-shadypanda-7-year-malware-campaign,[software:x_extension_id = 'ipokalojgdmhfpagmhnjokidnpjfnfik'],stix,Software,"malware,malicious,browser-extension",85,2026-08-19T22:58:58Z,90
indicator,Browser Extension: edge,Extension ID: hdpmmcmblgbkllldbccfdejchjlpochf. Category: malware. edge. Ref: https://www.koi.ai/blog/4-million-browsers-infected-inside-shadypanda-7-year-malware-campaign,[software:x_extension_id = 'hdpmmcmblgbkllldbccfdejchjlpochf'],stix,Software,"malware,malicious,browser-extension",85,2026-08-19T22:58:58Z,90
indicator,Browser Extension: edge,Extension ID: iphacjobmeoknlhenjfiilbkddgaljad. Category: malware. edge. Ref: https://www.koi.ai/blog/4-million-browsers-infected-inside-shadypanda-7-year-malware-campaign,[software:x_extension_id = 'iphacjobmeoknlhenjfiilbkddgaljad'],stix,Software,"malware,malicious,browser-extension",85,2026-08-19T22:58:58Z,90
indicator,Browser Extension: edge,Extension ID: jiiggekklbbojgfmdenimcdkmidnfofl. Category: malware. edge. Ref: https://www.koi.ai/blog/4-million-browsers-infected-inside-shadypanda-7-year-malware-campaign,[software:x_extension_id = 'jiiggekklbbojgfmdenimcdkmidnfofl'],stix,Software,"malware,malicious,browser-extension",85,2026-08-19T22:58:58Z,90
indicator,Browser Extension: edge,Extension ID: gkhggnaplpjkghjjcmpmnmidjndojpcn. Category: malware. edge. Ref: https://www.koi.ai/blog/4-million-browsers-infected-inside-shadypanda-7-year-malware-campaign,[software:x_extension_id = 'gkhggnaplpjkghjjcmpmnmidjndojpcn'],stix,Software,"malware,malicious,browser-extension",85,2026-08-19T22:58:58Z,90
indicator,Browser Extension: edge,Extension ID: opakkgodhhongnhbdkgjgdlcbknacpaa. Category: malware. edge. Ref: https://www.koi.ai/blog/4-million-browsers-infected-inside-shadypanda-7-year-malware-campaign,[software:x_extension_id = 'opakkgodhhongnhbdkgjgdlcbknacpaa'],stix,Software,"malware,malicious,browser-extension",85,2026-08-19T22:58:58Z,90
indicator,Browser Extension: edge,Extension ID: nkjomoafjgemogbdkhledkoeaflnmgfi. Category: malware. edge. Ref: https://www.koi.ai/blog/4-million-browsers-infected-inside-shadypanda-7-year-malware-campaign,[software:x_extension_id = 'nkjomoafjgemogbdkhledkoeaflnmgfi'],stix,Software,"malware,malicious,browser-extension",85,2026-08-19T22:58:58Z,90
indicator,Browser Extension: edge,Extension ID: ebileebbekdcpfjlekjapgmbgpfigled. Category: malware. edge. Ref: https://www.koi.ai/blog/4-million-browsers-infected-inside-shadypanda-7-year-malware-campaign,[software:x_extension_id = 'ebileebbekdcpfjlekjapgmbgpfigled'],stix,Software,"malware,malicious,browser-extension",85,2026-08-19T22:58:58Z,90
indicator,Browser Extension: edge,Extension ID: oaacndacaoelmkhfilennooagoelpjop. Category: malware. edge. Ref: https://www.koi.ai/blog/4-million-browsers-infected-inside-shadypanda-7-year-malware-campaign,[software:x_extension_id = 'oaacndacaoelmkhfilennooagoelpjop'],stix,Software,"malware,malicious,browser-extension",85,2026-08-19T22:58:58Z,90
indicator,Browser Extension: edge,Extension ID: ljkgnegaajfacghepjiajibgdpfmcfip. Category: malware. edge. Ref: https://www.koi.ai/blog/4-million-browsers-infected-inside-shadypanda-7-year-malware-campaign,[software:x_extension_id = 'ljkgnegaajfacghepjiajibgdpfmcfip'],stix,Software,"malware,malicious,browser-extension",85,2026-08-19T22:58:58Z,90
indicator,Browser Extension: edge,Extension ID: hgolomhkdcpmbgckhebdhdknaemlbbaa. Category: malware. edge. Ref: https://www.koi.ai/blog/4-million-browsers-infected-inside-shadypanda-7-year-malware-campaign,[software:x_extension_id = 'hgolomhkdcpmbgckhebdhdknaemlbbaa'],stix,Software,"malware,malicious,browser-extension",85,2026-08-19T22:58:58Z,90
indicator,Browser Extension: edge,Extension ID: bboeoilakaofjkdmekpgeigieokkpgfn. Category: malware. edge. Ref: https://www.koi.ai/blog/4-million-browsers-infected-inside-shadypanda-7-year-malware-campaign,[software:x_extension_id = 'bboeoilakaofjkdmekpgeigieokkpgfn'],stix,Software,"malware,malicious,browser-extension",85,2026-08-19T22:58:58Z,90
indicator,Browser Extension: edge,Extension ID: dkkpollfhjoiapcenojlmgempmjekcla. Category: malware. edge. Ref: https://www.koi.ai/blog/4-million-browsers-infected-inside-shadypanda-7-year-malware-campaign,[software:x_extension_id = 'dkkpollfhjoiapcenojlmgempmjekcla'],stix,Software,"malware,malicious,browser-extension",85,2026-08-19T22:58:58Z,90
indicator,Browser Extension: edge,Extension ID: emiocjgakibimbopobplmfldkldhhiad. Category: malware. edge. Ref: https://www.koi.ai/blog/4-million-browsers-infected-inside-shadypanda-7-year-malware-campaign,[software:x_extension_id = 'emiocjgakibimbopobplmfldkldhhiad'],stix,Software,"malware,malicious,browser-extension",85,2026-08-19T22:58:58Z,90
indicator,Browser Extension: edge,Extension ID: nchdmembkfgkejljapneliogidkchiop. Category: malware. edge. Ref: https://www.koi.ai/blog/4-million-browsers-infected-inside-shadypanda-7-year-malware-campaign,[software:x_extension_id = 'nchdmembkfgkejljapneliogidkchiop'],stix,Software,"malware,malicious,browser-extension",85,2026-08-19T22:58:58Z,90
indicator,Browser Extension: edge,Extension ID: lljplndkobdgkjilfmfiefpldkhkhbbd. Category: malware. edge. Ref: https://www.koi.ai/blog/4-million-browsers-infected-inside-shadypanda-7-year-malware-campaign,[software:x_extension_id = 'lljplndkobdgkjilfmfiefpldkhkhbbd'],stix,Software,"malware,malicious,browser-extension",85,2026-08-19T22:58:58Z,90
indicator,Browser Extension: edge,Extension ID: hofaaigdagglolgiefkbencchnekjejl. Category: malware. edge. Ref: https://www.koi.ai/blog/4-million-browsers-infected-inside-shadypanda-7-year-malware-campaign,[software:x_extension_id = 'hofaaigdagglolgiefkbencchnekjejl'],stix,Software,"malware,malicious,browser-extension",85,2026-08-19T22:58:58Z,90
indicator,Browser Extension: edge,Extension ID: hohobnhiiohgcipklpncfmjkjpmejjni. Category: malware. edge. Ref: https://www.koi.ai/blog/4-million-browsers-infected-inside-shadypanda-7-year-malware-campaign,[software:x_extension_id = 'hohobnhiiohgcipklpncfmjkjpmejjni'],stix,Software,"malware,malicious,browser-extension",85,2026-08-19T22:58:58Z,90
indicator,Browser Extension: edge,Extension ID: jocnjcakendmllafpmjailfnlndaaklf. Category: malware. edge. Ref: https://www.koi.ai/blog/4-million-browsers-infected-inside-shadypanda-7-year-malware-campaign,[software:x_extension_id = 'jocnjcakendmllafpmjailfnlndaaklf'],stix,Software,"malware,malicious,browser-extension",85,2026-08-19T22:58:58Z,90
indicator,Browser Extension: edge,Extension ID: bjdclfjlhgcdcpjhmhfggkkfacipilai. Category: malware. edge. Ref: https://www.koi.ai/blog/4-million-browsers-infected-inside-shadypanda-7-year-malware-campaign,[software:x_extension_id = 'bjdclfjlhgcdcpjhmhfggkkfacipilai'],stix,Software,"malware,malicious,browser-extension",85,2026-08-19T22:58:58Z,90
indicator,Browser Extension: edge,Extension ID: ahebpkbnckhgjmndfjejibjjahjdlhdb. Category: malware. edge. Ref: https://www.koi.ai/blog/4-million-browsers-infected-inside-shadypanda-7-year-malware-campaign,[software:x_extension_id = 'ahebpkbnckhgjmndfjejibjjahjdlhdb'],stix,Software,"malware,malicious,browser-extension",85,2026-08-19T22:58:58Z,90
indicator,Browser Extension: edge,Extension ID: enaigkcpmpohpbokbfllbkijmllmpafm. Category: malware. edge. Ref: https://www.koi.ai/blog/4-million-browsers-infected-inside-shadypanda-7-year-malware-campaign,[software:x_extension_id = 'enaigkcpmpohpbokbfllbkijmllmpafm'],stix,Software,"malware,malicious,browser-extension",85,2026-08-19T22:58:58Z,90
indicator,Browser Extension: edge,Extension ID: bpngofombcjloljkoafhmpcjclkekfbh. Category: malware. edge. Ref: https://www.koi.ai/blog/4-million-browsers-infected-inside-shadypanda-7-year-malware-campaign,[software:x_extension_id = 'bpngofombcjloljkoafhmpcjclkekfbh'],stix,Software,"malware,malicious,browser-extension",85,2026-08-19T22:58:58Z,90
indicator,Browser Extension: edge,Extension ID: cacbflgkiidgcekflfgdnjdnaalfmkob. Category: malware. edge. Ref: https://www.koi.ai/blog/4-million-browsers-infected-inside-shadypanda-7-year-malware-campaign,[software:x_extension_id = 'cacbflgkiidgcekflfgdnjdnaalfmkob'],stix,Software,"malware,malicious,browser-extension",85,2026-08-19T22:58:58Z,90
indicator,Browser Extension: edge,Extension ID: ibmgdfenfldppaodbahpgcoebmmkdbac. Category: malware. edge. Ref: https://www.koi.ai/blog/4-million-browsers-infected-inside-shadypanda-7-year-malware-campaign,[software:x_extension_id = 'ibmgdfenfldppaodbahpgcoebmmkdbac'],stix,Software,"malware,malicious,browser-extension",85,2026-08-19T22:58:58Z,90
indicator,Browser Extension: 1ClickVPN Proxy for Edge,Extension ID: deopfbighgnpgfmhjeccdifdmhcjckoe. Category: malware. edge. Ref: https://www.koi.ai/blog/urban-vpn-browser-extension-ai-conversations-data-collection,[software:x_extension_id = 'deopfbighgnpgfmhjeccdifdmhcjckoe'],stix,Software,"malware,malicious,browser-extension",85,2026-08-19T22:58:58Z,90
indicator,Browser Extension: Urban Ad Blocker,Extension ID: gcogpdjkkamgkakkjgeefgpcheonclca. Category: malware. edge. Ref: https://www.koi.ai/blog/urban-vpn-browser-extension-ai-conversations-data-collection,[software:x_extension_id = 'gcogpdjkkamgkakkjgeefgpcheonclca'],stix,Software,"malware,malicious,browser-extension",85,2026-08-19T22:58:58Z,90
indicator,Browser Extension: Urban Browser Guard,Extension ID: jckkfbfmofganecnnpfndfjifnimpcel. Category: malware. edge. Ref: https://www.koi.ai/blog/urban-vpn-browser-extension-ai-conversations-data-collection,[software:x_extension_id = 'jckkfbfmofganecnnpfndfjifnimpcel'],stix,Software,"malware,malicious,browser-extension",85,2026-08-19T22:58:58Z,90
indicator,Browser Extension: Urban VPN Proxy,Extension ID: nimlmejbmnecnaghgmbahmbaddhjbecg. Category: malware. edge. Ref: https://www.koi.ai/blog/urban-vpn-browser-extension-ai-conversations-data-collection,[software:x_extension_id = 'nimlmejbmnecnaghgmbahmbaddhjbecg'],stix,Software,"malware,malicious,browser-extension",85,2026-08-19T22:58:58Z,90
indicator,Browser Extension: 1ClickVPN Proxy for Chrome,Extension ID: pphgdbgldlmicfdkhondlafkiomnelnk. Category: malware. chrome. Ref: https://www.koi.ai/blog/urban-vpn-browser-extension-ai-conversations-data-collection,[software:x_extension_id = 'pphgdbgldlmicfdkhondlafkiomnelnk'],stix,Software,"malware,malicious,browser-extension",85,2026-08-19T22:58:58Z,90
indicator,Browser Extension: Urban Ad Blocker,Extension ID: feflcgofneboehfdeebcfglbodaceghj. Category: malware. chrome. Ref: https://www.koi.ai/blog/urban-vpn-browser-extension-ai-conversations-data-collection,[software:x_extension_id = 'feflcgofneboehfdeebcfglbodaceghj'],stix,Software,"malware,malicious,browser-extension",85,2026-08-19T22:58:58Z,90
indicator,Browser Extension: Urban Browser Guard,Extension ID: almalgbpmcfpdaopimbdchdliminoign. Category: malware. chrome. Ref: https://www.koi.ai/blog/urban-vpn-browser-extension-ai-conversations-data-collection,[software:x_extension_id = 'almalgbpmcfpdaopimbdchdliminoign'],stix,Software,"malware,malicious,browser-extension",85,2026-08-19T22:58:58Z,90
indicator,Browser Extension: Urban VPN Proxy,Extension ID: eppiocemhmnlbhjplcgkofciiegomcon. Category: malware. chrome. Ref: https://www.koi.ai/blog/urban-vpn-browser-extension-ai-conversations-data-collection,[software:x_extension_id = 'eppiocemhmnlbhjplcgkofciiegomcon'],stix,Software,"malware,malicious,browser-extension",85,2026-08-19T22:58:58Z,90
indicator,"Browser Extension: AI Sidebar with Deepseek, ChatGPT, Claude and more.",Extension ID: inhcgfpbfdjbjogdfjbclgolkmhnooop. Category: malware. hash: 20ba72e91d7685926c8c1c5b4646616fa9d769e32c1bc4e9f15dddaf3429cea7. Ref: https://www.ox.security/blog/malicious-chrome-extensions-steal-chatgpt-deepseek-conversations/,[software:x_extension_id = 'inhcgfpbfdjbjogdfjbclgolkmhnooop'],stix,Software,"malware,malicious,browser-extension",85,2026-08-19T22:58:58Z,90
indicator,"Browser Extension: Chat GPT for Chrome with GPT-5, Claude Sonnet & DeepSeek AI",Extension ID: fnmihdojmnkclgjpcoonokmkhjpjechg. Category: malware. hash: 98d1f151872c27d0abae3887f7d6cb6e4ce29e99ad827cb077e1232bc4a69c00. Ref: https://www.ox.security/blog/malicious-chrome-extensions-steal-chatgpt-deepseek-conversations/,[software:x_extension_id = 'fnmihdojmnkclgjpcoonokmkhjpjechg'],stix,Software,"malware,malicious,browser-extension",85,2026-08-19T22:58:58Z,90
indicator,Browser Extension: Screenshot Master,Extension ID: pdlmjggogjgoaifncfpkhldgfilgghgc. Category: malware. Warning from Microsoft Edge: This extension contains malware. Ref: https://chromewebstore.google.com/detail/empty-title/pdlmjggogjgoaifncfpkhldgfilgghgc,[software:x_extension_id = 'pdlmjggogjgoaifncfpkhldgfilgghgc'],stix,Software,"malware,malicious,browser-extension",85,2026-08-19T22:58:58Z,90
indicator,Browser Extension: Fire Shield Secure Search,Extension ID: odccobbfnngplckpongkahajfjpnbcck. Category: compromised. d6f3723a513e50c6fe6510760b3fda576a5ccfebc69a283627a19e2be8983b3f - https://chromewebstore.google.com/detail/odccobbfnngplckpongkahajfjpnbcck. Ref: https://docs.google.com/spreadsheets/d/1LN7MQ_9W5QHIyZjjqXK7JnSiCLlcF4aBRhmZKon-p4U/edit?gid=0#gid=0,[software:x_extension_id = 'odccobbfnngplckpongkahajfjpnbcck'],stix,Software,"compromised,malicious,browser-extension",85,2026-08-19T22:58:58Z,90
indicator,Browser Extension: Fire Shield Chrome Safety,Extension ID: afefmfbcccnppcaiebpmbpmddhilkkdi. Category: compromised. 87291e54f36b97ac8745294b19953e6e1b3e748b895ec28d23a73d28104c50e1 - https://chromewebstore.google.com/detail/afefmfbcccnppcaiebpmbpmddhilkkdi. Ref: https://docs.google.com/spreadsheets/d/1LN7MQ_9W5QHIyZjjqXK7JnSiCLlcF4aBRhmZKon-p4U/edit?gid=0#gid=0,[software:x_extension_id = 'afefmfbcccnppcaiebpmbpmddhilkkdi'],stix,Software,"compromised,malicious,browser-extension",85,2026-08-19T22:58:58Z,90
indicator,Browser Extension: Safe Search for Chromeâ¢,Extension ID: oaljkhbgbedmfoiieocoenglpaeogjmf. Category: compromised. 08f8aa9e27683b5a764b1df5642f084f140f75d030902655deac8ad912674bdb - https://chromewebstore.google.com/detail/oaljkhbgbedmfoiieocoenglpaeogjmf. Ref: https://docs.google.com/spreadsheets/d/1LN7MQ_9W5QHIyZjjqXK7JnSiCLlcF4aBRhmZKon-p4U/edit?gid=0#gid=0,[software:x_extension_id = 'oaljkhbgbedmfoiieocoenglpaeogjmf'],stix,Software,"compromised,malicious,browser-extension",85,2026-08-19T22:58:58Z,90
indicator,Browser Extension: Fire Shield Extension Protection,Extension ID: ndajnaaobjaganokllcgbapngenfbgkc. Category: compromised. b910b3b41d3e1b0cee4ca0a1dbcb5cef2568840e72754b0c3bcae062f2a06bd2 - https://chromewebstore.google.com/detail/ndajnaaobjaganokllcgbapngenfbgkc. Ref: https://docs.google.com/spreadsheets/d/1LN7MQ_9W5QHIyZjjqXK7JnSiCLlcF4aBRhmZKon-p4U/edit?gid=0#gid=0,[software:x_extension_id = 'ndajnaaobjaganokllcgbapngenfbgkc'],stix,Software,"compromised,malicious,browser-extension",85,2026-08-19T22:58:58Z,90
indicator,Browser Extension: Browser Checkup for Chrome by Doctor,Extension ID: okjdbeegldeilceaflghgfdemobmfhbd. Category: compromised. f8e11786a42064ee8d62933fc2e7b5a5a1d46d58d15b09918c6a2b4e955bd20f - https://chromewebstore.google.com/detail/okjdbeegldeilceaflghgfdemobmfhbd. Ref: https://docs.google.com/spreadsheets/d/1LN7MQ_9W5QHIyZjjqXK7JnSiCLlcF4aBRhmZKon-p4U/edit?gid=0#gid=0,[software:x_extension_id = 'okjdbeegldeilceaflghgfdemobmfhbd'],stix,Software,"compromised,malicious,browser-extension",85,2026-08-19T22:58:58Z,90
indicator,Browser Extension: Protecto for Chromeâ¢,Extension ID: jhigofkbdbndeooldpdhmphldaglejlh. Category: compromised. 11d94ba1d2f1388276afe8ca38f4ff712c6c56314b814315f9a37d472e54b9bc - https://chromewebstore.google.com/detail/jhigofkbdbndeooldpdhmphldaglejlh. Ref: https://docs.google.com/spreadsheets/d/1LN7MQ_9W5QHIyZjjqXK7JnSiCLlcF4aBRhmZKon-p4U/edit?gid=0#gid=0,[software:x_extension_id = 'jhigofkbdbndeooldpdhmphldaglejlh'],stix,Software,"compromised,malicious,browser-extension",85,2026-08-19T22:58:58Z,90
indicator,Browser Extension: Unbiased Search by Protecto,Extension ID: pmgmbeeafpdjjhmeaalneginpmdhamhe. Category: compromised. e253c3b0454e7b9a9a4caafe681167d9466b50808d0414e242a79453b757eb55 - https://chromewebstore.google.com/detail/pmgmbeeafpdjjhmeaalneginpmdhamhe. Ref: https://docs.google.com/spreadsheets/d/1LN7MQ_9W5QHIyZjjqXK7JnSiCLlcF4aBRhmZKon-p4U/edit?gid=0#gid=0,[software:x_extension_id = 'pmgmbeeafpdjjhmeaalneginpmdhamhe'],stix,Software,"compromised,malicious,browser-extension",85,2026-08-19T22:58:58Z,90
indicator,Browser Extension: Securify Your Browser,Extension ID: eobcealmgdjeoheieiobkedbgddicaba. Category: compromised. 7f5fe81ba24ef6a6ceabccca48915c14b1c819b50aea8cb5fb1ce4248e529573 - https://chromewebstore.google.com/detail/eobcealmgdjeoheieiobkedbgddicaba. Ref: https://docs.google.com/spreadsheets/d/1LN7MQ_9W5QHIyZjjqXK7JnSiCLlcF4aBRhmZKon-p4U/edit?gid=0#gid=0,[software:x_extension_id = 'eobcealmgdjeoheieiobkedbgddicaba'],stix,Software,"compromised,malicious,browser-extension",85,2026-08-19T22:58:58Z,90
indicator,Browser Extension: Web Privacy Assistant,Extension ID: lnedcnepmplnjmfdiclhbfhneconamoj. Category: compromised. fcd319ffe8e12a99aceba5d893b8150921a081f97ee4089de89b793beda55fd9 - https://chromewebstore.google.com/detail/lnedcnepmplnjmfdiclhbfhneconamoj. Ref: https://docs.google.com/spreadsheets/d/1LN7MQ_9W5QHIyZjjqXK7JnSiCLlcF4aBRhmZKon-p4U/edit?gid=0#gid=0,[software:x_extension_id = 'lnedcnepmplnjmfdiclhbfhneconamoj'],stix,Software,"compromised,malicious,browser-extension",85,2026-08-19T22:58:58Z,90
indicator,Browser Extension: Securify Kid Protection,Extension ID: gadjnphfolikkffmppnicebdfimlblkj. Category: compromised. 3399ac457432a14d0a10662d2aa997596c5dd285a892040c0cadc83ad591ed20 - https://chromewebstore.google.com/detail/gadjnphfolikkffmppnicebdfimlblkj. Ref: https://docs.google.com/spreadsheets/d/1LN7MQ_9W5QHIyZjjqXK7JnSiCLlcF4aBRhmZKon-p4U/edit?gid=0#gid=0,[software:x_extension_id = 'gadjnphfolikkffmppnicebdfimlblkj'],stix,Software,"compromised,malicious,browser-extension",85,2026-08-19T22:58:58Z,90
indicator,Browser Extension: Bing Search by Securify,Extension ID: njfkgeajknkffkngdmjmjninkbgjedlo. Category: compromised. 8c1f21370205f6ff154904f742f62cbd423bd9a9968396d93ecef1497f0286a1 - https://chromewebstore.google.com/detail/njfkgeajknkffkngdmjmjninkbgjedlo. Ref: https://docs.google.com/spreadsheets/d/1LN7MQ_9W5QHIyZjjqXK7JnSiCLlcF4aBRhmZKon-p4U/edit?gid=0#gid=0,[software:x_extension_id = 'njfkgeajknkffkngdmjmjninkbgjedlo'],stix,Software,"compromised,malicious,browser-extension",85,2026-08-19T22:58:58Z,90
indicator,Browser Extension: Browse Securely for Chromeâ¢,Extension ID: eldjnmdpkecnjjkmmgndpcibgkfpodfh. Category: compromised. c6836815e6c096176a902bf6434f3c4bf42ed2e897ed1ecd3c2e1c3d93a56691 - https://chromewebstore.google.com/detail/eldjnmdpkecnjjkmmgndpcibgkfpodfh. Ref: https://docs.google.com/spreadsheets/d/1LN7MQ_9W5QHIyZjjqXK7JnSiCLlcF4aBRhmZKon-p4U/edit?gid=0#gid=0,[software:x_extension_id = 'eldjnmdpkecnjjkmmgndpcibgkfpodfh'],stix,Software,"compromised,malicious,browser-extension",85,2026-08-19T22:58:58Z,90
indicator,Browser Extension: Better Browse by SecurySearch,Extension ID: omieocempinhilcpbmnfdaamgomapded. Category: compromised. 4fc101f2a4f590564265515a907e43ea43b2ec87ef4d737eb1be1b710e7b6c6d - https://chromewebstore.google.com/detail/omieocempinhilcpbmnfdaamgomapded. Ref: https://docs.google.com/spreadsheets/d/1LN7MQ_9W5QHIyZjjqXK7JnSiCLlcF4aBRhmZKon-p4U/edit?gid=0#gid=0,[software:x_extension_id = 'omieocempinhilcpbmnfdaamgomapded'],stix,Software,"compromised,malicious,browser-extension",85,2026-08-19T22:58:58Z,90
indicator,Browser Extension: Check My Permissions for Chrome,Extension ID: ilgbcnkedmncjlhpfconadpjnhlflejf. Category: compromised. e009f12eb85b430062a2a96395709cc9c48e60e24536050ac318513ee1c446f1 - https://chromewebstore.google.com/detail/ilgbcnkedmncjlhpfconadpjnhlflejf. Ref: https://docs.google.com/spreadsheets/d/1LN7MQ_9W5QHIyZjjqXK7JnSiCLlcF4aBRhmZKon-p4U/edit?gid=0#gid=0,[software:x_extension_id = 'ilgbcnkedmncjlhpfconadpjnhlflejf'],stix,Software,"compromised,malicious,browser-extension",85,2026-08-19T22:58:58Z,90
indicator,Browser Extension: Website Safety for Chrome,Extension ID: okggiiagcegdfiajlkodohfkeemnjlnd. Category: compromised. 11b6d9c6b1f6f02634a41963265317a08b8c1896b2097066f174f726a01660ab - https://chromewebstore.google.com/detail/okggiiagcegdfiajlkodohfkeemnjlnd. Ref: https://docs.google.com/spreadsheets/d/1LN7MQ_9W5QHIyZjjqXK7JnSiCLlcF4aBRhmZKon-p4U/edit?gid=0#gid=0,[software:x_extension_id = 'okggiiagcegdfiajlkodohfkeemnjlnd'],stix,Software,"compromised,malicious,browser-extension",85,2026-08-19T22:58:58Z,90
indicator,Browser Extension: MultiSearch for Chromeâ¢,Extension ID: jgajjllfidghjkjfipmjbaegafkdpfha. Category: compromised. ef40e6409fccd223d1e7cb8e126f679dfd23acf5c723ab764cbe3c578e2fa162 - https://chromewebstore.google.com/detail/jgajjllfidghjkjfipmjbaegafkdpfha. Ref: https://docs.google.com/spreadsheets/d/1LN7MQ_9W5QHIyZjjqXK7JnSiCLlcF4aBRhmZKon-p4U/edit?gid=0#gid=0,[software:x_extension_id = 'jgajjllfidghjkjfipmjbaegafkdpfha'],stix,Software,"compromised,malicious,browser-extension",85,2026-08-19T22:58:58Z,90
indicator,Browser Extension: Global search for Chromeâ¢,Extension ID: gpibjjfllodpcfhcjpamonnblkbinbie. Category: compromised. 3c75743d653cf7c1ba4bf4da5e64120bbdd2e73b529b07cc2aeb43acb2703375 - https://chromewebstore.google.com/detail/gpibjjfllodpcfhcjpamonnblkbinbie. Ref: https://docs.google.com/spreadsheets/d/1LN7MQ_9W5QHIyZjjqXK7JnSiCLlcF4aBRhmZKon-p4U/edit?gid=0#gid=0,[software:x_extension_id = 'gpibjjfllodpcfhcjpamonnblkbinbie'],stix,Software,"compromised,malicious,browser-extension",85,2026-08-19T22:58:58Z,90
indicator,Browser Extension: Map Search for Chromeâ¢,Extension ID: hpdpddnfjaacnbcnoohlcipfafkbmdja. Category: compromised. 3c75743d653cf7c1ba4bf4da5e64120bbdd2e73b529b07cc2aeb43acb2703375 - https://chromewebstore.google.com/detail/hpdpddnfjaacnbcnoohlcipfafkbmdja. Ref: https://docs.google.com/spreadsheets/d/1LN7MQ_9W5QHIyZjjqXK7JnSiCLlcF4aBRhmZKon-p4U/edit?gid=0#gid=0,[software:x_extension_id = 'hpdpddnfjaacnbcnoohlcipfafkbmdja'],stix,Software,"compromised,malicious,browser-extension",85,2026-08-19T22:58:58Z,90
indicator,Browser Extension: Watch Tower Overview,Extension ID: lljnhidbljbfkejjcfogkhgmgdihjmlf. Category: compromised. 452ddd62c8cf237715bba3daa00fea0f57c0192130541ceec4787ac2002b326a - https://chromewebstore.google.com/detail/lljnhidbljbfkejjcfogkhgmgdihjmlf. Ref: https://docs.google.com/spreadsheets/d/1LN7MQ_9W5QHIyZjjqXK7JnSiCLlcF4aBRhmZKon-p4U/edit?gid=0#gid=0,[software:x_extension_id = 'lljnhidbljbfkejjcfogkhgmgdihjmlf'],stix,Software,"compromised,malicious,browser-extension",85,2026-08-19T22:58:58Z,90
indicator,Browser Extension: Incognito Shield for Chromeâ¢,Extension ID: gclgncjpanihjpbjbecgfmfnipggcckn. Category: compromised. 65706bb84997bf62c63bbc89f6a4bac16228dc9cf43245b2342c575842d0d41f - https://chromewebstore.google.com/detail/gclgncjpanihjpbjbecgfmfnipggcckn. Ref: https://docs.google.com/spreadsheets/d/1LN7MQ_9W5QHIyZjjqXK7JnSiCLlcF4aBRhmZKon-p4U/edit?gid=0#gid=0,[software:x_extension_id = 'gclgncjpanihjpbjbecgfmfnipggcckn'],stix,Software,"compromised,malicious,browser-extension",85,2026-08-19T22:58:58Z,90
indicator,Browser Extension: In Site Search for Chromeâ¢,Extension ID: cpehflfpgdgofpocagbdeecjlfhjfjdh. Category: compromised. b834ed03e310fce30ad96b66613485a8285d6ec60de2d0d2450de097881383cf - https://chromewebstore.google.com/detail/cpehflfpgdgofpocagbdeecjlfhjfjdh. Ref: https://docs.google.com/spreadsheets/d/1LN7MQ_9W5QHIyZjjqXK7JnSiCLlcF4aBRhmZKon-p4U/edit?gid=0#gid=0,[software:x_extension_id = 'cpehflfpgdgofpocagbdeecjlfhjfjdh'],stix,Software,"compromised,malicious,browser-extension",85,2026-08-19T22:58:58Z,90
indicator,Browser Extension: Privacy Guard for Chromeâ¢,Extension ID: mdenajpfccjjjnbochgkdahmnipfpelc. Category: compromised. e5dfb0745883b5ec089ba10d391941d7b87c6ecbde5e61b8f33053e307651046 - https://chromewebstore.google.com/detail/mdenajpfccjjjnbochgkdahmnipfpelc. Ref: https://docs.google.com/spreadsheets/d/1LN7MQ_9W5QHIyZjjqXK7JnSiCLlcF4aBRhmZKon-p4U/edit?gid=0#gid=0,[software:x_extension_id = 'mdenajpfccjjjnbochgkdahmnipfpelc'],stix,Software,"compromised,malicious,browser-extension",85,2026-08-19T22:58:58Z,90
indicator,Browser Extension: Yahoo Search by Ghost,Extension ID: eoclijfghiglinncpceohgaigfgnlbim. Category: compromised. 5a12e22b2760207406177dcfdcaf94bb125a993b88bc1a6f69161b5193867ca2 - https://chromewebstore.google.com/detail/eoclijfghiglinncpceohgaigfgnlbim. Ref: https://docs.google.com/spreadsheets/d/1LN7MQ_9W5QHIyZjjqXK7JnSiCLlcF4aBRhmZKon-p4U/edit?gid=0#gid=0,[software:x_extension_id = 'eoclijfghiglinncpceohgaigfgnlbim'],stix,Software,"compromised,malicious,browser-extension",85,2026-08-19T22:58:58Z,90
indicator,Browser Extension: Private Search for Chromeâ¢,Extension ID: cghdfcbncfjhleinblpalngjhojokjeo. Category: compromised. 085f1974517c8f316e43a4efb96935accc8b42aea4d3a4ef1a47fa975e2b0053 - https://chromewebstore.google.com/detail/cghdfcbncfjhleinblpalngjhojokjeo. Ref: https://docs.google.com/spreadsheets/d/1LN7MQ_9W5QHIyZjjqXK7JnSiCLlcF4aBRhmZKon-p4U/edit?gid=0#gid=0,[software:x_extension_id = 'cghdfcbncfjhleinblpalngjhojokjeo'],stix,Software,"compromised,malicious,browser-extension",85,2026-08-19T22:58:58Z,90
indicator,Browser Extension: Total Safety for Chromeâ¢,Extension ID: jeahgicmhigopdgilnmclihdjjlhnmop. Category: compromised. 14baafa8635573324f36562782756432870e56c8feedc52435d34f92d9709354 - https://chromewebstore.google.com/detail/jeahgicmhigopdgilnmclihdjjlhnmop. Ref: https://docs.google.com/spreadsheets/d/1LN7MQ_9W5QHIyZjjqXK7JnSiCLlcF4aBRhmZKon-p4U/edit?gid=0#gid=0,[software:x_extension_id = 'jeahgicmhigopdgilnmclihdjjlhnmop'],stix,Software,"compromised,malicious,browser-extension",85,2026-08-19T22:58:58Z,90
indicator,Browser Extension: Data Shield for Chrome,Extension ID: edbhdbhgdbanjhdnpjcianjgfmdkgbcf. Category: compromised. ba6f82fe69e1de8a66ec425ab0db2a3151250495ca3fdadbc0f1e35dd670fc50 - https://chromewebstore.google.com/detail/edbhdbhgdbanjhdnpjcianjgfmdkgbcf. Ref: https://docs.google.com/spreadsheets/d/1LN7MQ_9W5QHIyZjjqXK7JnSiCLlcF4aBRhmZKon-p4U/edit?gid=0#gid=0,[software:x_extension_id = 'edbhdbhgdbanjhdnpjcianjgfmdkgbcf'],stix,Software,"compromised,malicious,browser-extension",85,2026-08-19T22:58:58Z,90
indicator,Browser Extension: Browser WatchDog for Chrome,Extension ID: jjnfhbcilcppomkcmkbbmcadoihkkgah. Category: compromised. 2a4714dc3435330bc901b72f473e9c04448e9d8566ea0ee8e148858868253eb0 - https://chromewebstore.google.com/detail/jjnfhbcilcppomkcmkbbmcadoihkkgah. Ref: https://docs.google.com/spreadsheets/d/1LN7MQ_9W5QHIyZjjqXK7JnSiCLlcF4aBRhmZKon-p4U/edit?gid=0#gid=0,[software:x_extension_id = 'jjnfhbcilcppomkcmkbbmcadoihkkgah'],stix,Software,"compromised,malicious,browser-extension",85,2026-08-19T22:58:58Z,90
indicator,Browser Extension: Incognito Search for Chromeâ¢,Extension ID: dmnajaiijohbndidolbdbpicdjanombo. Category: compromised. bb8dfc9e01e8ce209ed7e797e2fd174dee3a5cc49ea44a11e82c384ff7ebb56f - https://chromewebstore.google.com/detail/dmnajaiijohbndidolbdbpicdjanombo. Ref: https://docs.google.com/spreadsheets/d/1LN7MQ_9W5QHIyZjjqXK7JnSiCLlcF4aBRhmZKon-p4U/edit?gid=0#gid=0,[software:x_extension_id = 'dmnajaiijohbndidolbdbpicdjanombo'],stix,Software,"compromised,malicious,browser-extension",85,2026-08-19T22:58:58Z,90
indicator,Browser Extension: Web Results for Chromeâ¢,Extension ID: gpghebehjahceknfdcfifeifhdbongld. Category: compromised. 6168d90117726300438ca6633175e78033a2abb74eb040fa6f70f7428ef5a62b - https://chromewebstore.google.com/detail/gpghebehjahceknfdcfifeifhdbongld. Ref: https://docs.google.com/spreadsheets/d/1LN7MQ_9W5QHIyZjjqXK7JnSiCLlcF4aBRhmZKon-p4U/edit?gid=0#gid=0,[software:x_extension_id = 'gpghebehjahceknfdcfifeifhdbongld'],stix,Software,"compromised,malicious,browser-extension",85,2026-08-19T22:58:58Z,90
indicator,Browser Extension: Cuponomia - Coupon and Cashback,Extension ID: gidejehfgombmkfflghejpncblgfkagj. Category: compromised. 0cb15d9cbfbce2804def4b83a0da112bbebbf121f44798973f764fa3de66470b - https://chromewebstore.google.com/detail/gidejehfgombmkfflghejpncblgfkagj. Ref: https://docs.google.com/spreadsheets/d/1LN7MQ_9W5QHIyZjjqXK7JnSiCLlcF4aBRhmZKon-p4U/edit?gid=0#gid=0,[software:x_extension_id = 'gidejehfgombmkfflghejpncblgfkagj'],stix,Software,"compromised,malicious,browser-extension",85,2026-08-19T22:58:58Z,90
indicator,Browser Extension: Securify for Chromeâ¢,Extension ID: koolcjajfdkjjfklmidahmcjhcmmkhma. Category: compromised. 55e8cf4d99fc6d79baac3de87ebac1f94268898286bb365f5f837082ce525861 - https://chromewebstore.google.com/detail/koolcjajfdkjjfklmidahmcjhcmmkhma. Ref: https://docs.google.com/spreadsheets/d/1LN7MQ_9W5QHIyZjjqXK7JnSiCLlcF4aBRhmZKon-p4U/edit?gid=0#gid=0,[software:x_extension_id = 'koolcjajfdkjjfklmidahmcjhcmmkhma'],stix,Software,"compromised,malicious,browser-extension",85,2026-08-19T22:58:58Z,90
indicator,Browser Extension: Securify Advanced Web Protection,Extension ID: gijlkeaijpeaoihdajcgmiajeoonnkoj. Category: compromised. 77c9f67b696c888c5d5f0c093e53074c5607b6759568bd89e3d287b643836c64 - https://chromewebstore.google.com/detail/gijlkeaijpeaoihdajcgmiajeoonnkoj. Ref: https://docs.google.com/spreadsheets/d/1LN7MQ_9W5QHIyZjjqXK7JnSiCLlcF4aBRhmZKon-p4U/edit?gid=0#gid=0,[software:x_extension_id = 'gijlkeaijpeaoihdajcgmiajeoonnkoj'],stix,Software,"compromised,malicious,browser-extension",85,2026-08-19T22:58:58Z,90
indicator,Browser Extension: News Search for Chromeâ¢,Extension ID: kldgaejigkhpgmfglbamggiglngkifck. Category: compromised. 6c35b77d5a140b794900774f720af2398ecdca42e63ef897ef71470e6b5f67c7 - https://chromewebstore.google.com/detail/kldgaejigkhpgmfglbamggiglngkifck. Ref: https://docs.google.com/spreadsheets/d/1LN7MQ_9W5QHIyZjjqXK7JnSiCLlcF4aBRhmZKon-p4U/edit?gid=0#gid=0,[software:x_extension_id = 'kldgaejigkhpgmfglbamggiglngkifck'],stix,Software,"compromised,malicious,browser-extension",85,2026-08-19T22:58:58Z,90
indicator,Browser Extension: SecuryBrowse for Chromeâ¢,Extension ID: ojlhcbolfcndnojcjhhjgmdblnojgefm. Category: compromised. 95aa3147637125e0246150df8a06c8e60af9c75929026af1285e74984f9a3f74 - https://chromewebstore.google.com/detail/ojlhcbolfcndnojcjhhjgmdblnojgefm. Ref: https://docs.google.com/spreadsheets/d/1LN7MQ_9W5QHIyZjjqXK7JnSiCLlcF4aBRhmZKon-p4U/edit?gid=0#gid=0,[software:x_extension_id = 'ojlhcbolfcndnojcjhhjgmdblnojgefm'],stix,Software,"compromised,malicious,browser-extension",85,2026-08-19T22:58:58Z,90
indicator,Browser Extension: Choose Your Chrome Tools,Extension ID: kiecdaoopedhfgapicmpebbhodepnbbp. Category: compromised. 0f0c7fd3d76f3428280a47d2f4d981efdb86a6cafe6db99e31e73c5f3f3c188f - https://chromewebstore.google.com/detail/kiecdaoopedhfgapicmpebbhodepnbbp. Ref: https://docs.google.com/spreadsheets/d/1LN7MQ_9W5QHIyZjjqXK7JnSiCLlcF4aBRhmZKon-p4U/edit?gid=0#gid=0,[software:x_extension_id = 'kiecdaoopedhfgapicmpebbhodepnbbp'],stix,Software,"compromised,malicious,browser-extension",85,2026-08-19T22:58:58Z,90
indicator,Browser Extension: Securify Viewpoint Searchâ¢,Extension ID: dmakkciciccnjgmfjflpbdfkdnmpfghp. Category: compromised. 09b06e96534fa2ee58d77bf55ca57119d8024a52aaa99dad9a319a1fea28d895 - https://chromewebstore.google.com/detail/dmakkciciccnjgmfjflpbdfkdnmpfghp. Ref: https://docs.google.com/spreadsheets/d/1LN7MQ_9W5QHIyZjjqXK7JnSiCLlcF4aBRhmZKon-p4U/edit?gid=0#gid=0,[software:x_extension_id = 'dmakkciciccnjgmfjflpbdfkdnmpfghp'],stix,Software,"compromised,malicious,browser-extension",85,2026-08-19T22:58:58Z,90
indicator,Browser Extension: Quick Manuals for Chromeâ¢,Extension ID: ebhcaliljppmelancooakfgcgcceiind. Category: compromised. 7fae3cd1a10099f2429cc22f088a27d295bb9ab13aaed643acb40130977d4a6c - https://chromewebstore.google.com/detail/ebhcaliljppmelancooakfgcgcceiind. Ref: https://docs.google.com/spreadsheets/d/1LN7MQ_9W5QHIyZjjqXK7JnSiCLlcF4aBRhmZKon-p4U/edit?gid=0#gid=0,[software:x_extension_id = 'ebhcaliljppmelancooakfgcgcceiind'],stix,Software,"compromised,malicious,browser-extension",85,2026-08-19T22:58:58Z,90
indicator,Browser Extension: Search Images on Chromeâ¢,Extension ID: eekblbhfmladafbmpgkdedmolbjkjbnc. Category: compromised. d3d57d1148597a3a52d9b6fdf2f3d5766da59017276d4cd0d44e1718e871c9e6 - https://chromewebstore.google.com/detail/eekblbhfmladafbmpgkdedmolbjkjbnc. Ref: https://docs.google.com/spreadsheets/d/1LN7MQ_9W5QHIyZjjqXK7JnSiCLlcF4aBRhmZKon-p4U/edit?gid=0#gid=0,[software:x_extension_id = 'eekblbhfmladafbmpgkdedmolbjkjbnc'],stix,Software,"compromised,malicious,browser-extension",85,2026-08-19T22:58:58Z,90
indicator,Browser Extension: Givero Search for Chromeâ¢,Extension ID: ejkdgndbgpfcaggpmnijcbddlnmdnpka. Category: compromised. ecdbd1b012712eb96a030ce75e298172edaf87930b0ee0c131665b228af58307 - https://chromewebstore.google.com/detail/ejkdgndbgpfcaggpmnijcbddlnmdnpka. Ref: https://docs.google.com/spreadsheets/d/1LN7MQ_9W5QHIyZjjqXK7JnSiCLlcF4aBRhmZKon-p4U/edit?gid=0#gid=0,[software:x_extension_id = 'ejkdgndbgpfcaggpmnijcbddlnmdnpka'],stix,Software,"compromised,malicious,browser-extension",85,2026-08-19T22:58:58Z,90
indicator,Browser Extension: Secured Connection by SecuryBrowse,Extension ID: fojomppheellamdaddnbgommepnlkooh. Category: compromised. 603490bbfc1c0ebd083657ee6cb2635060723a03407d0006c685f635e09ffeef - https://chromewebstore.google.com/detail/fojomppheellamdaddnbgommepnlkooh. Ref: https://docs.google.com/spreadsheets/d/1LN7MQ_9W5QHIyZjjqXK7JnSiCLlcF4aBRhmZKon-p4U/edit?gid=0#gid=0,[software:x_extension_id = 'fojomppheellamdaddnbgommepnlkooh'],stix,Software,"compromised,malicious,browser-extension",85,2026-08-19T22:58:58Z,90
indicator,Browser Extension: AI Browser Managerâ¢,Extension ID: gmbebpcapalekeaoekfhpbioilghcfmp. Category: compromised. 1c504492b3aa0ab27048405192bd22e83aa905e58fcacb056166311b4d202390 - https://chromewebstore.google.com/detail/gmbebpcapalekeaoekfhpbioilghcfmp. Ref: https://docs.google.com/spreadsheets/d/1LN7MQ_9W5QHIyZjjqXK7JnSiCLlcF4aBRhmZKon-p4U/edit?gid=0#gid=0,[software:x_extension_id = 'gmbebpcapalekeaoekfhpbioilghcfmp'],stix,Software,"compromised,malicious,browser-extension",85,2026-08-19T22:58:58Z,90
indicator,Browser Extension: Protected Browsing on Chromeâ¢,Extension ID: ndcphhjcebhifabfmebineokbfdnbphm. Category: compromised. f66a41b92f25488afc6bc2d1edd7e7b578da578b272e07ad53dbcd66360308de - https://chromewebstore.google.com/detail/ndcphhjcebhifabfmebineokbfdnbphm. Ref: https://docs.google.com/spreadsheets/d/1LN7MQ_9W5QHIyZjjqXK7JnSiCLlcF4aBRhmZKon-p4U/edit?gid=0#gid=0,[software:x_extension_id = 'ndcphhjcebhifabfmebineokbfdnbphm'],stix,Software,"compromised,malicious,browser-extension",85,2026-08-19T22:58:58Z,90
indicator,Browser Extension: ChatGPT Search for Chromeâ¢,Extension ID: oghbffaoaooigagpockijkpfpgmnibkh. Category: compromised. abcd772d6c39b0c324ae7ffcd9957c81c49d9ceddaf6597ed176af236ba1500f - https://chromewebstore.google.com/detail/oghbffaoaooigagpockijkpfpgmnibkh. Ref: https://docs.google.com/spreadsheets/d/1LN7MQ_9W5QHIyZjjqXK7JnSiCLlcF4aBRhmZKon-p4U/edit?gid=0#gid=0,[software:x_extension_id = 'oghbffaoaooigagpockijkpfpgmnibkh'],stix,Software,"compromised,malicious,browser-extension",85,2026-08-19T22:58:58Z,90
indicator,Browser Extension: Games Search for Chromeâ¢,Extension ID: oppeaknhldjjnfnflbcedipjbnbimhhf. Category: compromised. 953bb630d822912e7c65d286e1652fa5d6541984eda407b6bb1754baebdc7255 - https://chromewebstore.google.com/detail/oppeaknhldjjnfnflbcedipjbnbimhhf. Ref: https://docs.google.com/spreadsheets/d/1LN7MQ_9W5QHIyZjjqXK7JnSiCLlcF4aBRhmZKon-p4U/edit?gid=0#gid=0,[software:x_extension_id = 'oppeaknhldjjnfnflbcedipjbnbimhhf'],stix,Software,"compromised,malicious,browser-extension",85,2026-08-19T22:58:58Z,90
indicator,Browser Extension: Address Checker for Chromeâ¢,Extension ID: pcfapghfanllmbdfiipeiihpkojekckk. Category: compromised. 6155ae043989d69b7366cdd8d00b1c79ca6a340ac1fca32f33e5ac7d370a68a3 - https://chromewebstore.google.com/detail/pcfapghfanllmbdfiipeiihpkojekckk. Ref: https://docs.google.com/spreadsheets/d/1LN7MQ_9W5QHIyZjjqXK7JnSiCLlcF4aBRhmZKon-p4U/edit?gid=0#gid=0,[software:x_extension_id = 'pcfapghfanllmbdfiipeiihpkojekckk'],stix,Software,"compromised,malicious,browser-extension",85,2026-08-19T22:58:58Z,90
indicator,Browser Extension: Recipe Search for Chromeâ¢,Extension ID: lfmdddfdacgdimongmjclgijepoknmjm. Category: compromised. 600b6e793a16e8d64b2342f8ae5898445faa8d35178966b78ba78e052687bfff - https://chromewebstore.google.com/detail/lfmdddfdacgdimongmjclgijepoknmjm. Ref: https://docs.google.com/spreadsheets/d/1LN7MQ_9W5QHIyZjjqXK7JnSiCLlcF4aBRhmZKon-p4U/edit?gid=0#gid=0,[software:x_extension_id = 'lfmdddfdacgdimongmjclgijepoknmjm'],stix,Software,"compromised,malicious,browser-extension",85,2026-08-19T22:58:58Z,90
indicator,Browser Extension: Search Safely by SecurySearch,Extension ID: pmannhofeaiadkcdbcebhnkcnkjjnfpn. Category: compromised. b1fc614c999e44d70022850e91d5a929a2571dd6a69ba8b8fad14999eeba1b3f - https://chromewebstore.google.com/detail/pmannhofeaiadkcdbcebhnkcnkjjnfpn. Ref: https://docs.google.com/spreadsheets/d/1LN7MQ_9W5QHIyZjjqXK7JnSiCLlcF4aBRhmZKon-p4U/edit?gid=0#gid=0,[software:x_extension_id = 'pmannhofeaiadkcdbcebhnkcnkjjnfpn'],stix,Software,"compromised,malicious,browser-extension",85,2026-08-19T22:58:58Z,90
indicator,Browser Extension: SecurySearch for Chrome,Extension ID: lkbfbidpkbeicafnnhlaockggaknjolf. Category: compromised. 2967273d9288f95b51492cd1115a8772856fd5f8618562dbce12b002e4a4c981 - https://chromewebstore.google.com/detail/lkbfbidpkbeicafnnhlaockggaknjolf. Ref: https://docs.google.com/spreadsheets/d/1LN7MQ_9W5QHIyZjjqXK7JnSiCLlcF4aBRhmZKon-p4U/edit?gid=0#gid=0,[software:x_extension_id = 'lkbfbidpkbeicafnnhlaockggaknjolf'],stix,Software,"compromised,malicious,browser-extension",85,2026-08-19T22:58:58Z,90
indicator,Browser Extension: Website Orientations,Extension ID: adjpoipklnhlapjijccnemdhkcphcegd. Category: compromised. c2b383fbc12603657e5a766fabaa34d1f1ad9992d2e8433a50308c8e62060866 - https://chromewebstore.google.com/detail/adjpoipklnhlapjijccnemdhkcphcegd. Ref: https://docs.google.com/spreadsheets/d/1LN7MQ_9W5QHIyZjjqXK7JnSiCLlcF4aBRhmZKon-p4U/edit?gid=0#gid=0,[software:x_extension_id = 'adjpoipklnhlapjijccnemdhkcphcegd'],stix,Software,"compromised,malicious,browser-extension",85,2026-08-19T22:58:58Z,90
indicator,Browser Extension: Protecto Whois Searchâ¢,Extension ID: dkcjihabohaldgjkdmenepolojcjdaah. Category: compromised. 81d1cf9a56551f2b47dc9a4eb06aa8f72db9ea39781909b301438cc8adf06c76 - https://chromewebstore.google.com/detail/dkcjihabohaldgjkdmenepolojcjdaah. Ref: https://docs.google.com/spreadsheets/d/1LN7MQ_9W5QHIyZjjqXK7JnSiCLlcF4aBRhmZKon-p4U/edit?gid=0#gid=0,[software:x_extension_id = 'dkcjihabohaldgjkdmenepolojcjdaah'],stix,Software,"compromised,malicious,browser-extension",85,2026-08-19T22:58:58Z,90
indicator,Browser Extension: Productive Search for Chromeâ¢,Extension ID: iiegilogjnagependdonbfcmfmmaamon. Category: compromised. a83b24c4aeea3b3d58b9bbf2710eb3abdd77b5fcf4826cf0b26a87fbe0670e9b - https://chromewebstore.google.com/detail/iiegilogjnagependdonbfcmfmmaamon. Ref: https://docs.google.com/spreadsheets/d/1LN7MQ_9W5QHIyZjjqXK7JnSiCLlcF4aBRhmZKon-p4U/edit?gid=0#gid=0,[software:x_extension_id = 'iiegilogjnagependdonbfcmfmmaamon'],stix,Software,"compromised,malicious,browser-extension",85,2026-08-19T22:58:58Z,90
indicator,Browser Extension: Secure Search for Chromeâ¢,Extension ID: aiaaeimmjjeceodjpficfnjckenedbon. Category: compromised. a555c832850347a7bcf4f68eb71e779aaf44fb8183093308c90affaecea6d4d8 - https://chromewebstore.google.com/detail/aiaaeimmjjeceodjpficfnjckenedbon. Ref: https://docs.google.com/spreadsheets/d/1LN7MQ_9W5QHIyZjjqXK7JnSiCLlcF4aBRhmZKon-p4U/edit?gid=0#gid=0,[software:x_extension_id = 'aiaaeimmjjeceodjpficfnjckenedbon'],stix,Software,"compromised,malicious,browser-extension",85,2026-08-19T22:58:58Z,90
indicator,Browser Extension: Yahoo SecurySearchâ¢,Extension ID: alogdolelipkojjgggejccalcbdioolg. Category: compromised. b7594d4b41df90a60f2c21a7d65533a6ee5c1035f8c13739b2b82eda1e906e31 - https://chromewebstore.google.com/detail/alogdolelipkojjgggejccalcbdioolg. Ref: https://docs.google.com/spreadsheets/d/1LN7MQ_9W5QHIyZjjqXK7JnSiCLlcF4aBRhmZKon-p4U/edit?gid=0#gid=0,[software:x_extension_id = 'alogdolelipkojjgggejccalcbdioolg'],stix,Software,"compromised,malicious,browser-extension",85,2026-08-19T22:58:58Z,90
indicator,Browser Extension: ProtectMyInfo for Chromeâ¢,Extension ID: fchgahponkgfomlgieipannlfanfbfak. Category: compromised. be8e9dd6ac1c8765c9768dd4f3fd02211cc391c40b1b0a4f845fe4ab3f74321a - https://chromewebstore.google.com/detail/fchgahponkgfomlgieipannlfanfbfak. Ref: https://docs.google.com/spreadsheets/d/1LN7MQ_9W5QHIyZjjqXK7JnSiCLlcF4aBRhmZKon-p4U/edit?gid=0#gid=0,[software:x_extension_id = 'fchgahponkgfomlgieipannlfanfbfak'],stix,Software,"compromised,malicious,browser-extension",85,2026-08-19T22:58:58Z,90
indicator,Browser Extension: Advanced Search for Chromeâ¢,Extension ID: ldanhaibkdifncinbpjdjpambmofmpkf. Category: compromised. 87b6fbe16b10b854013f94e69b36db349b39da122b46306fc4d0d44716bccabc - https://chromewebstore.google.com/detail/ldanhaibkdifncinbpjdjpambmofmpkf. Ref: https://docs.google.com/spreadsheets/d/1LN7MQ_9W5QHIyZjjqXK7JnSiCLlcF4aBRhmZKon-p4U/edit?gid=0#gid=0,[software:x_extension_id = 'ldanhaibkdifncinbpjdjpambmofmpkf'],stix,Software,"compromised,malicious,browser-extension",85,2026-08-19T22:58:58Z,90
indicator,Browser Extension: New Tab for Chrome â¢,Extension ID: aehjmdkbfemaefoebbihbfcmhehgimcl. Category: compromised. 25d29e926313b6485294ad63642e3f3d5ba8cdf375fa24af7fb8122ea7ac35b8 - https://chromewebstore.google.com/detail/aehjmdkbfemaefoebbihbfcmhehgimcl. Ref: https://docs.google.com/spreadsheets/d/1LN7MQ_9W5QHIyZjjqXK7JnSiCLlcF4aBRhmZKon-p4U/edit?gid=0#gid=0,[software:x_extension_id = 'aehjmdkbfemaefoebbihbfcmhehgimcl'],stix,Software,"compromised,malicious,browser-extension",85,2026-08-19T22:58:58Z,90
indicator,Browser Extension: Binance Chain Wallet,Extension ID: fhbohimaelbohpjbbldcngcnapnedx765dodjp. Category: cryptocurrency. Often targeted by stealers. Ref: https://www.unpac.me/results/2556d787-13e4-47d5-80d9-23522332a0b1/,[software:x_extension_id = 'fhbohimaelbohpjbbldcngcnapnedx765dodjp'],stix,Software,"cryptocurrency,sensitive,browser-extension",50,2026-08-19T22:58:58Z,40
indicator,Browser Extension: Ronin Wallet,Extension ID: fnjhmkhhmkbedx765jkkabndcnnogagogbneec. Category: cryptocurrency. Often targeted by stealers. Ref: https://www.unpac.me/results/2556d787-13e4-47d5-80d9-23522332a0b1/,[software:x_extension_id = 'fnjhmkhhmkbedx765jkkabndcnnogagogbneec'],stix,Software,"cryptocurrency,sensitive,browser-extension",50,2026-08-19T22:58:58Z,40
indicator,Browser Extension: Native messaging host for WebTruffleHog,Extension ID: akoofbljmjeodfmdpjndmmnifglppjdi. Category: Credential Access. Browser extension that leverages TruffleHog to scan web traffic in real-time for exposed secrets. Ref: https://github.com/c3l3si4n/webtrufflehog/blob/5e3d76da3d72a09367e9a0eb158f25418863e230/com.webtrufflehog.json#L7,[software:x_extension_id = 'akoofbljmjeodfmdpjndmmnifglppjdi'],stix,Software,"Credential Access,offensive,browser-extension",50,2026-08-19T22:58:58Z,40
indicator,Browser Extension: Smartproxy Extension,Extension ID: hdemabfejemmmicoabglpocdmmkjphpo. Category: Defense Evasion. residentials proxies often used by attackers in phishing attempts. Ref: https://chromewebstore.google.com/detail/smartproxy-extension/hdemabfejemmmicoabglpocdmmkjphpo,[software:x_extension_id = 'hdemabfejemmmicoabglpocdmmkjphpo'],stix,Software,"Defense Evasion,phishing,browser-extension",50,2026-08-19T22:58:58Z,40
indicator,Browser Extension: Honey: Automatic Coupons & Rewards,Extension ID: aopkheicgfmacnpdebpdffbhfilcoecb. Category: scam. not a malware - scamming activities - chrome extension ID list https://bsky.app/profile/hexacorn.bsky.social/post/3lfchb6r5yk2l. Ref: https://www.youtube.com/watch?v=vc4yL3YTwWk,[software:x_extension_id = 'aopkheicgfmacnpdebpdffbhfilcoecb'],stix,Software,"scam,deceptive,browser-extension",50,2026-08-19T22:58:58Z,40
indicator,Browser Extension: Honey: Automatic Coupons & Rewards,Extension ID: bmnlcjabgnpnenekpadlanbbkooimhnj. Category: scam. not a malware - scamming activities - chrome extension ID list https://bsky.app/profile/hexacorn.bsky.social/post/3lfchb6r5yk2l. Ref: https://www.youtube.com/watch?v=vc4yL3YTwWk,[software:x_extension_id = 'bmnlcjabgnpnenekpadlanbbkooimhnj'],stix,Software,"scam,deceptive,browser-extension",50,2026-08-19T22:58:58Z,40
indicator,Browser Extension: Honey: Automatic Coupons & Rewards,Extension ID: oleahcaoibfbcoejnabdeleldpicbjgi. Category: scam. not a malware - scamming activities - chrome extension ID list https://bsky.app/profile/hexacorn.bsky.social/post/3lfchb6r5yk2l. Ref: https://www.youtube.com/watch?v=vc4yL3YTwWk,[software:x_extension_id = 'oleahcaoibfbcoejnabdeleldpicbjgi'],stix,Software,"scam,deceptive,browser-extension",50,2026-08-19T22:58:58Z,40
indicator,Browser Extension: Honey: Automatic Coupons & Rewards,Extension ID: amnbcmdbanbkjhnfoeceemmmdiepnbpp. Category: scam. not a malware - scamming activities - edge extension ID list https://bsky.app/profile/hexacorn.bsky.social/post/3lfchb6r5yk2l. Ref: https://www.youtube.com/watch?v=vc4yL3YTwWk,[software:x_extension_id = 'amnbcmdbanbkjhnfoeceemmmdiepnbpp'],stix,Software,"scam,deceptive,browser-extension",50,2026-08-19T22:58:58Z,40
indicator,Browser Extension: Honey: Automatic Coupons & Rewards,Extension ID: jid1-93CWPmRbVPjRQA@jetpack. Category: scam. not a malware - scamming activities - firefox extension ID list https://bsky.app/profile/hexacorn.bsky.social/post/3lfchb6r5yk2l. Ref: https://www.youtube.com/watch?v=vc4yL3YTwWk,[software:x_extension_id = 'jid1-93CWPmRbVPjRQA@jetpack'],stix,Software,"scam,deceptive,browser-extension",50,2026-08-19T22:58:58Z,40
indicator,Browser Extension: AI Assistant - ChatGPT and Gemini for Chrome,Extension ID: bibjgkidgpfbblifamdlkdlhgihmfohh. Category: compromised. compromised extensions. Ref: https://www.extensiontotal.com/cyberhaven-incident-live,[software:x_extension_id = 'bibjgkidgpfbblifamdlkdlhgihmfohh'],stix,Software,"compromised,malicious,browser-extension",85,2026-08-19T22:58:58Z,90
indicator,Browser Extension: Bard AI chat,Extension ID: pkgciiiancapdlpcbppfkmeaieppikkk. Category: compromised. compromised extensions. Ref: https://www.extensiontotal.com/cyberhaven-incident-live,[software:x_extension_id = 'pkgciiiancapdlpcbppfkmeaieppikkk'],stix,Software,"compromised,malicious,browser-extension",85,2026-08-19T22:58:58Z,90
indicator,Browser Extension: GPT 4 Summary with OpenAI,Extension ID: epdjhgbipjpbbhoccdeipghoihibnfja. Category: compromised. compromised extensions. Ref: https://www.extensiontotal.com/cyberhaven-incident-live,[software:x_extension_id = 'epdjhgbipjpbbhoccdeipghoihibnfja'],stix,Software,"compromised,malicious,browser-extension",85,2026-08-19T22:58:58Z,90
indicator,Browser Extension: vSearch Copilot AI Assistant for Chrome,Extension ID: bbdnohkpnbkdkmnkddobeafboooinpla. Category: compromised. compromised extensions. Ref: https://www.extensiontotal.com/cyberhaven-incident-live,[software:x_extension_id = 'bbdnohkpnbkdkmnkddobeafboooinpla'],stix,Software,"compromised,malicious,browser-extension",85,2026-08-19T22:58:58Z,90
indicator,Browser Extension: TinaMind - The GPT-4o-powered AI Assistant!,Extension ID: befflofjcniongenjmbkgkoljhgliihe. Category: compromised. compromised extensions. Ref: https://www.extensiontotal.com/cyberhaven-incident-live,[software:x_extension_id = 'befflofjcniongenjmbkgkoljhgliihe'],stix,Software,"compromised,malicious,browser-extension",85,2026-08-19T22:58:58Z,90
indicator,Browser Extension: Wayin AI,Extension ID: cedgndijpacnfbdggppddacngjfdkaca. Category: compromised. compromised extensions. Ref: https://www.extensiontotal.com/cyberhaven-incident-live,[software:x_extension_id = 'cedgndijpacnfbdggppddacngjfdkaca'],stix,Software,"compromised,malicious,browser-extension",85,2026-08-19T22:58:58Z,90
indicator,Browser Extension: VPNCity,Extension ID: nnpnnpemnckcfdebeekibpiijlicmpom. Category: compromised. compromised extensions. Ref: https://www.extensiontotal.com/cyberhaven-incident-live,[software:x_extension_id = 'nnpnnpemnckcfdebeekibpiijlicmpom'],stix,Software,"compromised,malicious,browser-extension",85,2026-08-19T22:58:58Z,90
indicator,Browser Extension: Internxt VPN,Extension ID: dpggmcodlahmljkhlmpgpdcffdaoccni. Category: compromised. compromised extensions. Ref: https://www.extensiontotal.com/cyberhaven-incident-live,[software:x_extension_id = 'dpggmcodlahmljkhlmpgpdcffdaoccni'],stix,Software,"compromised,malicious,browser-extension",85,2026-08-19T22:58:58Z,90
indicator,Browser Extension: Vidnoz Flex - Video recorder & Video share,Extension ID: cplhlgabfijoiabgkigdafklbhhdkahj. Category: compromised. compromised extensions. Ref: https://www.extensiontotal.com/cyberhaven-incident-live,[software:x_extension_id = 'cplhlgabfijoiabgkigdafklbhhdkahj'],stix,Software,"compromised,malicious,browser-extension",85,2026-08-19T22:58:58Z,90
indicator,Browser Extension: VidHelper - Video Downloader,Extension ID: egmennebgadmncfjafcemlecimkepcle. Category: compromised. compromised extensions. Ref: https://www.extensiontotal.com/cyberhaven-incident-live,[software:x_extension_id = 'egmennebgadmncfjafcemlecimkepcle'],stix,Software,"compromised,malicious,browser-extension",85,2026-08-19T22:58:58Z,90
indicator,Browser Extension: Bookmark Favicon Changer,Extension ID: acmfnomgphggonodopogfbmkneepfgnh. Category: compromised. compromised extensions. Ref: https://www.extensiontotal.com/cyberhaven-incident-live,[software:x_extension_id = 'acmfnomgphggonodopogfbmkneepfgnh'],stix,Software,"compromised,malicious,browser-extension",85,2026-08-19T22:58:58Z,90
indicator,Browser Extension: Castorus,Extension ID: mnhffkhmpnefgklngfmlndmkimimbphc. Category: compromised. compromised extensions. Ref: https://www.extensiontotal.com/cyberhaven-incident-live,[software:x_extension_id = 'mnhffkhmpnefgklngfmlndmkimimbphc'],stix,Software,"compromised,malicious,browser-extension",85,2026-08-19T22:58:58Z,90
indicator,Browser Extension: Uvoice,Extension ID: oaikpkmjciadfpddlpjjdapglcihgdle. Category: compromised. compromised extensions. Ref: https://www.extensiontotal.com/cyberhaven-incident-live,[software:x_extension_id = 'oaikpkmjciadfpddlpjjdapglcihgdle'],stix,Software,"compromised,malicious,browser-extension",85,2026-08-19T22:58:58Z,90
indicator,Browser Extension: compromised extensions,Extension ID: fbmlcbhdmilaggedifpihjgkkmdgeljh. Category: compromised. compromised extensions. Ref: https://www.extensiontotal.com/cyberhaven-incident-live,[software:x_extension_id = 'fbmlcbhdmilaggedifpihjgkkmdgeljh'],stix,Software,"compromised,malicious,browser-extension",85,2026-08-19T22:58:58Z,90
indicator,Browser Extension: Parrot Talks,Extension ID: kkodiihpgodmdankclfibbiphjkfdenh. Category: compromised. compromised extensions. Ref: https://www.extensiontotal.com/cyberhaven-incident-live,[software:x_extension_id = 'kkodiihpgodmdankclfibbiphjkfdenh'],stix,Software,"compromised,malicious,browser-extension",85,2026-08-19T22:58:58Z,90
indicator,Browser Extension: Primus (prev. PADO),Extension ID: oeiomhmbaapihbilkfkhmlajkeegnjhe. Category: compromised. compromised extensions. Ref: https://www.extensiontotal.com/cyberhaven-incident-live,[software:x_extension_id = 'oeiomhmbaapihbilkfkhmlajkeegnjhe'],stix,Software,"compromised,malicious,browser-extension",85,2026-08-19T22:58:58Z,90
indicator,Browser Extension: YesCaptcha assistant,Extension ID: jiofmdifioeejeilfkpegipdjiopiekl. Category: compromised. compromised extensions. Ref: https://www.extensiontotal.com/cyberhaven-incident-live,[software:x_extension_id = 'jiofmdifioeejeilfkpegipdjiopiekl'],stix,Software,"compromised,malicious,browser-extension",85,2026-08-19T22:58:58Z,90
indicator,Browser Extension: Proxy SwitchyOmega (V3),Extension ID: hihblcmlaaademjlakdpicchbjnnnkbo. Category: compromised. compromised extensions. Ref: https://www.extensiontotal.com/cyberhaven-incident-live,[software:x_extension_id = 'hihblcmlaaademjlakdpicchbjnnnkbo'],stix,Software,"compromised,malicious,browser-extension",85,2026-08-19T22:58:58Z,90
indicator,Browser Extension: GraphQL Network Inspector,Extension ID: ndlbedplllcgconngcnfmkadhokfaaln. Category: compromised. compromised extensions. Ref: https://www.extensiontotal.com/cyberhaven-incident-live,[software:x_extension_id = 'ndlbedplllcgconngcnfmkadhokfaaln'],stix,Software,"compromised,malicious,browser-extension",85,2026-08-19T22:58:58Z,90
indicator,Browser Extension: Keyboard History Recorder,Extension ID: igbodamhgjohafcenbcljfegbipdfjpk. Category: compromised. compromised extensions. Ref: https://www.extensiontotal.com/cyberhaven-incident-live,[software:x_extension_id = 'igbodamhgjohafcenbcljfegbipdfjpk'],stix,Software,"compromised,malicious,browser-extension",85,2026-08-19T22:58:58Z,90
indicator,Browser Extension: ChatGPT Assistant - Smart Search,Extension ID: bgejafhieobnfpjlpcjjggoboebonfcg. Category: compromised. compromised extensions. Ref: https://www.extensiontotal.com/cyberhaven-incident-live,[software:x_extension_id = 'bgejafhieobnfpjlpcjjggoboebonfcg'],stix,Software,"compromised,malicious,browser-extension",85,2026-08-19T22:58:58Z,90
indicator,Browser Extension: Reader Mode,Extension ID: llimhhconnjiflfimocjggfjdlmlhblm. Category: compromised. compromised extensions. Ref: https://www.extensiontotal.com/cyberhaven-incident-live,[software:x_extension_id = 'llimhhconnjiflfimocjggfjdlmlhblm'],stix,Software,"compromised,malicious,browser-extension",85,2026-08-19T22:58:58Z,90
indicator,Browser Extension: Visual Effects for Google Meet,Extension ID: hodiladlefdpcbemnbbcpclbmknkiaem. Category: compromised. compromised extensions. Ref: https://www.extensiontotal.com/cyberhaven-incident-live,[software:x_extension_id = 'hodiladlefdpcbemnbbcpclbmknkiaem'],stix,Software,"compromised,malicious,browser-extension",85,2026-08-19T22:58:58Z,90
indicator,Browser Extension: AI Shop Buddy,Extension ID: epikoohpebngmakjinphfiagogjcnddm. Category: compromised. compromised extensions. Ref: https://www.extensiontotal.com/cyberhaven-incident-live,[software:x_extension_id = 'epikoohpebngmakjinphfiagogjcnddm'],stix,Software,"compromised,malicious,browser-extension",85,2026-08-19T22:58:58Z,90
indicator,Browser Extension: Cyberhaven security extension V3,Extension ID: pajkjnmeojmbapicmbpliphjmcekeaac. Category: compromised. compromised extensions. Ref: https://www.extensiontotal.com/cyberhaven-incident-live,[software:x_extension_id = 'pajkjnmeojmbapicmbpliphjmcekeaac'],stix,Software,"compromised,malicious,browser-extension",85,2026-08-19T22:58:58Z,90
indicator,Browser Extension: Earny - Up to 20% Cash Back,Extension ID: ogbhbgkiojdollpjbhbamafmedkeockb. Category: compromised. compromised extensions. Ref: https://www.extensiontotal.com/cyberhaven-incident-live,[software:x_extension_id = 'ogbhbgkiojdollpjbhbamafmedkeockb'],stix,Software,"compromised,malicious,browser-extension",85,2026-08-19T22:58:58Z,90
indicator,Browser Extension: Rewards Search Automator,Extension ID: eanofdhdfbcalhflpbdipkjjkoimeeod. Category: compromised. compromised extensions. Ref: https://www.extensiontotal.com/cyberhaven-incident-live,[software:x_extension_id = 'eanofdhdfbcalhflpbdipkjjkoimeeod'],stix,Software,"compromised,malicious,browser-extension",85,2026-08-19T22:58:58Z,90
indicator,Browser Extension: Tackker - online keylogger tool,Extension ID: ekpkdmohpdnebfedjjfklhpefgpgaaji. Category: compromised. compromised extensions. Ref: https://www.extensiontotal.com/cyberhaven-incident-live,[software:x_extension_id = 'ekpkdmohpdnebfedjjfklhpefgpgaaji'],stix,Software,"compromised,malicious,browser-extension",85,2026-08-19T22:58:58Z,90
indicator,Browser Extension: Sort by Oldest,Extension ID: miglaibdlgminlepgeifekifakochlka. Category: compromised. compromised extensions. Ref: https://www.extensiontotal.com/cyberhaven-incident-live,[software:x_extension_id = 'miglaibdlgminlepgeifekifakochlka'],stix,Software,"compromised,malicious,browser-extension",85,2026-08-19T22:58:58Z,90
indicator,Browser Extension: Email Hunter,Extension ID: mbindhfolmpijhodmgkloeeppmkhpmhc. Category: compromised. compromised extensions. Ref: https://www.extensiontotal.com/cyberhaven-incident-live,[software:x_extension_id = 'mbindhfolmpijhodmgkloeeppmkhpmhc'],stix,Software,"compromised,malicious,browser-extension",85,2026-08-19T22:58:58Z,90
indicator,Browser Extension: 8Web Mirror,Extension ID: eaijffijbobmnonfhilihbejadplhddo. Category: compromised. compromised extensions. Ref: https://www.extensiontotal.com/cyberhaven-incident-live,[software:x_extension_id = 'eaijffijbobmnonfhilihbejadplhddo'],stix,Software,"compromised,malicious,browser-extension",85,2026-08-19T22:58:58Z,90
indicator,Browser Extension: ChatGPT App,Extension ID: lbneaaedflankmgmfbmaplggbmjjmbae. Category: compromised. compromised extensions. Ref: https://www.extensiontotal.com/cyberhaven-incident-live,[software:x_extension_id = 'lbneaaedflankmgmfbmaplggbmjjmbae'],stix,Software,"compromised,malicious,browser-extension",85,2026-08-19T22:58:58Z,90
indicator,Browser Extension: Hi AI,Extension ID: hmiaoahjllhfgebflooeeefeiafpkfde. Category: compromised. compromised extensions. Ref: https://www.extensiontotal.com/cyberhaven-incident-live,[software:x_extension_id = 'hmiaoahjllhfgebflooeeefeiafpkfde'],stix,Software,"compromised,malicious,browser-extension",85,2026-08-19T22:58:58Z,90
indicator,Browser Extension: compromised extensions,Extension ID: pdkmmfdfggfpibdjbbghggcllhhainjo. Category: compromised. compromised extensions. Ref: https://www.extensiontotal.com/cyberhaven-incident-live,[software:x_extension_id = 'pdkmmfdfggfpibdjbbghggcllhhainjo'],stix,Software,"compromised,malicious,browser-extension",85,2026-08-19T22:58:58Z,90
indicator,Browser Extension: compromised extensions,Extension ID: emedckhdnioeieppmeojgegjfkhdlaeo. Category: compromised. compromised extensions. Ref: https://www.extensiontotal.com/cyberhaven-incident-live,[software:x_extension_id = 'emedckhdnioeieppmeojgegjfkhdlaeo'],stix,Software,"compromised,malicious,browser-extension",85,2026-08-19T22:58:58Z,90
indicator,Browser Extension: compromised extensions,Extension ID: didhgeamncokiaegffipckhhcpnmlcbl. Category: compromised. compromised extensions. Ref: https://www.extensiontotal.com/cyberhaven-incident-live,[software:x_extension_id = 'didhgeamncokiaegffipckhhcpnmlcbl'],stix,Software,"compromised,malicious,browser-extension",85,2026-08-19T22:58:58Z,90
indicator,Browser Extension: Often targeted by stealers - installed by localxpose,Extension ID: gcmjkmgdlgnkkcocmoeiminaijmmjnii. Category: cryptocurrency. Often targeted by stealers - installed by localxpose. Ref: https://www.virustotal.com/gui/file/17a9356024d2fa2ae8f327fc5babc10eb859e0c433e768cd03a50dd9c7880601,[software:x_extension_id = 'gcmjkmgdlgnkkcocmoeiminaijmmjnii'],stix,Software,"cryptocurrency,sensitive,browser-extension",50,2026-08-19T22:58:58Z,40
indicator,Browser Extension: Shwmae,Extension ID: ijacbjjjpmhencpkoghphdgbooifplmn. Category: Credential Access. Shwmae (shuh-my) is a Windows Hello abuse tool - webauthn-inject.js browser extension id. Ref: https://github.com/CCob/Shwmae/blob/73415c28a0ac01727a1fde46e208ba5759b2ff23/ShwmaeExt/webauthn-inject.js#L34,[software:x_extension_id = 'ijacbjjjpmhencpkoghphdgbooifplmn'],stix,Software,"Credential Access,offensive,browser-extension",50,2026-08-19T22:58:58Z,40
indicator,Browser Extension: Chrome Remote Desktop,Extension ID: inomeogfingihgjfjlpeplalcfajhgai. Category: RMM. . Ref: ,[software:x_extension_id = 'inomeogfingihgjfjlpeplalcfajhgai'],stix,Software,"RMM,greyware,browser-extension",50,2026-08-19T22:58:58Z,40
indicator,Browser Extension: Fleetd,Extension ID: bfleegjcoffelppfmadimianphbcdjkb. Category: RMM. Fleetd Chrome Extension. Ref: https://github.com/fleetdm/fleet/blob/80e60433482a34c6f0e758a2ff300b43f4a3a1a5/ee/fleetd-chrome/README.md?plain=1#L81,[software:x_extension_id = 'bfleegjcoffelppfmadimianphbcdjkb'],stix,Software,"RMM,greyware,browser-extension",50,2026-08-19T22:58:58Z,40
indicator,Browser Extension: Zeal,Extension ID: heamnjbnflcikcggoiplibfommfbkjpj. Category: cryptocurrency. Often targeted by stealers. Ref: fixme,[software:x_extension_id = 'heamnjbnflcikcggoiplibfommfbkjpj'],stix,Software,"cryptocurrency,sensitive,browser-extension",50,2026-08-19T22:58:58Z,40
indicator,Browser Extension: TronLink,Extension ID: ibnejdfjmmkpcnlpebklmnkoeoihofec. Category: cryptocurrency. Often targeted by stealers. Ref: https://www.unpac.me/results/2556d787-13e4-47d5-80d9-23522332a0b1/,[software:x_extension_id = 'ibnejdfjmmkpcnlpebklmnkoeoihofec'],stix,Software,"cryptocurrency,sensitive,browser-extension",50,2026-08-19T22:58:58Z,40
indicator,Browser Extension: Ton,Extension ID: nphplpgoakhhjchkkhmiggakijnkhfnd. Category: cryptocurrency. Often targeted by stealers. Ref: fixme,[software:x_extension_id = 'nphplpgoakhhjchkkhmiggakijnkhfnd'],stix,Software,"cryptocurrency,sensitive,browser-extension",50,2026-08-19T22:58:58Z,40
indicator,Browser Extension: TokenPocket,Extension ID: mfgccjchihfkkindfppnaooecgfneiii. Category: cryptocurrency. Often targeted by stealers. Ref: fixme,[software:x_extension_id = 'mfgccjchihfkkindfppnaooecgfneiii'],stix,Software,"cryptocurrency,sensitive,browser-extension",50,2026-08-19T22:58:58Z,40
indicator,Browser Extension: SafePal,Extension ID: lgmpcpglpngdoalbgeoldeajfclnhafa. Category: cryptocurrency. Often targeted by stealers. Ref: fixme,[software:x_extension_id = 'lgmpcpglpngdoalbgeoldeajfclnhafa'],stix,Software,"cryptocurrency,sensitive,browser-extension",50,2026-08-19T22:58:58Z,40
indicator,Browser Extension: OneKey,Extension ID: jnmbobjmhlngoefaiojfljckilhhlhcj. Category: cryptocurrency. Often targeted by stealers. Ref: fixme,[software:x_extension_id = 'jnmbobjmhlngoefaiojfljckilhhlhcj'],stix,Software,"cryptocurrency,sensitive,browser-extension",50,2026-08-19T22:58:58Z,40
indicator,Browser Extension: OKX,Extension ID: mcohilncbfahbmgdjkbpemcciiolgcge. Category: cryptocurrency. Often targeted by stealers. Ref: fixme,[software:x_extension_id = 'mcohilncbfahbmgdjkbpemcciiolgcge'],stix,Software,"cryptocurrency,sensitive,browser-extension",50,2026-08-19T22:58:58Z,40
indicator,Browser Extension: Ethos Sui,Extension ID: mcbigmjiafegjnnogedioegffbooigli. Category: cryptocurrency. Often targeted by stealers. Ref: fixme,[software:x_extension_id = 'mcbigmjiafegjnnogedioegffbooigli'],stix,Software,"cryptocurrency,sensitive,browser-extension",50,2026-08-19T22:58:58Z,40
indicator,Browser Extension: Enkrypt,Extension ID: kkpllkodjeloidieedojogacfhpaihoh. Category: cryptocurrency. Often targeted by stealers. Ref: fixme,[software:x_extension_id = 'kkpllkodjeloidieedojogacfhpaihoh'],stix,Software,"cryptocurrency,sensitive,browser-extension",50,2026-08-19T22:58:58Z,40
indicator,Browser Extension: Crypto.com,Extension ID: hifafgmccdpekplomjjkcfgodnhcellj. Category: cryptocurrency. Often targeted by stealers. Ref: fixme,[software:x_extension_id = 'hifafgmccdpekplomjjkcfgodnhcellj'],stix,Software,"cryptocurrency,sensitive,browser-extension",50,2026-08-19T22:58:58Z,40
indicator,Browser Extension: Coinbase,Extension ID: odbfpeeihdkbihmopkbjmoonfanlbfcl. Category: cryptocurrency. Often targeted by stealers. Ref: fixme,[software:x_extension_id = 'odbfpeeihdkbihmopkbjmoonfanlbfcl'],stix,Software,"cryptocurrency,sensitive,browser-extension",50,2026-08-19T22:58:58Z,40
indicator,Browser Extension: BlockWallet,Extension ID: bopcbmipnjdcdfflfgjdgdjejmgpoaab. Category: cryptocurrency. Often targeted by stealers. Ref: fixme,[software:x_extension_id = 'bopcbmipnjdcdfflfgjdgdjejmgpoaab'],stix,Software,"cryptocurrency,sensitive,browser-extension",50,2026-08-19T22:58:58Z,40
indicator,Browser Extension: Argent X,Extension ID: dlcobpjiigpikoobohmabehhmhfoodbb. Category: cryptocurrency. Often targeted by stealers. Ref: fixme,[software:x_extension_id = 'dlcobpjiigpikoobohmabehhmhfoodbb'],stix,Software,"cryptocurrency,sensitive,browser-extension",50,2026-08-19T22:58:58Z,40
indicator,Browser Extension: AuroWallet,Extension ID: cnmamaachppnkjgnildpdmkaakejnhae. Category: cryptocurrency. Often targeted by stealers. Ref: https://chromewebstore.google.com/detail/auro-wallet/cnmamaachppnkjgnildpdmkaakejnhae,[software:x_extension_id = 'cnmamaachppnkjgnildpdmkaakejnhae'],stix,Software,"cryptocurrency,sensitive,browser-extension",50,2026-08-19T22:58:58Z,40
indicator,Browser Extension: Babylon,Extension ID: dhkplhfnhceodhffomolpfigojocbpcb. Category: PUP. PUP Babylon Spyware redirects browser searches potentially leading to malwares. Ref: N/A,[software:x_extension_id = 'dhkplhfnhceodhffomolpfigojocbpcb'],stix,Software,"PUP,privacy,browser-extension",50,2026-08-19T22:58:58Z,40
indicator,Browser Extension: BinanceWallet,Extension ID: fhbohimaelbohpjbbldcngcnapndodjp. Category: cryptocurrency. Often targeted by stealers. Ref: https://chromewebstore.google.com/detail/bnb-chain-wallet/fhbohimaelbohpjbbldcngcnapndodjp,[software:x_extension_id = 'fhbohimaelbohpjbbldcngcnapndodjp'],stix,Software,"cryptocurrency,sensitive,browser-extension",50,2026-08-19T22:58:58Z,40
indicator,Browser Extension: BitClip,Extension ID: ijmpgkjfkbfhoebgogflfebnmejmfbml. Category: cryptocurrency. Often targeted by stealers. Ref: N/A,[software:x_extension_id = 'ijmpgkjfkbfhoebgogflfebnmejmfbml'],stix,Software,"cryptocurrency,sensitive,browser-extension",50,2026-08-19T22:58:58Z,40
indicator,Browser Extension: Bitoke,Extension ID: oijajbhmelbcoclnkdmembiacmeghbae. Category: cryptocurrency. Often targeted by stealers. Ref: N/A,[software:x_extension_id = 'oijajbhmelbcoclnkdmembiacmeghbae'],stix,Software,"cryptocurrency,sensitive,browser-extension",50,2026-08-19T22:58:58Z,40
indicator,Browser Extension: BitAppWallet,Extension ID: fihkakfobkmkjojpchpfgcmhfjnmnfpi. Category: cryptocurrency. Often targeted by stealers. Ref: N/A,[software:x_extension_id = 'fihkakfobkmkjojpchpfgcmhfjnmnfpi'],stix,Software,"cryptocurrency,sensitive,browser-extension",50,2026-08-19T22:58:58Z,40
indicator,Browser Extension: Byone,Extension ID: nlgbhdfgdhgbiamfdfmbikcdghidoadd. Category: cryptocurrency. Often targeted by stealers. Ref: https://chromewebstore.google.com/detail/byone/nlgbhdfgdhgbiamfdfmbikcdghidoadd,[software:x_extension_id = 'nlgbhdfgdhgbiamfdfmbikcdghidoadd'],stix,Software,"cryptocurrency,sensitive,browser-extension",50,2026-08-19T22:58:58Z,40
indicator,Browser Extension: CardWallet,Extension ID: apnehcjmnengpnmccpaibjmhhoadaico. Category: cryptocurrency. Often targeted by stealers. Ref: https://chromewebstore.google.com/detail/cwallet/apnehcjmnengpnmccpaibjmhhoadaico,[software:x_extension_id = 'apnehcjmnengpnmccpaibjmhhoadaico'],stix,Software,"cryptocurrency,sensitive,browser-extension",50,2026-08-19T22:58:58Z,40
indicator,Browser Extension: CloverWallet,Extension ID: nhnkbkgjikgcigadomkphalanndcapjk. Category: cryptocurrency. Often targeted by stealers. Ref: https://chromewebstore.google.com/detail/portefeuille-clv/nhnkbkgjikgcigadomkphalanndcapjk,[software:x_extension_id = 'nhnkbkgjikgcigadomkphalanndcapjk'],stix,Software,"cryptocurrency,sensitive,browser-extension",50,2026-08-19T22:58:58Z,40
indicator,Browser Extension: Coin89,Extension ID: aeachknmefphepccionboohckonoeemg. Category: cryptocurrency. Often targeted by stealers. Ref: https://chromewebstore.google.com/detail/coin98-wallet/aeachknmefphepccionboohckonoeemg,[software:x_extension_id = 'aeachknmefphepccionboohckonoeemg'],stix,Software,"cryptocurrency,sensitive,browser-extension",50,2026-08-19T22:58:58Z,40
indicator,Browser Extension: CryptoAirdrops,Extension ID: dhgnlgphgchebgoemcjekedjjbifijid. Category: cryptocurrency. Often targeted by stealers. Ref: N/A,[software:x_extension_id = 'dhgnlgphgchebgoemcjekedjjbifijid'],stix,Software,"cryptocurrency,sensitive,browser-extension",50,2026-08-19T22:58:58Z,40
indicator,Browser Extension: CyanoWallet,Extension ID: dkdedlpgdmmkkfjabffeganieamfklkm. Category: cryptocurrency. Often targeted by stealers. Ref: https://chromewebstore.google.com/detail/cyano-wallet/dkdedlpgdmmkkfjabffeganieamfklkm,[software:x_extension_id = 'dkdedlpgdmmkkfjabffeganieamfklkm'],stix,Software,"cryptocurrency,sensitive,browser-extension",50,2026-08-19T22:58:58Z,40
indicator,Browser Extension: EQUALWallet,Extension ID: blnieiiffboillknjnepogjhkgnoapac. Category: cryptocurrency. Often targeted by stealers. Ref: N/A,[software:x_extension_id = 'blnieiiffboillknjnepogjhkgnoapac'],stix,Software,"cryptocurrency,sensitive,browser-extension",50,2026-08-19T22:58:58Z,40
indicator,Browser Extension: Flint,Extension ID: hnhobjmcibchnmglfbldbfabcgaknlkj. Category: cryptocurrency. Often targeted by stealers. Ref: https://chromewebstore.google.com/detail/flint-wallet/hnhobjmcibchnmglfbldbfabcgaknlkj,[software:x_extension_id = 'hnhobjmcibchnmglfbldbfabcgaknlkj'],stix,Software,"cryptocurrency,sensitive,browser-extension",50,2026-08-19T22:58:58Z,40
indicator,Browser Extension: FreaksAxie,Extension ID: copjnifcecdedocejpaapepagaodgpbh. Category: cryptocurrency. Often targeted by stealers. Ref: https://chromewebstore.google.com/detail/freaks-axie-extension/copjnifcecdedocejpaapepagaodgpbh,[software:x_extension_id = 'copjnifcecdedocejpaapepagaodgpbh'],stix,Software,"cryptocurrency,sensitive,browser-extension",50,2026-08-19T22:58:58Z,40
indicator,Browser Extension: Guarda,Extension ID: jbdaocneiiinmjbjlgalhcelgbejmnid. Category: cryptocurrency. Often targeted by stealers. Ref: N/A,[software:x_extension_id = 'jbdaocneiiinmjbjlgalhcelgbejmnid'],stix,Software,"cryptocurrency,sensitive,browser-extension",50,2026-08-19T22:58:58Z,40
indicator,Browser Extension: GophotoIt,Extension ID: pfmopbbadnfoelckkcmjjeaaegjpjjbk. Category: PUP. PUP GophotoIt Spyware redirects browser searches potentially leading to malwares. Ref: N/A,[software:x_extension_id = 'pfmopbbadnfoelckkcmjjeaaegjpjjbk'],stix,Software,"PUP,privacy,browser-extension",50,2026-08-19T22:58:58Z,40
indicator,Browser Extension: GuildWallet,Extension ID: nkddgncdjgjfcddamfgcmfnlhccnimig. Category: cryptocurrency. Often targeted by stealers. Ref: N/A,[software:x_extension_id = 'nkddgncdjgjfcddamfgcmfnlhccnimig'],stix,Software,"cryptocurrency,sensitive,browser-extension",50,2026-08-19T22:58:58Z,40
indicator,Browser Extension: guildwallet,Extension ID: nanjmdknhkinifnkgdcggcfnhdaammmj. Category: cryptocurrency. Often targeted by stealers. Ref: N/A,[software:x_extension_id = 'nanjmdknhkinifnkgdcggcfnhdaammmj'],stix,Software,"cryptocurrency,sensitive,browser-extension",50,2026-08-19T22:58:58Z,40
indicator,Browser Extension: HyconLiteClient,Extension ID: bcopgchhojmggmffilplmbdicgaihlkp. Category: cryptocurrency. Often targeted by stealers. Ref: https://chromewebstore.google.com/detail/hycon-lite-client/bcopgchhojmggmffilplmbdicgaihlkp,[software:x_extension_id = 'bcopgchhojmggmffilplmbdicgaihlkp'],stix,Software,"cryptocurrency,sensitive,browser-extension",50,2026-08-19T22:58:58Z,40
indicator,Browser Extension: ICONex,Extension ID: flpiciilemghbmfalicajoolhkkenfel. Category: cryptocurrency. Often targeted by stealers. Ref: https://chromewebstore.google.com/detail/iconex/flpiciilemghbmfalicajoolhkkenfel,[software:x_extension_id = 'flpiciilemghbmfalicajoolhkkenfel'],stix,Software,"cryptocurrency,sensitive,browser-extension",50,2026-08-19T22:58:58Z,40
indicator,Browser Extension: iWallet,Extension ID: kncchdigobghenbbaddojjnnaogfppfj. Category: cryptocurrency. Often targeted by stealers. Ref: https://chromewebstore.google.com/detail/iwallet/kncchdigobghenbbaddojjnnaogfppfj,[software:x_extension_id = 'kncchdigobghenbbaddojjnnaogfppfj'],stix,Software,"cryptocurrency,sensitive,browser-extension",50,2026-08-19T22:58:58Z,40
indicator,Browser Extension: Keplr,Extension ID: dmkamcknogkgcdfhhbddcghachkejeap. Category: cryptocurrency. Often targeted by stealers. Ref: https://chromewebstore.google.com/detail/keplr/dmkamcknogkgcdfhhbddcghachkejeap,[software:x_extension_id = 'dmkamcknogkgcdfhhbddcghachkejeap'],stix,Software,"cryptocurrency,sensitive,browser-extension",50,2026-08-19T22:58:58Z,40
indicator,Browser Extension: KHC,Extension ID: hcflpincpppdclinealmandijcmnkbgn. Category: cryptocurrency. Often targeted by stealers. Ref: N/A,[software:x_extension_id = 'hcflpincpppdclinealmandijcmnkbgn'],stix,Software,"cryptocurrency,sensitive,browser-extension",50,2026-08-19T22:58:58Z,40
indicator,Browser Extension: Leaf Walle,Extension ID: cihmoadaighcejopammfbmddcmdekcje. Category: cryptocurrency. Often targeted by stealers. Ref: https://chromewebstore.google.com/detail/leafwallet-easy-to-use-eo/cihmoadaighcejopammfbmddcmdekcje,[software:x_extension_id = 'cihmoadaighcejopammfbmddcmdekcje'],stix,Software,"cryptocurrency,sensitive,browser-extension",50,2026-08-19T22:58:58Z,40
indicator,Browser Extension: LiqualityWallet,Extension ID: kpfopkelmapcoipemfendmdcghnegimn. Category: cryptocurrency. Often targeted by stealers. Ref: N/A,[software:x_extension_id = 'kpfopkelmapcoipemfendmdcghnegimn'],stix,Software,"cryptocurrency,sensitive,browser-extension",50,2026-08-19T22:58:58Z,40
indicator,Browser Extension: MathWallet,Extension ID: afbcbjpbpfadlkmhmclhkeeodmamcflc. Category: cryptocurrency. Often targeted by stealers. Ref: https://chromewebstore.google.com/detail/math-wallet/afbcbjpbpfadlkmhmclhkeeodmamcflc,[software:x_extension_id = 'afbcbjpbpfadlkmhmclhkeeodmamcflc'],stix,Software,"cryptocurrency,sensitive,browser-extension",50,2026-08-19T22:58:58Z,40
indicator,Browser Extension: Metamask,Extension ID: nkbihfbeogaeaoehlefnkodbefgpgknn. Category: cryptocurrency. Often targeted by stealers. Ref: https://chromewebstore.google.com/detail/metamask/nkbihfbeogaeaoehlefnkodbefgpgknn,[software:x_extension_id = 'nkbihfbeogaeaoehlefnkodbefgpgknn'],stix,Software,"cryptocurrency,sensitive,browser-extension",50,2026-08-19T22:58:58Z,40
indicator,Browser Extension: Metamask,Extension ID: ejbalbakoplchlghecdaedx765lmeeeajnimhm. Category: cryptocurrency. Often targeted by stealers. Ref: https://www.unpac.me/results/2556d787-13e4-47d5-80d9-23522332a0b1/,[software:x_extension_id = 'ejbalbakoplchlghecdaedx765lmeeeajnimhm'],stix,Software,"cryptocurrency,sensitive,browser-extension",50,2026-08-19T22:58:58Z,40
indicator,Browser Extension: MetaWallet,Extension ID: bkklifkecemccedpkhcebagjpehhabfb. Category: cryptocurrency. Often targeted by stealers. Ref: https://chromewebstore.google.com/detail/metawallet/bkklifkecemccedpkhcebagjpehhabfb,[software:x_extension_id = 'bkklifkecemccedpkhcebagjpehhabfb'],stix,Software,"cryptocurrency,sensitive,browser-extension",50,2026-08-19T22:58:58Z,40
indicator,Browser Extension: MEW CX,Extension ID: nlbmnnijcnlegkjjpcfjclmcfggfefdm. Category: cryptocurrency. Often targeted by stealers. Ref: N/A,[software:x_extension_id = 'nlbmnnijcnlegkjjpcfjclmcfggfefdm'],stix,Software,"cryptocurrency,sensitive,browser-extension",50,2026-08-19T22:58:58Z,40
indicator,Browser Extension: NaboxWallet,Extension ID: nknhiehlklippafakaeklbeglecifhad. Category: cryptocurrency. Often targeted by stealers. Ref: https://chromewebstore.google.com/detail/nabox-wallet/nknhiehlklippafakaeklbeglecifhad,[software:x_extension_id = 'nknhiehlklippafakaeklbeglecifhad'],stix,Software,"cryptocurrency,sensitive,browser-extension",50,2026-08-19T22:58:58Z,40
indicator,Browser Extension: Nami,Extension ID: lpfcbjknijpeeillifnkikgncikgfhdo. Category: cryptocurrency. Often targeted by stealers. Ref: https://chromewebstore.google.com/detail/nami/lpfcbjknijpeeillifnkikgncikgfhdo,[software:x_extension_id = 'lpfcbjknijpeeillifnkikgncikgfhdo'],stix,Software,"cryptocurrency,sensitive,browser-extension",50,2026-08-19T22:58:58Z,40
indicator,Browser Extension: NashExtension,Extension ID: onofpnbbkehpmmoabgpcpmigafmmnjhl. Category: cryptocurrency. Often targeted by stealers. Ref: N/A,[software:x_extension_id = 'onofpnbbkehpmmoabgpcpmigafmmnjhl'],stix,Software,"cryptocurrency,sensitive,browser-extension",50,2026-08-19T22:58:58Z,40
indicator,Browser Extension: Yoroi,Extension ID: ffnbelfdoeiohenkjibnmadjiehjhajb. Category: cryptocurrency. Often targeted by stealers. Ref: https://github.com/mallorybowes/chrome-mal-ids,[software:x_extension_id = 'ffnbelfdoeiohenkjibnmadjiehjhajb'],stix,Software,"cryptocurrency,sensitive,browser-extension",50,2026-08-19T22:58:58Z,40
indicator,Browser Extension: Jaxx Liberty,Extension ID: cjelfplplebdjjenllpjcblmjkfcffne. Category: cryptocurrency. Often targeted by stealers. Ref: https://github.com/mallorybowes/chrome-mal-ids,[software:x_extension_id = 'cjelfplplebdjjenllpjcblmjkfcffne'],stix,Software,"cryptocurrency,sensitive,browser-extension",50,2026-08-19T22:58:58Z,40
indicator,Browser Extension: Authy,Extension ID: gaedmjdfmmahhbjefcbgaolhhanlaolb. Category: cryptocurrency. Often targeted by stealers. Ref: https://github.com/mallorybowes/chrome-mal-ids,[software:x_extension_id = 'gaedmjdfmmahhbjefcbgaolhhanlaolb'],stix,Software,"cryptocurrency,sensitive,browser-extension",50,2026-08-19T22:58:58Z,40
indicator,Browser Extension: Authenticator,Extension ID: bhghoamapcdpbohphigoooaddinpkbai. Category: cryptocurrency. Often targeted by stealers. Ref: https://github.com/mallorybowes/chrome-mal-ids,[software:x_extension_id = 'bhghoamapcdpbohphigoooaddinpkbai'],stix,Software,"cryptocurrency,sensitive,browser-extension",50,2026-08-19T22:58:58Z,40
indicator,Browser Extension: BitKeep,Extension ID: jiidiaalihmmhddjgbnbgdfflelocpak. Category: cryptocurrency. Often targeted by stealers. Ref: https://github.com/mallorybowes/chrome-mal-ids,[software:x_extension_id = 'jiidiaalihmmhddjgbnbgdfflelocpak'],stix,Software,"cryptocurrency,sensitive,browser-extension",50,2026-08-19T22:58:58Z,40
indicator,Browser Extension: BitKeep,Extension ID: okejhknhopdbemmfefjglkdfdhpfmflg. Category: cryptocurrency. Often targeted by stealers. Ref: https://github.com/mallorybowes/chrome-mal-ids,[software:x_extension_id = 'okejhknhopdbemmfefjglkdfdhpfmflg'],stix,Software,"cryptocurrency,sensitive,browser-extension",50,2026-08-19T22:58:58Z,40
indicator,Browser Extension: Braavos Smart Wallet,Extension ID: hkkpjehhcnhgefhbdcgfkeegglpjchdc. Category: cryptocurrency. Often targeted by stealers. Ref: https://github.com/mallorybowes/chrome-mal-ids,[software:x_extension_id = 'hkkpjehhcnhgefhbdcgfkeegglpjchdc'],stix,Software,"cryptocurrency,sensitive,browser-extension",50,2026-08-19T22:58:58Z,40
indicator,Browser Extension: Coinbase Wallet,Extension ID: hnfanknocfeofbddgcijnmhnfnkdnaad. Category: cryptocurrency. Often targeted by stealers. Ref: https://github.com/mallorybowes/chrome-mal-ids,[software:x_extension_id = 'hnfanknocfeofbddgcijnmhnfnkdnaad'],stix,Software,"cryptocurrency,sensitive,browser-extension",50,2026-08-19T22:58:58Z,40
indicator,Browser Extension: EOS Authenticator,Extension ID: oeljdldpnmdbchonielidgobddffflal. Category: cryptocurrency. Often targeted by stealers. Ref: https://github.com/mallorybowes/chrome-mal-ids,[software:x_extension_id = 'oeljdldpnmdbchonielidgobddffflal'],stix,Software,"cryptocurrency,sensitive,browser-extension",50,2026-08-19T22:58:58Z,40
indicator,Browser Extension: Exodus Web3,Extension ID: aholpfdialjgjfhomihkjbmgjidlcdno. Category: cryptocurrency. Often targeted by stealers. Ref: https://github.com/mallorybowes/chrome-mal-ids,[software:x_extension_id = 'aholpfdialjgjfhomihkjbmgjidlcdno'],stix,Software,"cryptocurrency,sensitive,browser-extension",50,2026-08-19T22:58:58Z,40
indicator,Browser Extension: Exodus Web3,Extension ID: ghocjofkdpicneaokfekohclmkfmepbp. Category: cryptocurrency. Often targeted by stealers. Ref: https://github.com/mallorybowes/chrome-mal-ids,[software:x_extension_id = 'ghocjofkdpicneaokfekohclmkfmepbp'],stix,Software,"cryptocurrency,sensitive,browser-extension",50,2026-08-19T22:58:58Z,40
indicator,Browser Extension: Finnie,Extension ID: cjmkndjhnagcfbpiemnkdpomccnjblmj. Category: cryptocurrency. Often targeted by stealers. Ref: https://github.com/mallorybowes/chrome-mal-ids,[software:x_extension_id = 'cjmkndjhnagcfbpiemnkdpomccnjblmj'],stix,Software,"cryptocurrency,sensitive,browser-extension",50,2026-08-19T22:58:58Z,40
indicator,Browser Extension: GAuth Authenticator,Extension ID: ilgcnhelpchnceeipipijaljkblbcobl. Category: cryptocurrency. Often targeted by stealers. Ref: https://github.com/mallorybowes/chrome-mal-ids,[software:x_extension_id = 'ilgcnhelpchnceeipipijaljkblbcobl'],stix,Software,"cryptocurrency,sensitive,browser-extension",50,2026-08-19T22:58:58Z,40
indicator,Browser Extension: Guarda,Extension ID: hpglfhgfnhbgpjdenjgmdgoeiappafln. Category: cryptocurrency. Often targeted by stealers. Ref: https://github.com/mallorybowes/chrome-mal-ids,[software:x_extension_id = 'hpglfhgfnhbgpjdenjgmdgoeiappafln'],stix,Software,"cryptocurrency,sensitive,browser-extension",50,2026-08-19T22:58:58Z,40
indicator,Browser Extension: Guarda Wallet,Extension ID: acdamagkdfmpkclpoglgnbddngblgibo. Category: cryptocurrency. Often targeted by stealers. Ref: https://github.com/mallorybowes/chrome-mal-ids,[software:x_extension_id = 'acdamagkdfmpkclpoglgnbddngblgibo'],stix,Software,"cryptocurrency,sensitive,browser-extension",50,2026-08-19T22:58:58Z,40
indicator,Browser Extension: Keplr,Extension ID: knogkgcdfhhbddcghachkejeap. Category: cryptocurrency. Often targeted by stealers. Ref: https://github.com/mallorybowes/chrome-mal-ids,[software:x_extension_id = 'knogkgcdfhhbddcghachkejeap'],stix,Software,"cryptocurrency,sensitive,browser-extension",50,2026-08-19T22:58:58Z,40
indicator,Browser Extension: MetaMask,Extension ID: ejbalbakoplchlghecdalmeeeajnimhm. Category: cryptocurrency. Often targeted by stealers. Ref: https://github.com/mallorybowes/chrome-mal-ids,[software:x_extension_id = 'ejbalbakoplchlghecdalmeeeajnimhm'],stix,Software,"cryptocurrency,sensitive,browser-extension",50,2026-08-19T22:58:58Z,40
indicator,Browser Extension: MetaMask,Extension ID: djclckkglechooblngghdinmeemkbgci. Category: cryptocurrency. Often targeted by stealers. Ref: https://github.com/mallorybowes/chrome-mal-ids,[software:x_extension_id = 'djclckkglechooblngghdinmeemkbgci'],stix,Software,"cryptocurrency,sensitive,browser-extension",50,2026-08-19T22:58:58Z,40
indicator,Browser Extension: MOBOX WALLET,Extension ID: fcckkdbjnoikooededlapcalpionmalo. Category: cryptocurrency. Often targeted by stealers. Ref: https://github.com/mallorybowes/chrome-mal-ids,[software:x_extension_id = 'fcckkdbjnoikooededlapcalpionmalo'],stix,Software,"cryptocurrency,sensitive,browser-extension",50,2026-08-19T22:58:58Z,40
indicator,Browser Extension: Phantom,Extension ID: bfnaelmomeimhlpmgjnjophhpkkoljpa. Category: cryptocurrency. Often targeted by stealers. Ref: https://github.com/mallorybowes/chrome-mal-ids,[software:x_extension_id = 'bfnaelmomeimhlpmgjnjophhpkkoljpa'],stix,Software,"cryptocurrency,sensitive,browser-extension",50,2026-08-19T22:58:58Z,40
indicator,Browser Extension: Rabet,Extension ID: hgmoaheomcjnaheggkfafnjilfcefbmo. Category: cryptocurrency. Often targeted by stealers. Ref: https://github.com/mallorybowes/chrome-mal-ids,[software:x_extension_id = 'hgmoaheomcjnaheggkfafnjilfcefbmo'],stix,Software,"cryptocurrency,sensitive,browser-extension",50,2026-08-19T22:58:58Z,40
indicator,Browser Extension: Ronin Wallet,Extension ID: fnjhmkhhmkbjkkabndcnnogagogbneec. Category: cryptocurrency. Often targeted by stealers. Ref: https://github.com/mallorybowes/chrome-mal-ids,[software:x_extension_id = 'fnjhmkhhmkbjkkabndcnnogagogbneec'],stix,Software,"cryptocurrency,sensitive,browser-extension",50,2026-08-19T22:58:58Z,40
indicator,Browser Extension: Solana Wallet,Extension ID: hfljlochmlccoobkbcgpmkpjagogcgpk. Category: cryptocurrency. Often targeted by stealers. Ref: https://github.com/mallorybowes/chrome-mal-ids,[software:x_extension_id = 'hfljlochmlccoobkbcgpmkpjagogcgpk'],stix,Software,"cryptocurrency,sensitive,browser-extension",50,2026-08-19T22:58:58Z,40
indicator,Browser Extension: Swash,Extension ID: cmndjbecilbocjfkibfbifhngkdmjgog. Category: cryptocurrency. Often targeted by stealers. Ref: https://github.com/mallorybowes/chrome-mal-ids,[software:x_extension_id = 'cmndjbecilbocjfkibfbifhngkdmjgog'],stix,Software,"cryptocurrency,sensitive,browser-extension",50,2026-08-19T22:58:58Z,40
indicator,Browser Extension: TezBox,Extension ID: mnfifefkajgofkcjkemidiaecocnkjeh. Category: cryptocurrency. Often targeted by stealers. Ref: https://github.com/mallorybowes/chrome-mal-ids,[software:x_extension_id = 'mnfifefkajgofkcjkemidiaecocnkjeh'],stix,Software,"cryptocurrency,sensitive,browser-extension",50,2026-08-19T22:58:58Z,40
indicator,Browser Extension: Terra Station,Extension ID: aiifbnbfobpmeekipheeijimdpnlpgpp. Category: cryptocurrency. Often targeted by stealers. Ref: https://github.com/mallorybowes/chrome-mal-ids,[software:x_extension_id = 'aiifbnbfobpmeekipheeijimdpnlpgpp'],stix,Software,"cryptocurrency,sensitive,browser-extension",50,2026-08-19T22:58:58Z,40
indicator,Browser Extension: Trust Wallet,Extension ID: egjidjbpglichdcondbcbdnbeeppgdph. Category: cryptocurrency. Often targeted by stealers. Ref: https://github.com/mallorybowes/chrome-mal-ids,[software:x_extension_id = 'egjidjbpglichdcondbcbdnbeeppgdph'],stix,Software,"cryptocurrency,sensitive,browser-extension",50,2026-08-19T22:58:58Z,40
indicator,Browser Extension: Trust Wallet,Extension ID: heaomjafhiehddpnmncmhhpjaloainkn. Category: cryptocurrency. Often targeted by stealers. Ref: https://github.com/mallorybowes/chrome-mal-ids,[software:x_extension_id = 'heaomjafhiehddpnmncmhhpjaloainkn'],stix,Software,"cryptocurrency,sensitive,browser-extension",50,2026-08-19T22:58:58Z,40
indicator,Browser Extension: Waves Keeper,Extension ID: mijjdbgpgbflkaooedaemnlciddmamai. Category: cryptocurrency. Often targeted by stealers. Ref: https://github.com/mallorybowes/chrome-mal-ids,[software:x_extension_id = 'mijjdbgpgbflkaooedaemnlciddmamai'],stix,Software,"cryptocurrency,sensitive,browser-extension",50,2026-08-19T22:58:58Z,40
indicator,Browser Extension: XDCPay,Extension ID: bocpokimicclpaiekenaeelehdjllofo. Category: cryptocurrency. Often targeted by stealers. Ref: https://github.com/mallorybowes/chrome-mal-ids,[software:x_extension_id = 'bocpokimicclpaiekenaeelehdjllofo'],stix,Software,"cryptocurrency,sensitive,browser-extension",50,2026-08-19T22:58:58Z,40
indicator,Browser Extension: Yoroi,Extension ID: akoiaibnepcedcplijmiamnaigbepmcb. Category: cryptocurrency. Often targeted by stealers. Ref: https://github.com/mallorybowes/chrome-mal-ids,[software:x_extension_id = 'akoiaibnepcedcplijmiamnaigbepmcb'],stix,Software,"cryptocurrency,sensitive,browser-extension",50,2026-08-19T22:58:58Z,40
indicator,Browser Extension: ZilPay,Extension ID: klnaejjgbibmhlephnhpmaofohgkpgkd. Category: cryptocurrency. Often targeted by stealers. Ref: https://github.com/mallorybowes/chrome-mal-ids,[software:x_extension_id = 'klnaejjgbibmhlephnhpmaofohgkpgkd'],stix,Software,"cryptocurrency,sensitive,browser-extension",50,2026-08-19T22:58:58Z,40
indicator,Browser Extension: Oasis,Extension ID: ppdadbejkmjnefldpcdjhnkpbjkikoip. Category: cryptocurrency. Often targeted by stealers. Ref: https://chromewebstore.google.com/detail/rose-wallet/ppdadbejkmjnefldpcdjhnkpbjkikoip,[software:x_extension_id = 'ppdadbejkmjnefldpcdjhnkpbjkikoip'],stix,Software,"cryptocurrency,sensitive,browser-extension",50,2026-08-19T22:58:58Z,40
indicator,Browser Extension: OneKey,Extension ID: infeboajgfhgbjpjbeppbkgnabfdkdaf. Category: cryptocurrency. Often targeted by stealers. Ref: N/A,[software:x_extension_id = 'infeboajgfhgbjpjbeppbkgnabfdkdaf'],stix,Software,"cryptocurrency,sensitive,browser-extension",50,2026-08-19T22:58:58Z,40
indicator,Browser Extension: Polymesh Wallet,Extension ID: jojhfeoedkpkglbfimdfabpdfjaoolaf. Category: cryptocurrency. Often targeted by stealers. Ref: https://chromewebstore.google.com/detail/polymesh-wallet/jojhfeoedkpkglbfimdfabpdfjaoolaf,[software:x_extension_id = 'jojhfeoedkpkglbfimdfabpdfjaoolaf'],stix,Software,"cryptocurrency,sensitive,browser-extension",50,2026-08-19T22:58:58Z,40
indicator,Browser Extension: Rabby,Extension ID: acmacodkjbdgmoleebolmdjonilkdbch. Category: cryptocurrency. Often targeted by stealers. Ref: https://chromewebstore.google.com/detail/rabby-wallet/acmacodkjbdgmoleebolmdjonilkdbch,[software:x_extension_id = 'acmacodkjbdgmoleebolmdjonilkdbch'],stix,Software,"cryptocurrency,sensitive,browser-extension",50,2026-08-19T22:58:58Z,40
indicator,Browser Extension: Saturn Wallet,Extension ID: cphhlgmgameodnhkjdmkpanlelnlohao. Category: cryptocurrency. Often targeted by stealers. Ref: https://chromewebstore.google.com/detail/neoline/cphhlgmgameodnhkjdmkpanlelnlohao,[software:x_extension_id = 'cphhlgmgameodnhkjdmkpanlelnlohao'],stix,Software,"cryptocurrency,sensitive,browser-extension",50,2026-08-19T22:58:58Z,40
indicator,Browser Extension: sollet,Extension ID: fhmfendgdocmcbmfikdcogofphimnkno. Category: cryptocurrency. Often targeted by stealers. Ref: N/A,[software:x_extension_id = 'fhmfendgdocmcbmfikdcogofphimnkno'],stix,Software,"cryptocurrency,sensitive,browser-extension",50,2026-08-19T22:58:58Z,40
indicator,Browser Extension: Temple,Extension ID: ookjlbkiijinhpmnjffcofjonbfbgaoc. Category: cryptocurrency. Often targeted by stealers. Ref: https://chromewebstore.google.com/detail/temple-tezos-wallet/ookjlbkiijinhpmnjffcofjonbfbgaoc,[software:x_extension_id = 'ookjlbkiijinhpmnjffcofjonbfbgaoc'],stix,Software,"cryptocurrency,sensitive,browser-extension",50,2026-08-19T22:58:58Z,40
indicator,Browser Extension: Toolbar.Ask,Extension ID: aaaailpifkkekipiachodfkfmgmiapmp. Category: PUP. toolbar ads Spyware potentially leading to malwares. Ref: N/A,[software:x_extension_id = 'aaaailpifkkekipiachodfkfmgmiapmp'],stix,Software,"PUP,privacy,browser-extension",50,2026-08-19T22:58:58Z,40
indicator,Browser Extension: TronWallet,Extension ID: pnndplcbkakcplkjnolgbkdgjikjednm. Category: cryptocurrency. Often targeted by stealers. Ref: https://chromewebstore.google.com/detail/tron-wallet-explorer-tron/pnndplcbkakcplkjnolgbkdgjikjednm,[software:x_extension_id = 'pnndplcbkakcplkjnolgbkdgjikjednm'],stix,Software,"cryptocurrency,sensitive,browser-extension",50,2026-08-19T22:58:58Z,40
indicator,Browser Extension: Wombat,Extension ID: amkmjjmmflddogmhpjloimipbofnfjih. Category: cryptocurrency. Often targeted by stealers. Ref: https://chromewebstore.google.com/detail/wombat-gaming-wallet-for/amkmjjmmflddogmhpjloimipbofnfjih,[software:x_extension_id = 'amkmjjmmflddogmhpjloimipbofnfjih'],stix,Software,"cryptocurrency,sensitive,browser-extension",50,2026-08-19T22:58:58Z,40
indicator,Browser Extension: XDefiWallet,Extension ID: hmeobnfnfcmdkdcmlblgagmfpfboieaf. Category: cryptocurrency. Often targeted by stealers. Ref: https://chromewebstore.google.com/detail/xdefi-wallet/hmeobnfnfcmdkdcmlblgagmfpfboieaf,[software:x_extension_id = 'hmeobnfnfcmdkdcmlblgagmfpfboieaf'],stix,Software,"cryptocurrency,sensitive,browser-extension",50,2026-08-19T22:58:58Z,40
indicator,Browser Extension: Trezor Password Manager,Extension ID: imloifkgjagghnncjkhggdhalmcnfklk. Category: password manager. Often targeted by stealers. Ref: https://www.unpac.me/results/2556d787-13e4-47d5-80d9-23522332a0b1/,[software:x_extension_id = 'imloifkgjagghnncjkhggdhalmcnfklk'],stix,Software,"password manager,sensitive,browser-extension",50,2026-08-19T22:58:58Z,40
indicator,Browser Extension: Dashlane,Extension ID: fdjamakpfbbddfjaooikfcpapjohcfmg. Category: password manager. Often targeted by stealers. Ref: https://chromewebstore.google.com/detail/dashlane-gestionnaire-de/fdjamakpfbbddfjaooikfcpapjohcfmg,[software:x_extension_id = 'fdjamakpfbbddfjaooikfcpapjohcfmg'],stix,Software,"password manager,sensitive,browser-extension",50,2026-08-19T22:58:58Z,40
indicator,Browser Extension: Lastpass,Extension ID: hdokiejnpimakedhajhdlcegeplioahd. Category: password manager. Often targeted by stealers. Ref: https://chromewebstore.google.com/detail/lastpass-free-password-ma/hdokiejnpimakedhajhdlcegeplioahd,[software:x_extension_id = 'hdokiejnpimakedhajhdlcegeplioahd'],stix,Software,"password manager,sensitive,browser-extension",50,2026-08-19T22:58:58Z,40
indicator,Browser Extension: Avira Password Manager,Extension ID: caljgklbbfbcjjanaijlacgncafpegll. Category: password manager. Often targeted by stealers. Ref: https://chromewebstore.google.com/detail/avira-password-manager/caljgklbbfbcjjanaijlacgncafpegll,[software:x_extension_id = 'caljgklbbfbcjjanaijlacgncafpegll'],stix,Software,"password manager,sensitive,browser-extension",50,2026-08-19T22:58:58Z,40
indicator,Browser Extension: Norton Password Manager,Extension ID: admmjipmmciaobhojoghlmleefbicajg. Category: password manager. Often targeted by stealers. Ref: https://chromewebstore.google.com/detail/norton-password-manager/admmjipmmciaobhojoghlmleefbicajg,[software:x_extension_id = 'admmjipmmciaobhojoghlmleefbicajg'],stix,Software,"password manager,sensitive,browser-extension",50,2026-08-19T22:58:58Z,40
indicator,Browser Extension: Keeper Password Manager & Digital Vault,Extension ID: bfogiafebfohielmmehodmfbbebbbpei. Category: password manager. Often targeted by stealers. Ref: https://chromewebstore.google.com/detail/keeper%C2%AE-password-manager/bfogiafebfohielmmehodmfbbebbbpei,[software:x_extension_id = 'bfogiafebfohielmmehodmfbbebbbpei'],stix,Software,"password manager,sensitive,browser-extension",50,2026-08-19T22:58:58Z,40
indicator,Browser Extension: Bitwarden Password Manager,Extension ID: nngceckbapebfimnlniiiahkandclblb. Category: password manager. Often targeted by stealers. Ref: https://chromewebstore.google.com/detail/bitwarden-password-manage/nngceckbapebfimnlniiiahkandclblb,[software:x_extension_id = 'nngceckbapebfimnlniiiahkandclblb'],stix,Software,"password manager,sensitive,browser-extension",50,2026-08-19T22:58:58Z,40
indicator,Browser Extension: 1Password,Extension ID: aeblfdkhhhdcdjpifhhbdiojplfjncoa. Category: password manager. Often targeted by stealers. Ref: https://chromewebstore.google.com/detail/1password-%E2%80%93-password-mana/aeblfdkhhhdcdjpifhhbdiojplfjncoa,[software:x_extension_id = 'aeblfdkhhhdcdjpifhhbdiojplfjncoa'],stix,Software,"password manager,sensitive,browser-extension",50,2026-08-19T22:58:58Z,40
indicator,Browser Extension: ProtonPass,Extension ID: ghmbeldphafepmbegfdlkpapadhbakde. Category: password manager. Often targeted by stealers. Ref: https://chromewebstore.google.com/detail/proton-pass-free-password/ghmbeldphafepmbegfdlkpapadhbakde,[software:x_extension_id = 'ghmbeldphafepmbegfdlkpapadhbakde'],stix,Software,"password manager,sensitive,browser-extension",50,2026-08-19T22:58:58Z,40
indicator,Browser Extension: NordVPN,Extension ID: fjoaledfpmneenckfbpdfhkmimnjocfa. Category: PROXY/VPN. Bypassing enterprise security. Ref: https://chromewebstore.google.com/detail/nordvpn-vpn-proxy-for-pri/fjoaledfpmneenckfbpdfhkmimnjocfa,[software:x_extension_id = 'fjoaledfpmneenckfbpdfhkmimnjocfa'],stix,Software,"PROXY/VPN,Defense Evasion,browser-extension",50,2026-08-19T22:58:58Z,40
indicator,Browser Extension: NordVPN,Extension ID: fphgeikpdcdcheaochkhldmnfblfogla. Category: PROXY/VPN. Bypassing enterprise security. Ref: https://microsoftedge.microsoft.com/addons/detail/nordvpn-the-fastest-vpn/fphgeikpdcdcheaochkhldmnfblfogla,[software:x_extension_id = 'fphgeikpdcdcheaochkhldmnfblfogla'],stix,Software,"PROXY/VPN,Defense Evasion,browser-extension",50,2026-08-19T22:58:58Z,40
indicator,Browser Extension: CyberGhost VPN,Extension ID: ffbkglfijbcbgblgflchnbphjdllaogb. Category: PROXY/VPN. Bypassing enterprise security. Ref: https://chromewebstore.google.com/detail/stay-secure-with-cybergho/ffbkglfijbcbgblgflchnbphjdllaogb,[software:x_extension_id = 'ffbkglfijbcbgblgflchnbphjdllaogb'],stix,Software,"PROXY/VPN,Defense Evasion,browser-extension",50,2026-08-19T22:58:58Z,40
indicator,Browser Extension: 1VPN,Extension ID: akcocjjpkmlniicdeemdceeajlmoabhg. Category: PROXY/VPN. Bypassing enterprise security. Ref: https://chromewebstore.google.com/detail/free-vpn-1vpn/akcocjjpkmlniicdeemdceeajlmoabhg,[software:x_extension_id = 'akcocjjpkmlniicdeemdceeajlmoabhg'],stix,Software,"PROXY/VPN,Defense Evasion,browser-extension",50,2026-08-19T22:58:58Z,40
indicator,Browser Extension: ExpressVPN,Extension ID: fgddmllnllkalaagkghckoinaemmogpe. Category: PROXY/VPN. Bypassing enterprise security. Ref: https://chromewebstore.google.com/detail/expressvpn-vpn-proxy-for/fgddmllnllkalaagkghckoinaemmogpe,[software:x_extension_id = 'fgddmllnllkalaagkghckoinaemmogpe'],stix,Software,"PROXY/VPN,Defense Evasion,browser-extension",50,2026-08-19T22:58:58Z,40
indicator,Browser Extension: Adware.Yontoo,Extension ID: niapdbllcanepiiimjjndipklodoedlc. Category: malware. Trojan Downloader - TROJ_DLOADER.GIW. Ref: https://www.trendmicro.com/vinfo/us/threat-encyclopedia/malware/troj_dloader.giw,[software:x_extension_id = 'niapdbllcanepiiimjjndipklodoedlc'],stix,Software,"malware,malicious,browser-extension",85,2026-08-19T22:58:58Z,90
indicator,Browser Extension: N/A,Extension ID: lgjdgmdbfhobkdbcjnpnlmhnplnidkkp. Category: malware. malicious extensions observed by palant.info. Ref: https://palant.info/2023/05/31/more-malicious-extensions-in-chrome-web-store/,[software:x_extension_id = 'lgjdgmdbfhobkdbcjnpnlmhnplnidkkp'],stix,Software,"malware,malicious,browser-extension",85,2026-08-19T22:58:58Z,90
indicator,Browser Extension: N/A,Extension ID: chmfnmjfghjpdamlofhlonnnnokkpbao. Category: malware. malicious extensions observed by palant.info. Ref: https://palant.info/2023/05/31/more-malicious-extensions-in-chrome-web-store/,[software:x_extension_id = 'chmfnmjfghjpdamlofhlonnnnokkpbao'],stix,Software,"malware,malicious,browser-extension",85,2026-08-19T22:58:58Z,90
indicator,Browser Extension: N/A,Extension ID: lklmhefoneonjalpjcnhaidnodopinib. Category: malware. malicious extensions observed by palant.info. Ref: https://palant.info/2023/05/31/more-malicious-extensions-in-chrome-web-store/,[software:x_extension_id = 'lklmhefoneonjalpjcnhaidnodopinib'],stix,Software,"malware,malicious,browser-extension",85,2026-08-19T22:58:58Z,90
indicator,Browser Extension: N/A,Extension ID: ciifcakemmcbbdpmljdohdmbodagmela. Category: malware. malicious extensions observed by palant.info. Ref: https://palant.info/2023/05/31/more-malicious-extensions-in-chrome-web-store/,[software:x_extension_id = 'ciifcakemmcbbdpmljdohdmbodagmela'],stix,Software,"malware,malicious,browser-extension",85,2026-08-19T22:58:58Z,90
indicator,Browser Extension: N/A,Extension ID: meljmedplehjlnnaempfdoecookjenph. Category: malware. malicious extensions observed by palant.info. Ref: https://palant.info/2023/05/31/more-malicious-extensions-in-chrome-web-store/,[software:x_extension_id = 'meljmedplehjlnnaempfdoecookjenph'],stix,Software,"malware,malicious,browser-extension",85,2026-08-19T22:58:58Z,90
indicator,Browser Extension: N/A,Extension ID: lipmdblppejomolopniipdjlpfjcojob. Category: malware. malicious extensions observed by palant.info. Ref: https://palant.info/2023/05/31/more-malicious-extensions-in-chrome-web-store/,[software:x_extension_id = 'lipmdblppejomolopniipdjlpfjcojob'],stix,Software,"malware,malicious,browser-extension",85,2026-08-19T22:58:58Z,90
indicator,Browser Extension: N/A,Extension ID: lmcboojgmmaafdmgacncdpjnpnnhpmei. Category: malware. malicious extensions observed by palant.info. Ref: https://palant.info/2023/05/31/more-malicious-extensions-in-chrome-web-store/,[software:x_extension_id = 'lmcboojgmmaafdmgacncdpjnpnnhpmei'],stix,Software,"malware,malicious,browser-extension",85,2026-08-19T22:58:58Z,90
indicator,Browser Extension: N/A,Extension ID: icnekagcncdgpdnpoecofjinkplbnocm. Category: malware. malicious extensions observed by palant.info. Ref: https://palant.info/2023/05/31/more-malicious-extensions-in-chrome-web-store/,[software:x_extension_id = 'icnekagcncdgpdnpoecofjinkplbnocm'],stix,Software,"malware,malicious,browser-extension",85,2026-08-19T22:58:58Z,90
indicator,Browser Extension: N/A,Extension ID: bahogceckgcanpcoabcdgmoidngedmfo. Category: malware. malicious extensions observed by palant.info. Ref: https://palant.info/2023/05/31/more-malicious-extensions-in-chrome-web-store/,[software:x_extension_id = 'bahogceckgcanpcoabcdgmoidngedmfo'],stix,Software,"malware,malicious,browser-extension",85,2026-08-19T22:58:58Z,90
indicator,Browser Extension: N/A,Extension ID: bkpdalonclochcahhipekbnedhklcdnp. Category: malware. malicious extensions observed by palant.info. Ref: https://palant.info/2023/05/31/more-malicious-extensions-in-chrome-web-store/,[software:x_extension_id = 'bkpdalonclochcahhipekbnedhklcdnp'],stix,Software,"malware,malicious,browser-extension",85,2026-08-19T22:58:58Z,90
indicator,Browser Extension: N/A,Extension ID: magnkhldhhgdlhikeighmhlhonpmlolk. Category: malware. malicious extensions observed by palant.info. Ref: https://palant.info/2023/05/31/more-malicious-extensions-in-chrome-web-store/,[software:x_extension_id = 'magnkhldhhgdlhikeighmhlhonpmlolk'],stix,Software,"malware,malicious,browser-extension",85,2026-08-19T22:58:58Z,90
indicator,Browser Extension: N/A,Extension ID: edadmcnnkkkgmofibeehgaffppadbnbi. Category: malware. malicious extensions observed by palant.info. Ref: https://palant.info/2023/05/31/more-malicious-extensions-in-chrome-web-store/,[software:x_extension_id = 'edadmcnnkkkgmofibeehgaffppadbnbi'],stix,Software,"malware,malicious,browser-extension",85,2026-08-19T22:58:58Z,90
indicator,Browser Extension: N/A,Extension ID: ajneghihjbebmnljfhlpdmjjpifeaokc. Category: malware. malicious extensions observed by palant.info. Ref: https://palant.info/2023/05/31/more-malicious-extensions-in-chrome-web-store/,[software:x_extension_id = 'ajneghihjbebmnljfhlpdmjjpifeaokc'],stix,Software,"malware,malicious,browser-extension",85,2026-08-19T22:58:58Z,90
indicator,Browser Extension: N/A,Extension ID: nadenkhojomjfdcppbhhncbfakfjiabp. Category: malware. malicious extensions observed by palant.info. Ref: https://palant.info/2023/05/31/more-malicious-extensions-in-chrome-web-store/,[software:x_extension_id = 'nadenkhojomjfdcppbhhncbfakfjiabp'],stix,Software,"malware,malicious,browser-extension",85,2026-08-19T22:58:58Z,90
indicator,Browser Extension: N/A,Extension ID: pbdpfhmbdldfoioggnphkiocpidecmbp. Category: malware. malicious extensions observed by palant.info. Ref: https://palant.info/2023/05/31/more-malicious-extensions-in-chrome-web-store/,[software:x_extension_id = 'pbdpfhmbdldfoioggnphkiocpidecmbp'],stix,Software,"malware,malicious,browser-extension",85,2026-08-19T22:58:58Z,90
indicator,Browser Extension: N/A,Extension ID: hdgdghnfcappcodemanhafioghjhlbpb. Category: malware. malicious extensions observed by palant.info. Ref: https://palant.info/2023/05/31/more-malicious-extensions-in-chrome-web-store/,[software:x_extension_id = 'hdgdghnfcappcodemanhafioghjhlbpb'],stix,Software,"malware,malicious,browser-extension",85,2026-08-19T22:58:58Z,90
indicator,Browser Extension: N/A,Extension ID: fbjfihoienmhbjflbobnmimfijpngkpa. Category: malware. malicious extensions observed by palant.info. Ref: https://palant.info/2023/05/31/more-malicious-extensions-in-chrome-web-store/,[software:x_extension_id = 'fbjfihoienmhbjflbobnmimfijpngkpa'],stix,Software,"malware,malicious,browser-extension",85,2026-08-19T22:58:58Z,90
indicator,Browser Extension: N/A,Extension ID: kjeffohcijbnlkgoaibmdcfconakaajm. Category: malware. malicious extensions observed by palant.info. Ref: https://palant.info/2023/05/31/more-malicious-extensions-in-chrome-web-store/,[software:x_extension_id = 'kjeffohcijbnlkgoaibmdcfconakaajm'],stix,Software,"malware,malicious,browser-extension",85,2026-08-19T22:58:58Z,90
indicator,Browser Extension: N/A,Extension ID: djmpbcihmblfdlkcfncodakgopmpgpgh. Category: malware. malicious extensions observed by palant.info. Ref: https://palant.info/2023/05/31/more-malicious-extensions-in-chrome-web-store/,[software:x_extension_id = 'djmpbcihmblfdlkcfncodakgopmpgpgh'],stix,Software,"malware,malicious,browser-extension",85,2026-08-19T22:58:58Z,90
indicator,Browser Extension: N/A,Extension ID: obeokabcpoilgegepbhlcleanmpgkhcp. Category: malware. malicious extensions observed by palant.info. Ref: https://palant.info/2023/05/31/more-malicious-extensions-in-chrome-web-store/,[software:x_extension_id = 'obeokabcpoilgegepbhlcleanmpgkhcp'],stix,Software,"malware,malicious,browser-extension",85,2026-08-19T22:58:58Z,90
indicator,Browser Extension: N/A,Extension ID: mcmdolplhpeopapnlpbjceoofpgmkahc. Category: malware. malicious extensions observed by palant.info. Ref: https://palant.info/2023/05/31/more-malicious-extensions-in-chrome-web-store/,[software:x_extension_id = 'mcmdolplhpeopapnlpbjceoofpgmkahc'],stix,Software,"malware,malicious,browser-extension",85,2026-08-19T22:58:58Z,90
indicator,Browser Extension: N/A,Extension ID: dppnhoaonckcimpejpjodcdoenfjleme. Category: malware. malicious extensions observed by palant.info. Ref: https://palant.info/2023/05/31/more-malicious-extensions-in-chrome-web-store/,[software:x_extension_id = 'dppnhoaonckcimpejpjodcdoenfjleme'],stix,Software,"malware,malicious,browser-extension",85,2026-08-19T22:58:58Z,90
indicator,Browser Extension: N/A,Extension ID: idgncaddojiejegdmkofblgplkgmeipk. Category: malware. malicious extensions observed by palant.info. Ref: https://palant.info/2023/05/31/more-malicious-extensions-in-chrome-web-store/,[software:x_extension_id = 'idgncaddojiejegdmkofblgplkgmeipk'],stix,Software,"malware,malicious,browser-extension",85,2026-08-19T22:58:58Z,90
indicator,Browser Extension: N/A,Extension ID: deebfeldnfhemlnidojiiidadkgnglpi. Category: malware. malicious extensions observed by palant.info. Ref: https://palant.info/2023/05/31/more-malicious-extensions-in-chrome-web-store/,[software:x_extension_id = 'deebfeldnfhemlnidojiiidadkgnglpi'],stix,Software,"malware,malicious,browser-extension",85,2026-08-19T22:58:58Z,90
indicator,Browser Extension: N/A,Extension ID: gfbgiekofllpkpaoadjhbbfnljbcimoh. Category: malware. malicious extensions observed by palant.info. Ref: https://palant.info/2023/05/31/more-malicious-extensions-in-chrome-web-store/,[software:x_extension_id = 'gfbgiekofllpkpaoadjhbbfnljbcimoh'],stix,Software,"malware,malicious,browser-extension",85,2026-08-19T22:58:58Z,90
indicator,Browser Extension: N/A,Extension ID: pbebadpeajadcmaoofljnnfgofehnpeo. Category: malware. malicious extensions observed by palant.info. Ref: https://palant.info/2023/05/31/more-malicious-extensions-in-chrome-web-store/,[software:x_extension_id = 'pbebadpeajadcmaoofljnnfgofehnpeo'],stix,Software,"malware,malicious,browser-extension",85,2026-08-19T22:58:58Z,90
indicator,Browser Extension: N/A,Extension ID: flmihfcdcgigpfcfjpdcniidbfnffdcf. Category: malware. malicious extensions observed by palant.info. Ref: https://palant.info/2023/05/31/more-malicious-extensions-in-chrome-web-store/,[software:x_extension_id = 'flmihfcdcgigpfcfjpdcniidbfnffdcf'],stix,Software,"malware,malicious,browser-extension",85,2026-08-19T22:58:58Z,90
indicator,Browser Extension: N/A,Extension ID: pinnfpbpjancnbidnnhpemakncopaega. Category: malware. malicious extensions observed by palant.info. Ref: https://palant.info/2023/05/31/more-malicious-extensions-in-chrome-web-store/,[software:x_extension_id = 'pinnfpbpjancnbidnnhpemakncopaega'],stix,Software,"malware,malicious,browser-extension",85,2026-08-19T22:58:58Z,90
indicator,Browser Extension: N/A,Extension ID: iicpikopjmmincpjkckdngpkmlcchold. Category: malware. malicious extensions observed by palant.info. Ref: https://palant.info/2023/05/31/more-malicious-extensions-in-chrome-web-store/,[software:x_extension_id = 'iicpikopjmmincpjkckdngpkmlcchold'],stix,Software,"malware,malicious,browser-extension",85,2026-08-19T22:58:58Z,90
indicator,Browser Extension: N/A,Extension ID: bjlcpoknpgaoaollojjdnbdojdclidkh. Category: malware. malicious extensions observed by palant.info. Ref: https://palant.info/2023/05/31/more-malicious-extensions-in-chrome-web-store/,[software:x_extension_id = 'bjlcpoknpgaoaollojjdnbdojdclidkh'],stix,Software,"malware,malicious,browser-extension",85,2026-08-19T22:58:58Z,90
indicator,Browser Extension: N/A,Extension ID: okclicinnbnfkgchommiamjnkjcibfid. Category: malware. malicious extensions observed by palant.info. Ref: https://palant.info/2023/05/31/more-malicious-extensions-in-chrome-web-store/,[software:x_extension_id = 'okclicinnbnfkgchommiamjnkjcibfid'],stix,Software,"malware,malicious,browser-extension",85,2026-08-19T22:58:58Z,90
indicator,Browser Extension: N/A,Extension ID: pcjmcnhpobkjnhajhhleejfmpeoahclc. Category: malware. malicious extensions observed by palant.info. Ref: https://palant.info/2023/05/31/more-malicious-extensions-in-chrome-web-store/,[software:x_extension_id = 'pcjmcnhpobkjnhajhhleejfmpeoahclc'],stix,Software,"malware,malicious,browser-extension",85,2026-08-19T22:58:58Z,90
indicator,Browser Extension: N/A,Extension ID: hinhmojdkodmficpockledafoeodokmc. Category: malware. malicious extensions observed by palant.info. Ref: https://palant.info/2023/05/31/more-malicious-extensions-in-chrome-web-store/,[software:x_extension_id = 'hinhmojdkodmficpockledafoeodokmc'],stix,Software,"malware,malicious,browser-extension",85,2026-08-19T22:58:58Z,90
indicator,Browser Extension: N/A,Extension ID: gcnceeflimggoamelclcbhcdggcmnglm. Category: malware. malicious extensions observed by palant.info. Ref: https://palant.info/2023/05/31/more-malicious-extensions-in-chrome-web-store/,[software:x_extension_id = 'gcnceeflimggoamelclcbhcdggcmnglm'],stix,Software,"malware,malicious,browser-extension",85,2026-08-19T22:58:58Z,90
indicator,Browser Extension: N/A,Extension ID: kacljcbejojnapnmiifgckbafkojcncf. Category: malware. malicious extensions observed by palant.info. Ref: https://palant.info/2023/06/05/introducing-pcvark-and-their-malicious-ad-blockers/,[software:x_extension_id = 'kacljcbejojnapnmiifgckbafkojcncf'],stix,Software,"malware,malicious,browser-extension",85,2026-08-19T22:58:58Z,90
indicator,Browser Extension: N/A,Extension ID: jhkhlgaomejplkanglolfpcmfknnomle. Category: malware. malicious extensions observed by palant.info. Ref: https://palant.info/2023/06/05/introducing-pcvark-and-their-malicious-ad-blockers/,[software:x_extension_id = 'jhkhlgaomejplkanglolfpcmfknnomle'],stix,Software,"malware,malicious,browser-extension",85,2026-08-19T22:58:58Z,90
indicator,Browser Extension: N/A,Extension ID: nkmooloiipfcknccapehflmampkaniji. Category: malware. malicious extensions observed by palant.info. Ref: https://palant.info/2023/06/05/introducing-pcvark-and-their-malicious-ad-blockers/,[software:x_extension_id = 'nkmooloiipfcknccapehflmampkaniji'],stix,Software,"malware,malicious,browser-extension",85,2026-08-19T22:58:58Z,90
indicator,Browser Extension: N/A,Extension ID: kgddnoifhgfdhcpbkkjdgokfnkkmdcen. Category: malware. malicious extensions observed by palant.info. Ref: https://palant.info/2023/06/05/introducing-pcvark-and-their-malicious-ad-blockers/,[software:x_extension_id = 'kgddnoifhgfdhcpbkkjdgokfnkkmdcen'],stix,Software,"malware,malicious,browser-extension",85,2026-08-19T22:58:58Z,90
indicator,Browser Extension: N/A,Extension ID: gbdjcgalliefpinpmggefbloehmmknca. Category: malware. malicious extensions observed by palant.info. Ref: https://palant.info/2023/06/08/another-cluster-of-potentially-malicious-chrome-extensions/,[software:x_extension_id = 'gbdjcgalliefpinpmggefbloehmmknca'],stix,Software,"malware,malicious,browser-extension",85,2026-08-19T22:58:58Z,90
indicator,Browser Extension: N/A,Extension ID: eggeoellnjnnglaibpcmggjnjifeebpi. Category: malware. malicious extensions observed by palant.info. Ref: https://palant.info/2023/06/08/another-cluster-of-potentially-malicious-chrome-extensions/,[software:x_extension_id = 'eggeoellnjnnglaibpcmggjnjifeebpi'],stix,Software,"malware,malicious,browser-extension",85,2026-08-19T22:58:58Z,90
indicator,Browser Extension: N/A,Extension ID: ionpbgeeliajehajombdeflogfpgmmel. Category: malware. malicious extensions observed by palant.info. Ref: https://palant.info/2023/06/08/another-cluster-of-potentially-malicious-chrome-extensions/,[software:x_extension_id = 'ionpbgeeliajehajombdeflogfpgmmel'],stix,Software,"malware,malicious,browser-extension",85,2026-08-19T22:58:58Z,90
indicator,Browser Extension: N/A,Extension ID: jaekigmcljkkalnicnjoafgfjoefkpeg. Category: malware. malicious extensions observed by palant.info. Ref: https://palant.info/2023/06/08/another-cluster-of-potentially-malicious-chrome-extensions/,[software:x_extension_id = 'jaekigmcljkkalnicnjoafgfjoefkpeg'],stix,Software,"malware,malicious,browser-extension",85,2026-08-19T22:58:58Z,90
indicator,Browser Extension: N/A,Extension ID: aeilijiaejfdnbagnpannhdoaljpkbhe. Category: malware. malicious extensions observed by palant.info. Ref: https://palant.info/2023/06/08/another-cluster-of-potentially-malicious-chrome-extensions/,[software:x_extension_id = 'aeilijiaejfdnbagnpannhdoaljpkbhe'],stix,Software,"malware,malicious,browser-extension",85,2026-08-19T22:58:58Z,90
indicator,Browser Extension: N/A,Extension ID: afdfpkhbdpioonfeknablodaejkklbdn. Category: malware. malicious extensions observed by palant.info. Ref: https://palant.info/2023/06/08/another-cluster-of-potentially-malicious-chrome-extensions/,[software:x_extension_id = 'afdfpkhbdpioonfeknablodaejkklbdn'],stix,Software,"malware,malicious,browser-extension",85,2026-08-19T22:58:58Z,90
indicator,Browser Extension: N/A,Extension ID: anflghppebdhjipndogapfagemgnlblh. Category: malware. malicious extensions observed by palant.info. Ref: https://palant.info/2023/06/08/another-cluster-of-potentially-malicious-chrome-extensions/,[software:x_extension_id = 'anflghppebdhjipndogapfagemgnlblh'],stix,Software,"malware,malicious,browser-extension",85,2026-08-19T22:58:58Z,90
indicator,Browser Extension: N/A,Extension ID: anmbbeeiaollmpadookgoakpfjkbidaf. Category: malware. malicious extensions observed by palant.info. Ref: https://palant.info/2023/06/08/another-cluster-of-potentially-malicious-chrome-extensions/,[software:x_extension_id = 'anmbbeeiaollmpadookgoakpfjkbidaf'],stix,Software,"malware,malicious,browser-extension",85,2026-08-19T22:58:58Z,90
indicator,Browser Extension: N/A,Extension ID: bebmphofpgkhclocdbgomhnjcpelbenh. Category: malware. malicious extensions observed by palant.info. Ref: https://palant.info/2023/06/08/another-cluster-of-potentially-malicious-chrome-extensions/,[software:x_extension_id = 'bebmphofpgkhclocdbgomhnjcpelbenh'],stix,Software,"malware,malicious,browser-extension",85,2026-08-19T22:58:58Z,90
indicator,Browser Extension: N/A,Extension ID: bmkgbgkneealfabgnjfeljaiegpginpl. Category: malware. malicious extensions observed by palant.info. Ref: https://palant.info/2023/06/08/another-cluster-of-potentially-malicious-chrome-extensions/,[software:x_extension_id = 'bmkgbgkneealfabgnjfeljaiegpginpl'],stix,Software,"malware,malicious,browser-extension",85,2026-08-19T22:58:58Z,90
indicator,Browser Extension: N/A,Extension ID: ccjlpblmgkncnnimcmbanbnhbggdpkie. Category: malware. malicious extensions observed by palant.info. Ref: https://palant.info/2023/06/08/another-cluster-of-potentially-malicious-chrome-extensions/,[software:x_extension_id = 'ccjlpblmgkncnnimcmbanbnhbggdpkie'],stix,Software,"malware,malicious,browser-extension",85,2026-08-19T22:58:58Z,90
indicator,Browser Extension: N/A,Extension ID: cclhgechkjghfaoebihpklmllnnlnbdb. Category: malware. malicious extensions observed by palant.info. Ref: https://palant.info/2023/06/08/another-cluster-of-potentially-malicious-chrome-extensions/,[software:x_extension_id = 'cclhgechkjghfaoebihpklmllnnlnbdb'],stix,Software,"malware,malicious,browser-extension",85,2026-08-19T22:58:58Z,90
indicator,Browser Extension: N/A,Extension ID: cfegchignldpfnjpodhcklmgleaoanhi. Category: malware. malicious extensions observed by palant.info. Ref: https://palant.info/2023/06/08/another-cluster-of-potentially-malicious-chrome-extensions/,[software:x_extension_id = 'cfegchignldpfnjpodhcklmgleaoanhi'],stix,Software,"malware,malicious,browser-extension",85,2026-08-19T22:58:58Z,90
indicator,Browser Extension: N/A,Extension ID: cfllfglbkmnbkcibbjoghimalbileaic. Category: malware. malicious extensions observed by palant.info. Ref: https://palant.info/2023/06/08/another-cluster-of-potentially-malicious-chrome-extensions/,[software:x_extension_id = 'cfllfglbkmnbkcibbjoghimalbileaic'],stix,Software,"malware,malicious,browser-extension",85,2026-08-19T22:58:58Z,90
indicator,Browser Extension: N/A,Extension ID: cjljdgfhkjbdbkcdkfojleidpldagmao. Category: malware. malicious extensions observed by palant.info. Ref: https://palant.info/2023/06/08/another-cluster-of-potentially-malicious-chrome-extensions/,[software:x_extension_id = 'cjljdgfhkjbdbkcdkfojleidpldagmao'],stix,Software,"malware,malicious,browser-extension",85,2026-08-19T22:58:58Z,90
indicator,Browser Extension: N/A,Extension ID: coabfkgengacobjpmdlmmihhhfnhbjdm. Category: malware. malicious extensions observed by palant.info. Ref: https://palant.info/2023/06/08/another-cluster-of-potentially-malicious-chrome-extensions/,[software:x_extension_id = 'coabfkgengacobjpmdlmmihhhfnhbjdm'],stix,Software,"malware,malicious,browser-extension",85,2026-08-19T22:58:58Z,90
indicator,Browser Extension: N/A,Extension ID: dcaffjpclkkjfacgfofgpjbmgjnjlpmh. Category: malware. malicious extensions observed by palant.info. Ref: https://palant.info/2023/06/08/another-cluster-of-potentially-malicious-chrome-extensions/,[software:x_extension_id = 'dcaffjpclkkjfacgfofgpjbmgjnjlpmh'],stix,Software,"malware,malicious,browser-extension",85,2026-08-19T22:58:58Z,90
indicator,Browser Extension: N/A,Extension ID: djekgpcemgcnfkjldcclcpcjhemofcib. Category: malware. malicious extensions observed by palant.info. Ref: https://palant.info/2023/06/08/another-cluster-of-potentially-malicious-chrome-extensions/,[software:x_extension_id = 'djekgpcemgcnfkjldcclcpcjhemofcib'],stix,Software,"malware,malicious,browser-extension",85,2026-08-19T22:58:58Z,90
indicator,Browser Extension: N/A,Extension ID: dkbccihpiccbcheieabdbjikohfdfaje. Category: malware. malicious extensions observed by palant.info. Ref: https://palant.info/2023/06/08/another-cluster-of-potentially-malicious-chrome-extensions/,[software:x_extension_id = 'dkbccihpiccbcheieabdbjikohfdfaje'],stix,Software,"malware,malicious,browser-extension",85,2026-08-19T22:58:58Z,90
indicator,Browser Extension: N/A,Extension ID: dlpimjmonhbmamocpboifndnnakgknbf. Category: malware. malicious extensions observed by palant.info. Ref: https://palant.info/2023/06/08/another-cluster-of-potentially-malicious-chrome-extensions/,[software:x_extension_id = 'dlpimjmonhbmamocpboifndnnakgknbf'],stix,Software,"malware,malicious,browser-extension",85,2026-08-19T22:58:58Z,90
indicator,Browser Extension: N/A,Extension ID: dmbjkidogjmmlejdmnecpmfapdmidfjg. Category: malware. malicious extensions observed by palant.info. Ref: https://palant.info/2023/06/08/another-cluster-of-potentially-malicious-chrome-extensions/,[software:x_extension_id = 'dmbjkidogjmmlejdmnecpmfapdmidfjg'],stix,Software,"malware,malicious,browser-extension",85,2026-08-19T22:58:58Z,90
indicator,Browser Extension: N/A,Extension ID: dneifdhdmnmmlobjbimlkcnhkbidmlek. Category: malware. malicious extensions observed by palant.info. Ref: https://palant.info/2023/06/08/another-cluster-of-potentially-malicious-chrome-extensions/,[software:x_extension_id = 'dneifdhdmnmmlobjbimlkcnhkbidmlek'],stix,Software,"malware,malicious,browser-extension",85,2026-08-19T22:58:58Z,90
indicator,Browser Extension: N/A,Extension ID: doiiaejbgndnnnomcdhefcbfnbbjfbib. Category: malware. malicious extensions observed by palant.info. Ref: https://palant.info/2023/06/08/another-cluster-of-potentially-malicious-chrome-extensions/,[software:x_extension_id = 'doiiaejbgndnnnomcdhefcbfnbbjfbib'],stix,Software,"malware,malicious,browser-extension",85,2026-08-19T22:58:58Z,90
indicator,Browser Extension: N/A,Extension ID: dpfofggmkhdbfcciajfdphofclabnogo. Category: malware. malicious extensions observed by palant.info. Ref: https://palant.info/2023/06/08/another-cluster-of-potentially-malicious-chrome-extensions/,[software:x_extension_id = 'dpfofggmkhdbfcciajfdphofclabnogo'],stix,Software,"malware,malicious,browser-extension",85,2026-08-19T22:58:58Z,90
indicator,Browser Extension: N/A,Extension ID: eabhkjojehdleajkbigffmpnaelncapp. Category: malware. malicious extensions observed by palant.info. Ref: https://palant.info/2023/06/08/another-cluster-of-potentially-malicious-chrome-extensions/,[software:x_extension_id = 'eabhkjojehdleajkbigffmpnaelncapp'],stix,Software,"malware,malicious,browser-extension",85,2026-08-19T22:58:58Z,90
indicator,Browser Extension: N/A,Extension ID: ealojglnbikknifbgleaceopepceakfn. Category: malware. malicious extensions observed by palant.info. Ref: https://palant.info/2023/06/08/another-cluster-of-potentially-malicious-chrome-extensions/,[software:x_extension_id = 'ealojglnbikknifbgleaceopepceakfn'],stix,Software,"malware,malicious,browser-extension",85,2026-08-19T22:58:58Z,90
indicator,Browser Extension: N/A,Extension ID: ebdbcfomjliacpblnioignhfhjeajpch. Category: malware. malicious extensions observed by palant.info. Ref: https://palant.info/2023/06/08/another-cluster-of-potentially-malicious-chrome-extensions/,[software:x_extension_id = 'ebdbcfomjliacpblnioignhfhjeajpch'],stix,Software,"malware,malicious,browser-extension",85,2026-08-19T22:58:58Z,90
indicator,Browser Extension: N/A,Extension ID: edlifbnjlicfpckhgjhflgkeeibhhcii. Category: malware. malicious extensions observed by palant.info. Ref: https://palant.info/2023/06/08/another-cluster-of-potentially-malicious-chrome-extensions/,[software:x_extension_id = 'edlifbnjlicfpckhgjhflgkeeibhhcii'],stix,Software,"malware,malicious,browser-extension",85,2026-08-19T22:58:58Z,90
indicator,Browser Extension: N/A,Extension ID: ehmneimbopigfgchjglgngamiccjkijh. Category: malware. malicious extensions observed by palant.info. Ref: https://palant.info/2023/06/08/another-cluster-of-potentially-malicious-chrome-extensions/,[software:x_extension_id = 'ehmneimbopigfgchjglgngamiccjkijh'],stix,Software,"malware,malicious,browser-extension",85,2026-08-19T22:58:58Z,90
indicator,Browser Extension: N/A,Extension ID: ehpgcagmhpndkmglombjndkdmggkgnge. Category: malware. malicious extensions observed by palant.info. Ref: https://palant.info/2023/06/08/another-cluster-of-potentially-malicious-chrome-extensions/,[software:x_extension_id = 'ehpgcagmhpndkmglombjndkdmggkgnge'],stix,Software,"malware,malicious,browser-extension",85,2026-08-19T22:58:58Z,90
indicator,Browser Extension: N/A,Extension ID: ejllkedmklophclpgonojjkaliafeilj. Category: malware. malicious extensions observed by palant.info. Ref: https://palant.info/2023/06/08/another-cluster-of-potentially-malicious-chrome-extensions/,[software:x_extension_id = 'ejllkedmklophclpgonojjkaliafeilj'],stix,Software,"malware,malicious,browser-extension",85,2026-08-19T22:58:58Z,90
indicator,Browser Extension: N/A,Extension ID: ekjogkoigkhbgdgpolejnjfmhdcgaoof. Category: malware. malicious extensions observed by palant.info. Ref: https://palant.info/2023/06/08/another-cluster-of-potentially-malicious-chrome-extensions/,[software:x_extension_id = 'ekjogkoigkhbgdgpolejnjfmhdcgaoof'],stix,Software,"malware,malicious,browser-extension",85,2026-08-19T22:58:58Z,90
indicator,Browser Extension: N/A,Extension ID: elpdbicokgbedckgblmbhoamophfbchi. Category: malware. malicious extensions observed by palant.info. Ref: https://palant.info/2023/06/08/another-cluster-of-potentially-malicious-chrome-extensions/,[software:x_extension_id = 'elpdbicokgbedckgblmbhoamophfbchi'],stix,Software,"malware,malicious,browser-extension",85,2026-08-19T22:58:58Z,90
indicator,Browser Extension: N/A,Extension ID: emeokgokialpjadjaoeiplmnkjoaegng. Category: malware. malicious extensions observed by palant.info. Ref: https://palant.info/2023/06/08/another-cluster-of-potentially-malicious-chrome-extensions/,[software:x_extension_id = 'emeokgokialpjadjaoeiplmnkjoaegng'],stix,Software,"malware,malicious,browser-extension",85,2026-08-19T22:58:58Z,90
indicator,Browser Extension: N/A,Extension ID: epeigjgefhajkiiallmfblgglmdbhfab. Category: malware. malicious extensions observed by palant.info. Ref: https://palant.info/2023/06/08/another-cluster-of-potentially-malicious-chrome-extensions/,[software:x_extension_id = 'epeigjgefhajkiiallmfblgglmdbhfab'],stix,Software,"malware,malicious,browser-extension",85,2026-08-19T22:58:58Z,90
indicator,Browser Extension: N/A,Extension ID: eplfglplnlljjpeiccbgnijecmkeimed. Category: malware. malicious extensions observed by palant.info. Ref: https://palant.info/2023/06/08/another-cluster-of-potentially-malicious-chrome-extensions/,[software:x_extension_id = 'eplfglplnlljjpeiccbgnijecmkeimed'],stix,Software,"malware,malicious,browser-extension",85,2026-08-19T22:58:58Z,90
indicator,Browser Extension: N/A,Extension ID: fbbjijdngocdplimineplmdllhjkaece. Category: malware. malicious extensions observed by palant.info. Ref: https://palant.info/2023/06/08/another-cluster-of-potentially-malicious-chrome-extensions/,[software:x_extension_id = 'fbbjijdngocdplimineplmdllhjkaece'],stix,Software,"malware,malicious,browser-extension",85,2026-08-19T22:58:58Z,90
indicator,Browser Extension: N/A,Extension ID: fbjhgeaafhlbjiejehpjdnghinlcceak. Category: malware. malicious extensions observed by palant.info. Ref: https://palant.info/2023/06/08/another-cluster-of-potentially-malicious-chrome-extensions/,[software:x_extension_id = 'fbjhgeaafhlbjiejehpjdnghinlcceak'],stix,Software,"malware,malicious,browser-extension",85,2026-08-19T22:58:58Z,90
indicator,Browser Extension: N/A,Extension ID: fedchalbmgfhdobblebblldiblbmpgdj. Category: malware. malicious extensions observed by palant.info. Ref: https://palant.info/2023/06/08/another-cluster-of-potentially-malicious-chrome-extensions/,[software:x_extension_id = 'fedchalbmgfhdobblebblldiblbmpgdj'],stix,Software,"malware,malicious,browser-extension",85,2026-08-19T22:58:58Z,90
indicator,Browser Extension: N/A,Extension ID: fobaamfiblkoobhjpiigemmdegbmpohd. Category: malware. malicious extensions observed by palant.info. Ref: https://palant.info/2023/06/08/another-cluster-of-potentially-malicious-chrome-extensions/,[software:x_extension_id = 'fobaamfiblkoobhjpiigemmdegbmpohd'],stix,Software,"malware,malicious,browser-extension",85,2026-08-19T22:58:58Z,90
indicator,Browser Extension: N/A,Extension ID: gceehiicnbpehbbdaloolaanlnddailm. Category: malware. malicious extensions observed by palant.info. Ref: https://palant.info/2023/06/08/another-cluster-of-potentially-malicious-chrome-extensions/,[software:x_extension_id = 'gceehiicnbpehbbdaloolaanlnddailm'],stix,Software,"malware,malicious,browser-extension",85,2026-08-19T22:58:58Z,90
indicator,Browser Extension: N/A,Extension ID: ggacghlcchiiejclfdajbpkbjfgjhfol. Category: malware. malicious extensions observed by palant.info. Ref: https://palant.info/2023/06/08/another-cluster-of-potentially-malicious-chrome-extensions/,[software:x_extension_id = 'ggacghlcchiiejclfdajbpkbjfgjhfol'],stix,Software,"malware,malicious,browser-extension",85,2026-08-19T22:58:58Z,90
indicator,Browser Extension: N/A,Extension ID: gjjbmfigjpgnehjioicaalopaikcnheo. Category: malware. malicious extensions observed by palant.info. Ref: https://palant.info/2023/06/08/another-cluster-of-potentially-malicious-chrome-extensions/,[software:x_extension_id = 'gjjbmfigjpgnehjioicaalopaikcnheo'],stix,Software,"malware,malicious,browser-extension",85,2026-08-19T22:58:58Z,90
indicator,Browser Extension: N/A,Extension ID: gpdfpljioapjogbnlpmganakfjcemifk. Category: malware. malicious extensions observed by palant.info. Ref: https://palant.info/2023/06/08/another-cluster-of-potentially-malicious-chrome-extensions/,[software:x_extension_id = 'gpdfpljioapjogbnlpmganakfjcemifk'],stix,Software,"malware,malicious,browser-extension",85,2026-08-19T22:58:58Z,90
indicator,Browser Extension: N/A,Extension ID: hjlekdknhjogancdagnndeenmobeofgm. Category: malware. malicious extensions observed by palant.info. Ref: https://palant.info/2023/06/08/another-cluster-of-potentially-malicious-chrome-extensions/,[software:x_extension_id = 'hjlekdknhjogancdagnndeenmobeofgm'],stix,Software,"malware,malicious,browser-extension",85,2026-08-19T22:58:58Z,90
indicator,Browser Extension: N/A,Extension ID: hlbdhflagoegglpdminhlpenkdgloabe. Category: malware. malicious extensions observed by palant.info. Ref: https://palant.info/2023/06/08/another-cluster-of-potentially-malicious-chrome-extensions/,[software:x_extension_id = 'hlbdhflagoegglpdminhlpenkdgloabe'],stix,Software,"malware,malicious,browser-extension",85,2026-08-19T22:58:58Z,90
indicator,Browser Extension: N/A,Extension ID: hnfabcchmopgohnhkcojhocneefbnffg. Category: malware. malicious extensions observed by palant.info. Ref: https://palant.info/2023/06/08/another-cluster-of-potentially-malicious-chrome-extensions/,[software:x_extension_id = 'hnfabcchmopgohnhkcojhocneefbnffg'],stix,Software,"malware,malicious,browser-extension",85,2026-08-19T22:58:58Z,90
indicator,Browser Extension: N/A,Extension ID: iabflonngmpkalkpbjonemaamlgdghea. Category: malware. malicious extensions observed by palant.info. Ref: https://palant.info/2023/06/08/another-cluster-of-potentially-malicious-chrome-extensions/,[software:x_extension_id = 'iabflonngmpkalkpbjonemaamlgdghea'],stix,Software,"malware,malicious,browser-extension",85,2026-08-19T22:58:58Z,90
indicator,Browser Extension: N/A,Extension ID: ibppednjgooiepmkgdcoppnmbhmieefh. Category: malware. malicious extensions observed by palant.info. Ref: https://palant.info/2023/06/08/another-cluster-of-potentially-malicious-chrome-extensions/,[software:x_extension_id = 'ibppednjgooiepmkgdcoppnmbhmieefh'],stix,Software,"malware,malicious,browser-extension",85,2026-08-19T22:58:58Z,90
indicator,Browser Extension: N/A,Extension ID: icchadngbpkcegnabnabhkjkfkfflmpj. Category: malware. malicious extensions observed by palant.info. Ref: https://palant.info/2023/06/08/another-cluster-of-potentially-malicious-chrome-extensions/,[software:x_extension_id = 'icchadngbpkcegnabnabhkjkfkfflmpj'],stix,Software,"malware,malicious,browser-extension",85,2026-08-19T22:58:58Z,90
indicator,Browser Extension: N/A,Extension ID: ielooaepfhfcnmihgnabkldnpddnnldl. Category: malware. malicious extensions observed by palant.info. Ref: https://palant.info/2023/06/08/another-cluster-of-potentially-malicious-chrome-extensions/,[software:x_extension_id = 'ielooaepfhfcnmihgnabkldnpddnnldl'],stix,Software,"malware,malicious,browser-extension",85,2026-08-19T22:58:58Z,90
indicator,Browser Extension: N/A,Extension ID: ifdepgnnjpnbkcgempionjablajancjc. Category: malware. malicious extensions observed by palant.info. Ref: https://palant.info/2023/06/08/another-cluster-of-potentially-malicious-chrome-extensions/,[software:x_extension_id = 'ifdepgnnjpnbkcgempionjablajancjc'],stix,Software,"malware,malicious,browser-extension",85,2026-08-19T22:58:58Z,90
indicator,Browser Extension: N/A,Extension ID: ijejnggjjphlenbhmjhhgcdpehhacaal. Category: malware. malicious extensions observed by palant.info. Ref: https://palant.info/2023/06/08/another-cluster-of-potentially-malicious-chrome-extensions/,[software:x_extension_id = 'ijejnggjjphlenbhmjhhgcdpehhacaal'],stix,Software,"malware,malicious,browser-extension",85,2026-08-19T22:58:58Z,90
indicator,Browser Extension: N/A,Extension ID: iklgljbighkgbjoecoddejooldolenbj. Category: malware. malicious extensions observed by palant.info. Ref: https://palant.info/2023/06/08/another-cluster-of-potentially-malicious-chrome-extensions/,[software:x_extension_id = 'iklgljbighkgbjoecoddejooldolenbj'],stix,Software,"malware,malicious,browser-extension",85,2026-08-19T22:58:58Z,90
indicator,Browser Extension: N/A,Extension ID: imopknpgdihifjkjpmjaagcagkefddnb. Category: malware. malicious extensions observed by palant.info. Ref: https://palant.info/2023/06/08/another-cluster-of-potentially-malicious-chrome-extensions/,[software:x_extension_id = 'imopknpgdihifjkjpmjaagcagkefddnb'],stix,Software,"malware,malicious,browser-extension",85,2026-08-19T22:58:58Z,90
indicator,Browser Extension: N/A,Extension ID: jchmabokofdoabocpiicjljelmackhho. Category: malware. malicious extensions observed by palant.info. Ref: https://palant.info/2023/06/08/another-cluster-of-potentially-malicious-chrome-extensions/,[software:x_extension_id = 'jchmabokofdoabocpiicjljelmackhho'],stix,Software,"malware,malicious,browser-extension",85,2026-08-19T22:58:58Z,90
indicator,Browser Extension: N/A,Extension ID: jdlkkmamiaikhfampledjnhhkbeifokk. Category: malware. malicious extensions observed by palant.info. Ref: https://palant.info/2023/06/08/another-cluster-of-potentially-malicious-chrome-extensions/,[software:x_extension_id = 'jdlkkmamiaikhfampledjnhhkbeifokk'],stix,Software,"malware,malicious,browser-extension",85,2026-08-19T22:58:58Z,90
indicator,Browser Extension: N/A,Extension ID: jglemppahimembneahjbkhjknnefeeio. Category: malware. malicious extensions observed by palant.info. Ref: https://palant.info/2023/06/08/another-cluster-of-potentially-malicious-chrome-extensions/,[software:x_extension_id = 'jglemppahimembneahjbkhjknnefeeio'],stix,Software,"malware,malicious,browser-extension",85,2026-08-19T22:58:58Z,90
indicator,Browser Extension: N/A,Extension ID: jiaopkfkampgnnkckajcbdgannoipcne. Category: malware. malicious extensions observed by palant.info. Ref: https://palant.info/2023/06/08/another-cluster-of-potentially-malicious-chrome-extensions/,[software:x_extension_id = 'jiaopkfkampgnnkckajcbdgannoipcne'],stix,Software,"malware,malicious,browser-extension",85,2026-08-19T22:58:58Z,90
indicator,Browser Extension: N/A,Extension ID: jjgnkfncaadmaobenjjpmngdpgalemho. Category: malware. malicious extensions observed by palant.info. Ref: https://palant.info/2023/06/08/another-cluster-of-potentially-malicious-chrome-extensions/,[software:x_extension_id = 'jjgnkfncaadmaobenjjpmngdpgalemho'],stix,Software,"malware,malicious,browser-extension",85,2026-08-19T22:58:58Z,90
indicator,Browser Extension: N/A,Extension ID: jlbpahgopcmomkgegpbmopfodolajhbl. Category: malware. malicious extensions observed by palant.info. Ref: https://palant.info/2023/06/08/another-cluster-of-potentially-malicious-chrome-extensions/,[software:x_extension_id = 'jlbpahgopcmomkgegpbmopfodolajhbl'],stix,Software,"malware,malicious,browser-extension",85,2026-08-19T22:58:58Z,90
indicator,Browser Extension: N/A,Extension ID: jpefmbpcbebpjpmelobfakahfdcgcmkl. Category: malware. malicious extensions observed by palant.info. Ref: https://palant.info/2023/06/08/another-cluster-of-potentially-malicious-chrome-extensions/,[software:x_extension_id = 'jpefmbpcbebpjpmelobfakahfdcgcmkl'],stix,Software,"malware,malicious,browser-extension",85,2026-08-19T22:58:58Z,90
indicator,Browser Extension: N/A,Extension ID: khdnaopfklkdcloiinccnaflffmfcioa. Category: malware. malicious extensions observed by palant.info. Ref: https://palant.info/2023/06/08/another-cluster-of-potentially-malicious-chrome-extensions/,[software:x_extension_id = 'khdnaopfklkdcloiinccnaflffmfcioa'],stix,Software,"malware,malicious,browser-extension",85,2026-08-19T22:58:58Z,90
indicator,Browser Extension: N/A,Extension ID: kjgkmceledmpdnmgmppiekdbnamccdjp. Category: malware. malicious extensions observed by palant.info. Ref: https://palant.info/2023/06/08/another-cluster-of-potentially-malicious-chrome-extensions/,[software:x_extension_id = 'kjgkmceledmpdnmgmppiekdbnamccdjp'],stix,Software,"malware,malicious,browser-extension",85,2026-08-19T22:58:58Z,90
indicator,Browser Extension: N/A,Extension ID: laameccjpleogmfhilmffpdbiibgbekf. Category: malware. malicious extensions observed by palant.info. Ref: https://palant.info/2023/06/08/another-cluster-of-potentially-malicious-chrome-extensions/,[software:x_extension_id = 'laameccjpleogmfhilmffpdbiibgbekf'],stix,Software,"malware,malicious,browser-extension",85,2026-08-19T22:58:58Z,90
indicator,Browser Extension: N/A,Extension ID: lagdcjmbchphhndlbpfajelapcodekll. Category: malware. malicious extensions observed by palant.info. Ref: https://palant.info/2023/06/08/another-cluster-of-potentially-malicious-chrome-extensions/,[software:x_extension_id = 'lagdcjmbchphhndlbpfajelapcodekll'],stix,Software,"malware,malicious,browser-extension",85,2026-08-19T22:58:58Z,90
indicator,Browser Extension: N/A,Extension ID: lbohagbplppjcpllnhdichjldhfgkicb. Category: malware. malicious extensions observed by palant.info. Ref: https://palant.info/2023/06/08/another-cluster-of-potentially-malicious-chrome-extensions/,[software:x_extension_id = 'lbohagbplppjcpllnhdichjldhfgkicb'],stix,Software,"malware,malicious,browser-extension",85,2026-08-19T22:58:58Z,90
indicator,Browser Extension: N/A,Extension ID: ledkggjjapdgojgihnaploncccgiadhg. Category: malware. malicious extensions observed by palant.info. Ref: https://palant.info/2023/06/08/another-cluster-of-potentially-malicious-chrome-extensions/,[software:x_extension_id = 'ledkggjjapdgojgihnaploncccgiadhg'],stix,Software,"malware,malicious,browser-extension",85,2026-08-19T22:58:58Z,90
indicator,Browser Extension: N/A,Extension ID: lgecddhfcfhlmllljooldkbbijdcnlpe. Category: malware. malicious extensions observed by palant.info. Ref: https://palant.info/2023/06/08/another-cluster-of-potentially-malicious-chrome-extensions/,[software:x_extension_id = 'lgecddhfcfhlmllljooldkbbijdcnlpe'],stix,Software,"malware,malicious,browser-extension",85,2026-08-19T22:58:58Z,90
indicator,Browser Extension: N/A,Extension ID: lkahpjghmdhpiojknppmlenngmpkkfma. Category: malware. malicious extensions observed by palant.info. Ref: https://palant.info/2023/06/08/another-cluster-of-potentially-malicious-chrome-extensions/,[software:x_extension_id = 'lkahpjghmdhpiojknppmlenngmpkkfma'],stix,Software,"malware,malicious,browser-extension",85,2026-08-19T22:58:58Z,90
indicator,Browser Extension: N/A,Extension ID: lkciiknpgglgbbcgcpbpobjabglmpkle. Category: malware. malicious extensions observed by palant.info. Ref: https://palant.info/2023/06/08/another-cluster-of-potentially-malicious-chrome-extensions/,[software:x_extension_id = 'lkciiknpgglgbbcgcpbpobjabglmpkle'],stix,Software,"malware,malicious,browser-extension",85,2026-08-19T22:58:58Z,90
indicator,Browser Extension: N/A,Extension ID: lkhhagecaghfakddbncibijbjmgfhfdm. Category: malware. malicious extensions observed by palant.info. Ref: https://palant.info/2023/06/08/another-cluster-of-potentially-malicious-chrome-extensions/,[software:x_extension_id = 'lkhhagecaghfakddbncibijbjmgfhfdm'],stix,Software,"malware,malicious,browser-extension",85,2026-08-19T22:58:58Z,90
indicator,Browser Extension: N/A,Extension ID: lknpbgnookklokdjomiildnlalffjmma. Category: malware. malicious extensions observed by palant.info. Ref: https://palant.info/2023/06/08/another-cluster-of-potentially-malicious-chrome-extensions/,[software:x_extension_id = 'lknpbgnookklokdjomiildnlalffjmma'],stix,Software,"malware,malicious,browser-extension",85,2026-08-19T22:58:58Z,90
indicator,Browser Extension: N/A,Extension ID: lojpdfjjionbhgplcangflkalmiadhfi. Category: malware. malicious extensions observed by palant.info. Ref: https://palant.info/2023/06/08/another-cluster-of-potentially-malicious-chrome-extensions/,[software:x_extension_id = 'lojpdfjjionbhgplcangflkalmiadhfi'],stix,Software,"malware,malicious,browser-extension",85,2026-08-19T22:58:58Z,90
indicator,Browser Extension: N/A,Extension ID: mdkiofbiinbmlblcfhfjgmclhdfikkpm. Category: malware. malicious extensions observed by palant.info. Ref: https://palant.info/2023/06/08/another-cluster-of-potentially-malicious-chrome-extensions/,[software:x_extension_id = 'mdkiofbiinbmlblcfhfjgmclhdfikkpm'],stix,Software,"malware,malicious,browser-extension",85,2026-08-19T22:58:58Z,90
indicator,Browser Extension: N/A,Extension ID: meffljleomgifbbcffejnmhjagncfpbd. Category: malware. malicious extensions observed by palant.info. Ref: https://palant.info/2023/06/08/another-cluster-of-potentially-malicious-chrome-extensions/,[software:x_extension_id = 'meffljleomgifbbcffejnmhjagncfpbd'],stix,Software,"malware,malicious,browser-extension",85,2026-08-19T22:58:58Z,90
indicator,Browser Extension: N/A,Extension ID: mejjgaogggabifjfjdbnobinfibaamla. Category: malware. malicious extensions observed by palant.info. Ref: https://palant.info/2023/06/08/another-cluster-of-potentially-malicious-chrome-extensions/,[software:x_extension_id = 'mejjgaogggabifjfjdbnobinfibaamla'],stix,Software,"malware,malicious,browser-extension",85,2026-08-19T22:58:58Z,90
indicator,Browser Extension: N/A,Extension ID: mhpcabliilgadobjpkameggapnpeppdg. Category: malware. malicious extensions observed by palant.info. Ref: https://palant.info/2023/06/08/another-cluster-of-potentially-malicious-chrome-extensions/,[software:x_extension_id = 'mhpcabliilgadobjpkameggapnpeppdg'],stix,Software,"malware,malicious,browser-extension",85,2026-08-19T22:58:58Z,90
indicator,Browser Extension: N/A,Extension ID: mkjjckchdfhjbpckippbnipkdnlidbeb. Category: malware. malicious extensions observed by palant.info. Ref: https://palant.info/2023/06/08/another-cluster-of-potentially-malicious-chrome-extensions/,[software:x_extension_id = 'mkjjckchdfhjbpckippbnipkdnlidbeb'],stix,Software,"malware,malicious,browser-extension",85,2026-08-19T22:58:58Z,90
indicator,Browser Extension: N/A,Extension ID: mldaiedoebimcgkokmknonjefkionldi. Category: malware. malicious extensions observed by palant.info. Ref: https://palant.info/2023/06/08/another-cluster-of-potentially-malicious-chrome-extensions/,[software:x_extension_id = 'mldaiedoebimcgkokmknonjefkionldi'],stix,Software,"malware,malicious,browser-extension",85,2026-08-19T22:58:58Z,90
indicator,Browser Extension: N/A,Extension ID: mlkjjjmhjijlmafgjlpkiobpdocdbncj. Category: malware. malicious extensions observed by palant.info. Ref: https://palant.info/2023/06/08/another-cluster-of-potentially-malicious-chrome-extensions/,[software:x_extension_id = 'mlkjjjmhjijlmafgjlpkiobpdocdbncj'],stix,Software,"malware,malicious,browser-extension",85,2026-08-19T22:58:58Z,90
indicator,Browser Extension: N/A,Extension ID: mndiaaeaiclnmjcnacogaacoejchdclp. Category: malware. malicious extensions observed by palant.info. Ref: https://palant.info/2023/06/08/another-cluster-of-potentially-malicious-chrome-extensions/,[software:x_extension_id = 'mndiaaeaiclnmjcnacogaacoejchdclp'],stix,Software,"malware,malicious,browser-extension",85,2026-08-19T22:58:58Z,90
indicator,Browser Extension: N/A,Extension ID: mnlohknjofogcljbcknkakphddjpijak. Category: malware. malicious extensions observed by palant.info. Ref: https://palant.info/2023/06/08/another-cluster-of-potentially-malicious-chrome-extensions/,[software:x_extension_id = 'mnlohknjofogcljbcknkakphddjpijak'],stix,Software,"malware,malicious,browser-extension",85,2026-08-19T22:58:58Z,90
indicator,Browser Extension: N/A,Extension ID: nhnfcgpcbfclhfafjlooihdfghaeinfc. Category: malware. malicious extensions observed by palant.info. Ref: https://palant.info/2023/06/08/another-cluster-of-potentially-malicious-chrome-extensions/,[software:x_extension_id = 'nhnfcgpcbfclhfafjlooihdfghaeinfc'],stix,Software,"malware,malicious,browser-extension",85,2026-08-19T22:58:58Z,90
indicator,Browser Extension: N/A,Extension ID: ninecedhhpccjifamhafbdelibdjibgd. Category: malware. malicious extensions observed by palant.info. Ref: https://palant.info/2023/06/08/another-cluster-of-potentially-malicious-chrome-extensions/,[software:x_extension_id = 'ninecedhhpccjifamhafbdelibdjibgd'],stix,Software,"malware,malicious,browser-extension",85,2026-08-19T22:58:58Z,90
indicator,Browser Extension: N/A,Extension ID: nmigaijibiabddkkmjhlehchpmgbokfj. Category: malware. malicious extensions observed by palant.info. Ref: https://palant.info/2023/06/08/another-cluster-of-potentially-malicious-chrome-extensions/,[software:x_extension_id = 'nmigaijibiabddkkmjhlehchpmgbokfj'],stix,Software,"malware,malicious,browser-extension",85,2026-08-19T22:58:58Z,90
indicator,Browser Extension: N/A,Extension ID: npdkkcjlmhcnnaoobfdjndibfkkhhdfn. Category: malware. malicious extensions observed by palant.info. Ref: https://palant.info/2023/06/08/another-cluster-of-potentially-malicious-chrome-extensions/,[software:x_extension_id = 'npdkkcjlmhcnnaoobfdjndibfkkhhdfn'],stix,Software,"malware,malicious,browser-extension",85,2026-08-19T22:58:58Z,90
indicator,Browser Extension: N/A,Extension ID: npmjjkphdlmbeidbdbfefgedondknlaf. Category: malware. malicious extensions observed by palant.info. Ref: https://palant.info/2023/06/08/another-cluster-of-potentially-malicious-chrome-extensions/,[software:x_extension_id = 'npmjjkphdlmbeidbdbfefgedondknlaf'],stix,Software,"malware,malicious,browser-extension",85,2026-08-19T22:58:58Z,90
indicator,Browser Extension: N/A,Extension ID: oakbcaafbicdddpdlhbchhpblmhefngh. Category: malware. malicious extensions observed by palant.info. Ref: https://palant.info/2023/06/08/another-cluster-of-potentially-malicious-chrome-extensions/,[software:x_extension_id = 'oakbcaafbicdddpdlhbchhpblmhefngh'],stix,Software,"malware,malicious,browser-extension",85,2026-08-19T22:58:58Z,90
indicator,Browser Extension: N/A,Extension ID: obdhcplpbliifflekgclobogbdliddjd. Category: malware. malicious extensions observed by palant.info. Ref: https://palant.info/2023/06/08/another-cluster-of-potentially-malicious-chrome-extensions/,[software:x_extension_id = 'obdhcplpbliifflekgclobogbdliddjd'],stix,Software,"malware,malicious,browser-extension",85,2026-08-19T22:58:58Z,90
indicator,Browser Extension: N/A,Extension ID: ocginjipilabheemhfbedijlhajbcabh. Category: malware. malicious extensions observed by palant.info. Ref: https://palant.info/2023/06/08/another-cluster-of-potentially-malicious-chrome-extensions/,[software:x_extension_id = 'ocginjipilabheemhfbedijlhajbcabh'],stix,Software,"malware,malicious,browser-extension",85,2026-08-19T22:58:58Z,90
indicator,Browser Extension: N/A,Extension ID: oepjogknopbbibcjcojmedaepolkghpb. Category: malware. malicious extensions observed by palant.info. Ref: https://palant.info/2023/06/08/another-cluster-of-potentially-malicious-chrome-extensions/,[software:x_extension_id = 'oepjogknopbbibcjcojmedaepolkghpb'],stix,Software,"malware,malicious,browser-extension",85,2026-08-19T22:58:58Z,90
indicator,Browser Extension: N/A,Extension ID: ofpnikijgfhlmmjlpkfaifhhdonchhoi. Category: malware. malicious extensions observed by palant.info. Ref: https://palant.info/2023/06/08/another-cluster-of-potentially-malicious-chrome-extensions/,[software:x_extension_id = 'ofpnikijgfhlmmjlpkfaifhhdonchhoi'],stix,Software,"malware,malicious,browser-extension",85,2026-08-19T22:58:58Z,90
indicator,Browser Extension: N/A,Extension ID: ogadflejmplcdhcldlloonbiekhnlopp. Category: malware. malicious extensions observed by palant.info. Ref: https://palant.info/2023/06/08/another-cluster-of-potentially-malicious-chrome-extensions/,[software:x_extension_id = 'ogadflejmplcdhcldlloonbiekhnlopp'],stix,Software,"malware,malicious,browser-extension",85,2026-08-19T22:58:58Z,90
indicator,Browser Extension: N/A,Extension ID: ogfjgagnmkiigilnoiabkbbajinanlbn. Category: malware. malicious extensions observed by palant.info. Ref: https://palant.info/2023/06/08/another-cluster-of-potentially-malicious-chrome-extensions/,[software:x_extension_id = 'ogfjgagnmkiigilnoiabkbbajinanlbn'],stix,Software,"malware,malicious,browser-extension",85,2026-08-19T22:58:58Z,90
indicator,Browser Extension: N/A,Extension ID: okkffdhbfplmbjblhgapnchjinanmnij. Category: malware. malicious extensions observed by palant.info. Ref: https://palant.info/2023/06/08/another-cluster-of-potentially-malicious-chrome-extensions/,[software:x_extension_id = 'okkffdhbfplmbjblhgapnchjinanmnij'],stix,Software,"malware,malicious,browser-extension",85,2026-08-19T22:58:58Z,90
indicator,Browser Extension: N/A,Extension ID: oodkhhminilgphkdofffddlgopkgbgpm. Category: malware. malicious extensions observed by palant.info. Ref: https://palant.info/2023/06/08/another-cluster-of-potentially-malicious-chrome-extensions/,[software:x_extension_id = 'oodkhhminilgphkdofffddlgopkgbgpm'],stix,Software,"malware,malicious,browser-extension",85,2026-08-19T22:58:58Z,90
indicator,Browser Extension: N/A,Extension ID: pegfdldddiilihjahcpdehhhfcbibipg. Category: malware. malicious extensions observed by palant.info. Ref: https://palant.info/2023/06/08/another-cluster-of-potentially-malicious-chrome-extensions/,[software:x_extension_id = 'pegfdldddiilihjahcpdehhhfcbibipg'],stix,Software,"malware,malicious,browser-extension",85,2026-08-19T22:58:58Z,90
indicator,Browser Extension: N/A,Extension ID: phfkifnjcmdcmljnnablahicoabkokbg. Category: malware. malicious extensions observed by palant.info. Ref: https://palant.info/2023/06/08/another-cluster-of-potentially-malicious-chrome-extensions/,[software:x_extension_id = 'phfkifnjcmdcmljnnablahicoabkokbg'],stix,Software,"malware,malicious,browser-extension",85,2026-08-19T22:58:58Z,90
indicator,Browser Extension: N/A,Extension ID: phjbepamfhjgjdgmbhmfflhnlohldchb. Category: malware. malicious extensions observed by palant.info. Ref: https://palant.info/2023/06/08/another-cluster-of-potentially-malicious-chrome-extensions/,[software:x_extension_id = 'phjbepamfhjgjdgmbhmfflhnlohldchb'],stix,Software,"malware,malicious,browser-extension",85,2026-08-19T22:58:58Z,90
indicator,Browser Extension: N/A,Extension ID: pjbgfifennfhnbkhoidkdchbflppjncb. Category: malware. malicious extensions observed by palant.info. Ref: https://palant.info/2023/06/08/another-cluster-of-potentially-malicious-chrome-extensions/,[software:x_extension_id = 'pjbgfifennfhnbkhoidkdchbflppjncb'],stix,Software,"malware,malicious,browser-extension",85,2026-08-19T22:58:58Z,90
indicator,Browser Extension: N/A,Extension ID: plmlopfeeobajiecodiggabcihohcnge. Category: malware. malicious extensions observed by palant.info. Ref: https://palant.info/2023/06/08/another-cluster-of-potentially-malicious-chrome-extensions/,[software:x_extension_id = 'plmlopfeeobajiecodiggabcihohcnge'],stix,Software,"malware,malicious,browser-extension",85,2026-08-19T22:58:58Z,90
indicator,Browser Extension: N/A,Extension ID: pmilcmjbofinpnbnpanpdadijibcgifc. Category: malware. malicious extensions observed by palant.info. Ref: https://palant.info/2023/06/08/another-cluster-of-potentially-malicious-chrome-extensions/,[software:x_extension_id = 'pmilcmjbofinpnbnpanpdadijibcgifc'],stix,Software,"malware,malicious,browser-extension",85,2026-08-19T22:58:58Z,90
indicator,Browser Extension: N/A,Extension ID: pmnphobdokkajkpbkajlaiooipfcpgio. Category: malware. malicious extensions observed by palant.info. Ref: https://palant.info/2023/06/08/another-cluster-of-potentially-malicious-chrome-extensions/,[software:x_extension_id = 'pmnphobdokkajkpbkajlaiooipfcpgio'],stix,Software,"malware,malicious,browser-extension",85,2026-08-19T22:58:58Z,90
indicator,Browser Extension: N/A,Extension ID: pnanegnllonoiklmmlegcaajoicfifcm. Category: malware. malicious extensions observed by palant.info. Ref: https://palant.info/2023/06/08/another-cluster-of-potentially-malicious-chrome-extensions/,[software:x_extension_id = 'pnanegnllonoiklmmlegcaajoicfifcm'],stix,Software,"malware,malicious,browser-extension",85,2026-08-19T22:58:58Z,90
indicator,Browser Extension: N/A,Extension ID: pnlphjjfielecalmmjjdhjjninkbjdod. Category: malware. malicious extensions observed by palant.info. Ref: https://palant.info/2023/06/08/another-cluster-of-potentially-malicious-chrome-extensions/,[software:x_extension_id = 'pnlphjjfielecalmmjjdhjjninkbjdod'],stix,Software,"malware,malicious,browser-extension",85,2026-08-19T22:58:58Z,90
indicator,Browser Extension: N/A,Extension ID: pooaemmkohlphkekccfajnbcokjlbehk. Category: malware. malicious extensions observed by palant.info. Ref: https://palant.info/2023/06/08/another-cluster-of-potentially-malicious-chrome-extensions/,[software:x_extension_id = 'pooaemmkohlphkekccfajnbcokjlbehk'],stix,Software,"malware,malicious,browser-extension",85,2026-08-19T22:58:58Z,90
indicator,Browser Extension: N/A,Extension ID: fmlpbbognkocpajihchioognkmdeeldo. Category: malware. malicious extensions observed by palant.info. Ref: https://palant.info/2023/06/08/another-cluster-of-potentially-malicious-chrome-extensions/#c000003,[software:x_extension_id = 'fmlpbbognkocpajihchioognkmdeeldo'],stix,Software,"malware,malicious,browser-extension",85,2026-08-19T22:58:58Z,90
indicator,Browser Extension: N/A,Extension ID: goaebigflkhjjblmofhoggdhebgnielo. Category: malware. malicious extensions observed by palant.info. Ref: https://palant.info/2023/06/08/another-cluster-of-potentially-malicious-chrome-extensions/#c000003,[software:x_extension_id = 'goaebigflkhjjblmofhoggdhebgnielo'],stix,Software,"malware,malicious,browser-extension",85,2026-08-19T22:58:58Z,90
indicator,Browser Extension: N/A,Extension ID: igkkmokkmlbkkgdnkkancbonkbbmkioc. Category: malware. malicious extensions observed by palant.info. Ref: https://palant.info/2023/06/08/another-cluster-of-potentially-malicious-chrome-extensions/#c000003,[software:x_extension_id = 'igkkmokkmlbkkgdnkkancbonkbbmkioc'],stix,Software,"malware,malicious,browser-extension",85,2026-08-19T22:58:58Z,90
indicator,Browser Extension: N/A,Extension ID: lopnbnfpjmgpbppclhclehhgafnifija. Category: malware. malicious extensions observed by palant.info. Ref: https://palant.info/2023/06/08/another-cluster-of-potentially-malicious-chrome-extensions/#c000003,[software:x_extension_id = 'lopnbnfpjmgpbppclhclehhgafnifija'],stix,Software,"malware,malicious,browser-extension",85,2026-08-19T22:58:58Z,90
indicator,Browser Extension: N/A,Extension ID: kgfeiebnfmmfpomhochmlfmdmjmfedfj. Category: malware. malicious extensions observed by palant.info. Ref: https://palant.info/2023/06/14/why-browser-extension-games-need-access-to-all-websites/,[software:x_extension_id = 'kgfeiebnfmmfpomhochmlfmdmjmfedfj'],stix,Software,"malware,malicious,browser-extension",85,2026-08-19T22:58:58Z,90
indicator,Browser Extension: N/A,Extension ID: pmlcjncilaaaemknfefmegedhcgelmee. Category: malware. malicious extensions observed by palant.info. Ref: https://palant.info/2023/06/14/why-browser-extension-games-need-access-to-all-websites/,[software:x_extension_id = 'pmlcjncilaaaemknfefmegedhcgelmee'],stix,Software,"malware,malicious,browser-extension",85,2026-08-19T22:58:58Z,90
indicator,Browser Extension: N/A,Extension ID: ohdgnoepeabcfdkboidmaedenahioohf. Category: malware. malicious extensions observed by palant.info. Ref: https://palant.info/2023/06/14/why-browser-extension-games-need-access-to-all-websites/,[software:x_extension_id = 'ohdgnoepeabcfdkboidmaedenahioohf'],stix,Software,"malware,malicious,browser-extension",85,2026-08-19T22:58:58Z,90
indicator,Browser Extension: N/A,Extension ID: dnbipceilikdgjmeiagblfckeialaela. Category: malware. malicious extensions observed by palant.info. Ref: https://palant.info/2023/06/14/why-browser-extension-games-need-access-to-all-websites/,[software:x_extension_id = 'dnbipceilikdgjmeiagblfckeialaela'],stix,Software,"malware,malicious,browser-extension",85,2026-08-19T22:58:58Z,90
indicator,Browser Extension: N/A,Extension ID: aciipkgmbljbcokcnhjbjdhilpngemnj. Category: malware. malicious extensions observed by palant.info. Ref: https://palant.info/2023/06/14/why-browser-extension-games-need-access-to-all-websites/,[software:x_extension_id = 'aciipkgmbljbcokcnhjbjdhilpngemnj'],stix,Software,"malware,malicious,browser-extension",85,2026-08-19T22:58:58Z,90
indicator,Browser Extension: N/A,Extension ID: nlmjpeojbncdmlfkpppngdnolhfgiehn. Category: malware. malicious extensions observed by palant.info. Ref: https://palant.info/2023/06/14/why-browser-extension-games-need-access-to-all-websites/,[software:x_extension_id = 'nlmjpeojbncdmlfkpppngdnolhfgiehn'],stix,Software,"malware,malicious,browser-extension",85,2026-08-19T22:58:58Z,90
indicator,Browser Extension: N/A,Extension ID: phjhbkdgnjaokligmkimgnlagccanodn. Category: malware. malicious extensions observed by palant.info. Ref: https://palant.info/2023/06/14/why-browser-extension-games-need-access-to-all-websites/,[software:x_extension_id = 'phjhbkdgnjaokligmkimgnlagccanodn'],stix,Software,"malware,malicious,browser-extension",85,2026-08-19T22:58:58Z,90
indicator,Browser Extension: N/A,Extension ID: fkhpfgpmejefmjaeelgoopkcglgafedm. Category: malware. malicious extensions observed by palant.info. Ref: https://palant.info/2023/06/14/why-browser-extension-games-need-access-to-all-websites/,[software:x_extension_id = 'fkhpfgpmejefmjaeelgoopkcglgafedm'],stix,Software,"malware,malicious,browser-extension",85,2026-08-19T22:58:58Z,90
indicator,Browser Extension: N/A,Extension ID: kekdpkbijjffmohdaonbpeeaiknhbkhj. Category: malware. malicious extensions observed by palant.info. Ref: https://palant.info/2023/06/14/why-browser-extension-games-need-access-to-all-websites/,[software:x_extension_id = 'kekdpkbijjffmohdaonbpeeaiknhbkhj'],stix,Software,"malware,malicious,browser-extension",85,2026-08-19T22:58:58Z,90
indicator,Browser Extension: N/A,Extension ID: mcmmiinopedfbaoongoclagidncaacbd. Category: malware. malicious extensions observed by palant.info. Ref: https://palant.info/2023/06/14/why-browser-extension-games-need-access-to-all-websites/,[software:x_extension_id = 'mcmmiinopedfbaoongoclagidncaacbd'],stix,Software,"malware,malicious,browser-extension",85,2026-08-19T22:58:58Z,90
indicator,Browser Extension: N/A,Extension ID: ndcokkmfmiaecmndbpohaogmpmchfpkk. Category: malware. malicious extensions observed by palant.info. Ref: https://palant.info/2023/06/14/why-browser-extension-games-need-access-to-all-websites/,[software:x_extension_id = 'ndcokkmfmiaecmndbpohaogmpmchfpkk'],stix,Software,"malware,malicious,browser-extension",85,2026-08-19T22:58:58Z,90
indicator,Browser Extension: N/A,Extension ID: cpmpjapeeidaikiiemnddfgfdfjjhgif. Category: malware. malicious extensions observed by palant.info. Ref: https://palant.info/2023/06/14/why-browser-extension-games-need-access-to-all-websites/,[software:x_extension_id = 'cpmpjapeeidaikiiemnddfgfdfjjhgif'],stix,Software,"malware,malicious,browser-extension",85,2026-08-19T22:58:58Z,90
indicator,Browser Extension: N/A,Extension ID: ajefbooiifdkmgkpjkanmgbjbndfbfhg. Category: malware. malicious extensions observed by palant.info. Ref: https://palant.info/2023/06/14/why-browser-extension-games-need-access-to-all-websites/,[software:x_extension_id = 'ajefbooiifdkmgkpjkanmgbjbndfbfhg'],stix,Software,"malware,malicious,browser-extension",85,2026-08-19T22:58:58Z,90
indicator,Browser Extension: N/A,Extension ID: acmnokigkgihogfbeooklgemindnbine. Category: malware. malicious chrome extensions lists from https://github.com/mallorybowes/chrome-mal-ids. Ref: https://awakesecurity.com/wp-content/uploads/2020/06/GalComm-Malicious-Chrome-Extensions-Appendix-B.txt,[software:x_extension_id = 'acmnokigkgihogfbeooklgemindnbine'],stix,Software,"malware,malicious,browser-extension",85,2026-08-19T22:58:58Z,90
indicator,Browser Extension: N/A,Extension ID: apgohnlmnmkblgfplgnlmkjcpocgfomp. Category: malware. malicious chrome extensions lists from https://github.com/mallorybowes/chrome-mal-ids. Ref: https://awakesecurity.com/wp-content/uploads/2020/06/GalComm-Malicious-Chrome-Extensions-Appendix-B.txt,[software:x_extension_id = 'apgohnlmnmkblgfplgnlmkjcpocgfomp'],stix,Software,"malware,malicious,browser-extension",85,2026-08-19T22:58:58Z,90
indicator,Browser Extension: N/A,Extension ID: apjnadhmhgdobcdanndaphcpmnjbnfng. Category: malware. malicious chrome extensions lists from https://github.com/mallorybowes/chrome-mal-ids. Ref: https://awakesecurity.com/wp-content/uploads/2020/06/GalComm-Malicious-Chrome-Extensions-Appendix-B.txt,[software:x_extension_id = 'apjnadhmhgdobcdanndaphcpmnjbnfng'],stix,Software,"malware,malicious,browser-extension",85,2026-08-19T22:58:58Z,90
indicator,Browser Extension: N/A,Extension ID: bahkljhhdeciiaodlkppoonappfnheoi. Category: malware. malicious chrome extensions lists from https://github.com/mallorybowes/chrome-mal-ids. Ref: https://awakesecurity.com/wp-content/uploads/2020/06/GalComm-Malicious-Chrome-Extensions-Appendix-B.txt,[software:x_extension_id = 'bahkljhhdeciiaodlkppoonappfnheoi'],stix,Software,"malware,malicious,browser-extension",85,2026-08-19T22:58:58Z,90
indicator,Browser Extension: N/A,Extension ID: bannaglhmenocdjcmlkhkcciioaepfpj. Category: malware. malicious chrome extensions lists from https://github.com/mallorybowes/chrome-mal-ids. Ref: https://awakesecurity.com/wp-content/uploads/2020/06/GalComm-Malicious-Chrome-Extensions-Appendix-B.txt,[software:x_extension_id = 'bannaglhmenocdjcmlkhkcciioaepfpj'],stix,Software,"malware,malicious,browser-extension",85,2026-08-19T22:58:58Z,90
indicator,Browser Extension: N/A,Extension ID: bgffinjklipdhacmidehoncomokcmjmh. Category: malware. malicious chrome extensions lists from https://github.com/mallorybowes/chrome-mal-ids. Ref: https://awakesecurity.com/wp-content/uploads/2020/06/GalComm-Malicious-Chrome-Extensions-Appendix-B.txt,[software:x_extension_id = 'bgffinjklipdhacmidehoncomokcmjmh'],stix,Software,"malware,malicious,browser-extension",85,2026-08-19T22:58:58Z,90
indicator,Browser Extension: N/A,Extension ID: bifdhahddjbdbjmiekcnmeiffabcfjgh. Category: malware. malicious chrome extensions lists from https://github.com/mallorybowes/chrome-mal-ids. Ref: https://awakesecurity.com/wp-content/uploads/2020/06/GalComm-Malicious-Chrome-Extensions-Appendix-B.txt,[software:x_extension_id = 'bifdhahddjbdbjmiekcnmeiffabcfjgh'],stix,Software,"malware,malicious,browser-extension",85,2026-08-19T22:58:58Z,90
indicator,Browser Extension: N/A,Extension ID: bjpknhldlbknoidifkjnnkpginjgkgnm. Category: malware. malicious chrome extensions lists from https://github.com/mallorybowes/chrome-mal-ids. Ref: https://awakesecurity.com/wp-content/uploads/2020/06/GalComm-Malicious-Chrome-Extensions-Appendix-B.txt,[software:x_extension_id = 'bjpknhldlbknoidifkjnnkpginjgkgnm'],stix,Software,"malware,malicious,browser-extension",85,2026-08-19T22:58:58Z,90
indicator,Browser Extension: N/A,Extension ID: blngdeeenccpfjbkolalandfmiinhkak. Category: malware. malicious chrome extensions lists from https://github.com/mallorybowes/chrome-mal-ids. Ref: https://awakesecurity.com/wp-content/uploads/2020/06/GalComm-Malicious-Chrome-Extensions-Appendix-B.txt,[software:x_extension_id = 'blngdeeenccpfjbkolalandfmiinhkak'],stix,Software,"malware,malicious,browser-extension",85,2026-08-19T22:58:58Z,90
indicator,Browser Extension: N/A,Extension ID: ccdfhjebekpopcelcfkpgagbehppkadi. Category: malware. malicious chrome extensions lists from https://github.com/mallorybowes/chrome-mal-ids. Ref: https://awakesecurity.com/wp-content/uploads/2020/06/GalComm-Malicious-Chrome-Extensions-Appendix-B.txt,[software:x_extension_id = 'ccdfhjebekpopcelcfkpgagbehppkadi'],stix,Software,"malware,malicious,browser-extension",85,2026-08-19T22:58:58Z,90
indicator,Browser Extension: N/A,Extension ID: cceejgojinihpakmciijfdgafhpchigo. Category: malware. malicious chrome extensions lists from https://github.com/mallorybowes/chrome-mal-ids. Ref: https://awakesecurity.com/wp-content/uploads/2020/06/GalComm-Malicious-Chrome-Extensions-Appendix-B.txt,[software:x_extension_id = 'cceejgojinihpakmciijfdgafhpchigo'],stix,Software,"malware,malicious,browser-extension",85,2026-08-19T22:58:58Z,90
indicator,Browser Extension: N/A,Extension ID: cebjhmljaodmgmcaecenghhikkjdfabo. Category: malware. malicious chrome extensions lists from https://github.com/mallorybowes/chrome-mal-ids. Ref: https://awakesecurity.com/wp-content/uploads/2020/06/GalComm-Malicious-Chrome-Extensions-Appendix-B.txt,[software:x_extension_id = 'cebjhmljaodmgmcaecenghhikkjdfabo'],stix,Software,"malware,malicious,browser-extension",85,2026-08-19T22:58:58Z,90
indicator,Browser Extension: N/A,Extension ID: chbpnonhcgdbcpicacolalkgjlcjkbbd. Category: malware. malicious chrome extensions lists from https://github.com/mallorybowes/chrome-mal-ids. Ref: https://awakesecurity.com/wp-content/uploads/2020/06/GalComm-Malicious-Chrome-Extensions-Appendix-B.txt,[software:x_extension_id = 'chbpnonhcgdbcpicacolalkgjlcjkbbd'],stix,Software,"malware,malicious,browser-extension",85,2026-08-19T22:58:58Z,90
indicator,Browser Extension: N/A,Extension ID: cifafogcmckphmnbeipgkpfbjphmajbc. Category: malware. malicious chrome extensions lists from https://github.com/mallorybowes/chrome-mal-ids. Ref: https://awakesecurity.com/wp-content/uploads/2020/06/GalComm-Malicious-Chrome-Extensions-Appendix-B.txt,[software:x_extension_id = 'cifafogcmckphmnbeipgkpfbjphmajbc'],stix,Software,"malware,malicious,browser-extension",85,2026-08-19T22:58:58Z,90
indicator,Browser Extension: N/A,Extension ID: clopbiaijcfolfmjebjinippgmdkkppj. Category: malware. malicious chrome extensions lists from https://github.com/mallorybowes/chrome-mal-ids. Ref: https://awakesecurity.com/wp-content/uploads/2020/06/GalComm-Malicious-Chrome-Extensions-Appendix-B.txt,[software:x_extension_id = 'clopbiaijcfolfmjebjinippgmdkkppj'],stix,Software,"malware,malicious,browser-extension",85,2026-08-19T22:58:58Z,90
indicator,Browser Extension: N/A,Extension ID: cpgoblgcfemdmaolmfhpoifikehgbjbf. Category: malware. malicious chrome extensions lists from https://github.com/mallorybowes/chrome-mal-ids. Ref: https://awakesecurity.com/wp-content/uploads/2020/06/GalComm-Malicious-Chrome-Extensions-Appendix-B.txt,[software:x_extension_id = 'cpgoblgcfemdmaolmfhpoifikehgbjbf'],stix,Software,"malware,malicious,browser-extension",85,2026-08-19T22:58:58Z,90
indicator,Browser Extension: N/A,Extension ID: dcmjopnlojhkngkmagminjbiahokmfig. Category: malware. malicious chrome extensions lists from https://github.com/mallorybowes/chrome-mal-ids. Ref: https://awakesecurity.com/wp-content/uploads/2020/06/GalComm-Malicious-Chrome-Extensions-Appendix-B.txt,[software:x_extension_id = 'dcmjopnlojhkngkmagminjbiahokmfig'],stix,Software,"malware,malicious,browser-extension",85,2026-08-19T22:58:58Z,90
indicator,Browser Extension: N/A,Extension ID: deiiiklocnibjflinkfmefpofgcfhdga. Category: malware. malicious chrome extensions lists from https://github.com/mallorybowes/chrome-mal-ids. Ref: https://awakesecurity.com/wp-content/uploads/2020/06/GalComm-Malicious-Chrome-Extensions-Appendix-B.txt,[software:x_extension_id = 'deiiiklocnibjflinkfmefpofgcfhdga'],stix,Software,"malware,malicious,browser-extension",85,2026-08-19T22:58:58Z,90
indicator,Browser Extension: N/A,Extension ID: dipecofobdcjnpffbkmfkdbfmjfjfgmn. Category: malware. malicious chrome extensions lists from https://github.com/mallorybowes/chrome-mal-ids. Ref: https://awakesecurity.com/wp-content/uploads/2020/06/GalComm-Malicious-Chrome-Extensions-Appendix-B.txt,[software:x_extension_id = 'dipecofobdcjnpffbkmfkdbfmjfjfgmn'],stix,Software,"malware,malicious,browser-extension",85,2026-08-19T22:58:58Z,90
indicator,Browser Extension: N/A,Extension ID: dopkmmcoegcjggfanajnindneifffpck. Category: malware. malicious chrome extensions lists from https://github.com/mallorybowes/chrome-mal-ids. Ref: https://awakesecurity.com/wp-content/uploads/2020/06/GalComm-Malicious-Chrome-Extensions-Appendix-B.txt,[software:x_extension_id = 'dopkmmcoegcjggfanajnindneifffpck'],stix,Software,"malware,malicious,browser-extension",85,2026-08-19T22:58:58Z,90
indicator,Browser Extension: N/A,Extension ID: dopmojabcdlfbnppmjeaajclohofnbol. Category: malware. malicious chrome extensions lists from https://github.com/mallorybowes/chrome-mal-ids. Ref: https://awakesecurity.com/wp-content/uploads/2020/06/GalComm-Malicious-Chrome-Extensions-Appendix-B.txt,[software:x_extension_id = 'dopmojabcdlfbnppmjeaajclohofnbol'],stix,Software,"malware,malicious,browser-extension",85,2026-08-19T22:58:58Z,90
indicator,Browser Extension: N/A,Extension ID: edcepmkpdojmciieeijebkodahjfliif. Category: malware. malicious chrome extensions lists from https://github.com/mallorybowes/chrome-mal-ids. Ref: https://awakesecurity.com/wp-content/uploads/2020/06/GalComm-Malicious-Chrome-Extensions-Appendix-B.txt,[software:x_extension_id = 'edcepmkpdojmciieeijebkodahjfliif'],stix,Software,"malware,malicious,browser-extension",85,2026-08-19T22:58:58Z,90
indicator,Browser Extension: N/A,Extension ID: ekbecnhekcpbfgdchfjcfmnocdfpcanj. Category: malware. malicious chrome extensions lists from https://github.com/mallorybowes/chrome-mal-ids. Ref: https://awakesecurity.com/wp-content/uploads/2020/06/GalComm-Malicious-Chrome-Extensions-Appendix-B.txt,[software:x_extension_id = 'ekbecnhekcpbfgdchfjcfmnocdfpcanj'],stix,Software,"malware,malicious,browser-extension",85,2026-08-19T22:58:58Z,90
indicator,Browser Extension: N/A,Extension ID: elflophcopcglipligoibfejllmndhmp. Category: malware. malicious chrome extensions lists from https://github.com/mallorybowes/chrome-mal-ids. Ref: https://awakesecurity.com/wp-content/uploads/2020/06/GalComm-Malicious-Chrome-Extensions-Appendix-B.txt,[software:x_extension_id = 'elflophcopcglipligoibfejllmndhmp'],stix,Software,"malware,malicious,browser-extension",85,2026-08-19T22:58:58Z,90
indicator,Browser Extension: N/A,Extension ID: eogfeijdemimhpfhlpjoifeckijeejkc. Category: malware. malicious chrome extensions lists from https://github.com/mallorybowes/chrome-mal-ids. Ref: https://awakesecurity.com/wp-content/uploads/2020/06/GalComm-Malicious-Chrome-Extensions-Appendix-B.txt,[software:x_extension_id = 'eogfeijdemimhpfhlpjoifeckijeejkc'],stix,Software,"malware,malicious,browser-extension",85,2026-08-19T22:58:58Z,90
indicator,Browser Extension: N/A,Extension ID: fcobokliblbalmjmahdebcdalglnieii. Category: malware. malicious chrome extensions lists from https://github.com/mallorybowes/chrome-mal-ids. Ref: https://awakesecurity.com/wp-content/uploads/2020/06/GalComm-Malicious-Chrome-Extensions-Appendix-B.txt,[software:x_extension_id = 'fcobokliblbalmjmahdebcdalglnieii'],stix,Software,"malware,malicious,browser-extension",85,2026-08-19T22:58:58Z,90
indicator,Browser Extension: N/A,Extension ID: fgafnjobnempajahhgebbbpkpegcdlbf. Category: malware. malicious chrome extensions lists from https://github.com/mallorybowes/chrome-mal-ids. Ref: https://awakesecurity.com/wp-content/uploads/2020/06/GalComm-Malicious-Chrome-Extensions-Appendix-B.txt,[software:x_extension_id = 'fgafnjobnempajahhgebbbpkpegcdlbf'],stix,Software,"malware,malicious,browser-extension",85,2026-08-19T22:58:58Z,90
indicator,Browser Extension: N/A,Extension ID: fgcomdacecoimaejookmlcfogngmfmli. Category: malware. malicious chrome extensions lists from https://github.com/mallorybowes/chrome-mal-ids. Ref: https://awakesecurity.com/wp-content/uploads/2020/06/GalComm-Malicious-Chrome-Extensions-Appendix-B.txt,[software:x_extension_id = 'fgcomdacecoimaejookmlcfogngmfmli'],stix,Software,"malware,malicious,browser-extension",85,2026-08-19T22:58:58Z,90
indicator,Browser Extension: N/A,Extension ID: fgmeppijnhhafacemgoocgelcflipnfd. Category: malware. malicious chrome extensions lists from https://github.com/mallorybowes/chrome-mal-ids. Ref: https://awakesecurity.com/wp-content/uploads/2020/06/GalComm-Malicious-Chrome-Extensions-Appendix-B.txt,[software:x_extension_id = 'fgmeppijnhhafacemgoocgelcflipnfd'],stix,Software,"malware,malicious,browser-extension",85,2026-08-19T22:58:58Z,90
indicator,Browser Extension: N/A,Extension ID: fhanjgcjamaagccdkanegeefdpdkeban. Category: malware. malicious chrome extensions lists from https://github.com/mallorybowes/chrome-mal-ids. Ref: https://awakesecurity.com/wp-content/uploads/2020/06/GalComm-Malicious-Chrome-Extensions-Appendix-B.txt,[software:x_extension_id = 'fhanjgcjamaagccdkanegeefdpdkeban'],stix,Software,"malware,malicious,browser-extension",85,2026-08-19T22:58:58Z,90
indicator,Browser Extension: N/A,Extension ID: flfkimeelfnpapcgmobfgfifhackkend. Category: malware. malicious chrome extensions lists from https://github.com/mallorybowes/chrome-mal-ids. Ref: https://awakesecurity.com/wp-content/uploads/2020/06/GalComm-Malicious-Chrome-Extensions-Appendix-B.txt,[software:x_extension_id = 'flfkimeelfnpapcgmobfgfifhackkend'],stix,Software,"malware,malicious,browser-extension",85,2026-08-19T22:58:58Z,90
indicator,Browser Extension: N/A,Extension ID: fmahbaepkpdimfcjpopjklankbbhdobk. Category: malware. malicious chrome extensions lists from https://github.com/mallorybowes/chrome-mal-ids. Ref: https://awakesecurity.com/wp-content/uploads/2020/06/GalComm-Malicious-Chrome-Extensions-Appendix-B.txt,[software:x_extension_id = 'fmahbaepkpdimfcjpopjklankbbhdobk'],stix,Software,"malware,malicious,browser-extension",85,2026-08-19T22:58:58Z,90
indicator,Browser Extension: N/A,Extension ID: foebfmkeamadbhjcdglihfijdaohomlm. Category: malware. malicious chrome extensions lists from https://github.com/mallorybowes/chrome-mal-ids. Ref: https://awakesecurity.com/wp-content/uploads/2020/06/GalComm-Malicious-Chrome-Extensions-Appendix-B.txt,[software:x_extension_id = 'foebfmkeamadbhjcdglihfijdaohomlm'],stix,Software,"malware,malicious,browser-extension",85,2026-08-19T22:58:58Z,90
indicator,Browser Extension: N/A,Extension ID: fpngnlpmkfkhodklbljnncdcmkiopide. Category: malware. malicious chrome extensions lists from https://github.com/mallorybowes/chrome-mal-ids. Ref: https://awakesecurity.com/wp-content/uploads/2020/06/GalComm-Malicious-Chrome-Extensions-Appendix-B.txt,[software:x_extension_id = 'fpngnlpmkfkhodklbljnncdcmkiopide'],stix,Software,"malware,malicious,browser-extension",85,2026-08-19T22:58:58Z,90
indicator,Browser Extension: N/A,Extension ID: gdifegeihkihjbkkgdijkcpkjekoicbl. Category: malware. malicious chrome extensions lists from https://github.com/mallorybowes/chrome-mal-ids. Ref: https://awakesecurity.com/wp-content/uploads/2020/06/GalComm-Malicious-Chrome-Extensions-Appendix-B.txt,[software:x_extension_id = 'gdifegeihkihjbkkgdijkcpkjekoicbl'],stix,Software,"malware,malicious,browser-extension",85,2026-08-19T22:58:58Z,90
indicator,Browser Extension: N/A,Extension ID: gfcmbgjehfhemioddkpcipehdfnjmief. Category: malware. malicious chrome extensions lists from https://github.com/mallorybowes/chrome-mal-ids. Ref: https://awakesecurity.com/wp-content/uploads/2020/06/GalComm-Malicious-Chrome-Extensions-Appendix-B.txt,[software:x_extension_id = 'gfcmbgjehfhemioddkpcipehdfnjmief'],stix,Software,"malware,malicious,browser-extension",85,2026-08-19T22:58:58Z,90
indicator,Browser Extension: N/A,Extension ID: gfdefkjpjdbiiclhimebabkmclmiiegk. Category: malware. malicious chrome extensions lists from https://github.com/mallorybowes/chrome-mal-ids. Ref: https://awakesecurity.com/wp-content/uploads/2020/06/GalComm-Malicious-Chrome-Extensions-Appendix-B.txt,[software:x_extension_id = 'gfdefkjpjdbiiclhimebabkmclmiiegk'],stix,Software,"malware,malicious,browser-extension",85,2026-08-19T22:58:58Z,90
indicator,Browser Extension: N/A,Extension ID: ggijmaajgdkdijomfipnpdfijcnodpip. Category: malware. malicious chrome extensions lists from https://github.com/mallorybowes/chrome-mal-ids. Ref: https://awakesecurity.com/wp-content/uploads/2020/06/GalComm-Malicious-Chrome-Extensions-Appendix-B.txt,[software:x_extension_id = 'ggijmaajgdkdijomfipnpdfijcnodpip'],stix,Software,"malware,malicious,browser-extension",85,2026-08-19T22:58:58Z,90
indicator,Browser Extension: N/A,Extension ID: ghgjhnkjohlnmngbniijbkidigifekaa. Category: malware. malicious chrome extensions lists from https://github.com/mallorybowes/chrome-mal-ids. Ref: https://awakesecurity.com/wp-content/uploads/2020/06/GalComm-Malicious-Chrome-Extensions-Appendix-B.txt,[software:x_extension_id = 'ghgjhnkjohlnmngbniijbkidigifekaa'],stix,Software,"malware,malicious,browser-extension",85,2026-08-19T22:58:58Z,90
indicator,Browser Extension: N/A,Extension ID: gllihgnfnbpdmnppfjdlkciijkddfohn. Category: malware. malicious chrome extensions lists from https://github.com/mallorybowes/chrome-mal-ids. Ref: https://awakesecurity.com/wp-content/uploads/2020/06/GalComm-Malicious-Chrome-Extensions-Appendix-B.txt,[software:x_extension_id = 'gllihgnfnbpdmnppfjdlkciijkddfohn'],stix,Software,"malware,malicious,browser-extension",85,2026-08-19T22:58:58Z,90
indicator,Browser Extension: N/A,Extension ID: gmmohhcojdhgbjjahhpkfhbapgcfgfne. Category: malware. malicious chrome extensions lists from https://github.com/mallorybowes/chrome-mal-ids. Ref: https://awakesecurity.com/wp-content/uploads/2020/06/GalComm-Malicious-Chrome-Extensions-Appendix-B.txt,[software:x_extension_id = 'gmmohhcojdhgbjjahhpkfhbapgcfgfne'],stix,Software,"malware,malicious,browser-extension",85,2026-08-19T22:58:58Z,90
indicator,Browser Extension: N/A,Extension ID: gofhadkfcffpjdbonbladicjdbkpickk. Category: malware. malicious chrome extensions lists from https://github.com/mallorybowes/chrome-mal-ids. Ref: https://awakesecurity.com/wp-content/uploads/2020/06/GalComm-Malicious-Chrome-Extensions-Appendix-B.txt,[software:x_extension_id = 'gofhadkfcffpjdbonbladicjdbkpickk'],stix,Software,"malware,malicious,browser-extension",85,2026-08-19T22:58:58Z,90
indicator,Browser Extension: N/A,Extension ID: hapicipmkalhnklammmfdblkngahelln. Category: malware. malicious chrome extensions lists from https://github.com/mallorybowes/chrome-mal-ids. Ref: https://awakesecurity.com/wp-content/uploads/2020/06/GalComm-Malicious-Chrome-Extensions-Appendix-B.txt,[software:x_extension_id = 'hapicipmkalhnklammmfdblkngahelln'],stix,Software,"malware,malicious,browser-extension",85,2026-08-19T22:58:58Z,90
indicator,Browser Extension: N/A,Extension ID: hijipblimhboccjcnnjnjelcdmceeafa. Category: malware. malicious chrome extensions lists from https://github.com/mallorybowes/chrome-mal-ids. Ref: https://awakesecurity.com/wp-content/uploads/2020/06/GalComm-Malicious-Chrome-Extensions-Appendix-B.txt,[software:x_extension_id = 'hijipblimhboccjcnnjnjelcdmceeafa'],stix,Software,"malware,malicious,browser-extension",85,2026-08-19T22:58:58Z,90
indicator,Browser Extension: N/A,Extension ID: hmamdkecijcegebmhndhcihjjkndbjgk. Category: malware. malicious chrome extensions lists from https://github.com/mallorybowes/chrome-mal-ids. Ref: https://awakesecurity.com/wp-content/uploads/2020/06/GalComm-Malicious-Chrome-Extensions-Appendix-B.txt,[software:x_extension_id = 'hmamdkecijcegebmhndhcihjjkndbjgk'],stix,Software,"malware,malicious,browser-extension",85,2026-08-19T22:58:58Z,90
indicator,Browser Extension: N/A,Extension ID: hodfejbmfdhcgolcglcojkpfdjjdepji. Category: malware. malicious chrome extensions lists from https://github.com/mallorybowes/chrome-mal-ids. Ref: https://awakesecurity.com/wp-content/uploads/2020/06/GalComm-Malicious-Chrome-Extensions-Appendix-B.txt,[software:x_extension_id = 'hodfejbmfdhcgolcglcojkpfdjjdepji'],stix,Software,"malware,malicious,browser-extension",85,2026-08-19T22:58:58Z,90
indicator,Browser Extension: N/A,Extension ID: hpfijbjnmddglpmogpaeofdbehkpball. Category: malware. malicious chrome extensions lists from https://github.com/mallorybowes/chrome-mal-ids. Ref: https://awakesecurity.com/wp-content/uploads/2020/06/GalComm-Malicious-Chrome-Extensions-Appendix-B.txt,[software:x_extension_id = 'hpfijbjnmddglpmogpaeofdbehkpball'],stix,Software,"malware,malicious,browser-extension",85,2026-08-19T22:58:58Z,90
indicator,Browser Extension: N/A,Extension ID: ianfonfnhjeidghdegbkbbjgliiciiic. Category: malware. malicious chrome extensions lists from https://github.com/mallorybowes/chrome-mal-ids. Ref: https://awakesecurity.com/wp-content/uploads/2020/06/GalComm-Malicious-Chrome-Extensions-Appendix-B.txt,[software:x_extension_id = 'ianfonfnhjeidghdegbkbbjgliiciiic'],stix,Software,"malware,malicious,browser-extension",85,2026-08-19T22:58:58Z,90
indicator,Browser Extension: N/A,Extension ID: ibfjiddieiljjjccjemgnoopkpmpniej. Category: malware. malicious chrome extensions lists from https://github.com/mallorybowes/chrome-mal-ids. Ref: https://awakesecurity.com/wp-content/uploads/2020/06/GalComm-Malicious-Chrome-Extensions-Appendix-B.txt,[software:x_extension_id = 'ibfjiddieiljjjccjemgnoopkpmpniej'],stix,Software,"malware,malicious,browser-extension",85,2026-08-19T22:58:58Z,90
indicator,Browser Extension: N/A,Extension ID: inhdgbalcopmbpjfincjponejamhaeop. Category: malware. malicious chrome extensions lists from https://github.com/mallorybowes/chrome-mal-ids. Ref: https://awakesecurity.com/wp-content/uploads/2020/06/GalComm-Malicious-Chrome-Extensions-Appendix-B.txt,[software:x_extension_id = 'inhdgbalcopmbpjfincjponejamhaeop'],stix,Software,"malware,malicious,browser-extension",85,2026-08-19T22:58:58Z,90
indicator,Browser Extension: N/A,Extension ID: iondldgmpaoekbgabgconiajpbkebkin. Category: malware. malicious chrome extensions lists from https://github.com/mallorybowes/chrome-mal-ids. Ref: https://awakesecurity.com/wp-content/uploads/2020/06/GalComm-Malicious-Chrome-Extensions-Appendix-B.txt,[software:x_extension_id = 'iondldgmpaoekbgabgconiajpbkebkin'],stix,Software,"malware,malicious,browser-extension",85,2026-08-19T22:58:58Z,90
indicator,Browser Extension: N/A,Extension ID: ipagcbjbgailmjeaojmpiddflpbgjngl. Category: malware. malicious chrome extensions lists from https://github.com/mallorybowes/chrome-mal-ids. Ref: https://awakesecurity.com/wp-content/uploads/2020/06/GalComm-Malicious-Chrome-Extensions-Appendix-B.txt,[software:x_extension_id = 'ipagcbjbgailmjeaojmpiddflpbgjngl'],stix,Software,"malware,malicious,browser-extension",85,2026-08-19T22:58:58Z,90
indicator,Browser Extension: N/A,Extension ID: jagbooldjnemiedoagckjomjegkopfno. Category: malware. malicious chrome extensions lists from https://github.com/mallorybowes/chrome-mal-ids. Ref: https://awakesecurity.com/wp-content/uploads/2020/06/GalComm-Malicious-Chrome-Extensions-Appendix-B.txt,[software:x_extension_id = 'jagbooldjnemiedoagckjomjegkopfno'],stix,Software,"malware,malicious,browser-extension",85,2026-08-19T22:58:58Z,90
indicator,Browser Extension: N/A,Extension ID: jdheollkkpfglhohnpgkonecdealeebn. Category: malware. malicious chrome extensions lists from https://github.com/mallorybowes/chrome-mal-ids. Ref: https://awakesecurity.com/wp-content/uploads/2020/06/GalComm-Malicious-Chrome-Extensions-Appendix-B.txt,[software:x_extension_id = 'jdheollkkpfglhohnpgkonecdealeebn'],stix,Software,"malware,malicious,browser-extension",85,2026-08-19T22:58:58Z,90
indicator,Browser Extension: N/A,Extension ID: jfefcmidfkpncdkjkkghhmjkafanhiam. Category: malware. malicious chrome extensions lists from https://github.com/mallorybowes/chrome-mal-ids. Ref: https://awakesecurity.com/wp-content/uploads/2020/06/GalComm-Malicious-Chrome-Extensions-Appendix-B.txt,[software:x_extension_id = 'jfefcmidfkpncdkjkkghhmjkafanhiam'],stix,Software,"malware,malicious,browser-extension",85,2026-08-19T22:58:58Z,90
indicator,Browser Extension: N/A,Extension ID: jfgkpeobcmjlocjpfgocelimhppdmigj. Category: malware. malicious chrome extensions lists from https://github.com/mallorybowes/chrome-mal-ids. Ref: https://awakesecurity.com/wp-content/uploads/2020/06/GalComm-Malicious-Chrome-Extensions-Appendix-B.txt,[software:x_extension_id = 'jfgkpeobcmjlocjpfgocelimhppdmigj'],stix,Software,"malware,malicious,browser-extension",85,2026-08-19T22:58:58Z,90
indicator,Browser Extension: N/A,Extension ID: jghiljaagglmcdeopnjkfhcikjnddhhc. Category: malware. malicious chrome extensions lists from https://github.com/mallorybowes/chrome-mal-ids. Ref: https://awakesecurity.com/wp-content/uploads/2020/06/GalComm-Malicious-Chrome-Extensions-Appendix-B.txt,[software:x_extension_id = 'jghiljaagglmcdeopnjkfhcikjnddhhc'],stix,Software,"malware,malicious,browser-extension",85,2026-08-19T22:58:58Z,90
indicator,Browser Extension: N/A,Extension ID: jgjakaebbliafihodjhpkpankimhckdf. Category: malware. malicious chrome extensions lists from https://github.com/mallorybowes/chrome-mal-ids. Ref: https://awakesecurity.com/wp-content/uploads/2020/06/GalComm-Malicious-Chrome-Extensions-Appendix-B.txt,[software:x_extension_id = 'jgjakaebbliafihodjhpkpankimhckdf'],stix,Software,"malware,malicious,browser-extension",85,2026-08-19T22:58:58Z,90
indicator,Browser Extension: N/A,Extension ID: jiiinmeiedloeiabcgkdcbbpfelmbaff. Category: malware. malicious chrome extensions lists from https://github.com/mallorybowes/chrome-mal-ids. Ref: https://awakesecurity.com/wp-content/uploads/2020/06/GalComm-Malicious-Chrome-Extensions-Appendix-B.txt,[software:x_extension_id = 'jiiinmeiedloeiabcgkdcbbpfelmbaff'],stix,Software,"malware,malicious,browser-extension",85,2026-08-19T22:58:58Z,90
indicator,Browser Extension: N/A,Extension ID: jkdngiblfdmfjhiahibnnhcjncehcgab. Category: malware. malicious chrome extensions lists from https://github.com/mallorybowes/chrome-mal-ids. Ref: https://awakesecurity.com/wp-content/uploads/2020/06/GalComm-Malicious-Chrome-Extensions-Appendix-B.txt,[software:x_extension_id = 'jkdngiblfdmfjhiahibnnhcjncehcgab'],stix,Software,"malware,malicious,browser-extension",85,2026-08-19T22:58:58Z,90
indicator,Browser Extension: N/A,Extension ID: jkofpdjclecgjcfomkaajhhmmhnninia. Category: malware. malicious chrome extensions lists from https://github.com/mallorybowes/chrome-mal-ids. Ref: https://awakesecurity.com/wp-content/uploads/2020/06/GalComm-Malicious-Chrome-Extensions-Appendix-B.txt,[software:x_extension_id = 'jkofpdjclecgjcfomkaajhhmmhnninia'],stix,Software,"malware,malicious,browser-extension",85,2026-08-19T22:58:58Z,90
indicator,Browser Extension: N/A,Extension ID: kbdbmddhlgckaggdapibpihadohhelao. Category: malware. malicious chrome extensions lists from https://github.com/mallorybowes/chrome-mal-ids. Ref: https://awakesecurity.com/wp-content/uploads/2020/06/GalComm-Malicious-Chrome-Extensions-Appendix-B.txt,[software:x_extension_id = 'kbdbmddhlgckaggdapibpihadohhelao'],stix,Software,"malware,malicious,browser-extension",85,2026-08-19T22:58:58Z,90
indicator,Browser Extension: N/A,Extension ID: keceijnpfmmlnebgnkhojinbkopolaom. Category: malware. malicious chrome extensions lists from https://github.com/mallorybowes/chrome-mal-ids. Ref: https://awakesecurity.com/wp-content/uploads/2020/06/GalComm-Malicious-Chrome-Extensions-Appendix-B.txt,[software:x_extension_id = 'keceijnpfmmlnebgnkhojinbkopolaom'],stix,Software,"malware,malicious,browser-extension",85,2026-08-19T22:58:58Z,90
indicator,Browser Extension: N/A,Extension ID: khhemdcdllgomlbleegjdpbeflgbomcj. Category: malware. malicious chrome extensions lists from https://github.com/mallorybowes/chrome-mal-ids. Ref: https://awakesecurity.com/wp-content/uploads/2020/06/GalComm-Malicious-Chrome-Extensions-Appendix-B.txt,[software:x_extension_id = 'khhemdcdllgomlbleegjdpbeflgbomcj'],stix,Software,"malware,malicious,browser-extension",85,2026-08-19T22:58:58Z,90
indicator,Browser Extension: N/A,Extension ID: kjdcopljcgiekkmjhinmcpioncofoclg. Category: malware. malicious chrome extensions lists from https://github.com/mallorybowes/chrome-mal-ids. Ref: https://awakesecurity.com/wp-content/uploads/2020/06/GalComm-Malicious-Chrome-Extensions-Appendix-B.txt,[software:x_extension_id = 'kjdcopljcgiekkmjhinmcpioncofoclg'],stix,Software,"malware,malicious,browser-extension",85,2026-08-19T22:58:58Z,90
indicator,Browser Extension: N/A,Extension ID: kjgaljeofmfgjfipajjeeflbknekghma. Category: malware. malicious chrome extensions lists from https://github.com/mallorybowes/chrome-mal-ids. Ref: https://awakesecurity.com/wp-content/uploads/2020/06/GalComm-Malicious-Chrome-Extensions-Appendix-B.txt,[software:x_extension_id = 'kjgaljeofmfgjfipajjeeflbknekghma'],stix,Software,"malware,malicious,browser-extension",85,2026-08-19T22:58:58Z,90
indicator,Browser Extension: N/A,Extension ID: labpefoeghdmpbfijhnnejdmnjccgplc. Category: malware. malicious chrome extensions lists from https://github.com/mallorybowes/chrome-mal-ids. Ref: https://awakesecurity.com/wp-content/uploads/2020/06/GalComm-Malicious-Chrome-Extensions-Appendix-B.txt,[software:x_extension_id = 'labpefoeghdmpbfijhnnejdmnjccgplc'],stix,Software,"malware,malicious,browser-extension",85,2026-08-19T22:58:58Z,90
indicator,Browser Extension: N/A,Extension ID: lameokaalbmnhgapanlloeichlbjloak. Category: malware. malicious chrome extensions lists from https://github.com/mallorybowes/chrome-mal-ids. Ref: https://awakesecurity.com/wp-content/uploads/2020/06/GalComm-Malicious-Chrome-Extensions-Appendix-B.txt,[software:x_extension_id = 'lameokaalbmnhgapanlloeichlbjloak'],stix,Software,"malware,malicious,browser-extension",85,2026-08-19T22:58:58Z,90
indicator,Browser Extension: N/A,Extension ID: lbeekfefglldjjenkaekhnogoplpmfin. Category: malware. malicious chrome extensions lists from https://github.com/mallorybowes/chrome-mal-ids. Ref: https://awakesecurity.com/wp-content/uploads/2020/06/GalComm-Malicious-Chrome-Extensions-Appendix-B.txt,[software:x_extension_id = 'lbeekfefglldjjenkaekhnogoplpmfin'],stix,Software,"malware,malicious,browser-extension",85,2026-08-19T22:58:58Z,90
indicator,Browser Extension: N/A,Extension ID: lbhddhdfbcdcfbbbmimncbakkjobaedh. Category: malware. malicious chrome extensions lists from https://github.com/mallorybowes/chrome-mal-ids. Ref: https://awakesecurity.com/wp-content/uploads/2020/06/GalComm-Malicious-Chrome-Extensions-Appendix-B.txt,[software:x_extension_id = 'lbhddhdfbcdcfbbbmimncbakkjobaedh'],stix,Software,"malware,malicious,browser-extension",85,2026-08-19T22:58:58Z,90
indicator,Browser Extension: N/A,Extension ID: ldoiiiffclpggehajofeffljablcodif. Category: malware. malicious chrome extensions lists from https://github.com/mallorybowes/chrome-mal-ids. Ref: https://awakesecurity.com/wp-content/uploads/2020/06/GalComm-Malicious-Chrome-Extensions-Appendix-B.txt,[software:x_extension_id = 'ldoiiiffclpggehajofeffljablcodif'],stix,Software,"malware,malicious,browser-extension",85,2026-08-19T22:58:58Z,90
indicator,Browser Extension: N/A,Extension ID: lhjdepbplpkgmghgiphdjpnagpmhijbg. Category: malware. malicious chrome extensions lists from https://github.com/mallorybowes/chrome-mal-ids. Ref: https://awakesecurity.com/wp-content/uploads/2020/06/GalComm-Malicious-Chrome-Extensions-Appendix-B.txt,[software:x_extension_id = 'lhjdepbplpkgmghgiphdjpnagpmhijbg'],stix,Software,"malware,malicious,browser-extension",85,2026-08-19T22:58:58Z,90
indicator,Browser Extension: N/A,Extension ID: ljddilebjpmmomoppeemckhpilhmoaok. Category: malware. malicious chrome extensions lists from https://github.com/mallorybowes/chrome-mal-ids. Ref: https://awakesecurity.com/wp-content/uploads/2020/06/GalComm-Malicious-Chrome-Extensions-Appendix-B.txt,[software:x_extension_id = 'ljddilebjpmmomoppeemckhpilhmoaok'],stix,Software,"malware,malicious,browser-extension",85,2026-08-19T22:58:58Z,90
indicator,Browser Extension: N/A,Extension ID: ljnfpiodfojmjfbiechgkbkhikfbknjc. Category: malware. malicious chrome extensions lists from https://github.com/mallorybowes/chrome-mal-ids. Ref: https://awakesecurity.com/wp-content/uploads/2020/06/GalComm-Malicious-Chrome-Extensions-Appendix-B.txt,[software:x_extension_id = 'ljnfpiodfojmjfbiechgkbkhikfbknjc'],stix,Software,"malware,malicious,browser-extension",85,2026-08-19T22:58:58Z,90
indicator,Browser Extension: N/A,Extension ID: lnlkgfpceclfhomgocnnenmadlhanghf. Category: malware. malicious chrome extensions lists from https://github.com/mallorybowes/chrome-mal-ids. Ref: https://awakesecurity.com/wp-content/uploads/2020/06/GalComm-Malicious-Chrome-Extensions-Appendix-B.txt,[software:x_extension_id = 'lnlkgfpceclfhomgocnnenmadlhanghf'],stix,Software,"malware,malicious,browser-extension",85,2026-08-19T22:58:58Z,90
indicator,Browser Extension: N/A,Extension ID: loigeafmbglngofpkkddgobapkkcaena. Category: malware. malicious chrome extensions lists from https://github.com/mallorybowes/chrome-mal-ids. Ref: https://awakesecurity.com/wp-content/uploads/2020/06/GalComm-Malicious-Chrome-Extensions-Appendix-B.txt,[software:x_extension_id = 'loigeafmbglngofpkkddgobapkkcaena'],stix,Software,"malware,malicious,browser-extension",85,2026-08-19T22:58:58Z,90
indicator,Browser Extension: N/A,Extension ID: lpajppfbbiafpmbeompbinpigbemekcg. Category: malware. malicious chrome extensions lists from https://github.com/mallorybowes/chrome-mal-ids. Ref: https://awakesecurity.com/wp-content/uploads/2020/06/GalComm-Malicious-Chrome-Extensions-Appendix-B.txt,[software:x_extension_id = 'lpajppfbbiafpmbeompbinpigbemekcg'],stix,Software,"malware,malicious,browser-extension",85,2026-08-19T22:58:58Z,90
indicator,Browser Extension: N/A,Extension ID: majekhlfhmeeplofdolkddbecmgjgplm. Category: malware. malicious chrome extensions lists from https://github.com/mallorybowes/chrome-mal-ids. Ref: https://awakesecurity.com/wp-content/uploads/2020/06/GalComm-Malicious-Chrome-Extensions-Appendix-B.txt,[software:x_extension_id = 'majekhlfhmeeplofdolkddbecmgjgplm'],stix,Software,"malware,malicious,browser-extension",85,2026-08-19T22:58:58Z,90
indicator,Browser Extension: N/A,Extension ID: mapafdeimlgplbahigmhneiibemhgcnc. Category: malware. malicious chrome extensions lists from https://github.com/mallorybowes/chrome-mal-ids. Ref: https://awakesecurity.com/wp-content/uploads/2020/06/GalComm-Malicious-Chrome-Extensions-Appendix-B.txt,[software:x_extension_id = 'mapafdeimlgplbahigmhneiibemhgcnc'],stix,Software,"malware,malicious,browser-extension",85,2026-08-19T22:58:58Z,90
indicator,Browser Extension: N/A,Extension ID: mcfeaailfhmpdphgnheboncfiikfkenn. Category: malware. malicious chrome extensions lists from https://github.com/mallorybowes/chrome-mal-ids. Ref: https://awakesecurity.com/wp-content/uploads/2020/06/GalComm-Malicious-Chrome-Extensions-Appendix-B.txt,[software:x_extension_id = 'mcfeaailfhmpdphgnheboncfiikfkenn'],stix,Software,"malware,malicious,browser-extension",85,2026-08-19T22:58:58Z,90
indicator,Browser Extension: N/A,Extension ID: mgkjakldpclhkfadefnoncnjkiaffpkp. Category: malware. malicious chrome extensions lists from https://github.com/mallorybowes/chrome-mal-ids. Ref: https://awakesecurity.com/wp-content/uploads/2020/06/GalComm-Malicious-Chrome-Extensions-Appendix-B.txt,[software:x_extension_id = 'mgkjakldpclhkfadefnoncnjkiaffpkp'],stix,Software,"malware,malicious,browser-extension",85,2026-08-19T22:58:58Z,90
indicator,Browser Extension: N/A,Extension ID: mhinpnedhapjlbgnhcifjdkklbeefbpa. Category: malware. malicious chrome extensions lists from https://github.com/mallorybowes/chrome-mal-ids. Ref: https://awakesecurity.com/wp-content/uploads/2020/06/GalComm-Malicious-Chrome-Extensions-Appendix-B.txt,[software:x_extension_id = 'mhinpnedhapjlbgnhcifjdkklbeefbpa'],stix,Software,"malware,malicious,browser-extension",85,2026-08-19T22:58:58Z,90
indicator,Browser Extension: N/A,Extension ID: mihiainclhehjnklijgpokdpldjmjdap. Category: malware. malicious chrome extensions lists from https://github.com/mallorybowes/chrome-mal-ids. Ref: https://awakesecurity.com/wp-content/uploads/2020/06/GalComm-Malicious-Chrome-Extensions-Appendix-B.txt,[software:x_extension_id = 'mihiainclhehjnklijgpokdpldjmjdap'],stix,Software,"malware,malicious,browser-extension",85,2026-08-19T22:58:58Z,90
indicator,Browser Extension: N/A,Extension ID: mmkakbkmcnchdopphcbphjioggaanmim. Category: malware. malicious chrome extensions lists from https://github.com/mallorybowes/chrome-mal-ids. Ref: https://awakesecurity.com/wp-content/uploads/2020/06/GalComm-Malicious-Chrome-Extensions-Appendix-B.txt,[software:x_extension_id = 'mmkakbkmcnchdopphcbphjioggaanmim'],stix,Software,"malware,malicious,browser-extension",85,2026-08-19T22:58:58Z,90
indicator,Browser Extension: N/A,Extension ID: mopkkgobjofbkkgemcidkndbglkcfhjj. Category: malware. malicious chrome extensions lists from https://github.com/mallorybowes/chrome-mal-ids. Ref: https://awakesecurity.com/wp-content/uploads/2020/06/GalComm-Malicious-Chrome-Extensions-Appendix-B.txt,[software:x_extension_id = 'mopkkgobjofbkkgemcidkndbglkcfhjj'],stix,Software,"malware,malicious,browser-extension",85,2026-08-19T22:58:58Z,90
indicator,Browser Extension: N/A,Extension ID: mpifmhgignilkmeckejgamolchmgfdom. Category: malware. malicious chrome extensions lists from https://github.com/mallorybowes/chrome-mal-ids. Ref: https://awakesecurity.com/wp-content/uploads/2020/06/GalComm-Malicious-Chrome-Extensions-Appendix-B.txt,[software:x_extension_id = 'mpifmhgignilkmeckejgamolchmgfdom'],stix,Software,"malware,malicious,browser-extension",85,2026-08-19T22:58:58Z,90
indicator,Browser Extension: N/A,Extension ID: nabmpeienmkmicpjckkgihobgleppbkc. Category: malware. malicious chrome extensions lists from https://github.com/mallorybowes/chrome-mal-ids. Ref: https://awakesecurity.com/wp-content/uploads/2020/06/GalComm-Malicious-Chrome-Extensions-Appendix-B.txt,[software:x_extension_id = 'nabmpeienmkmicpjckkgihobgleppbkc'],stix,Software,"malware,malicious,browser-extension",85,2026-08-19T22:58:58Z,90
indicator,Browser Extension: N/A,Extension ID: nahhmpbckpgdidfnmfkfgiflpjijilce. Category: malware. malicious chrome extensions lists from https://github.com/mallorybowes/chrome-mal-ids. Ref: https://awakesecurity.com/wp-content/uploads/2020/06/GalComm-Malicious-Chrome-Extensions-Appendix-B.txt,[software:x_extension_id = 'nahhmpbckpgdidfnmfkfgiflpjijilce'],stix,Software,"malware,malicious,browser-extension",85,2026-08-19T22:58:58Z,90
indicator,Browser Extension: N/A,Extension ID: ncepfbpjhkahgdemgmjmcgbgnfdinnhk. Category: malware. malicious chrome extensions lists from https://github.com/mallorybowes/chrome-mal-ids. Ref: https://awakesecurity.com/wp-content/uploads/2020/06/GalComm-Malicious-Chrome-Extensions-Appendix-B.txt,[software:x_extension_id = 'ncepfbpjhkahgdemgmjmcgbgnfdinnhk'],stix,Software,"malware,malicious,browser-extension",85,2026-08-19T22:58:58Z,90
indicator,Browser Extension: N/A,Extension ID: npaklgbiblcbpokaiddpmmbknncnbljb. Category: malware. malicious chrome extensions lists from https://github.com/mallorybowes/chrome-mal-ids. Ref: https://awakesecurity.com/wp-content/uploads/2020/06/GalComm-Malicious-Chrome-Extensions-Appendix-B.txt,[software:x_extension_id = 'npaklgbiblcbpokaiddpmmbknncnbljb'],stix,Software,"malware,malicious,browser-extension",85,2026-08-19T22:58:58Z,90
indicator,Browser Extension: N/A,Extension ID: npdfkclmbnoklkdebjfodpendkepbjek. Category: malware. malicious chrome extensions lists from https://github.com/mallorybowes/chrome-mal-ids. Ref: https://awakesecurity.com/wp-content/uploads/2020/06/GalComm-Malicious-Chrome-Extensions-Appendix-B.txt,[software:x_extension_id = 'npdfkclmbnoklkdebjfodpendkepbjek'],stix,Software,"malware,malicious,browser-extension",85,2026-08-19T22:58:58Z,90
indicator,Browser Extension: N/A,Extension ID: nplenkhhmalidgamfdejkblbaihndkcm. Category: malware. malicious chrome extensions lists from https://github.com/mallorybowes/chrome-mal-ids. Ref: https://awakesecurity.com/wp-content/uploads/2020/06/GalComm-Malicious-Chrome-Extensions-Appendix-B.txt,[software:x_extension_id = 'nplenkhhmalidgamfdejkblbaihndkcm'],stix,Software,"malware,malicious,browser-extension",85,2026-08-19T22:58:58Z,90
indicator,Browser Extension: N/A,Extension ID: oalfdomffplbcimjikgaklfamodahpmi. Category: malware. malicious chrome extensions lists from https://github.com/mallorybowes/chrome-mal-ids. Ref: https://awakesecurity.com/wp-content/uploads/2020/06/GalComm-Malicious-Chrome-Extensions-Appendix-B.txt,[software:x_extension_id = 'oalfdomffplbcimjikgaklfamodahpmi'],stix,Software,"malware,malicious,browser-extension",85,2026-08-19T22:58:58Z,90
indicator,Browser Extension: N/A,Extension ID: odnakbaioopckimfnkllgijmkikhfhhf. Category: malware. malicious chrome extensions lists from https://github.com/mallorybowes/chrome-mal-ids. Ref: https://awakesecurity.com/wp-content/uploads/2020/06/GalComm-Malicious-Chrome-Extensions-Appendix-B.txt,[software:x_extension_id = 'odnakbaioopckimfnkllgijmkikhfhhf'],stix,Software,"malware,malicious,browser-extension",85,2026-08-19T22:58:58Z,90
indicator,Browser Extension: N/A,Extension ID: oklejhdbgggnfaggiidiaokelehcfjdp. Category: malware. malicious chrome extensions lists from https://github.com/mallorybowes/chrome-mal-ids. Ref: https://awakesecurity.com/wp-content/uploads/2020/06/GalComm-Malicious-Chrome-Extensions-Appendix-B.txt,[software:x_extension_id = 'oklejhdbgggnfaggiidiaokelehcfjdp'],stix,Software,"malware,malicious,browser-extension",85,2026-08-19T22:58:58Z,90
indicator,Browser Extension: N/A,Extension ID: omgeapkgiddakeoklcapboapbamdgmhp. Category: malware. malicious chrome extensions lists from https://github.com/mallorybowes/chrome-mal-ids. Ref: https://awakesecurity.com/wp-content/uploads/2020/06/GalComm-Malicious-Chrome-Extensions-Appendix-B.txt,[software:x_extension_id = 'omgeapkgiddakeoklcapboapbamdgmhp'],stix,Software,"malware,malicious,browser-extension",85,2026-08-19T22:58:58Z,90
indicator,Browser Extension: N/A,Extension ID: oonbcpdabjcggcklopgbdagbfnkhbgbe. Category: malware. malicious chrome extensions lists from https://github.com/mallorybowes/chrome-mal-ids. Ref: https://awakesecurity.com/wp-content/uploads/2020/06/GalComm-Malicious-Chrome-Extensions-Appendix-B.txt,[software:x_extension_id = 'oonbcpdabjcggcklopgbdagbfnkhbgbe'],stix,Software,"malware,malicious,browser-extension",85,2026-08-19T22:58:58Z,90
indicator,Browser Extension: N/A,Extension ID: opahibnipmkjincplepgjiiinbfmppmh. Category: malware. malicious chrome extensions lists from https://github.com/mallorybowes/chrome-mal-ids. Ref: https://awakesecurity.com/wp-content/uploads/2020/06/GalComm-Malicious-Chrome-Extensions-Appendix-B.txt,[software:x_extension_id = 'opahibnipmkjincplepgjiiinbfmppmh'],stix,Software,"malware,malicious,browser-extension",85,2026-08-19T22:58:58Z,90
indicator,Browser Extension: N/A,Extension ID: pamchlfnkebmjbfbknoclehcpfclbhpl. Category: malware. malicious chrome extensions lists from https://github.com/mallorybowes/chrome-mal-ids. Ref: https://awakesecurity.com/wp-content/uploads/2020/06/GalComm-Malicious-Chrome-Extensions-Appendix-B.txt,[software:x_extension_id = 'pamchlfnkebmjbfbknoclehcpfclbhpl'],stix,Software,"malware,malicious,browser-extension",85,2026-08-19T22:58:58Z,90
indicator,Browser Extension: N/A,Extension ID: pchfjdkempbhcjdifpfphmgdmnmadgce. Category: malware. malicious chrome extensions lists from https://github.com/mallorybowes/chrome-mal-ids. Ref: https://awakesecurity.com/wp-content/uploads/2020/06/GalComm-Malicious-Chrome-Extensions-Appendix-B.txt,[software:x_extension_id = 'pchfjdkempbhcjdifpfphmgdmnmadgce'],stix,Software,"malware,malicious,browser-extension",85,2026-08-19T22:58:58Z,90
indicator,Browser Extension: N/A,Extension ID: pdpcpceofkopegffcdnffeenbfdldock. Category: malware. malicious chrome extensions lists from https://github.com/mallorybowes/chrome-mal-ids. Ref: https://awakesecurity.com/wp-content/uploads/2020/06/GalComm-Malicious-Chrome-Extensions-Appendix-B.txt,[software:x_extension_id = 'pdpcpceofkopegffcdnffeenbfdldock'],stix,Software,"malware,malicious,browser-extension",85,2026-08-19T22:58:58Z,90
indicator,Browser Extension: N/A,Extension ID: pgahbiaijngfmbbijfgmchcnkipajgha. Category: malware. malicious chrome extensions lists from https://github.com/mallorybowes/chrome-mal-ids. Ref: https://awakesecurity.com/wp-content/uploads/2020/06/GalComm-Malicious-Chrome-Extensions-Appendix-B.txt,[software:x_extension_id = 'pgahbiaijngfmbbijfgmchcnkipajgha'],stix,Software,"malware,malicious,browser-extension",85,2026-08-19T22:58:58Z,90
indicator,Browser Extension: N/A,Extension ID: pidohlmjfgjbafgfleommlolmbjdcpal. Category: malware. malicious chrome extensions lists from https://github.com/mallorybowes/chrome-mal-ids. Ref: https://awakesecurity.com/wp-content/uploads/2020/06/GalComm-Malicious-Chrome-Extensions-Appendix-B.txt,[software:x_extension_id = 'pidohlmjfgjbafgfleommlolmbjdcpal'],stix,Software,"malware,malicious,browser-extension",85,2026-08-19T22:58:58Z,90
indicator,Browser Extension: N/A,Extension ID: pilplloabdedfmialnfchjomjmpjcoej. Category: malware. malicious chrome extensions lists from https://github.com/mallorybowes/chrome-mal-ids. Ref: https://awakesecurity.com/wp-content/uploads/2020/06/GalComm-Malicious-Chrome-Extensions-Appendix-B.txt,[software:x_extension_id = 'pilplloabdedfmialnfchjomjmpjcoej'],stix,Software,"malware,malicious,browser-extension",85,2026-08-19T22:58:58Z,90
indicator,Browser Extension: N/A,Extension ID: pklmnoldkkoholegljdkibjjhmegpjep. Category: malware. malicious chrome extensions lists from https://github.com/mallorybowes/chrome-mal-ids. Ref: https://awakesecurity.com/wp-content/uploads/2020/06/GalComm-Malicious-Chrome-Extensions-Appendix-B.txt,[software:x_extension_id = 'pklmnoldkkoholegljdkibjjhmegpjep'],stix,Software,"malware,malicious,browser-extension",85,2026-08-19T22:58:58Z,90
indicator,Browser Extension: N/A,Extension ID: pknkncdfjlncijifekldbjmeaiakdbof. Category: malware. malicious chrome extensions lists from https://github.com/mallorybowes/chrome-mal-ids. Ref: https://awakesecurity.com/wp-content/uploads/2020/06/GalComm-Malicious-Chrome-Extensions-Appendix-B.txt,[software:x_extension_id = 'pknkncdfjlncijifekldbjmeaiakdbof'],stix,Software,"malware,malicious,browser-extension",85,2026-08-19T22:58:58Z,90
indicator,Browser Extension: N/A,Extension ID: plmgefkiicjfchonlmnbabfebpnpckkk. Category: malware. malicious chrome extensions lists from https://github.com/mallorybowes/chrome-mal-ids. Ref: https://awakesecurity.com/wp-content/uploads/2020/06/GalComm-Malicious-Chrome-Extensions-Appendix-B.txt,[software:x_extension_id = 'plmgefkiicjfchonlmnbabfebpnpckkk'],stix,Software,"malware,malicious,browser-extension",85,2026-08-19T22:58:58Z,90
indicator,Browser Extension: N/A,Extension ID: pnciakodcdnehobpfcjcnnlcpmjlpkac. Category: malware. malicious chrome extensions lists from https://github.com/mallorybowes/chrome-mal-ids. Ref: https://awakesecurity.com/wp-content/uploads/2020/06/GalComm-Malicious-Chrome-Extensions-Appendix-B.txt,[software:x_extension_id = 'pnciakodcdnehobpfcjcnnlcpmjlpkac'],stix,Software,"malware,malicious,browser-extension",85,2026-08-19T22:58:58Z,90
indicator,Browser Extension: N/A,Extension ID: ponodoigcmkglddlljanchegmkgkhmgb. Category: malware. malicious chrome extensions lists from https://github.com/mallorybowes/chrome-mal-ids. Ref: https://awakesecurity.com/wp-content/uploads/2020/06/GalComm-Malicious-Chrome-Extensions-Appendix-B.txt,[software:x_extension_id = 'ponodoigcmkglddlljanchegmkgkhmgb'],stix,Software,"malware,malicious,browser-extension",85,2026-08-19T22:58:58Z,90
indicator,Browser Extension: N/A,Extension ID: oanbpfkcehelcjjipodkaafialmfejmi. Category: malware. malicious chrome extensions lists from https://github.com/mallorybowes/chrome-mal-ids. Ref: https://duo.com/labs/research/crxcavator-malvertising-2020,[software:x_extension_id = 'oanbpfkcehelcjjipodkaafialmfejmi'],stix,Software,"malware,malicious,browser-extension",85,2026-08-19T22:58:58Z,90
indicator,Browser Extension: N/A,Extension ID: lhfibgclamcffnddoicjmoopmgomknmb. Category: malware. malicious chrome extensions lists from https://github.com/mallorybowes/chrome-mal-ids. Ref: https://duo.com/labs/research/crxcavator-malvertising-2020,[software:x_extension_id = 'lhfibgclamcffnddoicjmoopmgomknmb'],stix,Software,"malware,malicious,browser-extension",85,2026-08-19T22:58:58Z,90
indicator,Browser Extension: N/A,Extension ID: ilcbbngkolbclhlildojhgjdbkkehfia. Category: malware. malicious chrome extensions lists from https://github.com/mallorybowes/chrome-mal-ids. Ref: https://duo.com/labs/research/crxcavator-malvertising-2020,[software:x_extension_id = 'ilcbbngkolbclhlildojhgjdbkkehfia'],stix,Software,"malware,malicious,browser-extension",85,2026-08-19T22:58:58Z,90
indicator,Browser Extension: N/A,Extension ID: pnhjnmacgahapmnnifmneapinilajfol. Category: malware. malicious chrome extensions lists from https://github.com/mallorybowes/chrome-mal-ids. Ref: https://duo.com/labs/research/crxcavator-malvertising-2020,[software:x_extension_id = 'pnhjnmacgahapmnnifmneapinilajfol'],stix,Software,"malware,malicious,browser-extension",85,2026-08-19T22:58:58Z,90
indicator,Browser Extension: N/A,Extension ID: ocifcogajbgikalbpphmoedjlcfjkhgh. Category: malware. malicious chrome extensions lists from https://github.com/mallorybowes/chrome-mal-ids. Ref: https://duo.com/labs/research/crxcavator-malvertising-2020,[software:x_extension_id = 'ocifcogajbgikalbpphmoedjlcfjkhgh'],stix,Software,"malware,malicious,browser-extension",85,2026-08-19T22:58:58Z,90
indicator,Browser Extension: N/A,Extension ID: peglehonblabfemopkgmfcpofbchegcl. Category: malware. malicious chrome extensions lists from https://github.com/mallorybowes/chrome-mal-ids. Ref: https://duo.com/labs/research/crxcavator-malvertising-2020,[software:x_extension_id = 'peglehonblabfemopkgmfcpofbchegcl'],stix,Software,"malware,malicious,browser-extension",85,2026-08-19T22:58:58Z,90
indicator,Browser Extension: N/A,Extension ID: aaeohfpkhojgdhocdfpkdaffbehjbmmd. Category: malware. malicious chrome extensions lists from https://github.com/mallorybowes/chrome-mal-ids. Ref: https://duo.com/labs/research/crxcavator-malvertising-2020,[software:x_extension_id = 'aaeohfpkhojgdhocdfpkdaffbehjbmmd'],stix,Software,"malware,malicious,browser-extension",85,2026-08-19T22:58:58Z,90
indicator,Browser Extension: N/A,Extension ID: lidnmohoigekohfmdpopgcpigjkpemll. Category: malware. malicious chrome extensions lists from https://github.com/mallorybowes/chrome-mal-ids. Ref: https://duo.com/labs/research/crxcavator-malvertising-2020,[software:x_extension_id = 'lidnmohoigekohfmdpopgcpigjkpemll'],stix,Software,"malware,malicious,browser-extension",85,2026-08-19T22:58:58Z,90
indicator,Browser Extension: N/A,Extension ID: jmbmildjdmppofnohldicmnkojfhggmb. Category: malware. malicious chrome extensions lists from https://github.com/mallorybowes/chrome-mal-ids. Ref: https://duo.com/labs/research/crxcavator-malvertising-2020,[software:x_extension_id = 'jmbmildjdmppofnohldicmnkojfhggmb'],stix,Software,"malware,malicious,browser-extension",85,2026-08-19T22:58:58Z,90
indicator,Browser Extension: N/A,Extension ID: jdoaaldnifinadckcbfkbiekgaebkeif. Category: malware. malicious chrome extensions lists from https://github.com/mallorybowes/chrome-mal-ids. Ref: https://duo.com/labs/research/crxcavator-malvertising-2020,[software:x_extension_id = 'jdoaaldnifinadckcbfkbiekgaebkeif'],stix,Software,"malware,malicious,browser-extension",85,2026-08-19T22:58:58Z,90
indicator,Browser Extension: N/A,Extension ID: ogjfhmgoalinegalajpmjoliipdibhdm. Category: malware. malicious chrome extensions lists from https://github.com/mallorybowes/chrome-mal-ids. Ref: https://duo.com/labs/research/crxcavator-malvertising-2020,[software:x_extension_id = 'ogjfhmgoalinegalajpmjoliipdibhdm'],stix,Software,"malware,malicious,browser-extension",85,2026-08-19T22:58:58Z,90
indicator,Browser Extension: N/A,Extension ID: lebmkjafnodbnhbahbgdollaaabcmpbh. Category: malware. malicious chrome extensions lists from https://github.com/mallorybowes/chrome-mal-ids. Ref: https://duo.com/labs/research/crxcavator-malvertising-2020,[software:x_extension_id = 'lebmkjafnodbnhbahbgdollaaabcmpbh'],stix,Software,"malware,malicious,browser-extension",85,2026-08-19T22:58:58Z,90
indicator,Browser Extension: N/A,Extension ID: gjammdgdlgmoidmdfoefkeklnhmllpjp. Category: malware. malicious chrome extensions lists from https://github.com/mallorybowes/chrome-mal-ids. Ref: https://duo.com/labs/research/crxcavator-malvertising-2020,[software:x_extension_id = 'gjammdgdlgmoidmdfoefkeklnhmllpjp'],stix,Software,"malware,malicious,browser-extension",85,2026-08-19T22:58:58Z,90
indicator,Browser Extension: N/A,Extension ID: kdkpllchojjkbgephbbeacaahecgfpga. Category: malware. malicious chrome extensions lists from https://github.com/mallorybowes/chrome-mal-ids. Ref: https://duo.com/labs/research/crxcavator-malvertising-2020,[software:x_extension_id = 'kdkpllchojjkbgephbbeacaahecgfpga'],stix,Software,"malware,malicious,browser-extension",85,2026-08-19T22:58:58Z,90
indicator,Browser Extension: N/A,Extension ID: jaehldonmiabhfohkenmlimnceapgpnp. Category: malware. malicious chrome extensions lists from https://github.com/mallorybowes/chrome-mal-ids. Ref: https://duo.com/labs/research/crxcavator-malvertising-2020,[software:x_extension_id = 'jaehldonmiabhfohkenmlimnceapgpnp'],stix,Software,"malware,malicious,browser-extension",85,2026-08-19T22:58:58Z,90
indicator,Browser Extension: N/A,Extension ID: pmhlkgkblgeeigiegkmacefjoflennbn. Category: malware. malicious chrome extensions lists from https://github.com/mallorybowes/chrome-mal-ids. Ref: https://duo.com/labs/research/crxcavator-malvertising-2020,[software:x_extension_id = 'pmhlkgkblgeeigiegkmacefjoflennbn'],stix,Software,"malware,malicious,browser-extension",85,2026-08-19T22:58:58Z,90
indicator,Browser Extension: N/A,Extension ID: ofdfbeanbffehepagohhengmjnhlkich. Category: malware. malicious chrome extensions lists from https://github.com/mallorybowes/chrome-mal-ids. Ref: https://duo.com/labs/research/crxcavator-malvertising-2020,[software:x_extension_id = 'ofdfbeanbffehepagohhengmjnhlkich'],stix,Software,"malware,malicious,browser-extension",85,2026-08-19T22:58:58Z,90
indicator,Browser Extension: N/A,Extension ID: mjchijabihjkhmmaaihpgmhkklgakinl. Category: malware. malicious chrome extensions lists from https://github.com/mallorybowes/chrome-mal-ids. Ref: https://duo.com/labs/research/crxcavator-malvertising-2020,[software:x_extension_id = 'mjchijabihjkhmmaaihpgmhkklgakinl'],stix,Software,"malware,malicious,browser-extension",85,2026-08-19T22:58:58Z,90
indicator,Browser Extension: N/A,Extension ID: poppendnaoonepbkmjejdfebihohaalo. Category: malware. malicious chrome extensions lists from https://github.com/mallorybowes/chrome-mal-ids. Ref: https://duo.com/labs/research/crxcavator-malvertising-2020,[software:x_extension_id = 'poppendnaoonepbkmjejdfebihohaalo'],stix,Software,"malware,malicious,browser-extension",85,2026-08-19T22:58:58Z,90
indicator,Browser Extension: N/A,Extension ID: eogoljjmndnjfikmcbmopmlhjnhbmdda. Category: malware. malicious chrome extensions lists from https://github.com/mallorybowes/chrome-mal-ids. Ref: https://duo.com/labs/research/crxcavator-malvertising-2020,[software:x_extension_id = 'eogoljjmndnjfikmcbmopmlhjnhbmdda'],stix,Software,"malware,malicious,browser-extension",85,2026-08-19T22:58:58Z,90
indicator,Browser Extension: N/A,Extension ID: gdnkjjhpffldmfljpbfemliidkeeecdj. Category: malware. malicious chrome extensions lists from https://github.com/mallorybowes/chrome-mal-ids. Ref: https://duo.com/labs/research/crxcavator-malvertising-2020,[software:x_extension_id = 'gdnkjjhpffldmfljpbfemliidkeeecdj'],stix,Software,"malware,malicious,browser-extension",85,2026-08-19T22:58:58Z,90
indicator,Browser Extension: N/A,Extension ID: gelcjfdfebnabkielednfoogpbhdeoai. Category: malware. malicious chrome extensions lists from https://github.com/mallorybowes/chrome-mal-ids. Ref: https://duo.com/labs/research/crxcavator-malvertising-2020,[software:x_extension_id = 'gelcjfdfebnabkielednfoogpbhdeoai'],stix,Software,"malware,malicious,browser-extension",85,2026-08-19T22:58:58Z,90
indicator,Browser Extension: N/A,Extension ID: ofpihhkeakgnnbkmcoifjkkhnllddbld. Category: malware. malicious chrome extensions lists from https://github.com/mallorybowes/chrome-mal-ids. Ref: https://duo.com/labs/research/crxcavator-malvertising-2020,[software:x_extension_id = 'ofpihhkeakgnnbkmcoifjkkhnllddbld'],stix,Software,"malware,malicious,browser-extension",85,2026-08-19T22:58:58Z,90
indicator,Browser Extension: N/A,Extension ID: pjjghngpidphgicpgdebpmdgdicepege. Category: malware. malicious chrome extensions lists from https://github.com/mallorybowes/chrome-mal-ids. Ref: https://duo.com/labs/research/crxcavator-malvertising-2020,[software:x_extension_id = 'pjjghngpidphgicpgdebpmdgdicepege'],stix,Software,"malware,malicious,browser-extension",85,2026-08-19T22:58:58Z,90
indicator,Browser Extension: N/A,Extension ID: nchdkdaknojhpimbfbejfcdnmjfbllhj. Category: malware. malicious chrome extensions lists from https://github.com/mallorybowes/chrome-mal-ids. Ref: https://duo.com/labs/research/crxcavator-malvertising-2020,[software:x_extension_id = 'nchdkdaknojhpimbfbejfcdnmjfbllhj'],stix,Software,"malware,malicious,browser-extension",85,2026-08-19T22:58:58Z,90
indicator,Browser Extension: N/A,Extension ID: blcfpeooekoekehdpbikibeblpjlehlh. Category: malware. malicious chrome extensions lists from https://github.com/mallorybowes/chrome-mal-ids. Ref: https://duo.com/labs/research/crxcavator-malvertising-2020,[software:x_extension_id = 'blcfpeooekoekehdpbikibeblpjlehlh'],stix,Software,"malware,malicious,browser-extension",85,2026-08-19T22:58:58Z,90
indicator,Browser Extension: N/A,Extension ID: looclnmoilplejheganiloofamfilbcd. Category: malware. malicious chrome extensions lists from https://github.com/mallorybowes/chrome-mal-ids. Ref: https://duo.com/labs/research/crxcavator-malvertising-2020,[software:x_extension_id = 'looclnmoilplejheganiloofamfilbcd'],stix,Software,"malware,malicious,browser-extension",85,2026-08-19T22:58:58Z,90
indicator,Browser Extension: N/A,Extension ID: oehimkphpeeeneindfeekidpmkpffkgc. Category: malware. malicious chrome extensions lists from https://github.com/mallorybowes/chrome-mal-ids. Ref: https://duo.com/labs/research/crxcavator-malvertising-2020,[software:x_extension_id = 'oehimkphpeeeneindfeekidpmkpffkgc'],stix,Software,"malware,malicious,browser-extension",85,2026-08-19T22:58:58Z,90
indicator,Browser Extension: N/A,Extension ID: eebbihndkbkejmlgfoofigacgicamfha. Category: malware. malicious chrome extensions lists from https://github.com/mallorybowes/chrome-mal-ids. Ref: https://duo.com/labs/research/crxcavator-malvertising-2020,[software:x_extension_id = 'eebbihndkbkejmlgfoofigacgicamfha'],stix,Software,"malware,malicious,browser-extension",85,2026-08-19T22:58:58Z,90
indicator,Browser Extension: N/A,Extension ID: faopefnnleiebimhkldlplkgkjpbmcea. Category: malware. malicious chrome extensions lists from https://github.com/mallorybowes/chrome-mal-ids. Ref: https://duo.com/labs/research/crxcavator-malvertising-2020,[software:x_extension_id = 'faopefnnleiebimhkldlplkgkjpbmcea'],stix,Software,"malware,malicious,browser-extension",85,2026-08-19T22:58:58Z,90
indicator,Browser Extension: N/A,Extension ID: obcfkcpejehknjdollnafpebkcpkklbl. Category: malware. malicious chrome extensions lists from https://github.com/mallorybowes/chrome-mal-ids. Ref: https://duo.com/labs/research/crxcavator-malvertising-2020,[software:x_extension_id = 'obcfkcpejehknjdollnafpebkcpkklbl'],stix,Software,"malware,malicious,browser-extension",85,2026-08-19T22:58:58Z,90
indicator,Browser Extension: N/A,Extension ID: jepocknhdcgdmbiodbpopcbjnlgecdhf. Category: malware. malicious chrome extensions lists from https://github.com/mallorybowes/chrome-mal-ids. Ref: https://duo.com/labs/research/crxcavator-malvertising-2020,[software:x_extension_id = 'jepocknhdcgdmbiodbpopcbjnlgecdhf'],stix,Software,"malware,malicious,browser-extension",85,2026-08-19T22:58:58Z,90
indicator,Browser Extension: N/A,Extension ID: dehhfjanlmglmabomenmpjnnopigplae. Category: malware. malicious chrome extensions lists from https://github.com/mallorybowes/chrome-mal-ids. Ref: https://duo.com/labs/research/crxcavator-malvertising-2020,[software:x_extension_id = 'dehhfjanlmglmabomenmpjnnopigplae'],stix,Software,"malware,malicious,browser-extension",85,2026-08-19T22:58:58Z,90
indicator,Browser Extension: N/A,Extension ID: ekijhekekfckmkmbemiijdkihdibnbgh. Category: malware. malicious chrome extensions lists from https://github.com/mallorybowes/chrome-mal-ids. Ref: https://duo.com/labs/research/crxcavator-malvertising-2020,[software:x_extension_id = 'ekijhekekfckmkmbemiijdkihdibnbgh'],stix,Software,"malware,malicious,browser-extension",85,2026-08-19T22:58:58Z,90
indicator,Browser Extension: N/A,Extension ID: pjpjefgijnjlhgegceegmpecklonpdjp. Category: malware. malicious chrome extensions lists from https://github.com/mallorybowes/chrome-mal-ids. Ref: https://duo.com/labs/research/crxcavator-malvertising-2020,[software:x_extension_id = 'pjpjefgijnjlhgegceegmpecklonpdjp'],stix,Software,"malware,malicious,browser-extension",85,2026-08-19T22:58:58Z,90
indicator,Browser Extension: N/A,Extension ID: nlhocomjnfjedielocojomgfldbjmdjj. Category: malware. malicious chrome extensions lists from https://github.com/mallorybowes/chrome-mal-ids. Ref: https://duo.com/labs/research/crxcavator-malvertising-2020,[software:x_extension_id = 'nlhocomjnfjedielocojomgfldbjmdjj'],stix,Software,"malware,malicious,browser-extension",85,2026-08-19T22:58:58Z,90
indicator,Browser Extension: N/A,Extension ID: opooaebceonakifaacigffdhogdgfadg. Category: malware. malicious chrome extensions lists from https://github.com/mallorybowes/chrome-mal-ids. Ref: https://duo.com/labs/research/crxcavator-malvertising-2020,[software:x_extension_id = 'opooaebceonakifaacigffdhogdgfadg'],stix,Software,"malware,malicious,browser-extension",85,2026-08-19T22:58:58Z,90
indicator,Browser Extension: N/A,Extension ID: ojofdaokgfdlbeomlelkiiipkocneien. Category: malware. malicious chrome extensions lists from https://github.com/mallorybowes/chrome-mal-ids. Ref: https://duo.com/labs/research/crxcavator-malvertising-2020,[software:x_extension_id = 'ojofdaokgfdlbeomlelkiiipkocneien'],stix,Software,"malware,malicious,browser-extension",85,2026-08-19T22:58:58Z,90
indicator,Browser Extension: N/A,Extension ID: gpaaalbnkccgmmbkendiciheljgpdhob. Category: malware. malicious chrome extensions lists from https://github.com/mallorybowes/chrome-mal-ids. Ref: https://duo.com/labs/research/crxcavator-malvertising-2020,[software:x_extension_id = 'gpaaalbnkccgmmbkendiciheljgpdhob'],stix,Software,"malware,malicious,browser-extension",85,2026-08-19T22:58:58Z,90
indicator,Browser Extension: N/A,Extension ID: almfnpjmjpnknlgpipillhfmchjikkno. Category: malware. malicious chrome extensions lists from https://github.com/mallorybowes/chrome-mal-ids. Ref: https://duo.com/labs/research/crxcavator-malvertising-2020,[software:x_extension_id = 'almfnpjmjpnknlgpipillhfmchjikkno'],stix,Software,"malware,malicious,browser-extension",85,2026-08-19T22:58:58Z,90
indicator,Browser Extension: N/A,Extension ID: eeacchjlmkcleifpppcjbmahcnlihamj. Category: malware. malicious chrome extensions lists from https://github.com/mallorybowes/chrome-mal-ids. Ref: https://duo.com/labs/research/crxcavator-malvertising-2020,[software:x_extension_id = 'eeacchjlmkcleifpppcjbmahcnlihamj'],stix,Software,"malware,malicious,browser-extension",85,2026-08-19T22:58:58Z,90
indicator,Browser Extension: N/A,Extension ID: lojgkcienjoiogbfkbjiidpfnabhkckf. Category: malware. malicious chrome extensions lists from https://github.com/mallorybowes/chrome-mal-ids. Ref: https://duo.com/labs/research/crxcavator-malvertising-2020,[software:x_extension_id = 'lojgkcienjoiogbfkbjiidpfnabhkckf'],stix,Software,"malware,malicious,browser-extension",85,2026-08-19T22:58:58Z,90
indicator,Browser Extension: N/A,Extension ID: gkemhapalomnipjhminflfhjcjehjhmp. Category: malware. malicious chrome extensions lists from https://github.com/mallorybowes/chrome-mal-ids. Ref: https://duo.com/labs/research/crxcavator-malvertising-2020,[software:x_extension_id = 'gkemhapalomnipjhminflfhjcjehjhmp'],stix,Software,"malware,malicious,browser-extension",85,2026-08-19T22:58:58Z,90
indicator,Browser Extension: N/A,Extension ID: icolkoeolaodpjogekifcidcdbgbdobc. Category: malware. malicious chrome extensions lists from https://github.com/mallorybowes/chrome-mal-ids. Ref: https://duo.com/labs/research/crxcavator-malvertising-2020,[software:x_extension_id = 'icolkoeolaodpjogekifcidcdbgbdobc'],stix,Software,"malware,malicious,browser-extension",85,2026-08-19T22:58:58Z,90
indicator,Browser Extension: N/A,Extension ID: abjbfhcehjndcpbiiagdnlfolkbfblpb. Category: malware. malicious chrome extensions lists from https://github.com/mallorybowes/chrome-mal-ids. Ref: https://duo.com/labs/research/crxcavator-malvertising-2020,[software:x_extension_id = 'abjbfhcehjndcpbiiagdnlfolkbfblpb'],stix,Software,"malware,malicious,browser-extension",85,2026-08-19T22:58:58Z,90
indicator,Browser Extension: N/A,Extension ID: bbjilncoookdcjjnkcdaofiollndepla. Category: malware. malicious chrome extensions lists from https://github.com/mallorybowes/chrome-mal-ids. Ref: https://duo.com/labs/research/crxcavator-malvertising-2020,[software:x_extension_id = 'bbjilncoookdcjjnkcdaofiollndepla'],stix,Software,"malware,malicious,browser-extension",85,2026-08-19T22:58:58Z,90
indicator,Browser Extension: N/A,Extension ID: igpcgjcdhmdjhdlgoncfnpkdipanlida. Category: malware. malicious chrome extensions lists from https://github.com/mallorybowes/chrome-mal-ids. Ref: https://duo.com/labs/research/crxcavator-malvertising-2020,[software:x_extension_id = 'igpcgjcdhmdjhdlgoncfnpkdipanlida'],stix,Software,"malware,malicious,browser-extension",85,2026-08-19T22:58:58Z,90
indicator,Browser Extension: N/A,Extension ID: nfhpojfdhcdmimokleagkdcbkmcgfjkh. Category: malware. malicious chrome extensions lists from https://github.com/mallorybowes/chrome-mal-ids. Ref: https://duo.com/labs/research/crxcavator-malvertising-2020,[software:x_extension_id = 'nfhpojfdhcdmimokleagkdcbkmcgfjkh'],stix,Software,"malware,malicious,browser-extension",85,2026-08-19T22:58:58Z,90
indicator,Browser Extension: N/A,Extension ID: jfnlkmaledafkdhdokgnhlcmeamakham. Category: malware. malicious chrome extensions lists from https://github.com/mallorybowes/chrome-mal-ids. Ref: https://duo.com/labs/research/crxcavator-malvertising-2020,[software:x_extension_id = 'jfnlkmaledafkdhdokgnhlcmeamakham'],stix,Software,"malware,malicious,browser-extension",85,2026-08-19T22:58:58Z,90
indicator,Browser Extension: N/A,Extension ID: dibjpjiifnahccnokciamjlfgdlgimmn. Category: malware. malicious chrome extensions lists from https://github.com/mallorybowes/chrome-mal-ids. Ref: https://duo.com/labs/research/crxcavator-malvertising-2020,[software:x_extension_id = 'dibjpjiifnahccnokciamjlfgdlgimmn'],stix,Software,"malware,malicious,browser-extension",85,2026-08-19T22:58:58Z,90
indicator,Browser Extension: N/A,Extension ID: fjclfmhapndgeabdcikbhemimpijpnah. Category: malware. malicious chrome extensions lists from https://github.com/mallorybowes/chrome-mal-ids. Ref: https://duo.com/labs/research/crxcavator-malvertising-2020,[software:x_extension_id = 'fjclfmhapndgeabdcikbhemimpijpnah'],stix,Software,"malware,malicious,browser-extension",85,2026-08-19T22:58:58Z,90
indicator,Browser Extension: N/A,Extension ID: jpnamljnefhpbpcofcbonjjjkmfjbhdp. Category: malware. malicious chrome extensions lists from https://github.com/mallorybowes/chrome-mal-ids. Ref: https://duo.com/labs/research/crxcavator-malvertising-2020,[software:x_extension_id = 'jpnamljnefhpbpcofcbonjjjkmfjbhdp'],stix,Software,"malware,malicious,browser-extension",85,2026-08-19T22:58:58Z,90
indicator,Browser Extension: N/A,Extension ID: iggmbfojpkfikoahlfghaalpbpkhfohc. Category: malware. malicious chrome extensions lists from https://github.com/mallorybowes/chrome-mal-ids. Ref: https://duo.com/labs/research/crxcavator-malvertising-2020,[software:x_extension_id = 'iggmbfojpkfikoahlfghaalpbpkhfohc'],stix,Software,"malware,malicious,browser-extension",85,2026-08-19T22:58:58Z,90
indicator,Browser Extension: N/A,Extension ID: fkllfgoempnigpogkgkgmghkchmjcjni. Category: malware. malicious chrome extensions lists from https://github.com/mallorybowes/chrome-mal-ids. Ref: https://duo.com/labs/research/crxcavator-malvertising-2020,[software:x_extension_id = 'fkllfgoempnigpogkgkgmghkchmjcjni'],stix,Software,"malware,malicious,browser-extension",85,2026-08-19T22:58:58Z,90
indicator,Browser Extension: N/A,Extension ID: dealfjgnmkibkcldkcpbikenmajlglmc. Category: malware. malicious chrome extensions lists from https://github.com/mallorybowes/chrome-mal-ids. Ref: https://duo.com/labs/research/crxcavator-malvertising-2020,[software:x_extension_id = 'dealfjgnmkibkcldkcpbikenmajlglmc'],stix,Software,"malware,malicious,browser-extension",85,2026-08-19T22:58:58Z,90
indicator,Browser Extension: N/A,Extension ID: abghmipjfclfpgmmelbgolfgmhnigbma. Category: malware. malicious chrome extensions lists from https://github.com/mallorybowes/chrome-mal-ids. Ref: https://duo.com/labs/research/crxcavator-malvertising-2020,[software:x_extension_id = 'abghmipjfclfpgmmelbgolfgmhnigbma'],stix,Software,"malware,malicious,browser-extension",85,2026-08-19T22:58:58Z,90
indicator,Browser Extension: N/A,Extension ID: dcbfmglfdlgpnolgdjoioeocllioebpe. Category: malware. malicious chrome extensions lists from https://github.com/mallorybowes/chrome-mal-ids. Ref: https://duo.com/labs/research/crxcavator-malvertising-2020,[software:x_extension_id = 'dcbfmglfdlgpnolgdjoioeocllioebpe'],stix,Software,"malware,malicious,browser-extension",85,2026-08-19T22:58:58Z,90
indicator,Browser Extension: N/A,Extension ID: obmbmalbahpfbckpcfbipooimkldgphm. Category: malware. malicious chrome extensions lists from https://github.com/mallorybowes/chrome-mal-ids. Ref: https://duo.com/labs/research/crxcavator-malvertising-2020,[software:x_extension_id = 'obmbmalbahpfbckpcfbipooimkldgphm'],stix,Software,"malware,malicious,browser-extension",85,2026-08-19T22:58:58Z,90
indicator,Browser Extension: N/A,Extension ID: gbkmkgfjngebdcpklbkeccelcjaobblk. Category: malware. malicious chrome extensions lists from https://github.com/mallorybowes/chrome-mal-ids. Ref: https://duo.com/labs/research/crxcavator-malvertising-2020,[software:x_extension_id = 'gbkmkgfjngebdcpklbkeccelcjaobblk'],stix,Software,"malware,malicious,browser-extension",85,2026-08-19T22:58:58Z,90
indicator,Browser Extension: N/A,Extension ID: ehibgcefkpbfkklbpahilhicidnhiboc. Category: malware. malicious chrome extensions lists from https://github.com/mallorybowes/chrome-mal-ids. Ref: https://duo.com/labs/research/crxcavator-malvertising-2020,[software:x_extension_id = 'ehibgcefkpbfkklbpahilhicidnhiboc'],stix,Software,"malware,malicious,browser-extension",85,2026-08-19T22:58:58Z,90
indicator,Browser Extension: N/A,Extension ID: gmljddfeipofcffbhhcpohkegndieeab. Category: malware. malicious chrome extensions lists from https://github.com/mallorybowes/chrome-mal-ids. Ref: https://duo.com/labs/research/crxcavator-malvertising-2020,[software:x_extension_id = 'gmljddfeipofcffbhhcpohkegndieeab'],stix,Software,"malware,malicious,browser-extension",85,2026-08-19T22:58:58Z,90
indicator,Browser Extension: N/A,Extension ID: dajgdhiemoaecngkpliephmheifopmjb. Category: malware. malicious chrome extensions lists from https://github.com/mallorybowes/chrome-mal-ids. Ref: https://duo.com/labs/research/crxcavator-malvertising-2020,[software:x_extension_id = 'dajgdhiemoaecngkpliephmheifopmjb'],stix,Software,"malware,malicious,browser-extension",85,2026-08-19T22:58:58Z,90
indicator,Browser Extension: N/A,Extension ID: fdbmoflclpmkmeobidcgmfamkicinnlg. Category: malware. malicious chrome extensions lists from https://github.com/mallorybowes/chrome-mal-ids. Ref: https://duo.com/labs/research/crxcavator-malvertising-2020,[software:x_extension_id = 'fdbmoflclpmkmeobidcgmfamkicinnlg'],stix,Software,"malware,malicious,browser-extension",85,2026-08-19T22:58:58Z,90
indicator,Browser Extension: N/A,Extension ID: obbfndpanmiplgfcbeonoocobbnjdmdc. Category: malware. malicious chrome extensions lists from https://github.com/mallorybowes/chrome-mal-ids. Ref: https://duo.com/labs/research/crxcavator-malvertising-2020,[software:x_extension_id = 'obbfndpanmiplgfcbeonoocobbnjdmdc'],stix,Software,"malware,malicious,browser-extension",85,2026-08-19T22:58:58Z,90
indicator,Browser Extension: N/A,Extension ID: lgljionbhcfbnpjgfnhhoadpdngkmfnh. Category: malware. malicious chrome extensions lists from https://github.com/mallorybowes/chrome-mal-ids. Ref: https://duo.com/labs/research/crxcavator-malvertising-2020,[software:x_extension_id = 'lgljionbhcfbnpjgfnhhoadpdngkmfnh'],stix,Software,"malware,malicious,browser-extension",85,2026-08-19T22:58:58Z,90
indicator,Browser Extension: N/A,Extension ID: ddenjpheppdmfimooolgihimdgpilhfo. Category: malware. malicious chrome extensions lists from https://github.com/mallorybowes/chrome-mal-ids. Ref: https://duo.com/labs/research/crxcavator-malvertising-2020,[software:x_extension_id = 'ddenjpheppdmfimooolgihimdgpilhfo'],stix,Software,"malware,malicious,browser-extension",85,2026-08-19T22:58:58Z,90
indicator,Browser Extension: N/A,Extension ID: bblkckhknhmalchbceidkmjalmcmnkfa. Category: malware. malicious chrome extensions lists from https://github.com/mallorybowes/chrome-mal-ids. Ref: https://duo.com/labs/research/crxcavator-malvertising-2020,[software:x_extension_id = 'bblkckhknhmalchbceidkmjalmcmnkfa'],stix,Software,"malware,malicious,browser-extension",85,2026-08-19T22:58:58Z,90
indicator,Browser Extension: N/A,Extension ID: fhkmacopackahlbnpcfijgphgoimpggb. Category: malware. malicious chrome extensions lists from https://github.com/mallorybowes/chrome-mal-ids. Ref: https://duo.com/labs/research/crxcavator-malvertising-2020,[software:x_extension_id = 'fhkmacopackahlbnpcfijgphgoimpggb'],stix,Software,"malware,malicious,browser-extension",85,2026-08-19T22:58:58Z,90
indicator,Browser Extension: N/A,Extension ID: eohnfgagodblipmmalphhfepaonpnjgk. Category: malware. malicious chrome extensions lists from https://github.com/mallorybowes/chrome-mal-ids. Ref: https://duo.com/labs/research/crxcavator-malvertising-2020,[software:x_extension_id = 'eohnfgagodblipmmalphhfepaonpnjgk'],stix,Software,"malware,malicious,browser-extension",85,2026-08-19T22:58:58Z,90
indicator,Browser Extension: N/A,Extension ID: emkkigmmpfbjmikfadmfeebomholoikg. Category: malware. malicious chrome extensions lists from https://github.com/mallorybowes/chrome-mal-ids. Ref: https://duo.com/labs/research/crxcavator-malvertising-2020,[software:x_extension_id = 'emkkigmmpfbjmikfadmfeebomholoikg'],stix,Software,"malware,malicious,browser-extension",85,2026-08-19T22:58:58Z,90
indicator,Browser Extension: N/A,Extension ID: fekjbjbbdopogpamkmdjpjicapclgamj. Category: malware. malicious chrome extensions lists from https://github.com/mallorybowes/chrome-mal-ids. Ref: https://duo.com/labs/research/crxcavator-malvertising-2020,[software:x_extension_id = 'fekjbjbbdopogpamkmdjpjicapclgamj'],stix,Software,"malware,malicious,browser-extension",85,2026-08-19T22:58:58Z,90
indicator,Browser Extension: N/A,Extension ID: afephhbbcdlgdehhddfnehfndnkfbgnm. Category: malware. malicious chrome extensions lists from https://github.com/mallorybowes/chrome-mal-ids. Ref: https://medium.com/mycrypto/discovering-fake-browser-extensions-that-target-users-of-ledger-trezor-mew-metamask-and-more-e281a2b80ff9,[software:x_extension_id = 'afephhbbcdlgdehhddfnehfndnkfbgnm'],stix,Software,"malware,malicious,browser-extension",85,2026-08-19T22:58:58Z,90
indicator,Browser Extension: N/A,Extension ID: agfjbfkpehcnceblmdahjaejpnnnkjdn. Category: malware. malicious chrome extensions lists from https://github.com/mallorybowes/chrome-mal-ids. Ref: https://medium.com/mycrypto/discovering-fake-browser-extensions-that-target-users-of-ledger-trezor-mew-metamask-and-more-e281a2b80ff9,[software:x_extension_id = 'agfjbfkpehcnceblmdahjaejpnnnkjdn'],stix,Software,"malware,malicious,browser-extension",85,2026-08-19T22:58:58Z,90
indicator,Browser Extension: N/A,Extension ID: ahikdohkiedoomaklnohgdnmfcmbabcn. Category: malware. malicious chrome extensions lists from https://github.com/mallorybowes/chrome-mal-ids. Ref: https://medium.com/mycrypto/discovering-fake-browser-extensions-that-target-users-of-ledger-trezor-mew-metamask-and-more-e281a2b80ff9,[software:x_extension_id = 'ahikdohkiedoomaklnohgdnmfcmbabcn'],stix,Software,"malware,malicious,browser-extension",85,2026-08-19T22:58:58Z,90
indicator,Browser Extension: N/A,Extension ID: ahlfiinafajfmciaajgophipcfholmeh. Category: malware. malicious chrome extensions lists from https://github.com/mallorybowes/chrome-mal-ids. Ref: https://medium.com/mycrypto/discovering-fake-browser-extensions-that-target-users-of-ledger-trezor-mew-metamask-and-more-e281a2b80ff9,[software:x_extension_id = 'ahlfiinafajfmciaajgophipcfholmeh'],stix,Software,"malware,malicious,browser-extension",85,2026-08-19T22:58:58Z,90
indicator,Browser Extension: N/A,Extension ID: akglkgdiggmkilkhejagginkngocbpbj. Category: malware. malicious chrome extensions lists from https://github.com/mallorybowes/chrome-mal-ids. Ref: https://medium.com/mycrypto/discovering-fake-browser-extensions-that-target-users-of-ledger-trezor-mew-metamask-and-more-e281a2b80ff9,[software:x_extension_id = 'akglkgdiggmkilkhejagginkngocbpbj'],stix,Software,"malware,malicious,browser-extension",85,2026-08-19T22:58:58Z,90
indicator,Browser Extension: N/A,Extension ID: anihmmejabpaocacmeodiapbhpholaom. Category: malware. malicious chrome extensions lists from https://github.com/mallorybowes/chrome-mal-ids. Ref: https://medium.com/mycrypto/discovering-fake-browser-extensions-that-target-users-of-ledger-trezor-mew-metamask-and-more-e281a2b80ff9,[software:x_extension_id = 'anihmmejabpaocacmeodiapbhpholaom'],stix,Software,"malware,malicious,browser-extension",85,2026-08-19T22:58:58Z,90
indicator,Browser Extension: N/A,Extension ID: bhkcgfbaokmhglgipbppoobmoblcomhh. Category: malware. malicious chrome extensions lists from https://github.com/mallorybowes/chrome-mal-ids. Ref: https://medium.com/mycrypto/discovering-fake-browser-extensions-that-target-users-of-ledger-trezor-mew-metamask-and-more-e281a2b80ff9,[software:x_extension_id = 'bhkcgfbaokmhglgipbppoobmoblcomhh'],stix,Software,"malware,malicious,browser-extension",85,2026-08-19T22:58:58Z,90
indicator,Browser Extension: N/A,Extension ID: bkanfnnhokogflpnhnbfjdhbjdlgncdi. Category: malware. malicious chrome extensions lists from https://github.com/mallorybowes/chrome-mal-ids. Ref: https://medium.com/mycrypto/discovering-fake-browser-extensions-that-target-users-of-ledger-trezor-mew-metamask-and-more-e281a2b80ff9,[software:x_extension_id = 'bkanfnnhokogflpnhnbfjdhbjdlgncdi'],stix,Software,"malware,malicious,browser-extension",85,2026-08-19T22:58:58Z,90
indicator,Browser Extension: N/A,Extension ID: bpfdhglfmfepjhgnhnmclbfiknjnfblb. Category: malware. malicious chrome extensions lists from https://github.com/mallorybowes/chrome-mal-ids. Ref: https://medium.com/mycrypto/discovering-fake-browser-extensions-that-target-users-of-ledger-trezor-mew-metamask-and-more-e281a2b80ff9,[software:x_extension_id = 'bpfdhglfmfepjhgnhnmclbfiknjnfblb'],stix,Software,"malware,malicious,browser-extension",85,2026-08-19T22:58:58Z,90
indicator,Browser Extension: N/A,Extension ID: bpklfenmjhcjlocdicfadpfppcgojfjp. Category: malware. malicious chrome extensions lists from https://github.com/mallorybowes/chrome-mal-ids. Ref: https://medium.com/mycrypto/discovering-fake-browser-extensions-that-target-users-of-ledger-trezor-mew-metamask-and-more-e281a2b80ff9,[software:x_extension_id = 'bpklfenmjhcjlocdicfadpfppcgojfjp'],stix,Software,"malware,malicious,browser-extension",85,2026-08-19T22:58:58Z,90
indicator,Browser Extension: N/A,Extension ID: ckelhijilmmlmnaljmjpigfopkmfkoeh. Category: malware. malicious chrome extensions lists from https://github.com/mallorybowes/chrome-mal-ids. Ref: https://medium.com/mycrypto/discovering-fake-browser-extensions-that-target-users-of-ledger-trezor-mew-metamask-and-more-e281a2b80ff9,[software:x_extension_id = 'ckelhijilmmlmnaljmjpigfopkmfkoeh'],stix,Software,"malware,malicious,browser-extension",85,2026-08-19T22:58:58Z,90
indicator,Browser Extension: N/A,Extension ID: dbcfhcelmjepboabieglhjejeolaopdl. Category: malware. malicious chrome extensions lists from https://github.com/mallorybowes/chrome-mal-ids. Ref: https://medium.com/mycrypto/discovering-fake-browser-extensions-that-target-users-of-ledger-trezor-mew-metamask-and-more-e281a2b80ff9,[software:x_extension_id = 'dbcfhcelmjepboabieglhjejeolaopdl'],stix,Software,"malware,malicious,browser-extension",85,2026-08-19T22:58:58Z,90
indicator,Browser Extension: N/A,Extension ID: dbcfokmgampdedgcefjahloodbgakkpl. Category: malware. malicious chrome extensions lists from https://github.com/mallorybowes/chrome-mal-ids. Ref: https://medium.com/mycrypto/discovering-fake-browser-extensions-that-target-users-of-ledger-trezor-mew-metamask-and-more-e281a2b80ff9,[software:x_extension_id = 'dbcfokmgampdedgcefjahloodbgakkpl'],stix,Software,"malware,malicious,browser-extension",85,2026-08-19T22:58:58Z,90
indicator,Browser Extension: N/A,Extension ID: ddohdfnenhipnhnbbfifknnhaomihcip. Category: malware. malicious chrome extensions lists from https://github.com/mallorybowes/chrome-mal-ids. Ref: https://medium.com/mycrypto/discovering-fake-browser-extensions-that-target-users-of-ledger-trezor-mew-metamask-and-more-e281a2b80ff9,[software:x_extension_id = 'ddohdfnenhipnhnbbfifknnhaomihcip'],stix,Software,"malware,malicious,browser-extension",85,2026-08-19T22:58:58Z,90
indicator,Browser Extension: N/A,Extension ID: dehindejipifeaikcgbkdijgkbjliojc. Category: malware. malicious chrome extensions lists from https://github.com/mallorybowes/chrome-mal-ids. Ref: https://medium.com/mycrypto/discovering-fake-browser-extensions-that-target-users-of-ledger-trezor-mew-metamask-and-more-e281a2b80ff9,[software:x_extension_id = 'dehindejipifeaikcgbkdijgkbjliojc'],stix,Software,"malware,malicious,browser-extension",85,2026-08-19T22:58:58Z,90
indicator,Browser Extension: N/A,Extension ID: dkhcmjfipgoapjamnngolidbcakpdhgf. Category: malware. malicious chrome extensions lists from https://github.com/mallorybowes/chrome-mal-ids. Ref: https://medium.com/mycrypto/discovering-fake-browser-extensions-that-target-users-of-ledger-trezor-mew-metamask-and-more-e281a2b80ff9,[software:x_extension_id = 'dkhcmjfipgoapjamnngolidbcakpdhgf'],stix,Software,"malware,malicious,browser-extension",85,2026-08-19T22:58:58Z,90
indicator,Browser Extension: N/A,Extension ID: effhjobodhmkbgfpgcdabfnjlnphakhb. Category: malware. malicious chrome extensions lists from https://github.com/mallorybowes/chrome-mal-ids. Ref: https://medium.com/mycrypto/discovering-fake-browser-extensions-that-target-users-of-ledger-trezor-mew-metamask-and-more-e281a2b80ff9,[software:x_extension_id = 'effhjobodhmkbgfpgcdabfnjlnphakhb'],stix,Software,"malware,malicious,browser-extension",85,2026-08-19T22:58:58Z,90
indicator,Browser Extension: N/A,Extension ID: egpnofbhgafhbkapdhedimohmainbiio. Category: malware. malicious chrome extensions lists from https://github.com/mallorybowes/chrome-mal-ids. Ref: https://medium.com/mycrypto/discovering-fake-browser-extensions-that-target-users-of-ledger-trezor-mew-metamask-and-more-e281a2b80ff9,[software:x_extension_id = 'egpnofbhgafhbkapdhedimohmainbiio'],stix,Software,"malware,malicious,browser-extension",85,2026-08-19T22:58:58Z,90
indicator,Browser Extension: N/A,Extension ID: ehlgimmlmmcocemjadeafmohiplmgmei. Category: malware. malicious chrome extensions lists from https://github.com/mallorybowes/chrome-mal-ids. Ref: https://medium.com/mycrypto/discovering-fake-browser-extensions-that-target-users-of-ledger-trezor-mew-metamask-and-more-e281a2b80ff9,[software:x_extension_id = 'ehlgimmlmmcocemjadeafmohiplmgmei'],stix,Software,"malware,malicious,browser-extension",85,2026-08-19T22:58:58Z,90
indicator,Browser Extension: N/A,Extension ID: epphnioigompfjaknnaokghgcncnjfbe. Category: malware. malicious chrome extensions lists from https://github.com/mallorybowes/chrome-mal-ids. Ref: https://medium.com/mycrypto/discovering-fake-browser-extensions-that-target-users-of-ledger-trezor-mew-metamask-and-more-e281a2b80ff9,[software:x_extension_id = 'epphnioigompfjaknnaokghgcncnjfbe'],stix,Software,"malware,malicious,browser-extension",85,2026-08-19T22:58:58Z,90
indicator,Browser Extension: N/A,Extension ID: gbbpilgcdcmfppjkdociebhmcnbfbmod. Category: malware. malicious chrome extensions lists from https://github.com/mallorybowes/chrome-mal-ids. Ref: https://medium.com/mycrypto/discovering-fake-browser-extensions-that-target-users-of-ledger-trezor-mew-metamask-and-more-e281a2b80ff9,[software:x_extension_id = 'gbbpilgcdcmfppjkdociebhmcnbfbmod'],stix,Software,"malware,malicious,browser-extension",85,2026-08-19T22:58:58Z,90
indicator,Browser Extension: N/A,Extension ID: glmbceclkhkaebcadgmbcjihllcnpmjh. Category: malware. malicious chrome extensions lists from https://github.com/mallorybowes/chrome-mal-ids. Ref: https://medium.com/mycrypto/discovering-fake-browser-extensions-that-target-users-of-ledger-trezor-mew-metamask-and-more-e281a2b80ff9,[software:x_extension_id = 'glmbceclkhkaebcadgmbcjihllcnpmjh'],stix,Software,"malware,malicious,browser-extension",85,2026-08-19T22:58:58Z,90
indicator,Browser Extension: N/A,Extension ID: gpffceikmehgifkjjginoibpceadefih. Category: malware. malicious chrome extensions lists from https://github.com/mallorybowes/chrome-mal-ids. Ref: https://medium.com/mycrypto/discovering-fake-browser-extensions-that-target-users-of-ledger-trezor-mew-metamask-and-more-e281a2b80ff9,[software:x_extension_id = 'gpffceikmehgifkjjginoibpceadefih'],stix,Software,"malware,malicious,browser-extension",85,2026-08-19T22:58:58Z,90
indicator,Browser Extension: N/A,Extension ID: idnelecdpebmbpnmambnpcjogingdfco. Category: malware. malicious chrome extensions lists from https://github.com/mallorybowes/chrome-mal-ids. Ref: https://medium.com/mycrypto/discovering-fake-browser-extensions-that-target-users-of-ledger-trezor-mew-metamask-and-more-e281a2b80ff9,[software:x_extension_id = 'idnelecdpebmbpnmambnpcjogingdfco'],stix,Software,"malware,malicious,browser-extension",85,2026-08-19T22:58:58Z,90
indicator,Browser Extension: N/A,Extension ID: ifceimlckdanenfkfoomccpcpemphlbg. Category: malware. malicious chrome extensions lists from https://github.com/mallorybowes/chrome-mal-ids. Ref: https://medium.com/mycrypto/discovering-fake-browser-extensions-that-target-users-of-ledger-trezor-mew-metamask-and-more-e281a2b80ff9,[software:x_extension_id = 'ifceimlckdanenfkfoomccpcpemphlbg'],stix,Software,"malware,malicious,browser-extension",85,2026-08-19T22:58:58Z,90
indicator,Browser Extension: N/A,Extension ID: ifmkfoeijeemajoodjfoagpbejmmnkhm. Category: malware. malicious chrome extensions lists from https://github.com/mallorybowes/chrome-mal-ids. Ref: https://medium.com/mycrypto/discovering-fake-browser-extensions-that-target-users-of-ledger-trezor-mew-metamask-and-more-e281a2b80ff9,[software:x_extension_id = 'ifmkfoeijeemajoodjfoagpbejmmnkhm'],stix,Software,"malware,malicious,browser-extension",85,2026-08-19T22:58:58Z,90
indicator,Browser Extension: N/A,Extension ID: igkljanmhbnhedgkmgpkcgpjmociceim. Category: malware. malicious chrome extensions lists from https://github.com/mallorybowes/chrome-mal-ids. Ref: https://medium.com/mycrypto/discovering-fake-browser-extensions-that-target-users-of-ledger-trezor-mew-metamask-and-more-e281a2b80ff9,[software:x_extension_id = 'igkljanmhbnhedgkmgpkcgpjmociceim'],stix,Software,"malware,malicious,browser-extension",85,2026-08-19T22:58:58Z,90
indicator,Browser Extension: N/A,Extension ID: ijhakgidfnlallpobldpbhandllbeobg. Category: malware. malicious chrome extensions lists from https://github.com/mallorybowes/chrome-mal-ids. Ref: https://medium.com/mycrypto/discovering-fake-browser-extensions-that-target-users-of-ledger-trezor-mew-metamask-and-more-e281a2b80ff9,[software:x_extension_id = 'ijhakgidfnlallpobldpbhandllbeobg'],stix,Software,"malware,malicious,browser-extension",85,2026-08-19T22:58:58Z,90
indicator,Browser Extension: N/A,Extension ID: ijohicfhndicpnmkaldafhbecijhdikd. Category: malware. malicious chrome extensions lists from https://github.com/mallorybowes/chrome-mal-ids. Ref: https://medium.com/mycrypto/discovering-fake-browser-extensions-that-target-users-of-ledger-trezor-mew-metamask-and-more-e281a2b80ff9,[software:x_extension_id = 'ijohicfhndicpnmkaldafhbecijhdikd'],stix,Software,"malware,malicious,browser-extension",85,2026-08-19T22:58:58Z,90
indicator,Browser Extension: N/A,Extension ID: jbfponbaiamgjmfpfghcjjhddjdjdpna. Category: malware. malicious chrome extensions lists from https://github.com/mallorybowes/chrome-mal-ids. Ref: https://medium.com/mycrypto/discovering-fake-browser-extensions-that-target-users-of-ledger-trezor-mew-metamask-and-more-e281a2b80ff9,[software:x_extension_id = 'jbfponbaiamgjmfpfghcjjhddjdjdpna'],stix,Software,"malware,malicious,browser-extension",85,2026-08-19T22:58:58Z,90
indicator,Browser Extension: N/A,Extension ID: jfamimfejiccpbnghhjfcibhkgblmiml. Category: malware. malicious chrome extensions lists from https://github.com/mallorybowes/chrome-mal-ids. Ref: https://medium.com/mycrypto/discovering-fake-browser-extensions-that-target-users-of-ledger-trezor-mew-metamask-and-more-e281a2b80ff9,[software:x_extension_id = 'jfamimfejiccpbnghhjfcibhkgblmiml'],stix,Software,"malware,malicious,browser-extension",85,2026-08-19T22:58:58Z,90
indicator,Browser Extension: N/A,Extension ID: jlaaidmjgpgfkhehcljmeckhlaibgaol. Category: malware. malicious chrome extensions lists from https://github.com/mallorybowes/chrome-mal-ids. Ref: https://medium.com/mycrypto/discovering-fake-browser-extensions-that-target-users-of-ledger-trezor-mew-metamask-and-more-e281a2b80ff9,[software:x_extension_id = 'jlaaidmjgpgfkhehcljmeckhlaibgaol'],stix,Software,"malware,malicious,browser-extension",85,2026-08-19T22:58:58Z,90
indicator,Browser Extension: N/A,Extension ID: kjnmimfgphmcppjhombdhhegpjphpiol. Category: malware. malicious chrome extensions lists from https://github.com/mallorybowes/chrome-mal-ids. Ref: https://medium.com/mycrypto/discovering-fake-browser-extensions-that-target-users-of-ledger-trezor-mew-metamask-and-more-e281a2b80ff9,[software:x_extension_id = 'kjnmimfgphmcppjhombdhhegpjphpiol'],stix,Software,"malware,malicious,browser-extension",85,2026-08-19T22:58:58Z,90
indicator,Browser Extension: N/A,Extension ID: lfaahmcgahoalphllknbfcckggddoffj. Category: malware. malicious chrome extensions lists from https://github.com/mallorybowes/chrome-mal-ids. Ref: https://medium.com/mycrypto/discovering-fake-browser-extensions-that-target-users-of-ledger-trezor-mew-metamask-and-more-e281a2b80ff9,[software:x_extension_id = 'lfaahmcgahoalphllknbfcckggddoffj'],stix,Software,"malware,malicious,browser-extension",85,2026-08-19T22:58:58Z,90
indicator,Browser Extension: N/A,Extension ID: mcbcknmlpfkbpogpnfcimfgdmchchmmg. Category: malware. malicious chrome extensions lists from https://github.com/mallorybowes/chrome-mal-ids. Ref: https://medium.com/mycrypto/discovering-fake-browser-extensions-that-target-users-of-ledger-trezor-mew-metamask-and-more-e281a2b80ff9,[software:x_extension_id = 'mcbcknmlpfkbpogpnfcimfgdmchchmmg'],stix,Software,"malware,malicious,browser-extension",85,2026-08-19T22:58:58Z,90
indicator,Browser Extension: N/A,Extension ID: mciddpldhpdpibckghnaoidpolnmighk. Category: malware. malicious chrome extensions lists from https://github.com/mallorybowes/chrome-mal-ids. Ref: https://medium.com/mycrypto/discovering-fake-browser-extensions-that-target-users-of-ledger-trezor-mew-metamask-and-more-e281a2b80ff9,[software:x_extension_id = 'mciddpldhpdpibckghnaoidpolnmighk'],stix,Software,"malware,malicious,browser-extension",85,2026-08-19T22:58:58Z,90
indicator,Browser Extension: N/A,Extension ID: mjbimaghobnkobfefccnnnjedoefbafl. Category: malware. malicious chrome extensions lists from https://github.com/mallorybowes/chrome-mal-ids. Ref: https://medium.com/mycrypto/discovering-fake-browser-extensions-that-target-users-of-ledger-trezor-mew-metamask-and-more-e281a2b80ff9,[software:x_extension_id = 'mjbimaghobnkobfefccnnnjedoefbafl'],stix,Software,"malware,malicious,browser-extension",85,2026-08-19T22:58:58Z,90
indicator,Browser Extension: N/A,Extension ID: mnbhnjecaofgddbldmppbbdlokappkgk. Category: malware. malicious chrome extensions lists from https://github.com/mallorybowes/chrome-mal-ids. Ref: https://medium.com/mycrypto/discovering-fake-browser-extensions-that-target-users-of-ledger-trezor-mew-metamask-and-more-e281a2b80ff9,[software:x_extension_id = 'mnbhnjecaofgddbldmppbbdlokappkgk'],stix,Software,"malware,malicious,browser-extension",85,2026-08-19T22:58:58Z,90
indicator,Browser Extension: N/A,Extension ID: nicmhgecboifljcnbbjlajbpagmhcclp. Category: malware. malicious chrome extensions lists from https://github.com/mallorybowes/chrome-mal-ids. Ref: https://medium.com/mycrypto/discovering-fake-browser-extensions-that-target-users-of-ledger-trezor-mew-metamask-and-more-e281a2b80ff9,[software:x_extension_id = 'nicmhgecboifljcnbbjlajbpagmhcclp'],stix,Software,"malware,malicious,browser-extension",85,2026-08-19T22:58:58Z,90
indicator,Browser Extension: N/A,Extension ID: njhfmnfcoffkdjbgpannpgifnbgdihkl. Category: malware. malicious chrome extensions lists from https://github.com/mallorybowes/chrome-mal-ids. Ref: https://medium.com/mycrypto/discovering-fake-browser-extensions-that-target-users-of-ledger-trezor-mew-metamask-and-more-e281a2b80ff9,[software:x_extension_id = 'njhfmnfcoffkdjbgpannpgifnbgdihkl'],stix,Software,"malware,malicious,browser-extension",85,2026-08-19T22:58:58Z,90
indicator,Browser Extension: N/A,Extension ID: noilkpnilphojpjaimfcnldblelgllaa. Category: malware. malicious chrome extensions lists from https://github.com/mallorybowes/chrome-mal-ids. Ref: https://medium.com/mycrypto/discovering-fake-browser-extensions-that-target-users-of-ledger-trezor-mew-metamask-and-more-e281a2b80ff9,[software:x_extension_id = 'noilkpnilphojpjaimfcnldblelgllaa'],stix,Software,"malware,malicious,browser-extension",85,2026-08-19T22:58:58Z,90
indicator,Browser Extension: N/A,Extension ID: obcfoaeoidokjbaokikamaljjlpebofe. Category: malware. malicious chrome extensions lists from https://github.com/mallorybowes/chrome-mal-ids. Ref: https://medium.com/mycrypto/discovering-fake-browser-extensions-that-target-users-of-ledger-trezor-mew-metamask-and-more-e281a2b80ff9,[software:x_extension_id = 'obcfoaeoidokjbaokikamaljjlpebofe'],stix,Software,"malware,malicious,browser-extension",85,2026-08-19T22:58:58Z,90
indicator,Browser Extension: N/A,Extension ID: oejafikjmfmejaafjjkoeejjpdfkdkpc. Category: malware. malicious chrome extensions lists from https://github.com/mallorybowes/chrome-mal-ids. Ref: https://medium.com/mycrypto/discovering-fake-browser-extensions-that-target-users-of-ledger-trezor-mew-metamask-and-more-e281a2b80ff9,[software:x_extension_id = 'oejafikjmfmejaafjjkoeejjpdfkdkpc'],stix,Software,"malware,malicious,browser-extension",85,2026-08-19T22:58:58Z,90
indicator,Browser Extension: N/A,Extension ID: ogaclpidpghafcnbchgpbigfegdbdikj. Category: malware. malicious chrome extensions lists from https://github.com/mallorybowes/chrome-mal-ids. Ref: https://medium.com/mycrypto/discovering-fake-browser-extensions-that-target-users-of-ledger-trezor-mew-metamask-and-more-e281a2b80ff9,[software:x_extension_id = 'ogaclpidpghafcnbchgpbigfegdbdikj'],stix,Software,"malware,malicious,browser-extension",85,2026-08-19T22:58:58Z,90
indicator,Browser Extension: N/A,Extension ID: opmelhjohnmenjibglddlpmbpbocohck. Category: malware. malicious chrome extensions lists from https://github.com/mallorybowes/chrome-mal-ids. Ref: https://medium.com/mycrypto/discovering-fake-browser-extensions-that-target-users-of-ledger-trezor-mew-metamask-and-more-e281a2b80ff9,[software:x_extension_id = 'opmelhjohnmenjibglddlpmbpbocohck'],stix,Software,"malware,malicious,browser-extension",85,2026-08-19T22:58:58Z,90
indicator,Browser Extension: N/A,Extension ID: pbilbjpkfbfbackdcejdmhdfgeldakkn. Category: malware. malicious chrome extensions lists from https://github.com/mallorybowes/chrome-mal-ids. Ref: https://medium.com/mycrypto/discovering-fake-browser-extensions-that-target-users-of-ledger-trezor-mew-metamask-and-more-e281a2b80ff9,[software:x_extension_id = 'pbilbjpkfbfbackdcejdmhdfgeldakkn'],stix,Software,"malware,malicious,browser-extension",85,2026-08-19T22:58:58Z,90
indicator,Browser Extension: N/A,Extension ID: pcmdfnnipgpilomfclbnjpbdnmbcgjaf. Category: malware. malicious chrome extensions lists from https://github.com/mallorybowes/chrome-mal-ids. Ref: https://medium.com/mycrypto/discovering-fake-browser-extensions-that-target-users-of-ledger-trezor-mew-metamask-and-more-e281a2b80ff9,[software:x_extension_id = 'pcmdfnnipgpilomfclbnjpbdnmbcgjaf'],stix,Software,"malware,malicious,browser-extension",85,2026-08-19T22:58:58Z,90
indicator,Browser Extension: N/A,Extension ID: pedokobimilhjemibclahcelgedmkgei. Category: malware. malicious chrome extensions lists from https://github.com/mallorybowes/chrome-mal-ids. Ref: https://medium.com/mycrypto/discovering-fake-browser-extensions-that-target-users-of-ledger-trezor-mew-metamask-and-more-e281a2b80ff9,[software:x_extension_id = 'pedokobimilhjemibclahcelgedmkgei'],stix,Software,"malware,malicious,browser-extension",85,2026-08-19T22:58:58Z,90
indicator,Browser Extension: N/A,Extension ID: plnlhldekkpgnngfdbdhocnjfplgnekg. Category: malware. malicious chrome extensions lists from https://github.com/mallorybowes/chrome-mal-ids. Ref: https://medium.com/mycrypto/discovering-fake-browser-extensions-that-target-users-of-ledger-trezor-mew-metamask-and-more-e281a2b80ff9,[software:x_extension_id = 'plnlhldekkpgnngfdbdhocnjfplgnekg'],stix,Software,"malware,malicious,browser-extension",85,2026-08-19T22:58:58Z,90
indicator,Browser Extension: N/A,Extension ID: nonjdcjchghhkdoolnlbekcfllmednbl. Category: malware. malicious chrome extensions lists from https://github.com/mallorybowes/chrome-mal-ids. Ref: https://securitywithsam.com/2019/07/dataspii-leak-via-browser-extensions/,[software:x_extension_id = 'nonjdcjchghhkdoolnlbekcfllmednbl'],stix,Software,"malware,malicious,browser-extension",85,2026-08-19T22:58:58Z,90
indicator,Browser Extension: N/A,Extension ID: pgeolalilifpodheeocdmbhehgnkkbak. Category: malware. malicious chrome extensions lists from https://github.com/mallorybowes/chrome-mal-ids. Ref: https://securitywithsam.com/2019/07/dataspii-leak-via-browser-extensions/,[software:x_extension_id = 'pgeolalilifpodheeocdmbhehgnkkbak'],stix,Software,"malware,malicious,browser-extension",85,2026-08-19T22:58:58Z,90
indicator,Browser Extension: N/A,Extension ID: gnamdgilanlgeeljfnckhboobddoahbl. Category: malware. malicious chrome extensions lists from https://github.com/mallorybowes/chrome-mal-ids. Ref: https://securitywithsam.com/2019/07/dataspii-leak-via-browser-extensions/,[software:x_extension_id = 'gnamdgilanlgeeljfnckhboobddoahbl'],stix,Software,"malware,malicious,browser-extension",85,2026-08-19T22:58:58Z,90
indicator,Browser Extension: N/A,Extension ID: alecjlhgldihcjjcffgjalappiifdhae. Category: malware. malicious chrome extensions lists from https://github.com/mallorybowes/chrome-mal-ids. Ref: https://securitywithsam.com/2019/07/dataspii-leak-via-browser-extensions/,[software:x_extension_id = 'alecjlhgldihcjjcffgjalappiifdhae'],stix,Software,"malware,malicious,browser-extension",85,2026-08-19T22:58:58Z,90
indicator,Browser Extension: N/A,Extension ID: kelbkhobcfhdcfhohdkjnaimmicmhcbo. Category: malware. malicious chrome extensions lists from https://github.com/mallorybowes/chrome-mal-ids. Ref: https://securitywithsam.com/2019/07/dataspii-leak-via-browser-extensions/,[software:x_extension_id = 'kelbkhobcfhdcfhohdkjnaimmicmhcbo'],stix,Software,"malware,malicious,browser-extension",85,2026-08-19T22:58:58Z,90
indicator,Browser Extension: N/A,Extension ID: dpglnfbihebejclmfmdcbgjembbfjneo. Category: malware. malicious chrome extensions lists from https://github.com/mallorybowes/chrome-mal-ids. Ref: https://securitywithsam.com/2019/07/dataspii-leak-via-browser-extensions/,[software:x_extension_id = 'dpglnfbihebejclmfmdcbgjembbfjneo'],stix,Software,"malware,malicious,browser-extension",85,2026-08-19T22:58:58Z,90
indicator,Browser Extension: N/A,Extension ID: lpjhpdcflkecpciaehfbpafflkeomcnb. Category: malware. malicious chrome extensions lists from https://github.com/mallorybowes/chrome-mal-ids. Ref: https://securitywithsam.com/2019/07/dataspii-leak-via-browser-extensions/,[software:x_extension_id = 'lpjhpdcflkecpciaehfbpafflkeomcnb'],stix,Software,"malware,malicious,browser-extension",85,2026-08-19T22:58:58Z,90
indicator,Browser Extension: N/A,Extension ID: ckkgmccefffnbbalkmbbgebbojjogffn. Category: malware. malicious chrome extensions lists from https://github.com/mallorybowes/chrome-mal-ids. Ref: N/A,[software:x_extension_id = 'ckkgmccefffnbbalkmbbgebbojjogffn'],stix,Software,"malware,malicious,browser-extension",85,2026-08-19T22:58:58Z,90
indicator,Browser Extension: N/A,Extension ID: ppmibgfeefcglejjlpeihfdimbkfbbnm. Category: malware. malicious chrome extensions lists from https://github.com/mallorybowes/chrome-mal-ids. Ref: https://blog.gigamon.com/2018/01/18/malicious-chrome-extensions-enable-criminals-to-impact-half-a-million-users-and-global-businesses/,[software:x_extension_id = 'ppmibgfeefcglejjlpeihfdimbkfbbnm'],stix,Software,"malware,malicious,browser-extension",85,2026-08-19T22:58:58Z,90
indicator,Browser Extension: N/A,Extension ID: ginfoagmgomhccdaclfbbbhfjgmphkph. Category: malware. malicious chrome extensions lists from https://github.com/mallorybowes/chrome-mal-ids. Ref: https://blog.gigamon.com/2018/01/18/malicious-chrome-extensions-enable-criminals-to-impact-half-a-million-users-and-global-businesses/,[software:x_extension_id = 'ginfoagmgomhccdaclfbbbhfjgmphkph'],stix,Software,"malware,malicious,browser-extension",85,2026-08-19T22:58:58Z,90
indicator,Browser Extension: N/A,Extension ID: mpneoicaochhlckfkackiigepakdgapj. Category: malware. malicious chrome extensions lists from https://github.com/mallorybowes/chrome-mal-ids. Ref: https://blog.gigamon.com/2018/01/18/malicious-chrome-extensions-enable-criminals-to-impact-half-a-million-users-and-global-businesses/,[software:x_extension_id = 'mpneoicaochhlckfkackiigepakdgapj'],stix,Software,"malware,malicious,browser-extension",85,2026-08-19T22:58:58Z,90
indicator,Browser Extension: N/A,Extension ID: djffibmpaakodnbmcdemmmjmeolcmbae. Category: malware. malicious chrome extensions lists from https://github.com/mallorybowes/chrome-mal-ids. Ref: https://blog.gigamon.com/2018/01/18/malicious-chrome-extensions-enable-criminals-to-impact-half-a-million-users-and-global-businesses/,[software:x_extension_id = 'djffibmpaakodnbmcdemmmjmeolcmbae'],stix,Software,"malware,malicious,browser-extension",85,2026-08-19T22:58:58Z,90
indicator,Browser Extension: N/A,Extension ID: pejkmgfabkeddfcfldloonjbikjddapb. Category: malware. malicious chrome extensions lists from https://github.com/mallorybowes/chrome-mal-ids. Ref: https://blog.malwarebytes.com/threat-analysis/2016/01/rogue-google-chrome-extension-spies-on-you/,[software:x_extension_id = 'pejkmgfabkeddfcfldloonjbikjddapb'],stix,Software,"malware,malicious,browser-extension",85,2026-08-19T22:58:58Z,90
indicator,Browser Extension: N/A,Extension ID: gmddfjhfjgbmabkihepijkanhmlooajl. Category: malware. malicious chrome extensions lists from https://github.com/mallorybowes/chrome-mal-ids. Ref: https://blog.radware.com/security/2018/05/nigelthorn-malware-abuses-chrome-extensions/,[software:x_extension_id = 'gmddfjhfjgbmabkihepijkanhmlooajl'],stix,Software,"malware,malicious,browser-extension",85,2026-08-19T22:58:58Z,90
indicator,Browser Extension: N/A,Extension ID: kajjcgpohlkdcjfkcbkkbhapafcblaom. Category: malware. malicious chrome extensions lists from https://github.com/mallorybowes/chrome-mal-ids. Ref: https://blog.radware.com/security/2018/05/nigelthorn-malware-abuses-chrome-extensions/,[software:x_extension_id = 'kajjcgpohlkdcjfkcbkkbhapafcblaom'],stix,Software,"malware,malicious,browser-extension",85,2026-08-19T22:58:58Z,90
indicator,Browser Extension: N/A,Extension ID: anbnajjakpmfdofijejenaclbceejlll. Category: malware. malicious chrome extensions lists from https://github.com/mallorybowes/chrome-mal-ids. Ref: https://blog.radware.com/security/2018/05/nigelthorn-malware-abuses-chrome-extensions/,[software:x_extension_id = 'anbnajjakpmfdofijejenaclbceejlll'],stix,Software,"malware,malicious,browser-extension",85,2026-08-19T22:58:58Z,90
indicator,Browser Extension: N/A,Extension ID: jkkmcoihchcflfjnigngdegbemipdlnl. Category: malware. malicious chrome extensions lists from https://github.com/mallorybowes/chrome-mal-ids. Ref: https://blog.radware.com/security/2018/05/nigelthorn-malware-abuses-chrome-extensions/,[software:x_extension_id = 'jkkmcoihchcflfjnigngdegbemipdlnl'],stix,Software,"malware,malicious,browser-extension",85,2026-08-19T22:58:58Z,90
indicator,Browser Extension: N/A,Extension ID: ajmchakbijebimbgcohecngliijaddin. Category: malware. malicious chrome extensions lists from https://github.com/mallorybowes/chrome-mal-ids. Ref: https://blog.radware.com/security/2018/05/nigelthorn-malware-abuses-chrome-extensions/,[software:x_extension_id = 'ajmchakbijebimbgcohecngliijaddin'],stix,Software,"malware,malicious,browser-extension",85,2026-08-19T22:58:58Z,90
indicator,Browser Extension: N/A,Extension ID: edpoobbacbcmfpnfpjoambjbihhobooi. Category: malware. malicious chrome extensions lists from https://github.com/mallorybowes/chrome-mal-ids. Ref: https://blog.radware.com/security/2018/05/nigelthorn-malware-abuses-chrome-extensions/,[software:x_extension_id = 'edpoobbacbcmfpnfpjoambjbihhobooi'],stix,Software,"malware,malicious,browser-extension",85,2026-08-19T22:58:58Z,90
indicator,Browser Extension: N/A,Extension ID: opfogdennafhaoihhkocppaajlkpbfbn. Category: malware. malicious chrome extensions lists from https://github.com/mallorybowes/chrome-mal-ids. Ref: https://blog.radware.com/security/2018/05/nigelthorn-malware-abuses-chrome-extensions/,[software:x_extension_id = 'opfogdennafhaoihhkocppaajlkpbfbn'],stix,Software,"malware,malicious,browser-extension",85,2026-08-19T22:58:58Z,90
indicator,Browser Extension: N/A,Extension ID: ikojddbdekpboemgplhbloojlncbpmdd. Category: malware. malicious chrome extensions lists from https://github.com/mallorybowes/chrome-mal-ids. Ref: https://www.reddit.com/r/chrome/comments/hbpi7z/found_a_extension_that_contains_malware/,[software:x_extension_id = 'ikojddbdekpboemgplhbloojlncbpmdd'],stix,Software,"malware,malicious,browser-extension",85,2026-08-19T22:58:58Z,90
indicator,Browser Extension: N/A,Extension ID: chlpbdodahbpifpjbcoocpfadoffdbpb. Category: malware. malicious chrome extensions lists from https://github.com/mallorybowes/chrome-mal-ids. Ref: https://www.reddit.com/r/chrome/comments/hbpi7z/found_a_extension_that_contains_malware/,[software:x_extension_id = 'chlpbdodahbpifpjbcoocpfadoffdbpb'],stix,Software,"malware,malicious,browser-extension",85,2026-08-19T22:58:58Z,90
indicator,Browser Extension: N/A,Extension ID: flbcjbhgomclbhlchggbmnpekhfeacim. Category: malware. malicious chrome extensions lists from https://github.com/mallorybowes/chrome-mal-ids. Ref: https://adguard.com/en/blog/fake-ad-blockers-part-3.html,[software:x_extension_id = 'flbcjbhgomclbhlchggbmnpekhfeacim'],stix,Software,"malware,malicious,browser-extension",85,2026-08-19T22:58:58Z,90
indicator,Browser Extension: N/A,Extension ID: aadmpgppfacognoeobmheghfiibdplcf. Category: malware. malicious chrome extensions lists from https://github.com/mallorybowes/chrome-mal-ids. Ref: https://adguard.com/en/blog/fake-ad-blockers-part-3.html,[software:x_extension_id = 'aadmpgppfacognoeobmheghfiibdplcf'],stix,Software,"malware,malicious,browser-extension",85,2026-08-19T22:58:58Z,90
indicator,Browser Extension: N/A,Extension ID: abgfholnofpihncfdmombecmohpkojdb. Category: malware. malicious chrome extensions lists from https://github.com/mallorybowes/chrome-mal-ids. Ref: https://adguard.com/en/blog/fake-ad-blockers-part-3.html,[software:x_extension_id = 'abgfholnofpihncfdmombecmohpkojdb'],stix,Software,"malware,malicious,browser-extension",85,2026-08-19T22:58:58Z,90
indicator,Browser Extension: N/A,Extension ID: aciloeifdphkogbpagikkpiecbjkmedn. Category: malware. malicious chrome extensions lists from https://github.com/mallorybowes/chrome-mal-ids. Ref: https://adguard.com/en/blog/fake-ad-blockers-part-3.html,[software:x_extension_id = 'aciloeifdphkogbpagikkpiecbjkmedn'],stix,Software,"malware,malicious,browser-extension",85,2026-08-19T22:58:58Z,90
indicator,Browser Extension: N/A,Extension ID: acmgemnaochmalgkipbamjddcplkdmjm. Category: malware. malicious chrome extensions lists from https://github.com/mallorybowes/chrome-mal-ids. Ref: https://adguard.com/en/blog/fake-ad-blockers-part-3.html,[software:x_extension_id = 'acmgemnaochmalgkipbamjddcplkdmjm'],stix,Software,"malware,malicious,browser-extension",85,2026-08-19T22:58:58Z,90
indicator,Browser Extension: N/A,Extension ID: addpbbembilhmnkjpenjgcgmihlcofja. Category: malware. malicious chrome extensions lists from https://github.com/mallorybowes/chrome-mal-ids. Ref: https://adguard.com/en/blog/fake-ad-blockers-part-3.html,[software:x_extension_id = 'addpbbembilhmnkjpenjgcgmihlcofja'],stix,Software,"malware,malicious,browser-extension",85,2026-08-19T22:58:58Z,90
indicator,Browser Extension: N/A,Extension ID: adfjcmhegakkhojnallobfjbhenbkopj. Category: malware. malicious chrome extensions lists from https://github.com/mallorybowes/chrome-mal-ids. Ref: https://adguard.com/en/blog/fake-ad-blockers-part-3.html,[software:x_extension_id = 'adfjcmhegakkhojnallobfjbhenbkopj'],stix,Software,"malware,malicious,browser-extension",85,2026-08-19T22:58:58Z,90
indicator,Browser Extension: N/A,Extension ID: aeklcpmgaadjpglhjmcidlekijpnmdhc. Category: malware. malicious chrome extensions lists from https://github.com/mallorybowes/chrome-mal-ids. Ref: https://adguard.com/en/blog/fake-ad-blockers-part-3.html,[software:x_extension_id = 'aeklcpmgaadjpglhjmcidlekijpnmdhc'],stix,Software,"malware,malicious,browser-extension",85,2026-08-19T22:58:58Z,90
indicator,Browser Extension: N/A,Extension ID: afifalglopajkmdkgnphpfkmgpgdngfj. Category: malware. malicious chrome extensions lists from https://github.com/mallorybowes/chrome-mal-ids. Ref: https://adguard.com/en/blog/fake-ad-blockers-part-3.html,[software:x_extension_id = 'afifalglopajkmdkgnphpfkmgpgdngfj'],stix,Software,"malware,malicious,browser-extension",85,2026-08-19T22:58:58Z,90
indicator,Browser Extension: N/A,Extension ID: agldjlpmeladgadoikdbndmeljpmnajl. Category: malware. malicious chrome extensions lists from https://github.com/mallorybowes/chrome-mal-ids. Ref: https://adguard.com/en/blog/fake-ad-blockers-part-3.html,[software:x_extension_id = 'agldjlpmeladgadoikdbndmeljpmnajl'],stix,Software,"malware,malicious,browser-extension",85,2026-08-19T22:58:58Z,90
indicator,Browser Extension: N/A,Extension ID: ahmmgfhcokekfofjdndgmkffifklogbo. Category: malware. malicious chrome extensions lists from https://github.com/mallorybowes/chrome-mal-ids. Ref: https://adguard.com/en/blog/fake-ad-blockers-part-3.html,[software:x_extension_id = 'ahmmgfhcokekfofjdndgmkffifklogbo'],stix,Software,"malware,malicious,browser-extension",85,2026-08-19T22:58:58Z,90
indicator,Browser Extension: N/A,Extension ID: aippaajbmefpjeajhgaahmicdpgepnnm. Category: malware. malicious chrome extensions lists from https://github.com/mallorybowes/chrome-mal-ids. Ref: https://adguard.com/en/blog/fake-ad-blockers-part-3.html,[software:x_extension_id = 'aippaajbmefpjeajhgaahmicdpgepnnm'],stix,Software,"malware,malicious,browser-extension",85,2026-08-19T22:58:58Z,90
indicator,Browser Extension: N/A,Extension ID: akdpobnbjepjbnjklkkbdafemhnbfldj. Category: malware. malicious chrome extensions lists from https://github.com/mallorybowes/chrome-mal-ids. Ref: https://adguard.com/en/blog/fake-ad-blockers-part-3.html,[software:x_extension_id = 'akdpobnbjepjbnjklkkbdafemhnbfldj'],stix,Software,"malware,malicious,browser-extension",85,2026-08-19T22:58:58Z,90
indicator,Browser Extension: N/A,Extension ID: akhiflcfcbnheaofcaflofbmnkmjlnno. Category: malware. malicious chrome extensions lists from https://github.com/mallorybowes/chrome-mal-ids. Ref: https://adguard.com/en/blog/fake-ad-blockers-part-3.html,[software:x_extension_id = 'akhiflcfcbnheaofcaflofbmnkmjlnno'],stix,Software,"malware,malicious,browser-extension",85,2026-08-19T22:58:58Z,90
indicator,Browser Extension: N/A,Extension ID: aklklkifmplgnobmieahildcfbleamdb. Category: malware. malicious chrome extensions lists from https://github.com/mallorybowes/chrome-mal-ids. Ref: https://adguard.com/en/blog/fake-ad-blockers-part-3.html,[software:x_extension_id = 'aklklkifmplgnobmieahildcfbleamdb'],stix,Software,"malware,malicious,browser-extension",85,2026-08-19T22:58:58Z,90
indicator,Browser Extension: N/A,Extension ID: alppaffmlaefpmopolgpkgmncopkbbep. Category: malware. malicious chrome extensions lists from https://github.com/mallorybowes/chrome-mal-ids. Ref: https://adguard.com/en/blog/fake-ad-blockers-part-3.html,[software:x_extension_id = 'alppaffmlaefpmopolgpkgmncopkbbep'],stix,Software,"malware,malicious,browser-extension",85,2026-08-19T22:58:58Z,90
indicator,Browser Extension: N/A,Extension ID: amdnpfcpjglkdfcigaccfgmlmdepdpeo. Category: malware. malicious chrome extensions lists from https://github.com/mallorybowes/chrome-mal-ids. Ref: https://adguard.com/en/blog/fake-ad-blockers-part-3.html,[software:x_extension_id = 'amdnpfcpjglkdfcigaccfgmlmdepdpeo'],stix,Software,"malware,malicious,browser-extension",85,2026-08-19T22:58:58Z,90
indicator,Browser Extension: N/A,Extension ID: aomepndmhbbklcjcknnhdabaaofahjcj. Category: malware. malicious chrome extensions lists from https://github.com/mallorybowes/chrome-mal-ids. Ref: https://adguard.com/en/blog/fake-ad-blockers-part-3.html,[software:x_extension_id = 'aomepndmhbbklcjcknnhdabaaofahjcj'],stix,Software,"malware,malicious,browser-extension",85,2026-08-19T22:58:58Z,90
indicator,Browser Extension: N/A,Extension ID: badbchbijjjadlpjkkhmefaghggjjeha. Category: malware. malicious chrome extensions lists from https://github.com/mallorybowes/chrome-mal-ids. Ref: https://adguard.com/en/blog/fake-ad-blockers-part-3.html,[software:x_extension_id = 'badbchbijjjadlpjkkhmefaghggjjeha'],stix,Software,"malware,malicious,browser-extension",85,2026-08-19T22:58:58Z,90
indicator,Browser Extension: N/A,Extension ID: bbbdfjdplonnggfjjbjhggobffkggnkm. Category: malware. malicious chrome extensions lists from https://github.com/mallorybowes/chrome-mal-ids. Ref: https://adguard.com/en/blog/fake-ad-blockers-part-3.html,[software:x_extension_id = 'bbbdfjdplonnggfjjbjhggobffkggnkm'],stix,Software,"malware,malicious,browser-extension",85,2026-08-19T22:58:58Z,90
indicator,Browser Extension: N/A,Extension ID: bbdldenhkjcoikalkfkgolomdpnncofc. Category: malware. malicious chrome extensions lists from https://github.com/mallorybowes/chrome-mal-ids. Ref: https://adguard.com/en/blog/fake-ad-blockers-part-3.html,[software:x_extension_id = 'bbdldenhkjcoikalkfkgolomdpnncofc'],stix,Software,"malware,malicious,browser-extension",85,2026-08-19T22:58:58Z,90
indicator,Browser Extension: N/A,Extension ID: bcdjcbgogdomoebdcbniaifnacjbglil. Category: malware. malicious chrome extensions lists from https://github.com/mallorybowes/chrome-mal-ids. Ref: https://adguard.com/en/blog/fake-ad-blockers-part-3.html,[software:x_extension_id = 'bcdjcbgogdomoebdcbniaifnacjbglil'],stix,Software,"malware,malicious,browser-extension",85,2026-08-19T22:58:58Z,90
indicator,Browser Extension: N/A,Extension ID: bcepmajicjlaoleoljbpaemkfghohmib. Category: malware. malicious chrome extensions lists from https://github.com/mallorybowes/chrome-mal-ids. Ref: https://adguard.com/en/blog/fake-ad-blockers-part-3.html,[software:x_extension_id = 'bcepmajicjlaoleoljbpaemkfghohmib'],stix,Software,"malware,malicious,browser-extension",85,2026-08-19T22:58:58Z,90
indicator,Browser Extension: N/A,Extension ID: bdbablmeheiahecklheciomhmkplcoml. Category: malware. malicious chrome extensions lists from https://github.com/mallorybowes/chrome-mal-ids. Ref: https://adguard.com/en/blog/fake-ad-blockers-part-3.html,[software:x_extension_id = 'bdbablmeheiahecklheciomhmkplcoml'],stix,Software,"malware,malicious,browser-extension",85,2026-08-19T22:58:58Z,90
indicator,Browser Extension: N/A,Extension ID: bfeecodfffgkdedfhmgbfindokikafid. Category: malware. malicious chrome extensions lists from https://github.com/mallorybowes/chrome-mal-ids. Ref: https://adguard.com/en/blog/fake-ad-blockers-part-3.html,[software:x_extension_id = 'bfeecodfffgkdedfhmgbfindokikafid'],stix,Software,"malware,malicious,browser-extension",85,2026-08-19T22:58:58Z,90
indicator,Browser Extension: N/A,Extension ID: bhifimmocncplbnikchffepggmofkake. Category: malware. malicious chrome extensions lists from https://github.com/mallorybowes/chrome-mal-ids. Ref: https://adguard.com/en/blog/fake-ad-blockers-part-3.html,[software:x_extension_id = 'bhifimmocncplbnikchffepggmofkake'],stix,Software,"malware,malicious,browser-extension",85,2026-08-19T22:58:58Z,90
indicator,Browser Extension: N/A,Extension ID: blipiofdiknkllpajgepiiigfmfgnfep. Category: malware. malicious chrome extensions lists from https://github.com/mallorybowes/chrome-mal-ids. Ref: https://adguard.com/en/blog/fake-ad-blockers-part-3.html,[software:x_extension_id = 'blipiofdiknkllpajgepiiigfmfgnfep'],stix,Software,"malware,malicious,browser-extension",85,2026-08-19T22:58:58Z,90
indicator,Browser Extension: N/A,Extension ID: bmagbmnmkaknlnoohbmobfmlgndijecb. Category: malware. malicious chrome extensions lists from https://github.com/mallorybowes/chrome-mal-ids. Ref: https://adguard.com/en/blog/fake-ad-blockers-part-3.html,[software:x_extension_id = 'bmagbmnmkaknlnoohbmobfmlgndijecb'],stix,Software,"malware,malicious,browser-extension",85,2026-08-19T22:58:58Z,90
indicator,Browser Extension: N/A,Extension ID: bnecbeikepeloplclngelcgmgdnafhlp. Category: malware. malicious chrome extensions lists from https://github.com/mallorybowes/chrome-mal-ids. Ref: https://adguard.com/en/blog/fake-ad-blockers-part-3.html,[software:x_extension_id = 'bnecbeikepeloplclngelcgmgdnafhlp'],stix,Software,"malware,malicious,browser-extension",85,2026-08-19T22:58:58Z,90
indicator,Browser Extension: N/A,Extension ID: bpnmalopmgpilaoikaeafokedkkonhea. Category: malware. malicious chrome extensions lists from https://github.com/mallorybowes/chrome-mal-ids. Ref: https://adguard.com/en/blog/fake-ad-blockers-part-3.html,[software:x_extension_id = 'bpnmalopmgpilaoikaeafokedkkonhea'],stix,Software,"malware,malicious,browser-extension",85,2026-08-19T22:58:58Z,90
indicator,Browser Extension: N/A,Extension ID: cbncogjaakomibjcgdkpdjmlhfcjfojc. Category: malware. malicious chrome extensions lists from https://github.com/mallorybowes/chrome-mal-ids. Ref: https://adguard.com/en/blog/fake-ad-blockers-part-3.html,[software:x_extension_id = 'cbncogjaakomibjcgdkpdjmlhfcjfojc'],stix,Software,"malware,malicious,browser-extension",85,2026-08-19T22:58:58Z,90
indicator,Browser Extension: N/A,Extension ID: ccgmdfdcnpcfmpceggggmnhbolkhlffi. Category: malware. malicious chrome extensions lists from https://github.com/mallorybowes/chrome-mal-ids. Ref: https://adguard.com/en/blog/fake-ad-blockers-part-3.html,[software:x_extension_id = 'ccgmdfdcnpcfmpceggggmnhbolkhlffi'],stix,Software,"malware,malicious,browser-extension",85,2026-08-19T22:58:58Z,90
indicator,Browser Extension: N/A,Extension ID: ccmnnlcciddhkdllgfmkojmmmpahdhlp. Category: malware. malicious chrome extensions lists from https://github.com/mallorybowes/chrome-mal-ids. Ref: https://adguard.com/en/blog/fake-ad-blockers-part-3.html,[software:x_extension_id = 'ccmnnlcciddhkdllgfmkojmmmpahdhlp'],stix,Software,"malware,malicious,browser-extension",85,2026-08-19T22:58:58Z,90
indicator,Browser Extension: N/A,Extension ID: cdpmhflbdaoifgkmlhpfkbfgcifchgpn. Category: malware. malicious chrome extensions lists from https://github.com/mallorybowes/chrome-mal-ids. Ref: https://adguard.com/en/blog/fake-ad-blockers-part-3.html,[software:x_extension_id = 'cdpmhflbdaoifgkmlhpfkbfgcifchgpn'],stix,Software,"malware,malicious,browser-extension",85,2026-08-19T22:58:58Z,90
indicator,Browser Extension: N/A,Extension ID: cepgcjakdboolfkcbihdokfjjkeaddin. Category: malware. malicious chrome extensions lists from https://github.com/mallorybowes/chrome-mal-ids. Ref: https://adguard.com/en/blog/fake-ad-blockers-part-3.html,[software:x_extension_id = 'cepgcjakdboolfkcbihdokfjjkeaddin'],stix,Software,"malware,malicious,browser-extension",85,2026-08-19T22:58:58Z,90
indicator,Browser Extension: N/A,Extension ID: cfadfngejcdogjkkdohpkgeodjooogip. Category: malware. malicious chrome extensions lists from https://github.com/mallorybowes/chrome-mal-ids. Ref: https://adguard.com/en/blog/fake-ad-blockers-part-3.html,[software:x_extension_id = 'cfadfngejcdogjkkdohpkgeodjooogip'],stix,Software,"malware,malicious,browser-extension",85,2026-08-19T22:58:58Z,90
indicator,Browser Extension: N/A,Extension ID: cgdmknakejoaompdmdeddpgmjffnniab. Category: malware. malicious chrome extensions lists from https://github.com/mallorybowes/chrome-mal-ids. Ref: https://adguard.com/en/blog/fake-ad-blockers-part-3.html,[software:x_extension_id = 'cgdmknakejoaompdmdeddpgmjffnniab'],stix,Software,"malware,malicious,browser-extension",85,2026-08-19T22:58:58Z,90
indicator,Browser Extension: N/A,Extension ID: cgodgjmdljiecnbcgdampafcmlgmfmid. Category: malware. malicious chrome extensions lists from https://github.com/mallorybowes/chrome-mal-ids. Ref: https://adguard.com/en/blog/fake-ad-blockers-part-3.html,[software:x_extension_id = 'cgodgjmdljiecnbcgdampafcmlgmfmid'],stix,Software,"malware,malicious,browser-extension",85,2026-08-19T22:58:58Z,90
indicator,Browser Extension: N/A,Extension ID: cibigjhoekijbagpgcgpgimebaiocdgm. Category: malware. malicious chrome extensions lists from https://github.com/mallorybowes/chrome-mal-ids. Ref: https://adguard.com/en/blog/fake-ad-blockers-part-3.html,[software:x_extension_id = 'cibigjhoekijbagpgcgpgimebaiocdgm'],stix,Software,"malware,malicious,browser-extension",85,2026-08-19T22:58:58Z,90
indicator,Browser Extension: N/A,Extension ID: cjbdbomgdbdgdlainhobpjnfkoidcond. Category: malware. malicious chrome extensions lists from https://github.com/mallorybowes/chrome-mal-ids. Ref: https://adguard.com/en/blog/fake-ad-blockers-part-3.html,[software:x_extension_id = 'cjbdbomgdbdgdlainhobpjnfkoidcond'],stix,Software,"malware,malicious,browser-extension",85,2026-08-19T22:58:58Z,90
indicator,Browser Extension: N/A,Extension ID: clndgmolhlkchkbiinamamnbibkakiml. Category: malware. malicious chrome extensions lists from https://github.com/mallorybowes/chrome-mal-ids. Ref: https://adguard.com/en/blog/fake-ad-blockers-part-3.html,[software:x_extension_id = 'clndgmolhlkchkbiinamamnbibkakiml'],stix,Software,"malware,malicious,browser-extension",85,2026-08-19T22:58:58Z,90
indicator,Browser Extension: N/A,Extension ID: cmbfgkkjfkmmhalhebnhmanbenfghkcm. Category: malware. malicious chrome extensions lists from https://github.com/mallorybowes/chrome-mal-ids. Ref: https://adguard.com/en/blog/fake-ad-blockers-part-3.html,[software:x_extension_id = 'cmbfgkkjfkmmhalhebnhmanbenfghkcm'],stix,Software,"malware,malicious,browser-extension",85,2026-08-19T22:58:58Z,90
indicator,Browser Extension: N/A,Extension ID: cncepimkmnhgbjmbcgoomegdkdhplihm. Category: malware. malicious chrome extensions lists from https://github.com/mallorybowes/chrome-mal-ids. Ref: https://adguard.com/en/blog/fake-ad-blockers-part-3.html,[software:x_extension_id = 'cncepimkmnhgbjmbcgoomegdkdhplihm'],stix,Software,"malware,malicious,browser-extension",85,2026-08-19T22:58:58Z,90
indicator,Browser Extension: N/A,Extension ID: cnfbbaddndiehkmhdmmngecaofaojaeo. Category: malware. malicious chrome extensions lists from https://github.com/mallorybowes/chrome-mal-ids. Ref: https://adguard.com/en/blog/fake-ad-blockers-part-3.html,[software:x_extension_id = 'cnfbbaddndiehkmhdmmngecaofaojaeo'],stix,Software,"malware,malicious,browser-extension",85,2026-08-19T22:58:58Z,90
indicator,Browser Extension: N/A,Extension ID: codilkcdacpeklilmgjknekfpminaieo. Category: malware. malicious chrome extensions lists from https://github.com/mallorybowes/chrome-mal-ids. Ref: https://adguard.com/en/blog/fake-ad-blockers-part-3.html,[software:x_extension_id = 'codilkcdacpeklilmgjknekfpminaieo'],stix,Software,"malware,malicious,browser-extension",85,2026-08-19T22:58:58Z,90
indicator,Browser Extension: N/A,Extension ID: dakenmmdlklnjdpdfmdjccpeapmijaad. Category: malware. malicious chrome extensions lists from https://github.com/mallorybowes/chrome-mal-ids. Ref: https://adguard.com/en/blog/fake-ad-blockers-part-3.html,[software:x_extension_id = 'dakenmmdlklnjdpdfmdjccpeapmijaad'],stix,Software,"malware,malicious,browser-extension",85,2026-08-19T22:58:58Z,90
indicator,Browser Extension: N/A,Extension ID: dapecdhpbakbfcoijjpdfoffnajhifej. Category: malware. malicious chrome extensions lists from https://github.com/mallorybowes/chrome-mal-ids. Ref: https://adguard.com/en/blog/fake-ad-blockers-part-3.html,[software:x_extension_id = 'dapecdhpbakbfcoijjpdfoffnajhifej'],stix,Software,"malware,malicious,browser-extension",85,2026-08-19T22:58:58Z,90
indicator,Browser Extension: N/A,Extension ID: dckadbanpeemhkphnnllamgolhbbbebi. Category: malware. malicious chrome extensions lists from https://github.com/mallorybowes/chrome-mal-ids. Ref: https://adguard.com/en/blog/fake-ad-blockers-part-3.html,[software:x_extension_id = 'dckadbanpeemhkphnnllamgolhbbbebi'],stix,Software,"malware,malicious,browser-extension",85,2026-08-19T22:58:58Z,90
indicator,Browser Extension: N/A,Extension ID: ddodaoihhhohncjalnjgmgnlfhgckgdj. Category: malware. malicious chrome extensions lists from https://github.com/mallorybowes/chrome-mal-ids. Ref: https://adguard.com/en/blog/fake-ad-blockers-part-3.html,[software:x_extension_id = 'ddodaoihhhohncjalnjgmgnlfhgckgdj'],stix,Software,"malware,malicious,browser-extension",85,2026-08-19T22:58:58Z,90
indicator,Browser Extension: N/A,Extension ID: dhbhgfiodedkhgocailljbhcfjhplibb. Category: malware. malicious chrome extensions lists from https://github.com/mallorybowes/chrome-mal-ids. Ref: https://adguard.com/en/blog/fake-ad-blockers-part-3.html,[software:x_extension_id = 'dhbhgfiodedkhgocailljbhcfjhplibb'],stix,Software,"malware,malicious,browser-extension",85,2026-08-19T22:58:58Z,90
indicator,Browser Extension: N/A,Extension ID: dhcnonhheahlocjbbpkbammanpenpfop. Category: malware. malicious chrome extensions lists from https://github.com/mallorybowes/chrome-mal-ids. Ref: https://adguard.com/en/blog/fake-ad-blockers-part-3.html,[software:x_extension_id = 'dhcnonhheahlocjbbpkbammanpenpfop'],stix,Software,"malware,malicious,browser-extension",85,2026-08-19T22:58:58Z,90
indicator,Browser Extension: N/A,Extension ID: dhgmdjkeagnhamkedcejighocjkkijli. Category: malware. malicious chrome extensions lists from https://github.com/mallorybowes/chrome-mal-ids. Ref: https://adguard.com/en/blog/fake-ad-blockers-part-3.html,[software:x_extension_id = 'dhgmdjkeagnhamkedcejighocjkkijli'],stix,Software,"malware,malicious,browser-extension",85,2026-08-19T22:58:58Z,90
indicator,Browser Extension: N/A,Extension ID: dinlhhblgeikohhbfkcoeggglbjlanhg. Category: malware. malicious chrome extensions lists from https://github.com/mallorybowes/chrome-mal-ids. Ref: https://adguard.com/en/blog/fake-ad-blockers-part-3.html,[software:x_extension_id = 'dinlhhblgeikohhbfkcoeggglbjlanhg'],stix,Software,"malware,malicious,browser-extension",85,2026-08-19T22:58:58Z,90
indicator,Browser Extension: N/A,Extension ID: djjdjlbigcdjlghdioabbkjhdelmdhai. Category: malware. malicious chrome extensions lists from https://github.com/mallorybowes/chrome-mal-ids. Ref: https://adguard.com/en/blog/fake-ad-blockers-part-3.html,[software:x_extension_id = 'djjdjlbigcdjlghdioabbkjhdelmdhai'],stix,Software,"malware,malicious,browser-extension",85,2026-08-19T22:58:58Z,90
indicator,Browser Extension: N/A,Extension ID: dkcppkdodfegjkeefohjancleioblabi. Category: malware. malicious chrome extensions lists from https://github.com/mallorybowes/chrome-mal-ids. Ref: https://adguard.com/en/blog/fake-ad-blockers-part-3.html,[software:x_extension_id = 'dkcppkdodfegjkeefohjancleioblabi'],stix,Software,"malware,malicious,browser-extension",85,2026-08-19T22:58:58Z,90
indicator,Browser Extension: N/A,Extension ID: dkfbfgncahnfghoemhmmlfefhpolihom. Category: malware. malicious chrome extensions lists from https://github.com/mallorybowes/chrome-mal-ids. Ref: https://adguard.com/en/blog/fake-ad-blockers-part-3.html,[software:x_extension_id = 'dkfbfgncahnfghoemhmmlfefhpolihom'],stix,Software,"malware,malicious,browser-extension",85,2026-08-19T22:58:58Z,90
indicator,Browser Extension: N/A,Extension ID: dmklpmfpkokephcjdmocddkhilglgajl. Category: malware. malicious chrome extensions lists from https://github.com/mallorybowes/chrome-mal-ids. Ref: https://adguard.com/en/blog/fake-ad-blockers-part-3.html,[software:x_extension_id = 'dmklpmfpkokephcjdmocddkhilglgajl'],stix,Software,"malware,malicious,browser-extension",85,2026-08-19T22:58:58Z,90
indicator,Browser Extension: N/A,Extension ID: dnimnhhaiphlclcocakkfgnnekoggjpl. Category: malware. malicious chrome extensions lists from https://github.com/mallorybowes/chrome-mal-ids. Ref: https://adguard.com/en/blog/fake-ad-blockers-part-3.html,[software:x_extension_id = 'dnimnhhaiphlclcocakkfgnnekoggjpl'],stix,Software,"malware,malicious,browser-extension",85,2026-08-19T22:58:58Z,90
indicator,Browser Extension: N/A,Extension ID: doecpeonnonddhfpabfgblijljennlcj. Category: malware. malicious chrome extensions lists from https://github.com/mallorybowes/chrome-mal-ids. Ref: https://adguard.com/en/blog/fake-ad-blockers-part-3.html,[software:x_extension_id = 'doecpeonnonddhfpabfgblijljennlcj'],stix,Software,"malware,malicious,browser-extension",85,2026-08-19T22:58:58Z,90
indicator,Browser Extension: N/A,Extension ID: dofbgmolpdoknlknfjddecnahgjpinpb. Category: malware. malicious chrome extensions lists from https://github.com/mallorybowes/chrome-mal-ids. Ref: https://adguard.com/en/blog/fake-ad-blockers-part-3.html,[software:x_extension_id = 'dofbgmolpdoknlknfjddecnahgjpinpb'],stix,Software,"malware,malicious,browser-extension",85,2026-08-19T22:58:58Z,90
indicator,Browser Extension: N/A,Extension ID: dppogkehbpnikehcmadgkbimjnmhdnlo. Category: malware. malicious chrome extensions lists from https://github.com/mallorybowes/chrome-mal-ids. Ref: https://adguard.com/en/blog/fake-ad-blockers-part-3.html,[software:x_extension_id = 'dppogkehbpnikehcmadgkbimjnmhdnlo'],stix,Software,"malware,malicious,browser-extension",85,2026-08-19T22:58:58Z,90
indicator,Browser Extension: N/A,Extension ID: eapceolnilleaiiaapgionibccekkeom. Category: malware. malicious chrome extensions lists from https://github.com/mallorybowes/chrome-mal-ids. Ref: https://adguard.com/en/blog/fake-ad-blockers-part-3.html,[software:x_extension_id = 'eapceolnilleaiiaapgionibccekkeom'],stix,Software,"malware,malicious,browser-extension",85,2026-08-19T22:58:58Z,90
indicator,Browser Extension: N/A,Extension ID: ecaejcfpngljeinjmahknbemhnddiioe. Category: malware. malicious chrome extensions lists from https://github.com/mallorybowes/chrome-mal-ids. Ref: https://adguard.com/en/blog/fake-ad-blockers-part-3.html,[software:x_extension_id = 'ecaejcfpngljeinjmahknbemhnddiioe'],stix,Software,"malware,malicious,browser-extension",85,2026-08-19T22:58:58Z,90
indicator,Browser Extension: N/A,Extension ID: ecgafllkghmmbnhacnpcobibalonhkkj. Category: malware. malicious chrome extensions lists from https://github.com/mallorybowes/chrome-mal-ids. Ref: https://adguard.com/en/blog/fake-ad-blockers-part-3.html,[software:x_extension_id = 'ecgafllkghmmbnhacnpcobibalonhkkj'],stix,Software,"malware,malicious,browser-extension",85,2026-08-19T22:58:58Z,90
indicator,Browser Extension: N/A,Extension ID: edfmeionipdoohiagoaefljjhififgnl. Category: malware. malicious chrome extensions lists from https://github.com/mallorybowes/chrome-mal-ids. Ref: https://adguard.com/en/blog/fake-ad-blockers-part-3.html,[software:x_extension_id = 'edfmeionipdoohiagoaefljjhififgnl'],stix,Software,"malware,malicious,browser-extension",85,2026-08-19T22:58:58Z,90
indicator,Browser Extension: N/A,Extension ID: edgbooeklapanaclbchdiaekalebmfgb. Category: malware. malicious chrome extensions lists from https://github.com/mallorybowes/chrome-mal-ids. Ref: https://adguard.com/en/blog/fake-ad-blockers-part-3.html,[software:x_extension_id = 'edgbooeklapanaclbchdiaekalebmfgb'],stix,Software,"malware,malicious,browser-extension",85,2026-08-19T22:58:58Z,90
indicator,Browser Extension: N/A,Extension ID: edohegfjelahakooigmnmkmjofcjgofe. Category: malware. malicious chrome extensions lists from https://github.com/mallorybowes/chrome-mal-ids. Ref: https://adguard.com/en/blog/fake-ad-blockers-part-3.html,[software:x_extension_id = 'edohegfjelahakooigmnmkmjofcjgofe'],stix,Software,"malware,malicious,browser-extension",85,2026-08-19T22:58:58Z,90
indicator,Browser Extension: N/A,Extension ID: eeeiekjkpbneogggaajnjldadjmclhlo. Category: malware. malicious chrome extensions lists from https://github.com/mallorybowes/chrome-mal-ids. Ref: https://adguard.com/en/blog/fake-ad-blockers-part-3.html,[software:x_extension_id = 'eeeiekjkpbneogggaajnjldadjmclhlo'],stix,Software,"malware,malicious,browser-extension",85,2026-08-19T22:58:58Z,90
indicator,Browser Extension: N/A,Extension ID: eejkpejdfojkbklnlnpgpojoidojbhnh. Category: malware. malicious chrome extensions lists from https://github.com/mallorybowes/chrome-mal-ids. Ref: https://adguard.com/en/blog/fake-ad-blockers-part-3.html,[software:x_extension_id = 'eejkpejdfojkbklnlnpgpojoidojbhnh'],stix,Software,"malware,malicious,browser-extension",85,2026-08-19T22:58:58Z,90
indicator,Browser Extension: N/A,Extension ID: efckalhlcogbdbfopffmbacghfoelaia. Category: malware. malicious chrome extensions lists from https://github.com/mallorybowes/chrome-mal-ids. Ref: https://adguard.com/en/blog/fake-ad-blockers-part-3.html,[software:x_extension_id = 'efckalhlcogbdbfopffmbacghfoelaia'],stix,Software,"malware,malicious,browser-extension",85,2026-08-19T22:58:58Z,90
indicator,Browser Extension: N/A,Extension ID: efnaoofiidefjeefpnheopknaciohldg. Category: malware. malicious chrome extensions lists from https://github.com/mallorybowes/chrome-mal-ids. Ref: https://adguard.com/en/blog/fake-ad-blockers-part-3.html,[software:x_extension_id = 'efnaoofiidefjeefpnheopknaciohldg'],stix,Software,"malware,malicious,browser-extension",85,2026-08-19T22:58:58Z,90
indicator,Browser Extension: N/A,Extension ID: egdpmjnldpefdaiekiapjkanabfiaodp. Category: malware. malicious chrome extensions lists from https://github.com/mallorybowes/chrome-mal-ids. Ref: https://adguard.com/en/blog/fake-ad-blockers-part-3.html,[software:x_extension_id = 'egdpmjnldpefdaiekiapjkanabfiaodp'],stix,Software,"malware,malicious,browser-extension",85,2026-08-19T22:58:58Z,90
indicator,Browser Extension: N/A,Extension ID: egicjjdcjhfdnejimnhngogjmoajffpm. Category: malware. malicious chrome extensions lists from https://github.com/mallorybowes/chrome-mal-ids. Ref: https://adguard.com/en/blog/fake-ad-blockers-part-3.html,[software:x_extension_id = 'egicjjdcjhfdnejimnhngogjmoajffpm'],stix,Software,"malware,malicious,browser-extension",85,2026-08-19T22:58:58Z,90
indicator,Browser Extension: N/A,Extension ID: ejcefeinlmdmpnohebfckmodhdkhlgmk. Category: malware. malicious chrome extensions lists from https://github.com/mallorybowes/chrome-mal-ids. Ref: https://adguard.com/en/blog/fake-ad-blockers-part-3.html,[software:x_extension_id = 'ejcefeinlmdmpnohebfckmodhdkhlgmk'],stix,Software,"malware,malicious,browser-extension",85,2026-08-19T22:58:58Z,90
indicator,Browser Extension: N/A,Extension ID: ejighbgeedkpcambhfkohdalcgckdein. Category: malware. malicious chrome extensions lists from https://github.com/mallorybowes/chrome-mal-ids. Ref: https://adguard.com/en/blog/fake-ad-blockers-part-3.html,[software:x_extension_id = 'ejighbgeedkpcambhfkohdalcgckdein'],stix,Software,"malware,malicious,browser-extension",85,2026-08-19T22:58:58Z,90
indicator,Browser Extension: N/A,Extension ID: empoeejllbcgpkmghimibnapemegnihf. Category: malware. malicious chrome extensions lists from https://github.com/mallorybowes/chrome-mal-ids. Ref: https://adguard.com/en/blog/fake-ad-blockers-part-3.html,[software:x_extension_id = 'empoeejllbcgpkmghimibnapemegnihf'],stix,Software,"malware,malicious,browser-extension",85,2026-08-19T22:58:58Z,90
indicator,Browser Extension: N/A,Extension ID: enlaekiichndcbohopenblignipkjaoa. Category: malware. malicious chrome extensions lists from https://github.com/mallorybowes/chrome-mal-ids. Ref: https://adguard.com/en/blog/fake-ad-blockers-part-3.html,[software:x_extension_id = 'enlaekiichndcbohopenblignipkjaoa'],stix,Software,"malware,malicious,browser-extension",85,2026-08-19T22:58:58Z,90
indicator,Browser Extension: N/A,Extension ID: enmomapaolnpbaenhilkjhmobpggjcpm. Category: malware. malicious chrome extensions lists from https://github.com/mallorybowes/chrome-mal-ids. Ref: https://adguard.com/en/blog/fake-ad-blockers-part-3.html,[software:x_extension_id = 'enmomapaolnpbaenhilkjhmobpggjcpm'],stix,Software,"malware,malicious,browser-extension",85,2026-08-19T22:58:58Z,90
indicator,Browser Extension: N/A,Extension ID: eohabjkmhajbeaejogdikpgapkeigdki. Category: malware. malicious chrome extensions lists from https://github.com/mallorybowes/chrome-mal-ids. Ref: https://adguard.com/en/blog/fake-ad-blockers-part-3.html,[software:x_extension_id = 'eohabjkmhajbeaejogdikpgapkeigdki'],stix,Software,"malware,malicious,browser-extension",85,2026-08-19T22:58:58Z,90
indicator,Browser Extension: N/A,Extension ID: eoijplcnfnjgofchhdkkhpfcjkcefgkb. Category: malware. malicious chrome extensions lists from https://github.com/mallorybowes/chrome-mal-ids. Ref: https://adguard.com/en/blog/fake-ad-blockers-part-3.html,[software:x_extension_id = 'eoijplcnfnjgofchhdkkhpfcjkcefgkb'],stix,Software,"malware,malicious,browser-extension",85,2026-08-19T22:58:58Z,90
indicator,Browser Extension: N/A,Extension ID: facihnceaoboeoembnbmdlecmkpioacc. Category: malware. malicious chrome extensions lists from https://github.com/mallorybowes/chrome-mal-ids. Ref: https://adguard.com/en/blog/fake-ad-blockers-part-3.html,[software:x_extension_id = 'facihnceaoboeoembnbmdlecmkpioacc'],stix,Software,"malware,malicious,browser-extension",85,2026-08-19T22:58:58Z,90
indicator,Browser Extension: N/A,Extension ID: fagaafjhdmoagacggplmbpganjfjjpcf. Category: malware. malicious chrome extensions lists from https://github.com/mallorybowes/chrome-mal-ids. Ref: https://adguard.com/en/blog/fake-ad-blockers-part-3.html,[software:x_extension_id = 'fagaafjhdmoagacggplmbpganjfjjpcf'],stix,Software,"malware,malicious,browser-extension",85,2026-08-19T22:58:58Z,90
indicator,Browser Extension: N/A,Extension ID: fanonokndfeibplocpeipgfbopkigcce. Category: malware. malicious chrome extensions lists from https://github.com/mallorybowes/chrome-mal-ids. Ref: https://adguard.com/en/blog/fake-ad-blockers-part-3.html,[software:x_extension_id = 'fanonokndfeibplocpeipgfbopkigcce'],stix,Software,"malware,malicious,browser-extension",85,2026-08-19T22:58:58Z,90
indicator,Browser Extension: N/A,Extension ID: faokbgedcfhnfecloigcihpplicdnann. Category: malware. malicious chrome extensions lists from https://github.com/mallorybowes/chrome-mal-ids. Ref: https://adguard.com/en/blog/fake-ad-blockers-part-3.html,[software:x_extension_id = 'faokbgedcfhnfecloigcihpplicdnann'],stix,Software,"malware,malicious,browser-extension",85,2026-08-19T22:58:58Z,90
indicator,Browser Extension: N/A,Extension ID: fcdopghpidfdeglcheccmehiaedgpmkm. Category: malware. malicious chrome extensions lists from https://github.com/mallorybowes/chrome-mal-ids. Ref: https://adguard.com/en/blog/fake-ad-blockers-part-3.html,[software:x_extension_id = 'fcdopghpidfdeglcheccmehiaedgpmkm'],stix,Software,"malware,malicious,browser-extension",85,2026-08-19T22:58:58Z,90
indicator,Browser Extension: N/A,Extension ID: fdacngbbemokpkmdkdefkoodndakgejc. Category: malware. malicious chrome extensions lists from https://github.com/mallorybowes/chrome-mal-ids. Ref: https://adguard.com/en/blog/fake-ad-blockers-part-3.html,[software:x_extension_id = 'fdacngbbemokpkmdkdefkoodndakgejc'],stix,Software,"malware,malicious,browser-extension",85,2026-08-19T22:58:58Z,90
indicator,Browser Extension: N/A,Extension ID: fdfffeipjpofnkmdkadjcjohdfoeblhk. Category: malware. malicious chrome extensions lists from https://github.com/mallorybowes/chrome-mal-ids. Ref: https://adguard.com/en/blog/fake-ad-blockers-part-3.html,[software:x_extension_id = 'fdfffeipjpofnkmdkadjcjohdfoeblhk'],stix,Software,"malware,malicious,browser-extension",85,2026-08-19T22:58:58Z,90
indicator,Browser Extension: N/A,Extension ID: ffhamkjhfajcjlnobkogimnhiagohgfg. Category: malware. malicious chrome extensions lists from https://github.com/mallorybowes/chrome-mal-ids. Ref: https://adguard.com/en/blog/fake-ad-blockers-part-3.html,[software:x_extension_id = 'ffhamkjhfajcjlnobkogimnhiagohgfg'],stix,Software,"malware,malicious,browser-extension",85,2026-08-19T22:58:58Z,90
indicator,Browser Extension: N/A,Extension ID: fjnbjacfigdidgeeommhbdhnojamhpfg. Category: malware. malicious chrome extensions lists from https://github.com/mallorybowes/chrome-mal-ids. Ref: https://adguard.com/en/blog/fake-ad-blockers-part-3.html,[software:x_extension_id = 'fjnbjacfigdidgeeommhbdhnojamhpfg'],stix,Software,"malware,malicious,browser-extension",85,2026-08-19T22:58:58Z,90
indicator,Browser Extension: N/A,Extension ID: fjohhelccbogecmolmjemopgackpnmpg. Category: malware. malicious chrome extensions lists from https://github.com/mallorybowes/chrome-mal-ids. Ref: https://adguard.com/en/blog/fake-ad-blockers-part-3.html,[software:x_extension_id = 'fjohhelccbogecmolmjemopgackpnmpg'],stix,Software,"malware,malicious,browser-extension",85,2026-08-19T22:58:58Z,90
indicator,Browser Extension: N/A,Extension ID: flagaiaajbikpfnnkodcphdcmgefmbcl. Category: malware. malicious chrome extensions lists from https://github.com/mallorybowes/chrome-mal-ids. Ref: https://adguard.com/en/blog/fake-ad-blockers-part-3.html,[software:x_extension_id = 'flagaiaajbikpfnnkodcphdcmgefmbcl'],stix,Software,"malware,malicious,browser-extension",85,2026-08-19T22:58:58Z,90
indicator,Browser Extension: N/A,Extension ID: flgfngbiaanimkhjkojnmilfalidpign. Category: malware. malicious chrome extensions lists from https://github.com/mallorybowes/chrome-mal-ids. Ref: https://adguard.com/en/blog/fake-ad-blockers-part-3.html,[software:x_extension_id = 'flgfngbiaanimkhjkojnmilfalidpign'],stix,Software,"malware,malicious,browser-extension",85,2026-08-19T22:58:58Z,90
indicator,Browser Extension: N/A,Extension ID: fmngfipkcebejdconcibohjjgfmokhpa. Category: malware. malicious chrome extensions lists from https://github.com/mallorybowes/chrome-mal-ids. Ref: https://adguard.com/en/blog/fake-ad-blockers-part-3.html,[software:x_extension_id = 'fmngfipkcebejdconcibohjjgfmokhpa'],stix,Software,"malware,malicious,browser-extension",85,2026-08-19T22:58:58Z,90
indicator,Browser Extension: N/A,Extension ID: fnblapfcdifokdbkpcbhpkajlkgmcjii. Category: malware. malicious chrome extensions lists from https://github.com/mallorybowes/chrome-mal-ids. Ref: https://adguard.com/en/blog/fake-ad-blockers-part-3.html,[software:x_extension_id = 'fnblapfcdifokdbkpcbhpkajlkgmcjii'],stix,Software,"malware,malicious,browser-extension",85,2026-08-19T22:58:58Z,90
indicator,Browser Extension: N/A,Extension ID: fpdjcfokkeooncckcolkmmppebjnfhgh. Category: malware. malicious chrome extensions lists from https://github.com/mallorybowes/chrome-mal-ids. Ref: https://adguard.com/en/blog/fake-ad-blockers-part-3.html,[software:x_extension_id = 'fpdjcfokkeooncckcolkmmppebjnfhgh'],stix,Software,"malware,malicious,browser-extension",85,2026-08-19T22:58:58Z,90
indicator,Browser Extension: N/A,Extension ID: fphafkamioonlcelldogidajbcmmicco. Category: malware. malicious chrome extensions lists from https://github.com/mallorybowes/chrome-mal-ids. Ref: https://adguard.com/en/blog/fake-ad-blockers-part-3.html,[software:x_extension_id = 'fphafkamioonlcelldogidajbcmmicco'],stix,Software,"malware,malicious,browser-extension",85,2026-08-19T22:58:58Z,90
indicator,Browser Extension: N/A,Extension ID: fpjbgjpkfcanmdgjpmnnmoekkaahmafg. Category: malware. malicious chrome extensions lists from https://github.com/mallorybowes/chrome-mal-ids. Ref: https://adguard.com/en/blog/fake-ad-blockers-part-3.html,[software:x_extension_id = 'fpjbgjpkfcanmdgjpmnnmoekkaahmafg'],stix,Software,"malware,malicious,browser-extension",85,2026-08-19T22:58:58Z,90
indicator,Browser Extension: N/A,Extension ID: fplmpcijomgjmfbjcidbgpjdmhmamlkf. Category: malware. malicious chrome extensions lists from https://github.com/mallorybowes/chrome-mal-ids. Ref: https://adguard.com/en/blog/fake-ad-blockers-part-3.html,[software:x_extension_id = 'fplmpcijomgjmfbjcidbgpjdmhmamlkf'],stix,Software,"malware,malicious,browser-extension",85,2026-08-19T22:58:58Z,90
indicator,Browser Extension: N/A,Extension ID: gdacidkmmbdpkedejaljplnfhjidomio. Category: malware. malicious chrome extensions lists from https://github.com/mallorybowes/chrome-mal-ids. Ref: https://adguard.com/en/blog/fake-ad-blockers-part-3.html,[software:x_extension_id = 'gdacidkmmbdpkedejaljplnfhjidomio'],stix,Software,"malware,malicious,browser-extension",85,2026-08-19T22:58:58Z,90
indicator,Browser Extension: N/A,Extension ID: gdoomgeeelkgcmmoibloelbodkpggdle. Category: malware. malicious chrome extensions lists from https://github.com/mallorybowes/chrome-mal-ids. Ref: https://adguard.com/en/blog/fake-ad-blockers-part-3.html,[software:x_extension_id = 'gdoomgeeelkgcmmoibloelbodkpggdle'],stix,Software,"malware,malicious,browser-extension",85,2026-08-19T22:58:58Z,90
indicator,Browser Extension: N/A,Extension ID: geoolholooeeblajdjffdmknpecbkmah. Category: malware. malicious chrome extensions lists from https://github.com/mallorybowes/chrome-mal-ids. Ref: https://adguard.com/en/blog/fake-ad-blockers-part-3.html,[software:x_extension_id = 'geoolholooeeblajdjffdmknpecbkmah'],stix,Software,"malware,malicious,browser-extension",85,2026-08-19T22:58:58Z,90
indicator,Browser Extension: N/A,Extension ID: ghfgeefhkkoajgmnopaldgcagohakhmg. Category: malware. malicious chrome extensions lists from https://github.com/mallorybowes/chrome-mal-ids. Ref: https://adguard.com/en/blog/fake-ad-blockers-part-3.html,[software:x_extension_id = 'ghfgeefhkkoajgmnopaldgcagohakhmg'],stix,Software,"malware,malicious,browser-extension",85,2026-08-19T22:58:58Z,90
indicator,Browser Extension: N/A,Extension ID: ghhanhhegklhcoffmgkdbiekfhmbfbnc. Category: malware. malicious chrome extensions lists from https://github.com/mallorybowes/chrome-mal-ids. Ref: https://adguard.com/en/blog/fake-ad-blockers-part-3.html,[software:x_extension_id = 'ghhanhhegklhcoffmgkdbiekfhmbfbnc'],stix,Software,"malware,malicious,browser-extension",85,2026-08-19T22:58:58Z,90
indicator,Browser Extension: N/A,Extension ID: gjkigcdoljdojaaomnadffdhggoobdpc. Category: malware. malicious chrome extensions lists from https://github.com/mallorybowes/chrome-mal-ids. Ref: https://adguard.com/en/blog/fake-ad-blockers-part-3.html,[software:x_extension_id = 'gjkigcdoljdojaaomnadffdhggoobdpc'],stix,Software,"malware,malicious,browser-extension",85,2026-08-19T22:58:58Z,90
indicator,Browser Extension: N/A,Extension ID: gkjkhpbembbjogoiejpkehohclfoljbp. Category: malware. malicious chrome extensions lists from https://github.com/mallorybowes/chrome-mal-ids. Ref: https://adguard.com/en/blog/fake-ad-blockers-part-3.html,[software:x_extension_id = 'gkjkhpbembbjogoiejpkehohclfoljbp'],stix,Software,"malware,malicious,browser-extension",85,2026-08-19T22:58:58Z,90
indicator,Browser Extension: N/A,Extension ID: glibnbcgclecomknccifdaglefljfoej. Category: malware. malicious chrome extensions lists from https://github.com/mallorybowes/chrome-mal-ids. Ref: https://adguard.com/en/blog/fake-ad-blockers-part-3.html,[software:x_extension_id = 'glibnbcgclecomknccifdaglefljfoej'],stix,Software,"malware,malicious,browser-extension",85,2026-08-19T22:58:58Z,90
indicator,Browser Extension: N/A,Extension ID: gllogphgdmclhfledlcgmdolngohamcl. Category: malware. malicious chrome extensions lists from https://github.com/mallorybowes/chrome-mal-ids. Ref: https://adguard.com/en/blog/fake-ad-blockers-part-3.html,[software:x_extension_id = 'gllogphgdmclhfledlcgmdolngohamcl'],stix,Software,"malware,malicious,browser-extension",85,2026-08-19T22:58:58Z,90
indicator,Browser Extension: N/A,Extension ID: haagbldencigkgikfekmoaaofambnafp. Category: malware. malicious chrome extensions lists from https://github.com/mallorybowes/chrome-mal-ids. Ref: https://adguard.com/en/blog/fake-ad-blockers-part-3.html,[software:x_extension_id = 'haagbldencigkgikfekmoaaofambnafp'],stix,Software,"malware,malicious,browser-extension",85,2026-08-19T22:58:58Z,90
indicator,Browser Extension: N/A,Extension ID: haglbigaalkckkedjamjibfnklbbodck. Category: malware. malicious chrome extensions lists from https://github.com/mallorybowes/chrome-mal-ids. Ref: https://adguard.com/en/blog/fake-ad-blockers-part-3.html,[software:x_extension_id = 'haglbigaalkckkedjamjibfnklbbodck'],stix,Software,"malware,malicious,browser-extension",85,2026-08-19T22:58:58Z,90
indicator,Browser Extension: N/A,Extension ID: hcgepcgbgnleafnfcepjbekchbdmekfa. Category: malware. malicious chrome extensions lists from https://github.com/mallorybowes/chrome-mal-ids. Ref: https://adguard.com/en/blog/fake-ad-blockers-part-3.html,[software:x_extension_id = 'hcgepcgbgnleafnfcepjbekchbdmekfa'],stix,Software,"malware,malicious,browser-extension",85,2026-08-19T22:58:58Z,90
indicator,Browser Extension: N/A,Extension ID: hdbchphkjjidcfidaelcpmonodhhaahp. Category: malware. malicious chrome extensions lists from https://github.com/mallorybowes/chrome-mal-ids. Ref: https://adguard.com/en/blog/fake-ad-blockers-part-3.html,[software:x_extension_id = 'hdbchphkjjidcfidaelcpmonodhhaahp'],stix,Software,"malware,malicious,browser-extension",85,2026-08-19T22:58:58Z,90
indicator,Browser Extension: N/A,Extension ID: hdljgflalglmllbagpacjmkdiggliidk. Category: malware. malicious chrome extensions lists from https://github.com/mallorybowes/chrome-mal-ids. Ref: https://adguard.com/en/blog/fake-ad-blockers-part-3.html,[software:x_extension_id = 'hdljgflalglmllbagpacjmkdiggliidk'],stix,Software,"malware,malicious,browser-extension",85,2026-08-19T22:58:58Z,90
indicator,Browser Extension: N/A,Extension ID: hdpnlijiblkmokbjljbahhgkpokgpkli. Category: malware. malicious chrome extensions lists from https://github.com/mallorybowes/chrome-mal-ids. Ref: https://adguard.com/en/blog/fake-ad-blockers-part-3.html,[software:x_extension_id = 'hdpnlijiblkmokbjljbahhgkpokgpkli'],stix,Software,"malware,malicious,browser-extension",85,2026-08-19T22:58:58Z,90
indicator,Browser Extension: N/A,Extension ID: heaphjoejcpdagahbnkkloiaicpadomp. Category: malware. malicious chrome extensions lists from https://github.com/mallorybowes/chrome-mal-ids. Ref: https://adguard.com/en/blog/fake-ad-blockers-part-3.html,[software:x_extension_id = 'heaphjoejcpdagahbnkkloiaicpadomp'],stix,Software,"malware,malicious,browser-extension",85,2026-08-19T22:58:58Z,90
indicator,Browser Extension: N/A,Extension ID: hjfmdhbmpagpfheceengkakdmpncmlif. Category: malware. malicious chrome extensions lists from https://github.com/mallorybowes/chrome-mal-ids. Ref: https://adguard.com/en/blog/fake-ad-blockers-part-3.html,[software:x_extension_id = 'hjfmdhbmpagpfheceengkakdmpncmlif'],stix,Software,"malware,malicious,browser-extension",85,2026-08-19T22:58:58Z,90
indicator,Browser Extension: N/A,Extension ID: hjkjkmkoklbhjhlddialffkchddlncjb. Category: malware. malicious chrome extensions lists from https://github.com/mallorybowes/chrome-mal-ids. Ref: https://adguard.com/en/blog/fake-ad-blockers-part-3.html,[software:x_extension_id = 'hjkjkmkoklbhjhlddialffkchddlncjb'],stix,Software,"malware,malicious,browser-extension",85,2026-08-19T22:58:58Z,90
indicator,Browser Extension: N/A,Extension ID: hjoihkjijjbkiglgeghbokincmidfped. Category: malware. malicious chrome extensions lists from https://github.com/mallorybowes/chrome-mal-ids. Ref: https://adguard.com/en/blog/fake-ad-blockers-part-3.html,[software:x_extension_id = 'hjoihkjijjbkiglgeghbokincmidfped'],stix,Software,"malware,malicious,browser-extension",85,2026-08-19T22:58:58Z,90
indicator,Browser Extension: N/A,Extension ID: hncokbmdmbmmlkjhoagcpokehopdikhc. Category: malware. malicious chrome extensions lists from https://github.com/mallorybowes/chrome-mal-ids. Ref: https://adguard.com/en/blog/fake-ad-blockers-part-3.html,[software:x_extension_id = 'hncokbmdmbmmlkjhoagcpokehopdikhc'],stix,Software,"malware,malicious,browser-extension",85,2026-08-19T22:58:58Z,90
indicator,Browser Extension: N/A,Extension ID: hnhpnbajfmmopedidmiablkcdnlegkmd. Category: malware. malicious chrome extensions lists from https://github.com/mallorybowes/chrome-mal-ids. Ref: https://adguard.com/en/blog/fake-ad-blockers-part-3.html,[software:x_extension_id = 'hnhpnbajfmmopedidmiablkcdnlegkmd'],stix,Software,"malware,malicious,browser-extension",85,2026-08-19T22:58:58Z,90
indicator,Browser Extension: N/A,Extension ID: homdfmaeflodjknffbnhagmlhmgmbjac. Category: malware. malicious chrome extensions lists from https://github.com/mallorybowes/chrome-mal-ids. Ref: https://adguard.com/en/blog/fake-ad-blockers-part-3.html,[software:x_extension_id = 'homdfmaeflodjknffbnhagmlhmgmbjac'],stix,Software,"malware,malicious,browser-extension",85,2026-08-19T22:58:58Z,90
indicator,Browser Extension: N/A,Extension ID: iccagibmclklcmiejfddepgffgkhnnib. Category: malware. malicious chrome extensions lists from https://github.com/mallorybowes/chrome-mal-ids. Ref: https://adguard.com/en/blog/fake-ad-blockers-part-3.html,[software:x_extension_id = 'iccagibmclklcmiejfddepgffgkhnnib'],stix,Software,"malware,malicious,browser-extension",85,2026-08-19T22:58:58Z,90
indicator,Browser Extension: N/A,Extension ID: idkllmolbaiailjfidkjcidapkddidbg. Category: malware. malicious chrome extensions lists from https://github.com/mallorybowes/chrome-mal-ids. Ref: https://adguard.com/en/blog/fake-ad-blockers-part-3.html,[software:x_extension_id = 'idkllmolbaiailjfidkjcidapkddidbg'],stix,Software,"malware,malicious,browser-extension",85,2026-08-19T22:58:58Z,90
indicator,Browser Extension: N/A,Extension ID: ifbffcgakkboaffkidggpcjolehhhbfd. Category: malware. malicious chrome extensions lists from https://github.com/mallorybowes/chrome-mal-ids. Ref: https://adguard.com/en/blog/fake-ad-blockers-part-3.html,[software:x_extension_id = 'ifbffcgakkboaffkidggpcjolehhhbfd'],stix,Software,"malware,malicious,browser-extension",85,2026-08-19T22:58:58Z,90
indicator,Browser Extension: N/A,Extension ID: ifdebecchhapkfdbcbhpmjonmbpfpnck. Category: malware. malicious chrome extensions lists from https://github.com/mallorybowes/chrome-mal-ids. Ref: https://adguard.com/en/blog/fake-ad-blockers-part-3.html,[software:x_extension_id = 'ifdebecchhapkfdbcbhpmjonmbpfpnck'],stix,Software,"malware,malicious,browser-extension",85,2026-08-19T22:58:58Z,90
indicator,Browser Extension: N/A,Extension ID: igbcfkjflkgamnoikcpiljglnmjnkjac. Category: malware. malicious chrome extensions lists from https://github.com/mallorybowes/chrome-mal-ids. Ref: https://adguard.com/en/blog/fake-ad-blockers-part-3.html,[software:x_extension_id = 'igbcfkjflkgamnoikcpiljglnmjnkjac'],stix,Software,"malware,malicious,browser-extension",85,2026-08-19T22:58:58Z,90
indicator,Browser Extension: N/A,Extension ID: iiblgogamkmdfojoclpdhainbndfpcci. Category: malware. malicious chrome extensions lists from https://github.com/mallorybowes/chrome-mal-ids. Ref: https://adguard.com/en/blog/fake-ad-blockers-part-3.html,[software:x_extension_id = 'iiblgogamkmdfojoclpdhainbndfpcci'],stix,Software,"malware,malicious,browser-extension",85,2026-08-19T22:58:58Z,90
indicator,Browser Extension: N/A,Extension ID: inkankpmoblmficechfgfinajifbfkdn. Category: malware. malicious chrome extensions lists from https://github.com/mallorybowes/chrome-mal-ids. Ref: https://adguard.com/en/blog/fake-ad-blockers-part-3.html,[software:x_extension_id = 'inkankpmoblmficechfgfinajifbfkdn'],stix,Software,"malware,malicious,browser-extension",85,2026-08-19T22:58:58Z,90
indicator,Browser Extension: N/A,Extension ID: ioejcipbmdjinhfciojiacdjolkabkmn. Category: malware. malicious chrome extensions lists from https://github.com/mallorybowes/chrome-mal-ids. Ref: https://adguard.com/en/blog/fake-ad-blockers-part-3.html,[software:x_extension_id = 'ioejcipbmdjinhfciojiacdjolkabkmn'],stix,Software,"malware,malicious,browser-extension",85,2026-08-19T22:58:58Z,90
indicator,Browser Extension: N/A,Extension ID: iojhbljpppeociniiemjfelmdcgikmep. Category: malware. malicious chrome extensions lists from https://github.com/mallorybowes/chrome-mal-ids. Ref: https://adguard.com/en/blog/fake-ad-blockers-part-3.html,[software:x_extension_id = 'iojhbljpppeociniiemjfelmdcgikmep'],stix,Software,"malware,malicious,browser-extension",85,2026-08-19T22:58:58Z,90
indicator,Browser Extension: N/A,Extension ID: ipgnnndhgeaclopjgiihppbbfnmkmjcm. Category: malware. malicious chrome extensions lists from https://github.com/mallorybowes/chrome-mal-ids. Ref: https://adguard.com/en/blog/fake-ad-blockers-part-3.html,[software:x_extension_id = 'ipgnnndhgeaclopjgiihppbbfnmkmjcm'],stix,Software,"malware,malicious,browser-extension",85,2026-08-19T22:58:58Z,90
indicator,Browser Extension: N/A,Extension ID: jckaglinbbflgcklfgacjdmgpnccmdng. Category: malware. malicious chrome extensions lists from https://github.com/mallorybowes/chrome-mal-ids. Ref: https://adguard.com/en/blog/fake-ad-blockers-part-3.html,[software:x_extension_id = 'jckaglinbbflgcklfgacjdmgpnccmdng'],stix,Software,"malware,malicious,browser-extension",85,2026-08-19T22:58:58Z,90
indicator,Browser Extension: N/A,Extension ID: jfocahgaekfaemhfcfefcodphgpinnch. Category: malware. malicious chrome extensions lists from https://github.com/mallorybowes/chrome-mal-ids. Ref: https://adguard.com/en/blog/fake-ad-blockers-part-3.html,[software:x_extension_id = 'jfocahgaekfaemhfcfefcodphgpinnch'],stix,Software,"malware,malicious,browser-extension",85,2026-08-19T22:58:58Z,90
indicator,Browser Extension: N/A,Extension ID: jgbkgjepkeklblmlhnpjmnbinmifjenc. Category: malware. malicious chrome extensions lists from https://github.com/mallorybowes/chrome-mal-ids. Ref: https://adguard.com/en/blog/fake-ad-blockers-part-3.html,[software:x_extension_id = 'jgbkgjepkeklblmlhnpjmnbinmifjenc'],stix,Software,"malware,malicious,browser-extension",85,2026-08-19T22:58:58Z,90
indicator,Browser Extension: N/A,Extension ID: jlbebokeclkofhchdepbojfhmocdlhfl. Category: malware. malicious chrome extensions lists from https://github.com/mallorybowes/chrome-mal-ids. Ref: https://adguard.com/en/blog/fake-ad-blockers-part-3.html,[software:x_extension_id = 'jlbebokeclkofhchdepbojfhmocdlhfl'],stix,Software,"malware,malicious,browser-extension",85,2026-08-19T22:58:58Z,90
indicator,Browser Extension: N/A,Extension ID: jlbhkoohfmnikpalgglhpadlbeiobkaa. Category: malware. malicious chrome extensions lists from https://github.com/mallorybowes/chrome-mal-ids. Ref: https://adguard.com/en/blog/fake-ad-blockers-part-3.html,[software:x_extension_id = 'jlbhkoohfmnikpalgglhpadlbeiobkaa'],stix,Software,"malware,malicious,browser-extension",85,2026-08-19T22:58:58Z,90
indicator,Browser Extension: N/A,Extension ID: jmlbnlcodmikhdpbjjdemgaebjgmpooa. Category: malware. malicious chrome extensions lists from https://github.com/mallorybowes/chrome-mal-ids. Ref: https://adguard.com/en/blog/fake-ad-blockers-part-3.html,[software:x_extension_id = 'jmlbnlcodmikhdpbjjdemgaebjgmpooa'],stix,Software,"malware,malicious,browser-extension",85,2026-08-19T22:58:58Z,90
indicator,Browser Extension: N/A,Extension ID: jnmckphflgdpioinbjaeckdajkbgcfgg. Category: malware. malicious chrome extensions lists from https://github.com/mallorybowes/chrome-mal-ids. Ref: https://adguard.com/en/blog/fake-ad-blockers-part-3.html,[software:x_extension_id = 'jnmckphflgdpioinbjaeckdajkbgcfgg'],stix,Software,"malware,malicious,browser-extension",85,2026-08-19T22:58:58Z,90
indicator,Browser Extension: N/A,Extension ID: kcjahchbheejjpdpohgfkaoknhcdjjnh. Category: malware. malicious chrome extensions lists from https://github.com/mallorybowes/chrome-mal-ids. Ref: https://adguard.com/en/blog/fake-ad-blockers-part-3.html,[software:x_extension_id = 'kcjahchbheejjpdpohgfkaoknhcdjjnh'],stix,Software,"malware,malicious,browser-extension",85,2026-08-19T22:58:58Z,90
indicator,Browser Extension: N/A,Extension ID: kdihodbgfndblemlklkllhfjhiidbgih. Category: malware. malicious chrome extensions lists from https://github.com/mallorybowes/chrome-mal-ids. Ref: https://adguard.com/en/blog/fake-ad-blockers-part-3.html,[software:x_extension_id = 'kdihodbgfndblemlklkllhfjhiidbgih'],stix,Software,"malware,malicious,browser-extension",85,2026-08-19T22:58:58Z,90
indicator,Browser Extension: N/A,Extension ID: kefmhdhaebhmdeaabcgoaegmgodncebc. Category: malware. malicious chrome extensions lists from https://github.com/mallorybowes/chrome-mal-ids. Ref: https://adguard.com/en/blog/fake-ad-blockers-part-3.html,[software:x_extension_id = 'kefmhdhaebhmdeaabcgoaegmgodncebc'],stix,Software,"malware,malicious,browser-extension",85,2026-08-19T22:58:58Z,90
indicator,Browser Extension: N/A,Extension ID: kicmnilchjfefpceoaiopdpbpkicgjjm. Category: malware. malicious chrome extensions lists from https://github.com/mallorybowes/chrome-mal-ids. Ref: https://adguard.com/en/blog/fake-ad-blockers-part-3.html,[software:x_extension_id = 'kicmnilchjfefpceoaiopdpbpkicgjjm'],stix,Software,"malware,malicious,browser-extension",85,2026-08-19T22:58:58Z,90
indicator,Browser Extension: N/A,Extension ID: kigiheamdfmilbhkfdploghfnndcgkko. Category: malware. malicious chrome extensions lists from https://github.com/mallorybowes/chrome-mal-ids. Ref: https://adguard.com/en/blog/fake-ad-blockers-part-3.html,[software:x_extension_id = 'kigiheamdfmilbhkfdploghfnndcgkko'],stix,Software,"malware,malicious,browser-extension",85,2026-08-19T22:58:58Z,90
indicator,Browser Extension: N/A,Extension ID: kjgceeikbnmddoaggelkkpljdabhghkc. Category: malware. malicious chrome extensions lists from https://github.com/mallorybowes/chrome-mal-ids. Ref: https://adguard.com/en/blog/fake-ad-blockers-part-3.html,[software:x_extension_id = 'kjgceeikbnmddoaggelkkpljdabhghkc'],stix,Software,"malware,malicious,browser-extension",85,2026-08-19T22:58:58Z,90
indicator,Browser Extension: N/A,Extension ID: kkeojhapoadcdlmkjlakdbhfkldbbmgi. Category: malware. malicious chrome extensions lists from https://github.com/mallorybowes/chrome-mal-ids. Ref: https://adguard.com/en/blog/fake-ad-blockers-part-3.html,[software:x_extension_id = 'kkeojhapoadcdlmkjlakdbhfkldbbmgi'],stix,Software,"malware,malicious,browser-extension",85,2026-08-19T22:58:58Z,90
indicator,Browser Extension: N/A,Extension ID: klblfmpeelmpnadjahhdakiomhaepogb. Category: malware. malicious chrome extensions lists from https://github.com/mallorybowes/chrome-mal-ids. Ref: https://adguard.com/en/blog/fake-ad-blockers-part-3.html,[software:x_extension_id = 'klblfmpeelmpnadjahhdakiomhaepogb'],stix,Software,"malware,malicious,browser-extension",85,2026-08-19T22:58:58Z,90
indicator,Browser Extension: N/A,Extension ID: kmfiklhdkhidbmofjbgmpeaogglkndpe. Category: malware. malicious chrome extensions lists from https://github.com/mallorybowes/chrome-mal-ids. Ref: https://adguard.com/en/blog/fake-ad-blockers-part-3.html,[software:x_extension_id = 'kmfiklhdkhidbmofjbgmpeaogglkndpe'],stix,Software,"malware,malicious,browser-extension",85,2026-08-19T22:58:58Z,90
indicator,Browser Extension: N/A,Extension ID: knacgnmpceaffedmgegknkfcnejjhdpp. Category: malware. malicious chrome extensions lists from https://github.com/mallorybowes/chrome-mal-ids. Ref: https://adguard.com/en/blog/fake-ad-blockers-part-3.html,[software:x_extension_id = 'knacgnmpceaffedmgegknkfcnejjhdpp'],stix,Software,"malware,malicious,browser-extension",85,2026-08-19T22:58:58Z,90
indicator,Browser Extension: N/A,Extension ID: kppjffaccdlhfeleafnohmfkgimdjmgg. Category: malware. malicious chrome extensions lists from https://github.com/mallorybowes/chrome-mal-ids. Ref: https://adguard.com/en/blog/fake-ad-blockers-part-3.html,[software:x_extension_id = 'kppjffaccdlhfeleafnohmfkgimdjmgg'],stix,Software,"malware,malicious,browser-extension",85,2026-08-19T22:58:58Z,90
indicator,Browser Extension: N/A,Extension ID: lbbegfjhlhpikmhbdcfcoadegdldmaen. Category: malware. malicious chrome extensions lists from https://github.com/mallorybowes/chrome-mal-ids. Ref: https://adguard.com/en/blog/fake-ad-blockers-part-3.html,[software:x_extension_id = 'lbbegfjhlhpikmhbdcfcoadegdldmaen'],stix,Software,"malware,malicious,browser-extension",85,2026-08-19T22:58:58Z,90
indicator,Browser Extension: N/A,Extension ID: lbjgbekokephmmfllmpglefmoaihklpn. Category: malware. malicious chrome extensions lists from https://github.com/mallorybowes/chrome-mal-ids. Ref: https://adguard.com/en/blog/fake-ad-blockers-part-3.html,[software:x_extension_id = 'lbjgbekokephmmfllmpglefmoaihklpn'],stix,Software,"malware,malicious,browser-extension",85,2026-08-19T22:58:58Z,90
indicator,Browser Extension: N/A,Extension ID: lblnngjkgcpplmddebmefokmccpflhip. Category: malware. malicious chrome extensions lists from https://github.com/mallorybowes/chrome-mal-ids. Ref: https://adguard.com/en/blog/fake-ad-blockers-part-3.html,[software:x_extension_id = 'lblnngjkgcpplmddebmefokmccpflhip'],stix,Software,"malware,malicious,browser-extension",85,2026-08-19T22:58:58Z,90
indicator,Browser Extension: N/A,Extension ID: lcdabcbanafchdlcbdjgngcplnkijala. Category: malware. malicious chrome extensions lists from https://github.com/mallorybowes/chrome-mal-ids. Ref: https://adguard.com/en/blog/fake-ad-blockers-part-3.html,[software:x_extension_id = 'lcdabcbanafchdlcbdjgngcplnkijala'],stix,Software,"malware,malicious,browser-extension",85,2026-08-19T22:58:58Z,90
indicator,Browser Extension: N/A,Extension ID: lcgjhoonomcmjpbnijfohbdhhjmhjlal. Category: malware. malicious chrome extensions lists from https://github.com/mallorybowes/chrome-mal-ids. Ref: https://adguard.com/en/blog/fake-ad-blockers-part-3.html,[software:x_extension_id = 'lcgjhoonomcmjpbnijfohbdhhjmhjlal'],stix,Software,"malware,malicious,browser-extension",85,2026-08-19T22:58:58Z,90
indicator,Browser Extension: N/A,Extension ID: ldkienofjncecbbnmhpngiiidekfcdoe. Category: malware. malicious chrome extensions lists from https://github.com/mallorybowes/chrome-mal-ids. Ref: https://adguard.com/en/blog/fake-ad-blockers-part-3.html,[software:x_extension_id = 'ldkienofjncecbbnmhpngiiidekfcdoe'],stix,Software,"malware,malicious,browser-extension",85,2026-08-19T22:58:58Z,90
indicator,Browser Extension: N/A,Extension ID: lemhpidjofhodofghkakoglahdafpcbe. Category: malware. malicious chrome extensions lists from https://github.com/mallorybowes/chrome-mal-ids. Ref: https://adguard.com/en/blog/fake-ad-blockers-part-3.html,[software:x_extension_id = 'lemhpidjofhodofghkakoglahdafpcbe'],stix,Software,"malware,malicious,browser-extension",85,2026-08-19T22:58:58Z,90
indicator,Browser Extension: N/A,Extension ID: lgekbdjboenacbkiabfkkcpjgacmjcdg. Category: malware. malicious chrome extensions lists from https://github.com/mallorybowes/chrome-mal-ids. Ref: https://adguard.com/en/blog/fake-ad-blockers-part-3.html,[software:x_extension_id = 'lgekbdjboenacbkiabfkkcpjgacmjcdg'],stix,Software,"malware,malicious,browser-extension",85,2026-08-19T22:58:58Z,90
indicator,Browser Extension: N/A,Extension ID: lggmpibegkcnfogpophgnchognofcdgo. Category: malware. malicious chrome extensions lists from https://github.com/mallorybowes/chrome-mal-ids. Ref: https://adguard.com/en/blog/fake-ad-blockers-part-3.html,[software:x_extension_id = 'lggmpibegkcnfogpophgnchognofcdgo'],stix,Software,"malware,malicious,browser-extension",85,2026-08-19T22:58:58Z,90
indicator,Browser Extension: N/A,Extension ID: ljppknljdefmnkckkdjaokhlncbiehgo. Category: malware. malicious chrome extensions lists from https://github.com/mallorybowes/chrome-mal-ids. Ref: https://adguard.com/en/blog/fake-ad-blockers-part-3.html,[software:x_extension_id = 'ljppknljdefmnkckkdjaokhlncbiehgo'],stix,Software,"malware,malicious,browser-extension",85,2026-08-19T22:58:58Z,90
indicator,Browser Extension: N/A,Extension ID: lkdahidfbdadmblpkopllegopldfbhge. Category: malware. malicious chrome extensions lists from https://github.com/mallorybowes/chrome-mal-ids. Ref: https://adguard.com/en/blog/fake-ad-blockers-part-3.html,[software:x_extension_id = 'lkdahidfbdadmblpkopllegopldfbhge'],stix,Software,"malware,malicious,browser-extension",85,2026-08-19T22:58:58Z,90
indicator,Browser Extension: N/A,Extension ID: llngndcpphncgeledehpklbeheadnoan. Category: malware. malicious chrome extensions lists from https://github.com/mallorybowes/chrome-mal-ids. Ref: https://adguard.com/en/blog/fake-ad-blockers-part-3.html,[software:x_extension_id = 'llngndcpphncgeledehpklbeheadnoan'],stix,Software,"malware,malicious,browser-extension",85,2026-08-19T22:58:58Z,90
indicator,Browser Extension: N/A,Extension ID: lmmdoemglmnjenhfcjkhgpkgiedcejmn. Category: malware. malicious chrome extensions lists from https://github.com/mallorybowes/chrome-mal-ids. Ref: https://adguard.com/en/blog/fake-ad-blockers-part-3.html,[software:x_extension_id = 'lmmdoemglmnjenhfcjkhgpkgiedcejmn'],stix,Software,"malware,malicious,browser-extension",85,2026-08-19T22:58:58Z,90
indicator,Browser Extension: N/A,Extension ID: lniooknjghghdjoehegcoinmbhdbhcck. Category: malware. malicious chrome extensions lists from https://github.com/mallorybowes/chrome-mal-ids. Ref: https://adguard.com/en/blog/fake-ad-blockers-part-3.html,[software:x_extension_id = 'lniooknjghghdjoehegcoinmbhdbhcck'],stix,Software,"malware,malicious,browser-extension",85,2026-08-19T22:58:58Z,90
indicator,Browser Extension: N/A,Extension ID: makliapgjjpdkkaikobcmdhkfbfcoafk. Category: malware. malicious chrome extensions lists from https://github.com/mallorybowes/chrome-mal-ids. Ref: https://adguard.com/en/blog/fake-ad-blockers-part-3.html,[software:x_extension_id = 'makliapgjjpdkkaikobcmdhkfbfcoafk'],stix,Software,"malware,malicious,browser-extension",85,2026-08-19T22:58:58Z,90
indicator,Browser Extension: N/A,Extension ID: maohnjppabopdhfkholcdkpehdojnpoc. Category: malware. malicious chrome extensions lists from https://github.com/mallorybowes/chrome-mal-ids. Ref: https://adguard.com/en/blog/fake-ad-blockers-part-3.html,[software:x_extension_id = 'maohnjppabopdhfkholcdkpehdojnpoc'],stix,Software,"malware,malicious,browser-extension",85,2026-08-19T22:58:58Z,90
indicator,Browser Extension: N/A,Extension ID: mcadalidfbmnponoamfdjlahdeheommb. Category: malware. malicious chrome extensions lists from https://github.com/mallorybowes/chrome-mal-ids. Ref: https://adguard.com/en/blog/fake-ad-blockers-part-3.html,[software:x_extension_id = 'mcadalidfbmnponoamfdjlahdeheommb'],stix,Software,"malware,malicious,browser-extension",85,2026-08-19T22:58:58Z,90
indicator,Browser Extension: N/A,Extension ID: mcafdholbcjhepgnpfdogaiagjmlfcon. Category: malware. malicious chrome extensions lists from https://github.com/mallorybowes/chrome-mal-ids. Ref: https://adguard.com/en/blog/fake-ad-blockers-part-3.html,[software:x_extension_id = 'mcafdholbcjhepgnpfdogaiagjmlfcon'],stix,Software,"malware,malicious,browser-extension",85,2026-08-19T22:58:58Z,90
indicator,Browser Extension: N/A,Extension ID: meioomnaphfjchjidcfnbadkbaaoanok. Category: malware. malicious chrome extensions lists from https://github.com/mallorybowes/chrome-mal-ids. Ref: https://adguard.com/en/blog/fake-ad-blockers-part-3.html,[software:x_extension_id = 'meioomnaphfjchjidcfnbadkbaaoanok'],stix,Software,"malware,malicious,browser-extension",85,2026-08-19T22:58:58Z,90
indicator,Browser Extension: N/A,Extension ID: mjbmelinkhpkmbjnocdklkjpiilpikba. Category: malware. malicious chrome extensions lists from https://github.com/mallorybowes/chrome-mal-ids. Ref: https://adguard.com/en/blog/fake-ad-blockers-part-3.html,[software:x_extension_id = 'mjbmelinkhpkmbjnocdklkjpiilpikba'],stix,Software,"malware,malicious,browser-extension",85,2026-08-19T22:58:58Z,90
indicator,Browser Extension: N/A,Extension ID: mkghdamdheccacmkmnchkaoljoflpoek. Category: malware. malicious chrome extensions lists from https://github.com/mallorybowes/chrome-mal-ids. Ref: https://adguard.com/en/blog/fake-ad-blockers-part-3.html,[software:x_extension_id = 'mkghdamdheccacmkmnchkaoljoflpoek'],stix,Software,"malware,malicious,browser-extension",85,2026-08-19T22:58:58Z,90
indicator,Browser Extension: N/A,Extension ID: mkjcnnfcmmniieaidfadidepdgfppfdj. Category: malware. malicious chrome extensions lists from https://github.com/mallorybowes/chrome-mal-ids. Ref: https://adguard.com/en/blog/fake-ad-blockers-part-3.html,[software:x_extension_id = 'mkjcnnfcmmniieaidfadidepdgfppfdj'],stix,Software,"malware,malicious,browser-extension",85,2026-08-19T22:58:58Z,90
indicator,Browser Extension: N/A,Extension ID: mmhaojkmpbmgbkojlagnhmjlfmnaglla. Category: malware. malicious chrome extensions lists from https://github.com/mallorybowes/chrome-mal-ids. Ref: https://adguard.com/en/blog/fake-ad-blockers-part-3.html,[software:x_extension_id = 'mmhaojkmpbmgbkojlagnhmjlfmnaglla'],stix,Software,"malware,malicious,browser-extension",85,2026-08-19T22:58:58Z,90
indicator,Browser Extension: N/A,Extension ID: mmlhchoolkdnmnddgmoohigffekjnofo. Category: malware. malicious chrome extensions lists from https://github.com/mallorybowes/chrome-mal-ids. Ref: https://adguard.com/en/blog/fake-ad-blockers-part-3.html,[software:x_extension_id = 'mmlhchoolkdnmnddgmoohigffekjnofo'],stix,Software,"malware,malicious,browser-extension",85,2026-08-19T22:58:58Z,90
indicator,Browser Extension: N/A,Extension ID: mmmapklofkmbcahafjmiogdbmpagimlp. Category: malware. malicious chrome extensions lists from https://github.com/mallorybowes/chrome-mal-ids. Ref: https://adguard.com/en/blog/fake-ad-blockers-part-3.html,[software:x_extension_id = 'mmmapklofkmbcahafjmiogdbmpagimlp'],stix,Software,"malware,malicious,browser-extension",85,2026-08-19T22:58:58Z,90
indicator,Browser Extension: N/A,Extension ID: mngcfgonjbdbdbifcbhmdiddloganbcc. Category: malware. malicious chrome extensions lists from https://github.com/mallorybowes/chrome-mal-ids. Ref: https://adguard.com/en/blog/fake-ad-blockers-part-3.html,[software:x_extension_id = 'mngcfgonjbdbdbifcbhmdiddloganbcc'],stix,Software,"malware,malicious,browser-extension",85,2026-08-19T22:58:58Z,90
indicator,Browser Extension: N/A,Extension ID: mnnpffgmgkbdllleeihdgfgleomdhacm. Category: malware. malicious chrome extensions lists from https://github.com/mallorybowes/chrome-mal-ids. Ref: https://adguard.com/en/blog/fake-ad-blockers-part-3.html,[software:x_extension_id = 'mnnpffgmgkbdllleeihdgfgleomdhacm'],stix,Software,"malware,malicious,browser-extension",85,2026-08-19T22:58:58Z,90
indicator,Browser Extension: N/A,Extension ID: moalaminambcgbljenplldelnhnaikke. Category: malware. malicious chrome extensions lists from https://github.com/mallorybowes/chrome-mal-ids. Ref: https://adguard.com/en/blog/fake-ad-blockers-part-3.html,[software:x_extension_id = 'moalaminambcgbljenplldelnhnaikke'],stix,Software,"malware,malicious,browser-extension",85,2026-08-19T22:58:58Z,90
indicator,Browser Extension: N/A,Extension ID: moljhdcbomchgdffhddpicbokacnbjoj. Category: malware. malicious chrome extensions lists from https://github.com/mallorybowes/chrome-mal-ids. Ref: https://adguard.com/en/blog/fake-ad-blockers-part-3.html,[software:x_extension_id = 'moljhdcbomchgdffhddpicbokacnbjoj'],stix,Software,"malware,malicious,browser-extension",85,2026-08-19T22:58:58Z,90
indicator,Browser Extension: N/A,Extension ID: mpdpjfobafahmgicjmpnfklbphhlacel. Category: malware. malicious chrome extensions lists from https://github.com/mallorybowes/chrome-mal-ids. Ref: https://adguard.com/en/blog/fake-ad-blockers-part-3.html,[software:x_extension_id = 'mpdpjfobafahmgicjmpnfklbphhlacel'],stix,Software,"malware,malicious,browser-extension",85,2026-08-19T22:58:58Z,90
indicator,Browser Extension: N/A,Extension ID: mpfleoaldoclbjhfkgbmnelkkbolbegl. Category: malware. malicious chrome extensions lists from https://github.com/mallorybowes/chrome-mal-ids. Ref: https://adguard.com/en/blog/fake-ad-blockers-part-3.html,[software:x_extension_id = 'mpfleoaldoclbjhfkgbmnelkkbolbegl'],stix,Software,"malware,malicious,browser-extension",85,2026-08-19T22:58:58Z,90
indicator,Browser Extension: N/A,Extension ID: nafbodmhgaabbfchodpkmpnibgjmeeei. Category: malware. malicious chrome extensions lists from https://github.com/mallorybowes/chrome-mal-ids. Ref: https://adguard.com/en/blog/fake-ad-blockers-part-3.html,[software:x_extension_id = 'nafbodmhgaabbfchodpkmpnibgjmeeei'],stix,Software,"malware,malicious,browser-extension",85,2026-08-19T22:58:58Z,90
indicator,Browser Extension: N/A,Extension ID: naofchadlleomaipaienfedidkiodamo. Category: malware. malicious chrome extensions lists from https://github.com/mallorybowes/chrome-mal-ids. Ref: https://adguard.com/en/blog/fake-ad-blockers-part-3.html,[software:x_extension_id = 'naofchadlleomaipaienfedidkiodamo'],stix,Software,"malware,malicious,browser-extension",85,2026-08-19T22:58:58Z,90
indicator,Browser Extension: N/A,Extension ID: nbbeiofjfjmnicfhkfbjdggbclmbaioc. Category: malware. malicious chrome extensions lists from https://github.com/mallorybowes/chrome-mal-ids. Ref: https://adguard.com/en/blog/fake-ad-blockers-part-3.html,[software:x_extension_id = 'nbbeiofjfjmnicfhkfbjdggbclmbaioc'],stix,Software,"malware,malicious,browser-extension",85,2026-08-19T22:58:58Z,90
indicator,Browser Extension: N/A,Extension ID: nbblafbmmogmlhejjondcclcgbkdmjln. Category: malware. malicious chrome extensions lists from https://github.com/mallorybowes/chrome-mal-ids. Ref: https://adguard.com/en/blog/fake-ad-blockers-part-3.html,[software:x_extension_id = 'nbblafbmmogmlhejjondcclcgbkdmjln'],stix,Software,"malware,malicious,browser-extension",85,2026-08-19T22:58:58Z,90
indicator,Browser Extension: N/A,Extension ID: nbekcbebginchflfegofcjjmojpppnad. Category: malware. malicious chrome extensions lists from https://github.com/mallorybowes/chrome-mal-ids. Ref: https://adguard.com/en/blog/fake-ad-blockers-part-3.html,[software:x_extension_id = 'nbekcbebginchflfegofcjjmojpppnad'],stix,Software,"malware,malicious,browser-extension",85,2026-08-19T22:58:58Z,90
indicator,Browser Extension: N/A,Extension ID: nbhjdcacphemibgeamjkmeknfeffgngk. Category: malware. malicious chrome extensions lists from https://github.com/mallorybowes/chrome-mal-ids. Ref: https://adguard.com/en/blog/fake-ad-blockers-part-3.html,[software:x_extension_id = 'nbhjdcacphemibgeamjkmeknfeffgngk'],stix,Software,"malware,malicious,browser-extension",85,2026-08-19T22:58:58Z,90
indicator,Browser Extension: N/A,Extension ID: nchffcpkbehklpbdodlakgdbnkdcnpbi. Category: malware. malicious chrome extensions lists from https://github.com/mallorybowes/chrome-mal-ids. Ref: https://adguard.com/en/blog/fake-ad-blockers-part-3.html,[software:x_extension_id = 'nchffcpkbehklpbdodlakgdbnkdcnpbi'],stix,Software,"malware,malicious,browser-extension",85,2026-08-19T22:58:58Z,90
indicator,Browser Extension: N/A,Extension ID: nckldhnoondmiheikhblobkgcfchcbld. Category: malware. malicious chrome extensions lists from https://github.com/mallorybowes/chrome-mal-ids. Ref: https://adguard.com/en/blog/fake-ad-blockers-part-3.html,[software:x_extension_id = 'nckldhnoondmiheikhblobkgcfchcbld'],stix,Software,"malware,malicious,browser-extension",85,2026-08-19T22:58:58Z,90
indicator,Browser Extension: N/A,Extension ID: ncnonnloajjbpdpgnelmlbflmbhlilid. Category: malware. malicious chrome extensions lists from https://github.com/mallorybowes/chrome-mal-ids. Ref: https://adguard.com/en/blog/fake-ad-blockers-part-3.html,[software:x_extension_id = 'ncnonnloajjbpdpgnelmlbflmbhlilid'],stix,Software,"malware,malicious,browser-extension",85,2026-08-19T22:58:58Z,90
indicator,Browser Extension: N/A,Extension ID: ncpjlhellnlcjnjmablbaingipdemidh. Category: malware. malicious chrome extensions lists from https://github.com/mallorybowes/chrome-mal-ids. Ref: https://adguard.com/en/blog/fake-ad-blockers-part-3.html,[software:x_extension_id = 'ncpjlhellnlcjnjmablbaingipdemidh'],stix,Software,"malware,malicious,browser-extension",85,2026-08-19T22:58:58Z,90
indicator,Browser Extension: N/A,Extension ID: ndchgkeilnpiefnoagcbnlellpcfmjic. Category: malware. malicious chrome extensions lists from https://github.com/mallorybowes/chrome-mal-ids. Ref: https://adguard.com/en/blog/fake-ad-blockers-part-3.html,[software:x_extension_id = 'ndchgkeilnpiefnoagcbnlellpcfmjic'],stix,Software,"malware,malicious,browser-extension",85,2026-08-19T22:58:58Z,90
indicator,Browser Extension: N/A,Extension ID: ndeejbgcbhehjpjmngniokeleedmjmap. Category: malware. malicious chrome extensions lists from https://github.com/mallorybowes/chrome-mal-ids. Ref: https://adguard.com/en/blog/fake-ad-blockers-part-3.html,[software:x_extension_id = 'ndeejbgcbhehjpjmngniokeleedmjmap'],stix,Software,"malware,malicious,browser-extension",85,2026-08-19T22:58:58Z,90
indicator,Browser Extension: N/A,Extension ID: ndihciopmidkbamcfgpdmojcpalolfgo. Category: malware. malicious chrome extensions lists from https://github.com/mallorybowes/chrome-mal-ids. Ref: https://adguard.com/en/blog/fake-ad-blockers-part-3.html,[software:x_extension_id = 'ndihciopmidkbamcfgpdmojcpalolfgo'],stix,Software,"malware,malicious,browser-extension",85,2026-08-19T22:58:58Z,90
indicator,Browser Extension: N/A,Extension ID: neafafemicnbclhpojeoiemihogeejhl. Category: malware. malicious chrome extensions lists from https://github.com/mallorybowes/chrome-mal-ids. Ref: https://adguard.com/en/blog/fake-ad-blockers-part-3.html,[software:x_extension_id = 'neafafemicnbclhpojeoiemihogeejhl'],stix,Software,"malware,malicious,browser-extension",85,2026-08-19T22:58:58Z,90
indicator,Browser Extension: N/A,Extension ID: nekimocmhfdimckbgchifahcgafhnagb. Category: malware. malicious chrome extensions lists from https://github.com/mallorybowes/chrome-mal-ids. Ref: https://adguard.com/en/blog/fake-ad-blockers-part-3.html,[software:x_extension_id = 'nekimocmhfdimckbgchifahcgafhnagb'],stix,Software,"malware,malicious,browser-extension",85,2026-08-19T22:58:58Z,90
indicator,Browser Extension: N/A,Extension ID: nenaiblmmandfgaiifppcegejpinkebl. Category: malware. malicious chrome extensions lists from https://github.com/mallorybowes/chrome-mal-ids. Ref: https://adguard.com/en/blog/fake-ad-blockers-part-3.html,[software:x_extension_id = 'nenaiblmmandfgaiifppcegejpinkebl'],stix,Software,"malware,malicious,browser-extension",85,2026-08-19T22:58:58Z,90
indicator,Browser Extension: N/A,Extension ID: neplbnhjlkmpekfcjibdidioejnhejfl. Category: malware. malicious chrome extensions lists from https://github.com/mallorybowes/chrome-mal-ids. Ref: https://adguard.com/en/blog/fake-ad-blockers-part-3.html,[software:x_extension_id = 'neplbnhjlkmpekfcjibdidioejnhejfl'],stix,Software,"malware,malicious,browser-extension",85,2026-08-19T22:58:58Z,90
indicator,Browser Extension: N/A,Extension ID: nepnhilmahdmejhghfbjhhabaioioeel. Category: malware. malicious chrome extensions lists from https://github.com/mallorybowes/chrome-mal-ids. Ref: https://adguard.com/en/blog/fake-ad-blockers-part-3.html,[software:x_extension_id = 'nepnhilmahdmejhghfbjhhabaioioeel'],stix,Software,"malware,malicious,browser-extension",85,2026-08-19T22:58:58Z,90
indicator,Browser Extension: N/A,Extension ID: nfanjklinojeimbhmfliomdihldjhfpm. Category: malware. malicious chrome extensions lists from https://github.com/mallorybowes/chrome-mal-ids. Ref: https://adguard.com/en/blog/fake-ad-blockers-part-3.html,[software:x_extension_id = 'nfanjklinojeimbhmfliomdihldjhfpm'],stix,Software,"malware,malicious,browser-extension",85,2026-08-19T22:58:58Z,90
indicator,Browser Extension: N/A,Extension ID: nfebelgoldoapjgfkekcmbddpljakakp. Category: malware. malicious chrome extensions lists from https://github.com/mallorybowes/chrome-mal-ids. Ref: https://adguard.com/en/blog/fake-ad-blockers-part-3.html,[software:x_extension_id = 'nfebelgoldoapjgfkekcmbddpljakakp'],stix,Software,"malware,malicious,browser-extension",85,2026-08-19T22:58:58Z,90
indicator,Browser Extension: N/A,Extension ID: nfhbpopnbgigkljgmelpfncnghjpdopf. Category: malware. malicious chrome extensions lists from https://github.com/mallorybowes/chrome-mal-ids. Ref: https://adguard.com/en/blog/fake-ad-blockers-part-3.html,[software:x_extension_id = 'nfhbpopnbgigkljgmelpfncnghjpdopf'],stix,Software,"malware,malicious,browser-extension",85,2026-08-19T22:58:58Z,90
indicator,Browser Extension: N/A,Extension ID: nfpnclghflfcgkgdjcbpoljlafndbomk. Category: malware. malicious chrome extensions lists from https://github.com/mallorybowes/chrome-mal-ids. Ref: https://adguard.com/en/blog/fake-ad-blockers-part-3.html,[software:x_extension_id = 'nfpnclghflfcgkgdjcbpoljlafndbomk'],stix,Software,"malware,malicious,browser-extension",85,2026-08-19T22:58:58Z,90
indicator,Browser Extension: N/A,Extension ID: ngaccohdjpkgnghichikgcpfagnoeeim. Category: malware. malicious chrome extensions lists from https://github.com/mallorybowes/chrome-mal-ids. Ref: https://adguard.com/en/blog/fake-ad-blockers-part-3.html,[software:x_extension_id = 'ngaccohdjpkgnghichikgcpfagnoeeim'],stix,Software,"malware,malicious,browser-extension",85,2026-08-19T22:58:58Z,90
indicator,Browser Extension: N/A,Extension ID: ngajighkghnbfnleddljedblnjaggebo. Category: malware. malicious chrome extensions lists from https://github.com/mallorybowes/chrome-mal-ids. Ref: https://adguard.com/en/blog/fake-ad-blockers-part-3.html,[software:x_extension_id = 'ngajighkghnbfnleddljedblnjaggebo'],stix,Software,"malware,malicious,browser-extension",85,2026-08-19T22:58:58Z,90
indicator,Browser Extension: N/A,Extension ID: ngchnhjdpgpkapghgpncmommhelegfbh. Category: malware. malicious chrome extensions lists from https://github.com/mallorybowes/chrome-mal-ids. Ref: https://adguard.com/en/blog/fake-ad-blockers-part-3.html,[software:x_extension_id = 'ngchnhjdpgpkapghgpncmommhelegfbh'],stix,Software,"malware,malicious,browser-extension",85,2026-08-19T22:58:58Z,90
indicator,Browser Extension: N/A,Extension ID: ngeofnobniohmdmdkliflkeppfgbjpgn. Category: malware. malicious chrome extensions lists from https://github.com/mallorybowes/chrome-mal-ids. Ref: https://adguard.com/en/blog/fake-ad-blockers-part-3.html,[software:x_extension_id = 'ngeofnobniohmdmdkliflkeppfgbjpgn'],stix,Software,"malware,malicious,browser-extension",85,2026-08-19T22:58:58Z,90
indicator,Browser Extension: N/A,Extension ID: nglggaejaflihehbajhppedepephbfae. Category: malware. malicious chrome extensions lists from https://github.com/mallorybowes/chrome-mal-ids. Ref: https://adguard.com/en/blog/fake-ad-blockers-part-3.html,[software:x_extension_id = 'nglggaejaflihehbajhppedepephbfae'],stix,Software,"malware,malicious,browser-extension",85,2026-08-19T22:58:58Z,90
indicator,Browser Extension: N/A,Extension ID: nhnemamgicdjigoedllaicngcfihkmhf. Category: malware. malicious chrome extensions lists from https://github.com/mallorybowes/chrome-mal-ids. Ref: https://adguard.com/en/blog/fake-ad-blockers-part-3.html,[software:x_extension_id = 'nhnemamgicdjigoedllaicngcfihkmhf'],stix,Software,"malware,malicious,browser-extension",85,2026-08-19T22:58:58Z,90
indicator,Browser Extension: N/A,Extension ID: nhneoegahiihkkgdindfdnobhhhlpfnm. Category: malware. malicious chrome extensions lists from https://github.com/mallorybowes/chrome-mal-ids. Ref: https://adguard.com/en/blog/fake-ad-blockers-part-3.html,[software:x_extension_id = 'nhneoegahiihkkgdindfdnobhhhlpfnm'],stix,Software,"malware,malicious,browser-extension",85,2026-08-19T22:58:58Z,90
indicator,Browser Extension: N/A,Extension ID: njablodeioakdgahodegclphmnbaphin. Category: malware. malicious chrome extensions lists from https://github.com/mallorybowes/chrome-mal-ids. Ref: https://adguard.com/en/blog/fake-ad-blockers-part-3.html,[software:x_extension_id = 'njablodeioakdgahodegclphmnbaphin'],stix,Software,"malware,malicious,browser-extension",85,2026-08-19T22:58:58Z,90
indicator,Browser Extension: N/A,Extension ID: njdegihoinoiplfpbcckmjahlnpeipii. Category: malware. malicious chrome extensions lists from https://github.com/mallorybowes/chrome-mal-ids. Ref: https://adguard.com/en/blog/fake-ad-blockers-part-3.html,[software:x_extension_id = 'njdegihoinoiplfpbcckmjahlnpeipii'],stix,Software,"malware,malicious,browser-extension",85,2026-08-19T22:58:58Z,90
indicator,Browser Extension: N/A,Extension ID: njliieipbkencklladfemkkipmfcjiom. Category: malware. malicious chrome extensions lists from https://github.com/mallorybowes/chrome-mal-ids. Ref: https://adguard.com/en/blog/fake-ad-blockers-part-3.html,[software:x_extension_id = 'njliieipbkencklladfemkkipmfcjiom'],stix,Software,"malware,malicious,browser-extension",85,2026-08-19T22:58:58Z,90
indicator,Browser Extension: N/A,Extension ID: nklckhbegicdajpehmmpbnpelkdjmdoc. Category: malware. malicious chrome extensions lists from https://github.com/mallorybowes/chrome-mal-ids. Ref: https://adguard.com/en/blog/fake-ad-blockers-part-3.html,[software:x_extension_id = 'nklckhbegicdajpehmmpbnpelkdjmdoc'],stix,Software,"malware,malicious,browser-extension",85,2026-08-19T22:58:58Z,90
indicator,Browser Extension: N/A,Extension ID: nkopnpaipcceikcmfcjlacgkjoglodag. Category: malware. malicious chrome extensions lists from https://github.com/mallorybowes/chrome-mal-ids. Ref: https://adguard.com/en/blog/fake-ad-blockers-part-3.html,[software:x_extension_id = 'nkopnpaipcceikcmfcjlacgkjoglodag'],stix,Software,"malware,malicious,browser-extension",85,2026-08-19T22:58:58Z,90
indicator,Browser Extension: N/A,Extension ID: nldffbaphciaaophmdnikgkengbmigli. Category: malware. malicious chrome extensions lists from https://github.com/mallorybowes/chrome-mal-ids. Ref: https://adguard.com/en/blog/fake-ad-blockers-part-3.html,[software:x_extension_id = 'nldffbaphciaaophmdnikgkengbmigli'],stix,Software,"malware,malicious,browser-extension",85,2026-08-19T22:58:58Z,90
indicator,Browser Extension: N/A,Extension ID: nmkfcjaghjoedelgkomoifnpdejjpcbj. Category: malware. malicious chrome extensions lists from https://github.com/mallorybowes/chrome-mal-ids. Ref: https://adguard.com/en/blog/fake-ad-blockers-part-3.html,[software:x_extension_id = 'nmkfcjaghjoedelgkomoifnpdejjpcbj'],stix,Software,"malware,malicious,browser-extension",85,2026-08-19T22:58:58Z,90
indicator,Browser Extension: N/A,Extension ID: nmlmdkblidkckbhidgfgghajlkgjijkp. Category: malware. malicious chrome extensions lists from https://github.com/mallorybowes/chrome-mal-ids. Ref: https://adguard.com/en/blog/fake-ad-blockers-part-3.html,[software:x_extension_id = 'nmlmdkblidkckbhidgfgghajlkgjijkp'],stix,Software,"malware,malicious,browser-extension",85,2026-08-19T22:58:58Z,90
indicator,Browser Extension: N/A,Extension ID: nnceiipjfkdobpenbmnajbkdfiklajgl. Category: malware. malicious chrome extensions lists from https://github.com/mallorybowes/chrome-mal-ids. Ref: https://adguard.com/en/blog/fake-ad-blockers-part-3.html,[software:x_extension_id = 'nnceiipjfkdobpenbmnajbkdfiklajgl'],stix,Software,"malware,malicious,browser-extension",85,2026-08-19T22:58:58Z,90
indicator,Browser Extension: N/A,Extension ID: noiinnecebffnjggilfhailhhgdilbld. Category: malware. malicious chrome extensions lists from https://github.com/mallorybowes/chrome-mal-ids. Ref: https://adguard.com/en/blog/fake-ad-blockers-part-3.html,[software:x_extension_id = 'noiinnecebffnjggilfhailhhgdilbld'],stix,Software,"malware,malicious,browser-extension",85,2026-08-19T22:58:58Z,90
indicator,Browser Extension: N/A,Extension ID: nojmjafalbmmoohpmjphalepmfnmhfao. Category: malware. malicious chrome extensions lists from https://github.com/mallorybowes/chrome-mal-ids. Ref: https://adguard.com/en/blog/fake-ad-blockers-part-3.html,[software:x_extension_id = 'nojmjafalbmmoohpmjphalepmfnmhfao'],stix,Software,"malware,malicious,browser-extension",85,2026-08-19T22:58:58Z,90
indicator,Browser Extension: N/A,Extension ID: npcndkopgafkjggoledlgfblodppnckj. Category: malware. malicious chrome extensions lists from https://github.com/mallorybowes/chrome-mal-ids. Ref: https://adguard.com/en/blog/fake-ad-blockers-part-3.html,[software:x_extension_id = 'npcndkopgafkjggoledlgfblodppnckj'],stix,Software,"malware,malicious,browser-extension",85,2026-08-19T22:58:58Z,90
indicator,Browser Extension: N/A,Extension ID: nphiadicgehlpbniemnkhinphngoeaeg. Category: malware. malicious chrome extensions lists from https://github.com/mallorybowes/chrome-mal-ids. Ref: https://adguard.com/en/blog/fake-ad-blockers-part-3.html,[software:x_extension_id = 'nphiadicgehlpbniemnkhinphngoeaeg'],stix,Software,"malware,malicious,browser-extension",85,2026-08-19T22:58:58Z,90
indicator,Browser Extension: N/A,Extension ID: oaihijkoodmmaibfhojdinffpinmhdji. Category: malware. malicious chrome extensions lists from https://github.com/mallorybowes/chrome-mal-ids. Ref: https://adguard.com/en/blog/fake-ad-blockers-part-3.html,[software:x_extension_id = 'oaihijkoodmmaibfhojdinffpinmhdji'],stix,Software,"malware,malicious,browser-extension",85,2026-08-19T22:58:58Z,90
indicator,Browser Extension: N/A,Extension ID: oanlnaeipdakcmafockfiekhdklfidjb. Category: malware. malicious chrome extensions lists from https://github.com/mallorybowes/chrome-mal-ids. Ref: https://adguard.com/en/blog/fake-ad-blockers-part-3.html,[software:x_extension_id = 'oanlnaeipdakcmafockfiekhdklfidjb'],stix,Software,"malware,malicious,browser-extension",85,2026-08-19T22:58:58Z,90
indicator,Browser Extension: N/A,Extension ID: oanplobhgngkpkpeihcdojkongpiheci. Category: malware. malicious chrome extensions lists from https://github.com/mallorybowes/chrome-mal-ids. Ref: https://adguard.com/en/blog/fake-ad-blockers-part-3.html,[software:x_extension_id = 'oanplobhgngkpkpeihcdojkongpiheci'],stix,Software,"malware,malicious,browser-extension",85,2026-08-19T22:58:58Z,90
indicator,Browser Extension: N/A,Extension ID: obahibdkmhmnenkcdpakilchcppihopl. Category: malware. malicious chrome extensions lists from https://github.com/mallorybowes/chrome-mal-ids. Ref: https://adguard.com/en/blog/fake-ad-blockers-part-3.html,[software:x_extension_id = 'obahibdkmhmnenkcdpakilchcppihopl'],stix,Software,"malware,malicious,browser-extension",85,2026-08-19T22:58:58Z,90
indicator,Browser Extension: N/A,Extension ID: obgdpcjbebcaphmigjhogcikejnlbjgl. Category: malware. malicious chrome extensions lists from https://github.com/mallorybowes/chrome-mal-ids. Ref: https://adguard.com/en/blog/fake-ad-blockers-part-3.html,[software:x_extension_id = 'obgdpcjbebcaphmigjhogcikejnlbjgl'],stix,Software,"malware,malicious,browser-extension",85,2026-08-19T22:58:58Z,90
indicator,Browser Extension: N/A,Extension ID: ocfpmgbbkjeblbhdehminjdjffhcidbi. Category: malware. malicious chrome extensions lists from https://github.com/mallorybowes/chrome-mal-ids. Ref: https://adguard.com/en/blog/fake-ad-blockers-part-3.html,[software:x_extension_id = 'ocfpmgbbkjeblbhdehminjdjffhcidbi'],stix,Software,"malware,malicious,browser-extension",85,2026-08-19T22:58:58Z,90
indicator,Browser Extension: N/A,Extension ID: ocgfhclcahimdhfjgmakmfdnhomofljo. Category: malware. malicious chrome extensions lists from https://github.com/mallorybowes/chrome-mal-ids. Ref: https://adguard.com/en/blog/fake-ad-blockers-part-3.html,[software:x_extension_id = 'ocgfhclcahimdhfjgmakmfdnhomofljo'],stix,Software,"malware,malicious,browser-extension",85,2026-08-19T22:58:58Z,90
indicator,Browser Extension: N/A,Extension ID: ocponkhpfikgnggeflddgkfcmhjejedo. Category: malware. malicious chrome extensions lists from https://github.com/mallorybowes/chrome-mal-ids. Ref: https://adguard.com/en/blog/fake-ad-blockers-part-3.html,[software:x_extension_id = 'ocponkhpfikgnggeflddgkfcmhjejedo'],stix,Software,"malware,malicious,browser-extension",85,2026-08-19T22:58:58Z,90
indicator,Browser Extension: N/A,Extension ID: odoenahafpbigcelejhbkkhnjfleanok. Category: malware. malicious chrome extensions lists from https://github.com/mallorybowes/chrome-mal-ids. Ref: https://adguard.com/en/blog/fake-ad-blockers-part-3.html,[software:x_extension_id = 'odoenahafpbigcelejhbkkhnjfleanok'],stix,Software,"malware,malicious,browser-extension",85,2026-08-19T22:58:58Z,90
indicator,Browser Extension: N/A,Extension ID: oehamnhnpejphgpkgnenefolepinadjj. Category: malware. malicious chrome extensions lists from https://github.com/mallorybowes/chrome-mal-ids. Ref: https://adguard.com/en/blog/fake-ad-blockers-part-3.html,[software:x_extension_id = 'oehamnhnpejphgpkgnenefolepinadjj'],stix,Software,"malware,malicious,browser-extension",85,2026-08-19T22:58:58Z,90
indicator,Browser Extension: N/A,Extension ID: oejbnchocabaoicconfnbjghebmbfemc. Category: malware. malicious chrome extensions lists from https://github.com/mallorybowes/chrome-mal-ids. Ref: https://adguard.com/en/blog/fake-ad-blockers-part-3.html,[software:x_extension_id = 'oejbnchocabaoicconfnbjghebmbfemc'],stix,Software,"malware,malicious,browser-extension",85,2026-08-19T22:58:58Z,90
indicator,Browser Extension: N/A,Extension ID: oejmcobpfiiladgbfpknibppfnekbolo. Category: malware. malicious chrome extensions lists from https://github.com/mallorybowes/chrome-mal-ids. Ref: https://adguard.com/en/blog/fake-ad-blockers-part-3.html,[software:x_extension_id = 'oejmcobpfiiladgbfpknibppfnekbolo'],stix,Software,"malware,malicious,browser-extension",85,2026-08-19T22:58:58Z,90
indicator,Browser Extension: N/A,Extension ID: oemkcngaaomgokaclafmkcgcpbfelmnb. Category: malware. malicious chrome extensions lists from https://github.com/mallorybowes/chrome-mal-ids. Ref: https://adguard.com/en/blog/fake-ad-blockers-part-3.html,[software:x_extension_id = 'oemkcngaaomgokaclafmkcgcpbfelmnb'],stix,Software,"malware,malicious,browser-extension",85,2026-08-19T22:58:58Z,90
indicator,Browser Extension: N/A,Extension ID: ofbfieekadnmifbaoigkcffobkkjblep. Category: malware. malicious chrome extensions lists from https://github.com/mallorybowes/chrome-mal-ids. Ref: https://adguard.com/en/blog/fake-ad-blockers-part-3.html,[software:x_extension_id = 'ofbfieekadnmifbaoigkcffobkkjblep'],stix,Software,"malware,malicious,browser-extension",85,2026-08-19T22:58:58Z,90
indicator,Browser Extension: N/A,Extension ID: ofgihclaiecmjbfjnajjimdbjnbiimkk. Category: malware. malicious chrome extensions lists from https://github.com/mallorybowes/chrome-mal-ids. Ref: https://adguard.com/en/blog/fake-ad-blockers-part-3.html,[software:x_extension_id = 'ofgihclaiecmjbfjnajjimdbjnbiimkk'],stix,Software,"malware,malicious,browser-extension",85,2026-08-19T22:58:58Z,90
indicator,Browser Extension: N/A,Extension ID: ofkjndegefemablfmefngnpchlhapdmi. Category: malware. malicious chrome extensions lists from https://github.com/mallorybowes/chrome-mal-ids. Ref: https://adguard.com/en/blog/fake-ad-blockers-part-3.html,[software:x_extension_id = 'ofkjndegefemablfmefngnpchlhapdmi'],stix,Software,"malware,malicious,browser-extension",85,2026-08-19T22:58:58Z,90
indicator,Browser Extension: N/A,Extension ID: ofockibbbgfclddbpbhhohdldgkomhgm. Category: malware. malicious chrome extensions lists from https://github.com/mallorybowes/chrome-mal-ids. Ref: https://adguard.com/en/blog/fake-ad-blockers-part-3.html,[software:x_extension_id = 'ofockibbbgfclddbpbhhohdldgkomhgm'],stix,Software,"malware,malicious,browser-extension",85,2026-08-19T22:58:58Z,90
indicator,Browser Extension: N/A,Extension ID: ogegpnamjdpcadpldhijjlhkicgbnkjj. Category: malware. malicious chrome extensions lists from https://github.com/mallorybowes/chrome-mal-ids. Ref: https://adguard.com/en/blog/fake-ad-blockers-part-3.html,[software:x_extension_id = 'ogegpnamjdpcadpldhijjlhkicgbnkjj'],stix,Software,"malware,malicious,browser-extension",85,2026-08-19T22:58:58Z,90
indicator,Browser Extension: N/A,Extension ID: ogiaghccmoklogdlbchapejmjnnlichn. Category: malware. malicious chrome extensions lists from https://github.com/mallorybowes/chrome-mal-ids. Ref: https://adguard.com/en/blog/fake-ad-blockers-part-3.html,[software:x_extension_id = 'ogiaghccmoklogdlbchapejmjnnlichn'],stix,Software,"malware,malicious,browser-extension",85,2026-08-19T22:58:58Z,90
indicator,Browser Extension: N/A,Extension ID: ohjoklkmollkbcibgddolpmpgaoophfl. Category: malware. malicious chrome extensions lists from https://github.com/mallorybowes/chrome-mal-ids. Ref: https://adguard.com/en/blog/fake-ad-blockers-part-3.html,[software:x_extension_id = 'ohjoklkmollkbcibgddolpmpgaoophfl'],stix,Software,"malware,malicious,browser-extension",85,2026-08-19T22:58:58Z,90
indicator,Browser Extension: N/A,Extension ID: ohobkendnpiijpeiaimjbannfcmhaogi. Category: malware. malicious chrome extensions lists from https://github.com/mallorybowes/chrome-mal-ids. Ref: https://adguard.com/en/blog/fake-ad-blockers-part-3.html,[software:x_extension_id = 'ohobkendnpiijpeiaimjbannfcmhaogi'],stix,Software,"malware,malicious,browser-extension",85,2026-08-19T22:58:58Z,90
indicator,Browser Extension: N/A,Extension ID: ohoingjkmkkoffkdmbpipdncbkhaaefd. Category: malware. malicious chrome extensions lists from https://github.com/mallorybowes/chrome-mal-ids. Ref: https://adguard.com/en/blog/fake-ad-blockers-part-3.html,[software:x_extension_id = 'ohoingjkmkkoffkdmbpipdncbkhaaefd'],stix,Software,"malware,malicious,browser-extension",85,2026-08-19T22:58:58Z,90
indicator,Browser Extension: N/A,Extension ID: oihecidjnjpjfeefkambkjgebbmpahgn. Category: malware. malicious chrome extensions lists from https://github.com/mallorybowes/chrome-mal-ids. Ref: https://adguard.com/en/blog/fake-ad-blockers-part-3.html,[software:x_extension_id = 'oihecidjnjpjfeefkambkjgebbmpahgn'],stix,Software,"malware,malicious,browser-extension",85,2026-08-19T22:58:58Z,90
indicator,Browser Extension: N/A,Extension ID: oilikkahlcnchaipbojfgejapechblbl. Category: malware. malicious chrome extensions lists from https://github.com/mallorybowes/chrome-mal-ids. Ref: https://adguard.com/en/blog/fake-ad-blockers-part-3.html,[software:x_extension_id = 'oilikkahlcnchaipbojfgejapechblbl'],stix,Software,"malware,malicious,browser-extension",85,2026-08-19T22:58:58Z,90
indicator,Browser Extension: N/A,Extension ID: ojfjgkolegfhneacbgcjaoajfgcfoapf. Category: malware. malicious chrome extensions lists from https://github.com/mallorybowes/chrome-mal-ids. Ref: https://adguard.com/en/blog/fake-ad-blockers-part-3.html,[software:x_extension_id = 'ojfjgkolegfhneacbgcjaoajfgcfoapf'],stix,Software,"malware,malicious,browser-extension",85,2026-08-19T22:58:58Z,90
indicator,Browser Extension: N/A,Extension ID: ojhlagjgjbjfgllocdhlpnkbdlcipnmo. Category: malware. malicious chrome extensions lists from https://github.com/mallorybowes/chrome-mal-ids. Ref: https://adguard.com/en/blog/fake-ad-blockers-part-3.html,[software:x_extension_id = 'ojhlagjgjbjfgllocdhlpnkbdlcipnmo'],stix,Software,"malware,malicious,browser-extension",85,2026-08-19T22:58:58Z,90
indicator,Browser Extension: N/A,Extension ID: ojmpgbcmiimbkmjfgmcneplkneleehcc. Category: malware. malicious chrome extensions lists from https://github.com/mallorybowes/chrome-mal-ids. Ref: https://adguard.com/en/blog/fake-ad-blockers-part-3.html,[software:x_extension_id = 'ojmpgbcmiimbkmjfgmcneplkneleehcc'],stix,Software,"malware,malicious,browser-extension",85,2026-08-19T22:58:58Z,90
indicator,Browser Extension: N/A,Extension ID: ojnlggfhmoioajgmnelfdpjojaeknjog. Category: malware. malicious chrome extensions lists from https://github.com/mallorybowes/chrome-mal-ids. Ref: https://adguard.com/en/blog/fake-ad-blockers-part-3.html,[software:x_extension_id = 'ojnlggfhmoioajgmnelfdpjojaeknjog'],stix,Software,"malware,malicious,browser-extension",85,2026-08-19T22:58:58Z,90
indicator,Browser Extension: N/A,Extension ID: okgnpdnekilbcgcfeheanbpbhnhmopfc. Category: malware. malicious chrome extensions lists from https://github.com/mallorybowes/chrome-mal-ids. Ref: https://adguard.com/en/blog/fake-ad-blockers-part-3.html,[software:x_extension_id = 'okgnpdnekilbcgcfeheanbpbhnhmopfc'],stix,Software,"malware,malicious,browser-extension",85,2026-08-19T22:58:58Z,90
indicator,Browser Extension: N/A,Extension ID: okjdiicjoeloipmgdopdmhpebnnfadih. Category: malware. malicious chrome extensions lists from https://github.com/mallorybowes/chrome-mal-ids. Ref: https://adguard.com/en/blog/fake-ad-blockers-part-3.html,[software:x_extension_id = 'okjdiicjoeloipmgdopdmhpebnnfadih'],stix,Software,"malware,malicious,browser-extension",85,2026-08-19T22:58:58Z,90
indicator,Browser Extension: N/A,Extension ID: okphhehkikoonipdjmhglcmlgccjcblp. Category: malware. malicious chrome extensions lists from https://github.com/mallorybowes/chrome-mal-ids. Ref: https://adguard.com/en/blog/fake-ad-blockers-part-3.html,[software:x_extension_id = 'okphhehkikoonipdjmhglcmlgccjcblp'],stix,Software,"malware,malicious,browser-extension",85,2026-08-19T22:58:58Z,90
indicator,Browser Extension: N/A,Extension ID: olochidfgadpdbdmdfbhgimiffnllaij. Category: malware. malicious chrome extensions lists from https://github.com/mallorybowes/chrome-mal-ids. Ref: https://adguard.com/en/blog/fake-ad-blockers-part-3.html,[software:x_extension_id = 'olochidfgadpdbdmdfbhgimiffnllaij'],stix,Software,"malware,malicious,browser-extension",85,2026-08-19T22:58:58Z,90
indicator,Browser Extension: N/A,Extension ID: ombenndgcnmcnfohnbbjcmbmfmpefojc. Category: malware. malicious chrome extensions lists from https://github.com/mallorybowes/chrome-mal-ids. Ref: https://adguard.com/en/blog/fake-ad-blockers-part-3.html,[software:x_extension_id = 'ombenndgcnmcnfohnbbjcmbmfmpefojc'],stix,Software,"malware,malicious,browser-extension",85,2026-08-19T22:58:58Z,90
indicator,Browser Extension: N/A,Extension ID: omclahaofiigfggelbcleagcphjhabmp. Category: malware. malicious chrome extensions lists from https://github.com/mallorybowes/chrome-mal-ids. Ref: https://adguard.com/en/blog/fake-ad-blockers-part-3.html,[software:x_extension_id = 'omclahaofiigfggelbcleagcphjhabmp'],stix,Software,"malware,malicious,browser-extension",85,2026-08-19T22:58:58Z,90
indicator,Browser Extension: N/A,Extension ID: onjjlcdmafgcjdbhmlnpmheobbfeilah. Category: malware. malicious chrome extensions lists from https://github.com/mallorybowes/chrome-mal-ids. Ref: https://adguard.com/en/blog/fake-ad-blockers-part-3.html,[software:x_extension_id = 'onjjlcdmafgcjdbhmlnpmheobbfeilah'],stix,Software,"malware,malicious,browser-extension",85,2026-08-19T22:58:58Z,90
indicator,Browser Extension: N/A,Extension ID: onnmfhejbikffoenamcfglpjnmmbkdeg. Category: malware. malicious chrome extensions lists from https://github.com/mallorybowes/chrome-mal-ids. Ref: https://adguard.com/en/blog/fake-ad-blockers-part-3.html,[software:x_extension_id = 'onnmfhejbikffoenamcfglpjnmmbkdeg'],stix,Software,"malware,malicious,browser-extension",85,2026-08-19T22:58:58Z,90
indicator,Browser Extension: N/A,Extension ID: oonheecobachpkogdjjnemiipogpgnmg. Category: malware. malicious chrome extensions lists from https://github.com/mallorybowes/chrome-mal-ids. Ref: https://adguard.com/en/blog/fake-ad-blockers-part-3.html,[software:x_extension_id = 'oonheecobachpkogdjjnemiipogpgnmg'],stix,Software,"malware,malicious,browser-extension",85,2026-08-19T22:58:58Z,90
indicator,Browser Extension: N/A,Extension ID: opbobdfddmiemhekjiglckcenhpfdbjm. Category: malware. malicious chrome extensions lists from https://github.com/mallorybowes/chrome-mal-ids. Ref: https://adguard.com/en/blog/fake-ad-blockers-part-3.html,[software:x_extension_id = 'opbobdfddmiemhekjiglckcenhpfdbjm'],stix,Software,"malware,malicious,browser-extension",85,2026-08-19T22:58:58Z,90
indicator,Browser Extension: N/A,Extension ID: opjpfngjbdmgkilopbnapbkbngedcpmj. Category: malware. malicious chrome extensions lists from https://github.com/mallorybowes/chrome-mal-ids. Ref: https://adguard.com/en/blog/fake-ad-blockers-part-3.html,[software:x_extension_id = 'opjpfngjbdmgkilopbnapbkbngedcpmj'],stix,Software,"malware,malicious,browser-extension",85,2026-08-19T22:58:58Z,90
indicator,Browser Extension: N/A,Extension ID: oplhjpchbbngmpgcpjcbijhfehbhodgi. Category: malware. malicious chrome extensions lists from https://github.com/mallorybowes/chrome-mal-ids. Ref: https://adguard.com/en/blog/fake-ad-blockers-part-3.html,[software:x_extension_id = 'oplhjpchbbngmpgcpjcbijhfehbhodgi'],stix,Software,"malware,malicious,browser-extension",85,2026-08-19T22:58:58Z,90
indicator,Browser Extension: N/A,Extension ID: oppbpkjmehgijcpeddkpbadoidfpcblg. Category: malware. malicious chrome extensions lists from https://github.com/mallorybowes/chrome-mal-ids. Ref: https://adguard.com/en/blog/fake-ad-blockers-part-3.html,[software:x_extension_id = 'oppbpkjmehgijcpeddkpbadoidfpcblg'],stix,Software,"malware,malicious,browser-extension",85,2026-08-19T22:58:58Z,90
indicator,Browser Extension: N/A,Extension ID: paddichbcfehpelokpidnagccddbpkin. Category: malware. malicious chrome extensions lists from https://github.com/mallorybowes/chrome-mal-ids. Ref: https://adguard.com/en/blog/fake-ad-blockers-part-3.html,[software:x_extension_id = 'paddichbcfehpelokpidnagccddbpkin'],stix,Software,"malware,malicious,browser-extension",85,2026-08-19T22:58:58Z,90
indicator,Browser Extension: N/A,Extension ID: pajbempmgmalnfpbnpclkelnhfccikal. Category: malware. malicious chrome extensions lists from https://github.com/mallorybowes/chrome-mal-ids. Ref: https://adguard.com/en/blog/fake-ad-blockers-part-3.html,[software:x_extension_id = 'pajbempmgmalnfpbnpclkelnhfccikal'],stix,Software,"malware,malicious,browser-extension",85,2026-08-19T22:58:58Z,90
indicator,Browser Extension: N/A,Extension ID: pboddlnfegdnifbhepjegnokocjpadpd. Category: malware. malicious chrome extensions lists from https://github.com/mallorybowes/chrome-mal-ids. Ref: https://adguard.com/en/blog/fake-ad-blockers-part-3.html,[software:x_extension_id = 'pboddlnfegdnifbhepjegnokocjpadpd'],stix,Software,"malware,malicious,browser-extension",85,2026-08-19T22:58:58Z,90
indicator,Browser Extension: N/A,Extension ID: pcbpmbmpjjibcmodpaomahiokikjomgc. Category: malware. malicious chrome extensions lists from https://github.com/mallorybowes/chrome-mal-ids. Ref: https://adguard.com/en/blog/fake-ad-blockers-part-3.html,[software:x_extension_id = 'pcbpmbmpjjibcmodpaomahiokikjomgc'],stix,Software,"malware,malicious,browser-extension",85,2026-08-19T22:58:58Z,90
indicator,Browser Extension: N/A,Extension ID: pcembleiffdccjkcebaodmhgkopipdan. Category: malware. malicious chrome extensions lists from https://github.com/mallorybowes/chrome-mal-ids. Ref: https://adguard.com/en/blog/fake-ad-blockers-part-3.html,[software:x_extension_id = 'pcembleiffdccjkcebaodmhgkopipdan'],stix,Software,"malware,malicious,browser-extension",85,2026-08-19T22:58:58Z,90
indicator,Browser Extension: N/A,Extension ID: pcgcmplcfdfkkkmaggghdghnlddkpbbo. Category: malware. malicious chrome extensions lists from https://github.com/mallorybowes/chrome-mal-ids. Ref: https://adguard.com/en/blog/fake-ad-blockers-part-3.html,[software:x_extension_id = 'pcgcmplcfdfkkkmaggghdghnlddkpbbo'],stix,Software,"malware,malicious,browser-extension",85,2026-08-19T22:58:58Z,90
indicator,Browser Extension: N/A,Extension ID: pdhibfagbndnidgfjkhdhlfibdoofbji. Category: malware. malicious chrome extensions lists from https://github.com/mallorybowes/chrome-mal-ids. Ref: https://adguard.com/en/blog/fake-ad-blockers-part-3.html,[software:x_extension_id = 'pdhibfagbndnidgfjkhdhlfibdoofbji'],stix,Software,"malware,malicious,browser-extension",85,2026-08-19T22:58:58Z,90
indicator,Browser Extension: N/A,Extension ID: pdloaiifhmlbhhppajjmfpijopfeenoo. Category: malware. malicious chrome extensions lists from https://github.com/mallorybowes/chrome-mal-ids. Ref: https://adguard.com/en/blog/fake-ad-blockers-part-3.html,[software:x_extension_id = 'pdloaiifhmlbhhppajjmfpijopfeenoo'],stix,Software,"malware,malicious,browser-extension",85,2026-08-19T22:58:58Z,90
indicator,Browser Extension: N/A,Extension ID: pehnljkefahmlhifockljagcfcpljclc. Category: malware. malicious chrome extensions lists from https://github.com/mallorybowes/chrome-mal-ids. Ref: https://adguard.com/en/blog/fake-ad-blockers-part-3.html,[software:x_extension_id = 'pehnljkefahmlhifockljagcfcpljclc'],stix,Software,"malware,malicious,browser-extension",85,2026-08-19T22:58:58Z,90
indicator,Browser Extension: N/A,Extension ID: pelnnoacfeaanpmnmacjjnnpgfggekig. Category: malware. malicious chrome extensions lists from https://github.com/mallorybowes/chrome-mal-ids. Ref: https://adguard.com/en/blog/fake-ad-blockers-part-3.html,[software:x_extension_id = 'pelnnoacfeaanpmnmacjjnnpgfggekig'],stix,Software,"malware,malicious,browser-extension",85,2026-08-19T22:58:58Z,90
indicator,Browser Extension: N/A,Extension ID: pfekelemlpmelhipncgddloaflehglmb. Category: malware. malicious chrome extensions lists from https://github.com/mallorybowes/chrome-mal-ids. Ref: https://adguard.com/en/blog/fake-ad-blockers-part-3.html,[software:x_extension_id = 'pfekelemlpmelhipncgddloaflehglmb'],stix,Software,"malware,malicious,browser-extension",85,2026-08-19T22:58:58Z,90
indicator,Browser Extension: N/A,Extension ID: pfepcffcdodcancalckiencamnonoebl. Category: malware. malicious chrome extensions lists from https://github.com/mallorybowes/chrome-mal-ids. Ref: https://adguard.com/en/blog/fake-ad-blockers-part-3.html,[software:x_extension_id = 'pfepcffcdodcancalckiencamnonoebl'],stix,Software,"malware,malicious,browser-extension",85,2026-08-19T22:58:58Z,90
indicator,Browser Extension: N/A,Extension ID: pfpgpbfndacjjjdlgefggndhionakfmb. Category: malware. malicious chrome extensions lists from https://github.com/mallorybowes/chrome-mal-ids. Ref: https://adguard.com/en/blog/fake-ad-blockers-part-3.html,[software:x_extension_id = 'pfpgpbfndacjjjdlgefggndhionakfmb'],stix,Software,"malware,malicious,browser-extension",85,2026-08-19T22:58:58Z,90
indicator,Browser Extension: N/A,Extension ID: pghkmhmjldklacabcgkaaboikfaaogmi. Category: malware. malicious chrome extensions lists from https://github.com/mallorybowes/chrome-mal-ids. Ref: https://adguard.com/en/blog/fake-ad-blockers-part-3.html,[software:x_extension_id = 'pghkmhmjldklacabcgkaaboikfaaogmi'],stix,Software,"malware,malicious,browser-extension",85,2026-08-19T22:58:58Z,90
indicator,Browser Extension: N/A,Extension ID: pgilbgknfcnjjblfnjojmcpkggipblci. Category: malware. malicious chrome extensions lists from https://github.com/mallorybowes/chrome-mal-ids. Ref: https://adguard.com/en/blog/fake-ad-blockers-part-3.html,[software:x_extension_id = 'pgilbgknfcnjjblfnjojmcpkggipblci'],stix,Software,"malware,malicious,browser-extension",85,2026-08-19T22:58:58Z,90
indicator,Browser Extension: N/A,Extension ID: pgleokbigapafgjodffamlhdkhiagdgb. Category: malware. malicious chrome extensions lists from https://github.com/mallorybowes/chrome-mal-ids. Ref: https://adguard.com/en/blog/fake-ad-blockers-part-3.html,[software:x_extension_id = 'pgleokbigapafgjodffamlhdkhiagdgb'],stix,Software,"malware,malicious,browser-extension",85,2026-08-19T22:58:58Z,90
indicator,Browser Extension: N/A,Extension ID: phkafpikdokjpogdhjpkcgfjpfgnlgeo. Category: malware. malicious chrome extensions lists from https://github.com/mallorybowes/chrome-mal-ids. Ref: https://adguard.com/en/blog/fake-ad-blockers-part-3.html,[software:x_extension_id = 'phkafpikdokjpogdhjpkcgfjpfgnlgeo'],stix,Software,"malware,malicious,browser-extension",85,2026-08-19T22:58:58Z,90
indicator,Browser Extension: N/A,Extension ID: phmogllmicehmpglfobbihoelfidjnpd. Category: malware. malicious chrome extensions lists from https://github.com/mallorybowes/chrome-mal-ids. Ref: https://adguard.com/en/blog/fake-ad-blockers-part-3.html,[software:x_extension_id = 'phmogllmicehmpglfobbihoelfidjnpd'],stix,Software,"malware,malicious,browser-extension",85,2026-08-19T22:58:58Z,90
indicator,Browser Extension: N/A,Extension ID: pihogmfmhefemijkgmbimkngninbkkce. Category: malware. malicious chrome extensions lists from https://github.com/mallorybowes/chrome-mal-ids. Ref: https://adguard.com/en/blog/fake-ad-blockers-part-3.html,[software:x_extension_id = 'pihogmfmhefemijkgmbimkngninbkkce'],stix,Software,"malware,malicious,browser-extension",85,2026-08-19T22:58:58Z,90
indicator,Browser Extension: N/A,Extension ID: pilmbpeapchjcnldfomimmcfoigoenoc. Category: malware. malicious chrome extensions lists from https://github.com/mallorybowes/chrome-mal-ids. Ref: https://adguard.com/en/blog/fake-ad-blockers-part-3.html,[software:x_extension_id = 'pilmbpeapchjcnldfomimmcfoigoenoc'],stix,Software,"malware,malicious,browser-extension",85,2026-08-19T22:58:58Z,90
indicator,Browser Extension: N/A,Extension ID: pinfndnjmdocmimbeonilpahdaldopjc. Category: malware. malicious chrome extensions lists from https://github.com/mallorybowes/chrome-mal-ids. Ref: https://adguard.com/en/blog/fake-ad-blockers-part-3.html,[software:x_extension_id = 'pinfndnjmdocmimbeonilpahdaldopjc'],stix,Software,"malware,malicious,browser-extension",85,2026-08-19T22:58:58Z,90
indicator,Browser Extension: N/A,Extension ID: pinkcaefpkjpljfflabpkcgbkpbomdfk. Category: malware. malicious chrome extensions lists from https://github.com/mallorybowes/chrome-mal-ids. Ref: https://adguard.com/en/blog/fake-ad-blockers-part-3.html,[software:x_extension_id = 'pinkcaefpkjpljfflabpkcgbkpbomdfk'],stix,Software,"malware,malicious,browser-extension",85,2026-08-19T22:58:58Z,90
indicator,Browser Extension: N/A,Extension ID: pjabdohmcokffcednbgpeoifpdbfgfbj. Category: malware. malicious chrome extensions lists from https://github.com/mallorybowes/chrome-mal-ids. Ref: https://adguard.com/en/blog/fake-ad-blockers-part-3.html,[software:x_extension_id = 'pjabdohmcokffcednbgpeoifpdbfgfbj'],stix,Software,"malware,malicious,browser-extension",85,2026-08-19T22:58:58Z,90
indicator,Browser Extension: N/A,Extension ID: pjjmcpmjocebmjmhdclbiheoideefiad. Category: malware. malicious chrome extensions lists from https://github.com/mallorybowes/chrome-mal-ids. Ref: https://adguard.com/en/blog/fake-ad-blockers-part-3.html,[software:x_extension_id = 'pjjmcpmjocebmjmhdclbiheoideefiad'],stix,Software,"malware,malicious,browser-extension",85,2026-08-19T22:58:58Z,90
indicator,Browser Extension: N/A,Extension ID: plcdglhlbmlnfoghfhmbhehapfadedod. Category: malware. malicious chrome extensions lists from https://github.com/mallorybowes/chrome-mal-ids. Ref: https://adguard.com/en/blog/fake-ad-blockers-part-3.html,[software:x_extension_id = 'plcdglhlbmlnfoghfhmbhehapfadedod'],stix,Software,"malware,malicious,browser-extension",85,2026-08-19T22:58:58Z,90
indicator,Browser Extension: N/A,Extension ID: pmdakkjbaeioodmomlmnklahihodjcjk. Category: malware. malicious chrome extensions lists from https://github.com/mallorybowes/chrome-mal-ids. Ref: https://adguard.com/en/blog/fake-ad-blockers-part-3.html,[software:x_extension_id = 'pmdakkjbaeioodmomlmnklahihodjcjk'],stix,Software,"malware,malicious,browser-extension",85,2026-08-19T22:58:58Z,90
indicator,Browser Extension: N/A,Extension ID: pmnpldnflfopbhndkjndecojdpgecckf. Category: malware. malicious chrome extensions lists from https://github.com/mallorybowes/chrome-mal-ids. Ref: https://adguard.com/en/blog/fake-ad-blockers-part-3.html,[software:x_extension_id = 'pmnpldnflfopbhndkjndecojdpgecckf'],stix,Software,"malware,malicious,browser-extension",85,2026-08-19T22:58:58Z,90
indicator,Browser Extension: N/A,Extension ID: pnamonkagicmlnalnlcdaoeenhlgdklf. Category: malware. malicious chrome extensions lists from https://github.com/mallorybowes/chrome-mal-ids. Ref: https://adguard.com/en/blog/fake-ad-blockers-part-3.html,[software:x_extension_id = 'pnamonkagicmlnalnlcdaoeenhlgdklf'],stix,Software,"malware,malicious,browser-extension",85,2026-08-19T22:58:58Z,90
indicator,Browser Extension: N/A,Extension ID: poeokidblnamjkagggonidcigafaobki. Category: malware. malicious chrome extensions lists from https://github.com/mallorybowes/chrome-mal-ids. Ref: https://adguard.com/en/blog/fake-ad-blockers-part-3.html,[software:x_extension_id = 'poeokidblnamjkagggonidcigafaobki'],stix,Software,"malware,malicious,browser-extension",85,2026-08-19T22:58:58Z,90
indicator,Browser Extension: N/A,Extension ID: pofffhlknjbjolmfoeagdmbbdbjjmeki. Category: malware. malicious chrome extensions lists from https://github.com/mallorybowes/chrome-mal-ids. Ref: https://adguard.com/en/blog/fake-ad-blockers-part-3.html,[software:x_extension_id = 'pofffhlknjbjolmfoeagdmbbdbjjmeki'],stix,Software,"malware,malicious,browser-extension",85,2026-08-19T22:58:58Z,90
indicator,Browser Extension: N/A,Extension ID: polgnkadhhhmlahkhhbicledbpklnake. Category: malware. malicious chrome extensions lists from https://github.com/mallorybowes/chrome-mal-ids. Ref: https://adguard.com/en/blog/fake-ad-blockers-part-3.html,[software:x_extension_id = 'polgnkadhhhmlahkhhbicledbpklnake'],stix,Software,"malware,malicious,browser-extension",85,2026-08-19T22:58:58Z,90
indicator,Browser Extension: N/A,Extension ID: ppicajcmopaimnnikbafgknffbdmomfk. Category: malware. malicious chrome extensions lists from https://github.com/mallorybowes/chrome-mal-ids. Ref: https://adguard.com/en/blog/fake-ad-blockers-part-3.html,[software:x_extension_id = 'ppicajcmopaimnnikbafgknffbdmomfk'],stix,Software,"malware,malicious,browser-extension",85,2026-08-19T22:58:58Z,90
indicator,Browser Extension: N/A,Extension ID: ppmbiomgjfenipmnjiiaemcaboaeljil. Category: malware. malicious chrome extensions lists from https://github.com/mallorybowes/chrome-mal-ids. Ref: https://adguard.com/en/blog/fake-ad-blockers-part-3.html,[software:x_extension_id = 'ppmbiomgjfenipmnjiiaemcaboaeljil'],stix,Software,"malware,malicious,browser-extension",85,2026-08-19T22:58:58Z,90
indicator,Browser Extension: N/A,Extension ID: bmngkajcejghcgafbobemkpjboikmgfi. Category: malware. malicious chrome extensions lists from https://github.com/mallorybowes/chrome-mal-ids. Ref: N/A,[software:x_extension_id = 'bmngkajcejghcgafbobemkpjboikmgfi'],stix,Software,"malware,malicious,browser-extension",85,2026-08-19T22:58:58Z,90
indicator,Browser Extension: N/A,Extension ID: deciloopcooglpjhomblbbjeeenohbpg. Category: malware. malicious chrome extensions lists from https://github.com/mallorybowes/chrome-mal-ids. Ref: N/A,[software:x_extension_id = 'deciloopcooglpjhomblbbjeeenohbpg'],stix,Software,"malware,malicious,browser-extension",85,2026-08-19T22:58:58Z,90
indicator,Browser Extension: N/A,Extension ID: gabbbocakeomblphkmmnoamkioajlkfo. Category: malware. malicious chrome extensions lists from https://github.com/mallorybowes/chrome-mal-ids. Ref: N/A,[software:x_extension_id = 'gabbbocakeomblphkmmnoamkioajlkfo'],stix,Software,"malware,malicious,browser-extension",85,2026-08-19T22:58:58Z,90
indicator,Browser Extension: N/A,Extension ID: mdpgppkombninhkfhaggckdmencplhmg. Category: malware. malicious chrome extensions lists from https://github.com/mallorybowes/chrome-mal-ids. Ref: https://press.avast.com/third-party-browser-extensions-from-instagram-facebook-vimeo-and-others-infected-with-malware,[software:x_extension_id = 'mdpgppkombninhkfhaggckdmencplhmg'],stix,Software,"malware,malicious,browser-extension",85,2026-08-19T22:58:58Z,90
indicator,Browser Extension: N/A,Extension ID: fgaapohcdolaiaijobecfleiohcfhdfb. Category: malware. malicious chrome extensions lists from https://github.com/mallorybowes/chrome-mal-ids. Ref: https://press.avast.com/third-party-browser-extensions-from-instagram-facebook-vimeo-and-others-infected-with-malware,[software:x_extension_id = 'fgaapohcdolaiaijobecfleiohcfhdfb'],stix,Software,"malware,malicious,browser-extension",85,2026-08-19T22:58:58Z,90
indicator,Browser Extension: N/A,Extension ID: iibnodnghffmdcebaglfgnfkgemcbchf. Category: malware. malicious chrome extensions lists from https://github.com/mallorybowes/chrome-mal-ids. Ref: https://press.avast.com/third-party-browser-extensions-from-instagram-facebook-vimeo-and-others-infected-with-malware,[software:x_extension_id = 'iibnodnghffmdcebaglfgnfkgemcbchf'],stix,Software,"malware,malicious,browser-extension",85,2026-08-19T22:58:58Z,90
indicator,Browser Extension: N/A,Extension ID: olkpikmlhoaojbbmmpejnimiglejmboe. Category: malware. malicious chrome extensions lists from https://github.com/mallorybowes/chrome-mal-ids. Ref: https://press.avast.com/third-party-browser-extensions-from-instagram-facebook-vimeo-and-others-infected-with-malware,[software:x_extension_id = 'olkpikmlhoaojbbmmpejnimiglejmboe'],stix,Software,"malware,malicious,browser-extension",85,2026-08-19T22:58:58Z,90
indicator,Browser Extension: N/A,Extension ID: bhfoemlllidnfefgkeaeocnageepbael. Category: malware. malicious chrome extensions lists from https://github.com/mallorybowes/chrome-mal-ids. Ref: https://press.avast.com/third-party-browser-extensions-from-instagram-facebook-vimeo-and-others-infected-with-malware,[software:x_extension_id = 'bhfoemlllidnfefgkeaeocnageepbael'],stix,Software,"malware,malicious,browser-extension",85,2026-08-19T22:58:58Z,90
indicator,Browser Extension: N/A,Extension ID: nilbfjdbacfdodpbdondbbkmoigehodg. Category: malware. malicious chrome extensions lists from https://github.com/mallorybowes/chrome-mal-ids. Ref: https://press.avast.com/third-party-browser-extensions-from-instagram-facebook-vimeo-and-others-infected-with-malware,[software:x_extension_id = 'nilbfjdbacfdodpbdondbbkmoigehodg'],stix,Software,"malware,malicious,browser-extension",85,2026-08-19T22:58:58Z,90
indicator,Browser Extension: N/A,Extension ID: eikbfklcjampfnmclhjeifbmfkpkfpbn. Category: malware. malicious chrome extensions lists from https://github.com/mallorybowes/chrome-mal-ids. Ref: https://press.avast.com/third-party-browser-extensions-from-instagram-facebook-vimeo-and-others-infected-with-malware,[software:x_extension_id = 'eikbfklcjampfnmclhjeifbmfkpkfpbn'],stix,Software,"malware,malicious,browser-extension",85,2026-08-19T22:58:58Z,90
indicator,Browser Extension: N/A,Extension ID: pfnmibjifkhhblmdmaocfohebdpfppkf. Category: malware. malicious chrome extensions lists from https://github.com/mallorybowes/chrome-mal-ids. Ref: https://press.avast.com/third-party-browser-extensions-from-instagram-facebook-vimeo-and-others-infected-with-malware,[software:x_extension_id = 'pfnmibjifkhhblmdmaocfohebdpfppkf'],stix,Software,"malware,malicious,browser-extension",85,2026-08-19T22:58:58Z,90
indicator,Browser Extension: N/A,Extension ID: cgpbghdbejagejmciefmekcklikpoeel. Category: malware. malicious chrome extensions lists from https://github.com/mallorybowes/chrome-mal-ids. Ref: https://press.avast.com/third-party-browser-extensions-from-instagram-facebook-vimeo-and-others-infected-with-malware,[software:x_extension_id = 'cgpbghdbejagejmciefmekcklikpoeel'],stix,Software,"malware,malicious,browser-extension",85,2026-08-19T22:58:58Z,90
indicator,Browser Extension: N/A,Extension ID: klejifgmmnkgejbhgmpgajemhlnijlib. Category: malware. malicious chrome extensions lists from https://github.com/mallorybowes/chrome-mal-ids. Ref: https://press.avast.com/third-party-browser-extensions-from-instagram-facebook-vimeo-and-others-infected-with-malware,[software:x_extension_id = 'klejifgmmnkgejbhgmpgajemhlnijlib'],stix,Software,"malware,malicious,browser-extension",85,2026-08-19T22:58:58Z,90
indicator,Browser Extension: N/A,Extension ID: ceoldlgkhdbnnmojajjgfapagjccblib. Category: malware. malicious chrome extensions lists from https://github.com/mallorybowes/chrome-mal-ids. Ref: https://press.avast.com/third-party-browser-extensions-from-instagram-facebook-vimeo-and-others-infected-with-malware,[software:x_extension_id = 'ceoldlgkhdbnnmojajjgfapagjccblib'],stix,Software,"malware,malicious,browser-extension",85,2026-08-19T22:58:58Z,90
indicator,Browser Extension: N/A,Extension ID: mnafnfdagggclnaggnjajohakfbppaih. Category: malware. malicious chrome extensions lists from https://github.com/mallorybowes/chrome-mal-ids. Ref: https://press.avast.com/third-party-browser-extensions-from-instagram-facebook-vimeo-and-others-infected-with-malware,[software:x_extension_id = 'mnafnfdagggclnaggnjajohakfbppaih'],stix,Software,"malware,malicious,browser-extension",85,2026-08-19T22:58:58Z,90
indicator,Browser Extension: N/A,Extension ID: oknpgmaeedlbdichgaghebhiknmghffa. Category: malware. malicious chrome extensions lists from https://github.com/mallorybowes/chrome-mal-ids. Ref: https://press.avast.com/third-party-browser-extensions-from-instagram-facebook-vimeo-and-others-infected-with-malware,[software:x_extension_id = 'oknpgmaeedlbdichgaghebhiknmghffa'],stix,Software,"malware,malicious,browser-extension",85,2026-08-19T22:58:58Z,90
indicator,Browser Extension: N/A,Extension ID: pcaaejaejpolbbchlmbdjfiggojefllp. Category: malware. malicious chrome extensions lists from https://github.com/mallorybowes/chrome-mal-ids. Ref: https://press.avast.com/third-party-browser-extensions-from-instagram-facebook-vimeo-and-others-infected-with-malware,[software:x_extension_id = 'pcaaejaejpolbbchlmbdjfiggojefllp'],stix,Software,"malware,malicious,browser-extension",85,2026-08-19T22:58:58Z,90
indicator,Browser Extension: N/A,Extension ID: lmcajpniijhhhpcnhleibgiehhicjlnk. Category: malware. malicious chrome extensions lists from https://github.com/mallorybowes/chrome-mal-ids. Ref: https://press.avast.com/third-party-browser-extensions-from-instagram-facebook-vimeo-and-others-infected-with-malware,[software:x_extension_id = 'lmcajpniijhhhpcnhleibgiehhicjlnk'],stix,Software,"malware,malicious,browser-extension",85,2026-08-19T22:58:58Z,90
indicator,Browser Extension: N/A,Extension ID: lnocaphbapmclliacmbbggnfnjojbjgf. Category: malware. malicious chrome extensions lists from https://github.com/mallorybowes/chrome-mal-ids. Ref: https://press.avast.com/third-party-browser-extensions-from-instagram-facebook-vimeo-and-others-infected-with-malware,[software:x_extension_id = 'lnocaphbapmclliacmbbggnfnjojbjgf'],stix,Software,"malware,malicious,browser-extension",85,2026-08-19T22:58:58Z,90
indicator,Browser Extension: N/A,Extension ID: bhcpgfhiobcpokfpdahijhnipenkplji. Category: malware. malicious chrome extensions lists from https://github.com/mallorybowes/chrome-mal-ids. Ref: https://press.avast.com/third-party-browser-extensions-from-instagram-facebook-vimeo-and-others-infected-with-malware,[software:x_extension_id = 'bhcpgfhiobcpokfpdahijhnipenkplji'],stix,Software,"malware,malicious,browser-extension",85,2026-08-19T22:58:58Z,90
indicator,Browser Extension: N/A,Extension ID: dambkkeeabmnhelekdekfmabnckghdih. Category: malware. malicious chrome extensions lists from https://github.com/mallorybowes/chrome-mal-ids. Ref: https://press.avast.com/third-party-browser-extensions-from-instagram-facebook-vimeo-and-others-infected-with-malware,[software:x_extension_id = 'dambkkeeabmnhelekdekfmabnckghdih'],stix,Software,"malware,malicious,browser-extension",85,2026-08-19T22:58:58Z,90
indicator,Browser Extension: N/A,Extension ID: dgjmdlifhbljhmgkjbojeejmeeplapej. Category: malware. malicious chrome extensions lists from https://github.com/mallorybowes/chrome-mal-ids. Ref: https://press.avast.com/third-party-browser-extensions-from-instagram-facebook-vimeo-and-others-infected-with-malware,[software:x_extension_id = 'dgjmdlifhbljhmgkjbojeejmeeplapej'],stix,Software,"malware,malicious,browser-extension",85,2026-08-19T22:58:58Z,90
indicator,Browser Extension: N/A,Extension ID: emechknidkghbpiodihlodkhnljplpjm. Category: malware. malicious chrome extensions lists from https://github.com/mallorybowes/chrome-mal-ids. Ref: https://press.avast.com/third-party-browser-extensions-from-instagram-facebook-vimeo-and-others-infected-with-malware,[software:x_extension_id = 'emechknidkghbpiodihlodkhnljplpjm'],stix,Software,"malware,malicious,browser-extension",85,2026-08-19T22:58:58Z,90
indicator,Browser Extension: N/A,Extension ID: hajlccgbgjdcjaommiffaphjdndpjcio. Category: malware. malicious chrome extensions lists from https://github.com/mallorybowes/chrome-mal-ids. Ref: https://press.avast.com/third-party-browser-extensions-from-instagram-facebook-vimeo-and-others-infected-with-malware,[software:x_extension_id = 'hajlccgbgjdcjaommiffaphjdndpjcio'],stix,Software,"malware,malicious,browser-extension",85,2026-08-19T22:58:58Z,90
indicator,Browser Extension: N/A,Extension ID: dljdbmkffjijepjnkonndbdiakjfdcic. Category: malware. malicious chrome extensions lists from https://github.com/mallorybowes/chrome-mal-ids. Ref: https://press.avast.com/third-party-browser-extensions-from-instagram-facebook-vimeo-and-others-infected-with-malware,[software:x_extension_id = 'dljdbmkffjijepjnkonndbdiakjfdcic'],stix,Software,"malware,malicious,browser-extension",85,2026-08-19T22:58:58Z,90
indicator,Browser Extension: N/A,Extension ID: cjmpdadldchjmljhkigoeejegmghaabp. Category: malware. malicious chrome extensions lists from https://github.com/mallorybowes/chrome-mal-ids. Ref: https://press.avast.com/third-party-browser-extensions-from-instagram-facebook-vimeo-and-others-infected-with-malware,[software:x_extension_id = 'cjmpdadldchjmljhkigoeejegmghaabp'],stix,Software,"malware,malicious,browser-extension",85,2026-08-19T22:58:58Z,90
indicator,Browser Extension: N/A,Extension ID: jlkfgpiicpnlbmmmpkpdjkkdolgomhmb. Category: malware. malicious chrome extensions lists from https://github.com/mallorybowes/chrome-mal-ids. Ref: https://press.avast.com/third-party-browser-extensions-from-instagram-facebook-vimeo-and-others-infected-with-malware,[software:x_extension_id = 'jlkfgpiicpnlbmmmpkpdjkkdolgomhmb'],stix,Software,"malware,malicious,browser-extension",85,2026-08-19T22:58:58Z,90
indicator,Browser Extension: N/A,Extension ID: njdkgjbjmdceaibhngelkkloceihelle. Category: malware. malicious chrome extensions lists from https://github.com/mallorybowes/chrome-mal-ids. Ref: https://press.avast.com/third-party-browser-extensions-from-instagram-facebook-vimeo-and-others-infected-with-malware,[software:x_extension_id = 'njdkgjbjmdceaibhngelkkloceihelle'],stix,Software,"malware,malicious,browser-extension",85,2026-08-19T22:58:58Z,90
indicator,Browser Extension: N/A,Extension ID: phoehhafolaebdpimmbmlofmeibdkckp. Category: malware. malicious chrome extensions lists from https://github.com/mallorybowes/chrome-mal-ids. Ref: https://press.avast.com/third-party-browser-extensions-from-instagram-facebook-vimeo-and-others-infected-with-malware,[software:x_extension_id = 'phoehhafolaebdpimmbmlofmeibdkckp'],stix,Software,"malware,malicious,browser-extension",85,2026-08-19T22:58:58Z,90
indicator,Browser Extension: N/A,Extension ID: pccfaccnfkjmdlkollpiaialndbieibj. Category: malware. malicious chrome extensions lists from https://github.com/mallorybowes/chrome-mal-ids. Ref: https://press.avast.com/third-party-browser-extensions-from-instagram-facebook-vimeo-and-others-infected-with-malware,[software:x_extension_id = 'pccfaccnfkjmdlkollpiaialndbieibj'],stix,Software,"malware,malicious,browser-extension",85,2026-08-19T22:58:58Z,90
indicator,Browser Extension: N/A,Extension ID: fbhbpnjkpcdmcgcpfilooccjgemlkinn. Category: malware. malicious chrome extensions lists from https://github.com/mallorybowes/chrome-mal-ids. Ref: https://press.avast.com/third-party-browser-extensions-from-instagram-facebook-vimeo-and-others-infected-with-malware,[software:x_extension_id = 'fbhbpnjkpcdmcgcpfilooccjgemlkinn'],stix,Software,"malware,malicious,browser-extension",85,2026-08-19T22:58:58Z,90
indicator,Browser Extension: N/A,Extension ID: dppilebghcniomddkpphiminideiajff. Category: malware. malicious chrome extensions lists from https://github.com/mallorybowes/chrome-mal-ids. Ref: N/A,[software:x_extension_id = 'dppilebghcniomddkpphiminideiajff'],stix,Software,"malware,malicious,browser-extension",85,2026-08-19T22:58:58Z,90
indicator,Browser Extension: N/A,Extension ID: ojmbbkdflpfjdceflikpkbbmmbfagglg. Category: malware. malicious chrome extensions lists from https://github.com/mallorybowes/chrome-mal-ids. Ref: N/A,[software:x_extension_id = 'ojmbbkdflpfjdceflikpkbbmmbfagglg'],stix,Software,"malware,malicious,browser-extension",85,2026-08-19T22:58:58Z,90
indicator,Browser Extension: N/A,Extension ID: chmaijbnjdnkjknoigffoohjhpejjppd. Category: malware. malicious chrome extensions lists from https://github.com/mallorybowes/chrome-mal-ids. Ref: N/A,[software:x_extension_id = 'chmaijbnjdnkjknoigffoohjhpejjppd'],stix,Software,"malware,malicious,browser-extension",85,2026-08-19T22:58:58Z,90
indicator,Browser Extension: N/A,Extension ID: jhcfnojahmdghhebdaoijngclknfkbjn. Category: malware. malicious chrome extensions lists from https://github.com/mallorybowes/chrome-mal-ids. Ref: N/A,[software:x_extension_id = 'jhcfnojahmdghhebdaoijngclknfkbjn'],stix,Software,"malware,malicious,browser-extension",85,2026-08-19T22:58:58Z,90
indicator,Browser Extension: N/A,Extension ID: akdbogfpgohikflhccclloneidjkogog. Category: malware. malicious chrome extensions lists from https://github.com/mallorybowes/chrome-mal-ids. Ref: https://decoded.avast.io/janvojtesek/backdoored-browser-extensions-hid-malicious-traffic-in-analytics-requests/,[software:x_extension_id = 'akdbogfpgohikflhccclloneidjkogog'],stix,Software,"malware,malicious,browser-extension",85,2026-08-19T22:58:58Z,90
indicator,Browser Extension: N/A,Extension ID: lgjogljbnbfjcaigalbhiagkboajmkkj. Category: malware. malicious chrome extensions lists from https://github.com/mallorybowes/chrome-mal-ids. Ref: https://decoded.avast.io/janvojtesek/backdoored-browser-extensions-hid-malicious-traffic-in-analytics-requests/,[software:x_extension_id = 'lgjogljbnbfjcaigalbhiagkboajmkkj'],stix,Software,"malware,malicious,browser-extension",85,2026-08-19T22:58:58Z,90
indicator,Browser Extension: N/A,Extension ID: aemaecahdckfllfldhgimjhdgiaahean. Category: malware. malicious chrome extensions lists from https://github.com/mallorybowes/chrome-mal-ids. Ref: https://decoded.avast.io/janvojtesek/backdoored-browser-extensions-hid-malicious-traffic-in-analytics-requests/,[software:x_extension_id = 'aemaecahdckfllfldhgimjhdgiaahean'],stix,Software,"malware,malicious,browser-extension",85,2026-08-19T22:58:58Z,90
indicator,Browser Extension: N/A,Extension ID: klbibkeccnjlkjkiokjodocebajanakg. Category: malware. malicious chrome extensions lists from https://github.com/mallorybowes/chrome-mal-ids. Ref: https://www.xda-developers.com/google-chrome-the-great-suspender-malware/,[software:x_extension_id = 'klbibkeccnjlkjkiokjodocebajanakg'],stix,Software,"malware,malicious,browser-extension",85,2026-08-19T22:58:58Z,90
indicator,Browser Extension: N/A,Extension ID: fmfjhicbjecfchfmpelfnifijeigelme. Category: malware. malicious chrome extensions lists from https://github.com/mallorybowes/chrome-mal-ids. Ref: https://isc.sans.edu/forums/diary/Abusing+Google+Chrome+extension+syncing+for+data+exfiltration+and+CC/27066/,[software:x_extension_id = 'fmfjhicbjecfchfmpelfnifijeigelme'],stix,Software,"malware,malicious,browser-extension",85,2026-08-19T22:58:58Z,90
indicator,Browser Extension: N/A,Extension ID: acdfdofofabmipgcolilkfhnpoclgpdd. Category: malware. malicious chrome extensions lists from https://github.com/mallorybowes/chrome-mal-ids. Ref: https://habr.com/en/company/yandex/blog/534586/,[software:x_extension_id = 'acdfdofofabmipgcolilkfhnpoclgpdd'],stix,Software,"malware,malicious,browser-extension",85,2026-08-19T22:58:58Z,90
indicator,Browser Extension: N/A,Extension ID: oobppndjaabcidladjeehddkgkccfcpn. Category: malware. malicious chrome extensions lists from https://github.com/mallorybowes/chrome-mal-ids. Ref: https://habr.com/en/company/yandex/blog/534586/,[software:x_extension_id = 'oobppndjaabcidladjeehddkgkccfcpn'],stix,Software,"malware,malicious,browser-extension",85,2026-08-19T22:58:58Z,90
indicator,Browser Extension: N/A,Extension ID: aonedlchkbicmhepimiahfalheedjgbh. Category: malware. malicious chrome extensions lists from https://github.com/mallorybowes/chrome-mal-ids. Ref: https://habr.com/en/company/yandex/blog/534586/,[software:x_extension_id = 'aonedlchkbicmhepimiahfalheedjgbh'],stix,Software,"malware,malicious,browser-extension",85,2026-08-19T22:58:58Z,90
indicator,Browser Extension: N/A,Extension ID: aoeacblfmdamdejeiaepojbhohhkmkjh. Category: malware. malicious chrome extensions lists from https://github.com/mallorybowes/chrome-mal-ids. Ref: https://habr.com/en/company/yandex/blog/534586/,[software:x_extension_id = 'aoeacblfmdamdejeiaepojbhohhkmkjh'],stix,Software,"malware,malicious,browser-extension",85,2026-08-19T22:58:58Z,90
indicator,Browser Extension: N/A,Extension ID: eoeoincjhpflnpdaiemgbboknhkblome. Category: malware. malicious chrome extensions lists from https://github.com/mallorybowes/chrome-mal-ids. Ref: https://habr.com/en/company/yandex/blog/534586/,[software:x_extension_id = 'eoeoincjhpflnpdaiemgbboknhkblome'],stix,Software,"malware,malicious,browser-extension",85,2026-08-19T22:58:58Z,90
indicator,Browser Extension: N/A,Extension ID: onbkopaoemachfglhlpomhbpofepfpom. Category: malware. malicious chrome extensions lists from https://github.com/mallorybowes/chrome-mal-ids. Ref: https://habr.com/en/company/yandex/blog/534586/,[software:x_extension_id = 'onbkopaoemachfglhlpomhbpofepfpom'],stix,Software,"malware,malicious,browser-extension",85,2026-08-19T22:58:58Z,90
indicator,Browser Extension: N/A,Extension ID: inlgdellfblpplcogjfedlhjnpgafnia. Category: malware. malicious chrome extensions lists from https://github.com/mallorybowes/chrome-mal-ids. Ref: https://habr.com/en/company/yandex/blog/534586/,[software:x_extension_id = 'inlgdellfblpplcogjfedlhjnpgafnia'],stix,Software,"malware,malicious,browser-extension",85,2026-08-19T22:58:58Z,90
indicator,Browser Extension: N/A,Extension ID: ejfajpmpabphhkcacijnhggimhelopfg. Category: malware. malicious chrome extensions lists from https://github.com/mallorybowes/chrome-mal-ids. Ref: https://habr.com/en/company/yandex/blog/534586/,[software:x_extension_id = 'ejfajpmpabphhkcacijnhggimhelopfg'],stix,Software,"malware,malicious,browser-extension",85,2026-08-19T22:58:58Z,90
indicator,Browser Extension: N/A,Extension ID: pgjndpcilbcanlnhhjmhjalilcmoicjc. Category: malware. malicious chrome extensions lists from https://github.com/mallorybowes/chrome-mal-ids. Ref: https://habr.com/en/company/yandex/blog/534586/,[software:x_extension_id = 'pgjndpcilbcanlnhhjmhjalilcmoicjc'],stix,Software,"malware,malicious,browser-extension",85,2026-08-19T22:58:58Z,90
indicator,Browser Extension: N/A,Extension ID: napifgkjbjeodgmfjmgncljmnmdefpbf. Category: malware. malicious chrome extensions lists from https://github.com/mallorybowes/chrome-mal-ids. Ref: https://habr.com/en/company/yandex/blog/534586/,[software:x_extension_id = 'napifgkjbjeodgmfjmgncljmnmdefpbf'],stix,Software,"malware,malicious,browser-extension",85,2026-08-19T22:58:58Z,90
indicator,Browser Extension: N/A,Extension ID: glgemekgfjppocilabhlcbngobillcgf. Category: malware. malicious chrome extensions lists from https://github.com/mallorybowes/chrome-mal-ids. Ref: https://habr.com/en/company/yandex/blog/534586/,[software:x_extension_id = 'glgemekgfjppocilabhlcbngobillcgf'],stix,Software,"malware,malicious,browser-extension",85,2026-08-19T22:58:58Z,90
indicator,Browser Extension: N/A,Extension ID: klmjcelobglnhnbfpmlbgnoeippfhhil. Category: malware. malicious chrome extensions lists from https://github.com/mallorybowes/chrome-mal-ids. Ref: https://habr.com/en/company/yandex/blog/534586/,[software:x_extension_id = 'klmjcelobglnhnbfpmlbgnoeippfhhil'],stix,Software,"malware,malicious,browser-extension",85,2026-08-19T22:58:58Z,90
indicator,Browser Extension: N/A,Extension ID: ldbfffpdfgghehkkckifnjhoncdgjkib. Category: malware. malicious chrome extensions lists from https://github.com/mallorybowes/chrome-mal-ids. Ref: https://habr.com/en/company/yandex/blog/534586/,[software:x_extension_id = 'ldbfffpdfgghehkkckifnjhoncdgjkib'],stix,Software,"malware,malicious,browser-extension",85,2026-08-19T22:58:58Z,90
indicator,Browser Extension: N/A,Extension ID: mbacbcfdfaapbcnlnbmciiaakomhkbkb. Category: malware. malicious chrome extensions lists from https://github.com/mallorybowes/chrome-mal-ids. Ref: https://habr.com/en/company/yandex/blog/534586/,[software:x_extension_id = 'mbacbcfdfaapbcnlnbmciiaakomhkbkb'],stix,Software,"malware,malicious,browser-extension",85,2026-08-19T22:58:58Z,90
indicator,Browser Extension: N/A,Extension ID: mdnmhbnbebabimcjggckeoibchhckemm. Category: malware. malicious chrome extensions lists from https://github.com/mallorybowes/chrome-mal-ids. Ref: https://habr.com/en/company/yandex/blog/534586/,[software:x_extension_id = 'mdnmhbnbebabimcjggckeoibchhckemm'],stix,Software,"malware,malicious,browser-extension",85,2026-08-19T22:58:58Z,90
indicator,Browser Extension: N/A,Extension ID: lfedlgnabjompjngkpddclhgcmeklana. Category: malware. malicious chrome extensions lists from https://github.com/mallorybowes/chrome-mal-ids. Ref: https://habr.com/en/company/yandex/blog/534586/,[software:x_extension_id = 'lfedlgnabjompjngkpddclhgcmeklana'],stix,Software,"malware,malicious,browser-extension",85,2026-08-19T22:58:58Z,90
indicator,Browser Extension: N/A,Extension ID: mdpljndcmbeikfnlflcggaipgnhiedbl. Category: malware. malicious chrome extensions lists from https://github.com/mallorybowes/chrome-mal-ids. Ref: https://habr.com/en/company/yandex/blog/534586/,[software:x_extension_id = 'mdpljndcmbeikfnlflcggaipgnhiedbl'],stix,Software,"malware,malicious,browser-extension",85,2026-08-19T22:58:58Z,90
indicator,Browser Extension: N/A,Extension ID: npdpplbicnmpoigidfdjadamgfkilaak. Category: malware. malicious chrome extensions lists from https://github.com/mallorybowes/chrome-mal-ids. Ref: https://habr.com/en/company/yandex/blog/534586/,[software:x_extension_id = 'npdpplbicnmpoigidfdjadamgfkilaak'],stix,Software,"malware,malicious,browser-extension",85,2026-08-19T22:58:58Z,90
indicator,Browser Extension: N/A,Extension ID: ibehiiilehaakkhkigckfjfknboalpbe. Category: malware. malicious chrome extensions lists from https://github.com/mallorybowes/chrome-mal-ids. Ref: https://habr.com/en/company/yandex/blog/534586/,[software:x_extension_id = 'ibehiiilehaakkhkigckfjfknboalpbe'],stix,Software,"malware,malicious,browser-extension",85,2026-08-19T22:58:58Z,90
indicator,Browser Extension: N/A,Extension ID: lalpacfpfnobgdkbbpggecolckiffhoi. Category: malware. malicious chrome extensions lists from https://github.com/mallorybowes/chrome-mal-ids. Ref: https://habr.com/en/company/yandex/blog/534586/,[software:x_extension_id = 'lalpacfpfnobgdkbbpggecolckiffhoi'],stix,Software,"malware,malicious,browser-extension",85,2026-08-19T22:58:58Z,90
indicator,Browser Extension: N/A,Extension ID: hdbipekpdpggjaipompnomhccfemaljm. Category: malware. malicious chrome extensions lists from https://github.com/mallorybowes/chrome-mal-ids. Ref: https://habr.com/en/company/yandex/blog/534586/,[software:x_extension_id = 'hdbipekpdpggjaipompnomhccfemaljm'],stix,Software,"malware,malicious,browser-extension",85,2026-08-19T22:58:58Z,90
indicator,Browser Extension: N/A,Extension ID: gfjocjagfinihkkaahliainflifnlnfc. Category: malware. malicious chrome extensions lists from https://github.com/mallorybowes/chrome-mal-ids. Ref: https://habr.com/en/company/yandex/blog/534586/,[software:x_extension_id = 'gfjocjagfinihkkaahliainflifnlnfc'],stix,Software,"malware,malicious,browser-extension",85,2026-08-19T22:58:58Z,90
indicator,Browser Extension: N/A,Extension ID: ickfamnaffmfjgecbbnhecdnmjknblic. Category: malware. malicious chrome extensions lists from https://github.com/mallorybowes/chrome-mal-ids. Ref: https://habr.com/en/company/yandex/blog/534586/,[software:x_extension_id = 'ickfamnaffmfjgecbbnhecdnmjknblic'],stix,Software,"malware,malicious,browser-extension",85,2026-08-19T22:58:58Z,90
indicator,Browser Extension: N/A,Extension ID: bmcnncbmipphlkdmgfbipbanmmfdamkd. Category: malware. malicious chrome extensions lists from https://github.com/mallorybowes/chrome-mal-ids. Ref: https://habr.com/en/company/yandex/blog/534586/,[software:x_extension_id = 'bmcnncbmipphlkdmgfbipbanmmfdamkd'],stix,Software,"malware,malicious,browser-extension",85,2026-08-19T22:58:58Z,90
indicator,Browser Extension: N/A,Extension ID: miejmllodobdobgjbeonandkjhnhpjbn. Category: malware. malicious chrome extensions lists from https://github.com/mallorybowes/chrome-mal-ids. Ref: https://habr.com/en/company/yandex/blog/534586/,[software:x_extension_id = 'miejmllodobdobgjbeonandkjhnhpjbn'],stix,Software,"malware,malicious,browser-extension",85,2026-08-19T22:58:58Z,90
indicator,Browser Extension: N/A,Extension ID: mabdjppmcjpjploliggpbonahnjjlgkf. Category: malware. malicious chrome extensions lists from https://github.com/mallorybowes/chrome-mal-ids. Ref: https://www.ghacks.net/2021/05/18/dont-download-this-microsoft-authenticator-extension-for-chrome-it-is-fake/,[software:x_extension_id = 'mabdjppmcjpjploliggpbonahnjjlgkf'],stix,Software,"malware,malicious,browser-extension",85,2026-08-19T22:58:58Z,90
indicator,Browser Extension: bgbeocleofdgkldamjapfgcglnmhmjgb,Extension ID: bgbeocleofdgkldamjapfgcglnmhmjgb. Category: malware. . Ref: https://www.trendmicro.com/vinfo/us/security/news/cybercrime-and-digital-threats/chrome-extensions-malicious-domains-used-to-steal-user-data,[software:x_extension_id = 'bgbeocleofdgkldamjapfgcglnmhmjgb'],stix,Software,"malware,malicious,browser-extension",85,2026-08-19T22:58:58Z,90
indicator,Browser Extension: pdfconverterds,Extension ID: cflijgpldfbmdijnkeoadcjpfgokoeck. Category: malware. . Ref: https://www.catonetworks.com/blog/threat-intelligence-feeds-and-endpoint-protection-systems-fail-to-detect-24-malicious-chrome-extensions/,[software:x_extension_id = 'cflijgpldfbmdijnkeoadcjpfgokoeck'],stix,Software,"malware,malicious,browser-extension",85,2026-08-19T22:58:58Z,90
indicator,Browser Extension: ViewPDF,Extension ID: ciiobgcookficfhfccnjfcdmhekiadje. Category: malware. . Ref: https://www.catonetworks.com/blog/threat-intelligence-feeds-and-endpoint-protection-systems-fail-to-detect-24-malicious-chrome-extensions/,[software:x_extension_id = 'ciiobgcookficfhfccnjfcdmhekiadje'],stix,Software,"malware,malicious,browser-extension",85,2026-08-19T22:58:58Z,90
indicator,Browser Extension: PBlock+,Extension ID: cpdngajmgfolfjhnccalanfegdiebmbm. Category: malware. . Ref: https://www.catonetworks.com/blog/threat-intelligence-feeds-and-endpoint-protection-systems-fail-to-detect-24-malicious-chrome-extensions/,[software:x_extension_id = 'cpdngajmgfolfjhnccalanfegdiebmbm'],stix,Software,"malware,malicious,browser-extension",85,2026-08-19T22:58:58Z,90
indicator,Browser Extension: dfehheanbnmfndkffgmdaeindpjnicpi,Extension ID: dfehheanbnmfndkffgmdaeindpjnicpi. Category: malware. . Ref: https://www.catonetworks.com/blog/threat-intelligence-feeds-and-endpoint-protection-systems-fail-to-detect-24-malicious-chrome-extensions/,[software:x_extension_id = 'dfehheanbnmfndkffgmdaeindpjnicpi'],stix,Software,"malware,malicious,browser-extension",85,2026-08-19T22:58:58Z,90
indicator,Browser Extension: Fake Postman,Extension ID: djdcfiocijfjponepmbbdmbeblofhfff. Category: malware. . Ref: https://www.catonetworks.com/blog/threat-intelligence-feeds-and-endpoint-protection-systems-fail-to-detect-24-malicious-chrome-extensions/,[software:x_extension_id = 'djdcfiocijfjponepmbbdmbeblofhfff'],stix,Software,"malware,malicious,browser-extension",85,2026-08-19T22:58:58Z,90
indicator,Browser Extension: epcdjnnpcbidnlehlklebmdijbjleefc,Extension ID: epcdjnnpcbidnlehlklebmdijbjleefc. Category: malware. . Ref: https://www.catonetworks.com/blog/threat-intelligence-feeds-and-endpoint-protection-systems-fail-to-detect-24-malicious-chrome-extensions/,[software:x_extension_id = 'epcdjnnpcbidnlehlklebmdijbjleefc'],stix,Software,"malware,malicious,browser-extension",85,2026-08-19T22:58:58Z,90
indicator,Browser Extension: pdfconverterds,Extension ID: fichcldcnidefpllcpcpmnjipcdafjjl. Category: malware. . Ref: https://www.catonetworks.com/blog/threat-intelligence-feeds-and-endpoint-protection-systems-fail-to-detect-24-malicious-chrome-extensions/,[software:x_extension_id = 'fichcldcnidefpllcpcpmnjipcdafjjl'],stix,Software,"malware,malicious,browser-extension",85,2026-08-19T22:58:58Z,90
indicator,Browser Extension: pdfconverterds,Extension ID: fkacpajnbmglejpdaaeafjafjeleacnj. Category: malware. . Ref: https://www.catonetworks.com/blog/threat-intelligence-feeds-and-endpoint-protection-systems-fail-to-detect-24-malicious-chrome-extensions/,[software:x_extension_id = 'fkacpajnbmglejpdaaeafjafjeleacnj'],stix,Software,"malware,malicious,browser-extension",85,2026-08-19T22:58:58Z,90
indicator,Browser Extension: flhahaabnnkoccijodlhobjfchcchgjd,Extension ID: flhahaabnnkoccijodlhobjfchcchgjd. Category: malware. . Ref: https://www.catonetworks.com/blog/threat-intelligence-feeds-and-endpoint-protection-systems-fail-to-detect-24-malicious-chrome-extensions/,[software:x_extension_id = 'flhahaabnnkoccijodlhobjfchcchgjd'],stix,Software,"malware,malicious,browser-extension",85,2026-08-19T22:58:58Z,90
indicator,Browser Extension: ViewPDF,Extension ID: hadebekepjnjbcmpiphpecnibbfgonni. Category: malware. . Ref: https://www.catonetworks.com/blog/threat-intelligence-feeds-and-endpoint-protection-systems-fail-to-detect-24-malicious-chrome-extensions/,[software:x_extension_id = 'hadebekepjnjbcmpiphpecnibbfgonni'],stix,Software,"malware,malicious,browser-extension",85,2026-08-19T22:58:58Z,90
indicator,Browser Extension: ijbcfkkcifjgnikfcmbdfbddcgjdmgga,Extension ID: ijbcfkkcifjgnikfcmbdfbddcgjdmgga. Category: malware. . Ref: https://www.catonetworks.com/blog/threat-intelligence-feeds-and-endpoint-protection-systems-fail-to-detect-24-malicious-chrome-extensions/,[software:x_extension_id = 'ijbcfkkcifjgnikfcmbdfbddcgjdmgga'],stix,Software,"malware,malicious,browser-extension",85,2026-08-19T22:58:58Z,90
indicator,Browser Extension: iogkcdbmgbhoelodlobknifhlkljiepm,Extension ID: iogkcdbmgbhoelodlobknifhlkljiepm. Category: malware. . Ref: https://www.catonetworks.com/blog/threat-intelligence-feeds-and-endpoint-protection-systems-fail-to-detect-24-malicious-chrome-extensions/,[software:x_extension_id = 'iogkcdbmgbhoelodlobknifhlkljiepm'],stix,Software,"malware,malicious,browser-extension",85,2026-08-19T22:58:58Z,90
indicator,Browser Extension: lamaflkhfcmnjcfkcolgmmlpajfholja,Extension ID: lamaflkhfcmnjcfkcolgmmlpajfholja. Category: malware. . Ref: https://www.catonetworks.com/blog/threat-intelligence-feeds-and-endpoint-protection-systems-fail-to-detect-24-malicious-chrome-extensions/,[software:x_extension_id = 'lamaflkhfcmnjcfkcolgmmlpajfholja'],stix,Software,"malware,malicious,browser-extension",85,2026-08-19T22:58:58Z,90
indicator,Browser Extension: DOCtoPDF,Extension ID: lepjcehmlpfdgholbejebidnnkkannpl. Category: malware. . Ref: https://www.catonetworks.com/blog/threat-intelligence-feeds-and-endpoint-protection-systems-fail-to-detect-24-malicious-chrome-extensions/,[software:x_extension_id = 'lepjcehmlpfdgholbejebidnnkkannpl'],stix,Software,"malware,malicious,browser-extension",85,2026-08-19T22:58:58Z,90
indicator,Browser Extension: Search Manager,Extension ID: ljnppgaebjnbbahgmjajfbcoabdpopfb. Category: malware. . Ref: https://www.catonetworks.com/blog/threat-intelligence-feeds-and-endpoint-protection-systems-fail-to-detect-24-malicious-chrome-extensions/,[software:x_extension_id = 'ljnppgaebjnbbahgmjajfbcoabdpopfb'],stix,Software,"malware,malicious,browser-extension",85,2026-08-19T22:58:58Z,90
indicator,Browser Extension: llfdfhfdkdpkphlddncfjmajiciboanf,Extension ID: llfdfhfdkdpkphlddncfjmajiciboanf. Category: malware. . Ref: https://www.catonetworks.com/blog/threat-intelligence-feeds-and-endpoint-protection-systems-fail-to-detect-24-malicious-chrome-extensions/,[software:x_extension_id = 'llfdfhfdkdpkphlddncfjmajiciboanf'],stix,Software,"malware,malicious,browser-extension",85,2026-08-19T22:58:58Z,90
indicator,Browser Extension: loiloamappomjnanlieaipcmlpmmolkg,Extension ID: loiloamappomjnanlieaipcmlpmmolkg. Category: malware. . Ref: https://www.catonetworks.com/blog/threat-intelligence-feeds-and-endpoint-protection-systems-fail-to-detect-24-malicious-chrome-extensions/,[software:x_extension_id = 'loiloamappomjnanlieaipcmlpmmolkg'],stix,Software,"malware,malicious,browser-extension",85,2026-08-19T22:58:58Z,90
indicator,Browser Extension: Fake Postman,Extension ID: mfdcjdgkcepgfcfgbadbekokbnlifbko. Category: malware. . Ref: https://www.catonetworks.com/blog/threat-intelligence-feeds-and-endpoint-protection-systems-fail-to-detect-24-malicious-chrome-extensions/,[software:x_extension_id = 'mfdcjdgkcepgfcfgbadbekokbnlifbko'],stix,Software,"malware,malicious,browser-extension",85,2026-08-19T22:58:58Z,90
indicator,Browser Extension: QuickNewsWorld Promos,Extension ID: mgkmlkgpnffmhhfallpoknfmmkdkfejp. Category: malware. . Ref: https://www.catonetworks.com/blog/threat-intelligence-feeds-and-endpoint-protection-systems-fail-to-detect-24-malicious-chrome-extensions/,[software:x_extension_id = 'mgkmlkgpnffmhhfallpoknfmmkdkfejp'],stix,Software,"malware,malicious,browser-extension",85,2026-08-19T22:58:58Z,90
indicator,Browser Extension: ndhhhgoicnabjcgnamebnbdgkpobbljm,Extension ID: ndhhhgoicnabjcgnamebnbdgkpobbljm. Category: malware. . Ref: https://www.catonetworks.com/blog/threat-intelligence-feeds-and-endpoint-protection-systems-fail-to-detect-24-malicious-chrome-extensions/,[software:x_extension_id = 'ndhhhgoicnabjcgnamebnbdgkpobbljm'],stix,Software,"malware,malicious,browser-extension",85,2026-08-19T22:58:58Z,90
indicator,Browser Extension: pdfconverterds,Extension ID: njmjfnbhppmkpbbcfloagfmfokbokjgo. Category: malware. . Ref: https://www.catonetworks.com/blog/threat-intelligence-feeds-and-endpoint-protection-systems-fail-to-detect-24-malicious-chrome-extensions/,[software:x_extension_id = 'njmjfnbhppmkpbbcfloagfmfokbokjgo'],stix,Software,"malware,malicious,browser-extension",85,2026-08-19T22:58:58Z,90
indicator,Browser Extension: pdfakgkkbagclonnhakillpkhoalfeef,Extension ID: pdfakgkkbagclonnhakillpkhoalfeef. Category: malware. . Ref: https://www.catonetworks.com/blog/threat-intelligence-feeds-and-endpoint-protection-systems-fail-to-detect-24-malicious-chrome-extensions/,[software:x_extension_id = 'pdfakgkkbagclonnhakillpkhoalfeef'],stix,Software,"malware,malicious,browser-extension",85,2026-08-19T22:58:58Z,90
indicator,Browser Extension: EZPackageTracking Promos,Extension ID: pdlfbopkggkgdmgkejgjgnbdbmfcnfjn. Category: malware. . Ref: https://www.catonetworks.com/blog/threat-intelligence-feeds-and-endpoint-protection-systems-fail-to-detect-24-malicious-chrome-extensions/,[software:x_extension_id = 'pdlfbopkggkgdmgkejgjgnbdbmfcnfjn'],stix,Software,"malware,malicious,browser-extension",85,2026-08-19T22:58:58Z,90
indicator,Browser Extension: eacdfdofofabmipgcolilkfhnpoclgpd,Extension ID: eacdfdofofabmipgcolilkfhnpoclgpd. Category: malware. . Ref: https://github.com/mallorybowes/chrome-mal-ids,[software:x_extension_id = 'eacdfdofofabmipgcolilkfhnpoclgpd'],stix,Software,"malware,malicious,browser-extension",85,2026-08-19T22:58:58Z,90
indicator,Browser Extension: eakdbogfpgohikflhccclloneidjkogo,Extension ID: eakdbogfpgohikflhccclloneidjkogo. Category: malware. . Ref: https://github.com/mallorybowes/chrome-mal-ids,[software:x_extension_id = 'eakdbogfpgohikflhccclloneidjkogo'],stix,Software,"malware,malicious,browser-extension",85,2026-08-19T22:58:58Z,90
indicator,Browser Extension: edppilebghcniomddkpphiminideiajf,Extension ID: edppilebghcniomddkpphiminideiajf. Category: malware. . Ref: https://github.com/mallorybowes/chrome-mal-ids,[software:x_extension_id = 'edppilebghcniomddkpphiminideiajf'],stix,Software,"malware,malicious,browser-extension",85,2026-08-19T22:58:58Z,90
indicator,Browser Extension: efmfjhicbjecfchfmpelfnifijeigelm,Extension ID: efmfjhicbjecfchfmpelfnifijeigelm. Category: malware. . Ref: https://github.com/mallorybowes/chrome-mal-ids,[software:x_extension_id = 'efmfjhicbjecfchfmpelfnifijeigelm'],stix,Software,"malware,malicious,browser-extension",85,2026-08-19T22:58:58Z,90
indicator,Browser Extension: eklbibkeccnjlkjkiokjodocebajanak,Extension ID: eklbibkeccnjlkjkiokjodocebajanak. Category: malware. . Ref: https://github.com/mallorybowes/chrome-mal-ids,[software:x_extension_id = 'eklbibkeccnjlkjkiokjodocebajanak'],stix,Software,"malware,malicious,browser-extension",85,2026-08-19T22:58:58Z,90
indicator,Browser Extension: emdpgppkombninhkfhaggckdmencplhm,Extension ID: emdpgppkombninhkfhaggckdmencplhm. Category: malware. . Ref: https://github.com/mallorybowes/chrome-mal-ids,[software:x_extension_id = 'emdpgppkombninhkfhaggckdmencplhm'],stix,Software,"malware,malicious,browser-extension",85,2026-08-19T22:58:58Z,90
indicator,Browser Extension: naemaecahdckfllfldhgimjhdgiaahea,Extension ID: naemaecahdckfllfldhgimjhdgiaahea. Category: malware. . Ref: https://github.com/mallorybowes/chrome-mal-ids,[software:x_extension_id = 'naemaecahdckfllfldhgimjhdgiaahea'],stix,Software,"malware,malicious,browser-extension",85,2026-08-19T22:58:58Z,90
indicator,Browser Extension: naoeacblfmdamdejeiaepojbhohhkmkj,Extension ID: naoeacblfmdamdejeiaepojbhohhkmkj. Category: malware. . Ref: https://github.com/mallorybowes/chrome-mal-ids,[software:x_extension_id = 'naoeacblfmdamdejeiaepojbhohhkmkj'],stix,Software,"malware,malicious,browser-extension",85,2026-08-19T22:58:58Z,90
indicator,Browser Extension: naonedlchkbicmhepimiahfalheedjgb,Extension ID: naonedlchkbicmhepimiahfalheedjgb. Category: malware. . Ref: https://github.com/mallorybowes/chrome-mal-ids,[software:x_extension_id = 'naonedlchkbicmhepimiahfalheedjgb'],stix,Software,"malware,malicious,browser-extension",85,2026-08-19T22:58:58Z,90
indicator,Browser Extension: nbhcpgfhiobcpokfpdahijhnipenkplj,Extension ID: nbhcpgfhiobcpokfpdahijhnipenkplj. Category: malware. . Ref: https://github.com/mallorybowes/chrome-mal-ids,[software:x_extension_id = 'nbhcpgfhiobcpokfpdahijhnipenkplj'],stix,Software,"malware,malicious,browser-extension",85,2026-08-19T22:58:58Z,90
indicator,Browser Extension: nbhfoemlllidnfefgkeaeocnageepbae,Extension ID: nbhfoemlllidnfefgkeaeocnageepbae. Category: malware. . Ref: https://github.com/mallorybowes/chrome-mal-ids,[software:x_extension_id = 'nbhfoemlllidnfefgkeaeocnageepbae'],stix,Software,"malware,malicious,browser-extension",85,2026-08-19T22:58:58Z,90
indicator,Browser Extension: nbmcnncbmipphlkdmgfbipbanmmfdamk,Extension ID: nbmcnncbmipphlkdmgfbipbanmmfdamk. Category: malware. . Ref: https://github.com/mallorybowes/chrome-mal-ids,[software:x_extension_id = 'nbmcnncbmipphlkdmgfbipbanmmfdamk'],stix,Software,"malware,malicious,browser-extension",85,2026-08-19T22:58:58Z,90
indicator,Browser Extension: nceoldlgkhdbnnmojajjgfapagjccbli,Extension ID: nceoldlgkhdbnnmojajjgfapagjccbli. Category: malware. . Ref: https://github.com/mallorybowes/chrome-mal-ids,[software:x_extension_id = 'nceoldlgkhdbnnmojajjgfapagjccbli'],stix,Software,"malware,malicious,browser-extension",85,2026-08-19T22:58:58Z,90
indicator,Browser Extension: ncgpbghdbejagejmciefmekcklikpoee,Extension ID: ncgpbghdbejagejmciefmekcklikpoee. Category: malware. . Ref: https://github.com/mallorybowes/chrome-mal-ids,[software:x_extension_id = 'ncgpbghdbejagejmciefmekcklikpoee'],stix,Software,"malware,malicious,browser-extension",85,2026-08-19T22:58:58Z,90
indicator,Browser Extension: nchmaijbnjdnkjknoigffoohjhpejjpp,Extension ID: nchmaijbnjdnkjknoigffoohjhpejjpp. Category: malware. . Ref: https://github.com/mallorybowes/chrome-mal-ids,[software:x_extension_id = 'nchmaijbnjdnkjknoigffoohjhpejjpp'],stix,Software,"malware,malicious,browser-extension",85,2026-08-19T22:58:58Z,90
indicator,Browser Extension: ncjmpdadldchjmljhkigoeejegmghaab,Extension ID: ncjmpdadldchjmljhkigoeejegmghaab. Category: malware. . Ref: https://github.com/mallorybowes/chrome-mal-ids,[software:x_extension_id = 'ncjmpdadldchjmljhkigoeejegmghaab'],stix,Software,"malware,malicious,browser-extension",85,2026-08-19T22:58:58Z,90
indicator,Browser Extension: ndambkkeeabmnhelekdekfmabnckghdi,Extension ID: ndambkkeeabmnhelekdekfmabnckghdi. Category: malware. . Ref: https://github.com/mallorybowes/chrome-mal-ids,[software:x_extension_id = 'ndambkkeeabmnhelekdekfmabnckghdi'],stix,Software,"malware,malicious,browser-extension",85,2026-08-19T22:58:58Z,90
indicator,Browser Extension: ndgjmdlifhbljhmgkjbojeejmeeplape,Extension ID: ndgjmdlifhbljhmgkjbojeejmeeplape. Category: malware. . Ref: https://github.com/mallorybowes/chrome-mal-ids,[software:x_extension_id = 'ndgjmdlifhbljhmgkjbojeejmeeplape'],stix,Software,"malware,malicious,browser-extension",85,2026-08-19T22:58:58Z,90
indicator,Browser Extension: ndljdbmkffjijepjnkonndbdiakjfdci,Extension ID: ndljdbmkffjijepjnkonndbdiakjfdci. Category: malware. . Ref: https://github.com/mallorybowes/chrome-mal-ids,[software:x_extension_id = 'ndljdbmkffjijepjnkonndbdiakjfdci'],stix,Software,"malware,malicious,browser-extension",85,2026-08-19T22:58:58Z,90
indicator,Browser Extension: neikbfklcjampfnmclhjeifbmfkpkfpb,Extension ID: neikbfklcjampfnmclhjeifbmfkpkfpb. Category: malware. . Ref: https://github.com/mallorybowes/chrome-mal-ids,[software:x_extension_id = 'neikbfklcjampfnmclhjeifbmfkpkfpb'],stix,Software,"malware,malicious,browser-extension",85,2026-08-19T22:58:58Z,90
indicator,Browser Extension: nejfajpmpabphhkcacijnhggimhelopf,Extension ID: nejfajpmpabphhkcacijnhggimhelopf. Category: malware. . Ref: https://github.com/mallorybowes/chrome-mal-ids,[software:x_extension_id = 'nejfajpmpabphhkcacijnhggimhelopf'],stix,Software,"malware,malicious,browser-extension",85,2026-08-19T22:58:58Z,90
indicator,Browser Extension: nemechknidkghbpiodihlodkhnljplpj,Extension ID: nemechknidkghbpiodihlodkhnljplpj. Category: malware. . Ref: https://github.com/mallorybowes/chrome-mal-ids,[software:x_extension_id = 'nemechknidkghbpiodihlodkhnljplpj'],stix,Software,"malware,malicious,browser-extension",85,2026-08-19T22:58:58Z,90
indicator,Browser Extension: neoeoincjhpflnpdaiemgbboknhkblom,Extension ID: neoeoincjhpflnpdaiemgbboknhkblom. Category: malware. . Ref: https://github.com/mallorybowes/chrome-mal-ids,[software:x_extension_id = 'neoeoincjhpflnpdaiemgbboknhkblom'],stix,Software,"malware,malicious,browser-extension",85,2026-08-19T22:58:58Z,90
indicator,Browser Extension: nfbhbpnjkpcdmcgcpfilooccjgemlkin,Extension ID: nfbhbpnjkpcdmcgcpfilooccjgemlkin. Category: malware. . Ref: https://github.com/mallorybowes/chrome-mal-ids,[software:x_extension_id = 'nfbhbpnjkpcdmcgcpfilooccjgemlkin'],stix,Software,"malware,malicious,browser-extension",85,2026-08-19T22:58:58Z,90
indicator,Browser Extension: nfgaapohcdolaiaijobecfleiohcfhdf,Extension ID: nfgaapohcdolaiaijobecfleiohcfhdf. Category: malware. . Ref: https://github.com/mallorybowes/chrome-mal-ids,[software:x_extension_id = 'nfgaapohcdolaiaijobecfleiohcfhdf'],stix,Software,"malware,malicious,browser-extension",85,2026-08-19T22:58:58Z,90
indicator,Browser Extension: ngfjocjagfinihkkaahliainflifnlnf,Extension ID: ngfjocjagfinihkkaahliainflifnlnf. Category: malware. . Ref: https://github.com/mallorybowes/chrome-mal-ids,[software:x_extension_id = 'ngfjocjagfinihkkaahliainflifnlnf'],stix,Software,"malware,malicious,browser-extension",85,2026-08-19T22:58:58Z,90
indicator,Browser Extension: nglgemekgfjppocilabhlcbngobillcg,Extension ID: nglgemekgfjppocilabhlcbngobillcg. Category: malware. . Ref: https://github.com/mallorybowes/chrome-mal-ids,[software:x_extension_id = 'nglgemekgfjppocilabhlcbngobillcg'],stix,Software,"malware,malicious,browser-extension",85,2026-08-19T22:58:58Z,90
indicator,Browser Extension: nhajlccgbgjdcjaommiffaphjdndpjci,Extension ID: nhajlccgbgjdcjaommiffaphjdndpjci. Category: malware. . Ref: https://github.com/mallorybowes/chrome-mal-ids,[software:x_extension_id = 'nhajlccgbgjdcjaommiffaphjdndpjci'],stix,Software,"malware,malicious,browser-extension",85,2026-08-19T22:58:58Z,90
indicator,Browser Extension: nhdbipekpdpggjaipompnomhccfemalj,Extension ID: nhdbipekpdpggjaipompnomhccfemalj. Category: malware. . Ref: https://github.com/mallorybowes/chrome-mal-ids,[software:x_extension_id = 'nhdbipekpdpggjaipompnomhccfemalj'],stix,Software,"malware,malicious,browser-extension",85,2026-08-19T22:58:58Z,90
indicator,Browser Extension: nibehiiilehaakkhkigckfjfknboalpb,Extension ID: nibehiiilehaakkhkigckfjfknboalpb. Category: malware. . Ref: https://github.com/mallorybowes/chrome-mal-ids,[software:x_extension_id = 'nibehiiilehaakkhkigckfjfknboalpb'],stix,Software,"malware,malicious,browser-extension",85,2026-08-19T22:58:58Z,90
indicator,Browser Extension: nickfamnaffmfjgecbbnhecdnmjknbli,Extension ID: nickfamnaffmfjgecbbnhecdnmjknbli. Category: malware. . Ref: https://github.com/mallorybowes/chrome-mal-ids,[software:x_extension_id = 'nickfamnaffmfjgecbbnhecdnmjknbli'],stix,Software,"malware,malicious,browser-extension",85,2026-08-19T22:58:58Z,90
indicator,Browser Extension: niibnodnghffmdcebaglfgnfkgemcbch,Extension ID: niibnodnghffmdcebaglfgnfkgemcbch. Category: malware. . Ref: https://github.com/mallorybowes/chrome-mal-ids,[software:x_extension_id = 'niibnodnghffmdcebaglfgnfkgemcbch'],stix,Software,"malware,malicious,browser-extension",85,2026-08-19T22:58:58Z,90
indicator,Browser Extension: ninlgdellfblpplcogjfedlhjnpgafni,Extension ID: ninlgdellfblpplcogjfedlhjnpgafni. Category: malware. . Ref: https://github.com/mallorybowes/chrome-mal-ids,[software:x_extension_id = 'ninlgdellfblpplcogjfedlhjnpgafni'],stix,Software,"malware,malicious,browser-extension",85,2026-08-19T22:58:58Z,90
indicator,Browser Extension: njhcfnojahmdghhebdaoijngclknfkbj,Extension ID: njhcfnojahmdghhebdaoijngclknfkbj. Category: malware. . Ref: https://github.com/mallorybowes/chrome-mal-ids,[software:x_extension_id = 'njhcfnojahmdghhebdaoijngclknfkbj'],stix,Software,"malware,malicious,browser-extension",85,2026-08-19T22:58:58Z,90
indicator,Browser Extension: njlkfgpiicpnlbmmmpkpdjkkdolgomhm,Extension ID: njlkfgpiicpnlbmmmpkpdjkkdolgomhm. Category: malware. . Ref: https://github.com/mallorybowes/chrome-mal-ids,[software:x_extension_id = 'njlkfgpiicpnlbmmmpkpdjkkdolgomhm'],stix,Software,"malware,malicious,browser-extension",85,2026-08-19T22:58:58Z,90
indicator,Browser Extension: nklejifgmmnkgejbhgmpgajemhlnijli,Extension ID: nklejifgmmnkgejbhgmpgajemhlnijli. Category: malware. . Ref: https://github.com/mallorybowes/chrome-mal-ids,[software:x_extension_id = 'nklejifgmmnkgejbhgmpgajemhlnijli'],stix,Software,"malware,malicious,browser-extension",85,2026-08-19T22:58:58Z,90
indicator,Browser Extension: nklmjcelobglnhnbfpmlbgnoeippfhhi,Extension ID: nklmjcelobglnhnbfpmlbgnoeippfhhi. Category: malware. . Ref: https://github.com/mallorybowes/chrome-mal-ids,[software:x_extension_id = 'nklmjcelobglnhnbfpmlbgnoeippfhhi'],stix,Software,"malware,malicious,browser-extension",85,2026-08-19T22:58:58Z,90
indicator,Browser Extension: nlalpacfpfnobgdkbbpggecolckiffho,Extension ID: nlalpacfpfnobgdkbbpggecolckiffho. Category: malware. . Ref: https://github.com/mallorybowes/chrome-mal-ids,[software:x_extension_id = 'nlalpacfpfnobgdkbbpggecolckiffho'],stix,Software,"malware,malicious,browser-extension",85,2026-08-19T22:58:58Z,90
indicator,Browser Extension: nldbfffpdfgghehkkckifnjhoncdgjki,Extension ID: nldbfffpdfgghehkkckifnjhoncdgjki. Category: malware. . Ref: https://github.com/mallorybowes/chrome-mal-ids,[software:x_extension_id = 'nldbfffpdfgghehkkckifnjhoncdgjki'],stix,Software,"malware,malicious,browser-extension",85,2026-08-19T22:58:58Z,90
indicator,Browser Extension: nlfedlgnabjompjngkpddclhgcmeklan,Extension ID: nlfedlgnabjompjngkpddclhgcmeklan. Category: malware. . Ref: https://github.com/mallorybowes/chrome-mal-ids,[software:x_extension_id = 'nlfedlgnabjompjngkpddclhgcmeklan'],stix,Software,"malware,malicious,browser-extension",85,2026-08-19T22:58:58Z,90
indicator,Browser Extension: nlgjogljbnbfjcaigalbhiagkboajmkk,Extension ID: nlgjogljbnbfjcaigalbhiagkboajmkk. Category: malware. . Ref: https://github.com/mallorybowes/chrome-mal-ids,[software:x_extension_id = 'nlgjogljbnbfjcaigalbhiagkboajmkk'],stix,Software,"malware,malicious,browser-extension",85,2026-08-19T22:58:58Z,90
indicator,Browser Extension: nlmcajpniijhhhpcnhleibgiehhicjln,Extension ID: nlmcajpniijhhhpcnhleibgiehhicjln. Category: malware. . Ref: https://github.com/mallorybowes/chrome-mal-ids,[software:x_extension_id = 'nlmcajpniijhhhpcnhleibgiehhicjln'],stix,Software,"malware,malicious,browser-extension",85,2026-08-19T22:58:58Z,90
indicator,Browser Extension: nlnocaphbapmclliacmbbggnfnjojbjg,Extension ID: nlnocaphbapmclliacmbbggnfnjojbjg. Category: malware. . Ref: https://github.com/mallorybowes/chrome-mal-ids,[software:x_extension_id = 'nlnocaphbapmclliacmbbggnfnjojbjg'],stix,Software,"malware,malicious,browser-extension",85,2026-08-19T22:58:58Z,90
indicator,Browser Extension: nmbacbcfdfaapbcnlnbmciiaakomhkbk,Extension ID: nmbacbcfdfaapbcnlnbmciiaakomhkbk. Category: malware. . Ref: https://github.com/mallorybowes/chrome-mal-ids,[software:x_extension_id = 'nmbacbcfdfaapbcnlnbmciiaakomhkbk'],stix,Software,"malware,malicious,browser-extension",85,2026-08-19T22:58:58Z,90
indicator,Browser Extension: nmdnmhbnbebabimcjggckeoibchhckem,Extension ID: nmdnmhbnbebabimcjggckeoibchhckem. Category: malware. . Ref: https://github.com/mallorybowes/chrome-mal-ids,[software:x_extension_id = 'nmdnmhbnbebabimcjggckeoibchhckem'],stix,Software,"malware,malicious,browser-extension",85,2026-08-19T22:58:58Z,90
indicator,Browser Extension: nmdpljndcmbeikfnlflcggaipgnhiedb,Extension ID: nmdpljndcmbeikfnlflcggaipgnhiedb. Category: malware. . Ref: https://github.com/mallorybowes/chrome-mal-ids,[software:x_extension_id = 'nmdpljndcmbeikfnlflcggaipgnhiedb'],stix,Software,"malware,malicious,browser-extension",85,2026-08-19T22:58:58Z,90
indicator,Browser Extension: nmiejmllodobdobgjbeonandkjhnhpjb,Extension ID: nmiejmllodobdobgjbeonandkjhnhpjb. Category: malware. . Ref: https://github.com/mallorybowes/chrome-mal-ids,[software:x_extension_id = 'nmiejmllodobdobgjbeonandkjhnhpjb'],stix,Software,"malware,malicious,browser-extension",85,2026-08-19T22:58:58Z,90
indicator,Browser Extension: nmnafnfdagggclnaggnjajohakfbppai,Extension ID: nmnafnfdagggclnaggnjajohakfbppai. Category: malware. . Ref: https://github.com/mallorybowes/chrome-mal-ids,[software:x_extension_id = 'nmnafnfdagggclnaggnjajohakfbppai'],stix,Software,"malware,malicious,browser-extension",85,2026-08-19T22:58:58Z,90
indicator,Browser Extension: nnapifgkjbjeodgmfjmgncljmnmdefpb,Extension ID: nnapifgkjbjeodgmfjmgncljmnmdefpb. Category: malware. . Ref: https://github.com/mallorybowes/chrome-mal-ids,[software:x_extension_id = 'nnapifgkjbjeodgmfjmgncljmnmdefpb'],stix,Software,"malware,malicious,browser-extension",85,2026-08-19T22:58:58Z,90
indicator,Browser Extension: nnilbfjdbacfdodpbdondbbkmoigehod,Extension ID: nnilbfjdbacfdodpbdondbbkmoigehod. Category: malware. . Ref: https://github.com/mallorybowes/chrome-mal-ids,[software:x_extension_id = 'nnilbfjdbacfdodpbdondbbkmoigehod'],stix,Software,"malware,malicious,browser-extension",85,2026-08-19T22:58:58Z,90
indicator,Browser Extension: nnjdkgjbjmdceaibhngelkkloceihell,Extension ID: nnjdkgjbjmdceaibhngelkkloceihell. Category: malware. . Ref: https://github.com/mallorybowes/chrome-mal-ids,[software:x_extension_id = 'nnjdkgjbjmdceaibhngelkkloceihell'],stix,Software,"malware,malicious,browser-extension",85,2026-08-19T22:58:58Z,90
indicator,Browser Extension: nnpdpplbicnmpoigidfdjadamgfkilaa,Extension ID: nnpdpplbicnmpoigidfdjadamgfkilaa. Category: malware. . Ref: https://github.com/mallorybowes/chrome-mal-ids,[software:x_extension_id = 'nnpdpplbicnmpoigidfdjadamgfkilaa'],stix,Software,"malware,malicious,browser-extension",85,2026-08-19T22:58:58Z,90
indicator,Browser Extension: nojmbbkdflpfjdceflikpkbbmmbfaggl,Extension ID: nojmbbkdflpfjdceflikpkbbmmbfaggl. Category: malware. . Ref: https://github.com/mallorybowes/chrome-mal-ids,[software:x_extension_id = 'nojmbbkdflpfjdceflikpkbbmmbfaggl'],stix,Software,"malware,malicious,browser-extension",85,2026-08-19T22:58:58Z,90
indicator,Browser Extension: noknpgmaeedlbdichgaghebhiknmghff,Extension ID: noknpgmaeedlbdichgaghebhiknmghff. Category: malware. . Ref: https://github.com/mallorybowes/chrome-mal-ids,[software:x_extension_id = 'noknpgmaeedlbdichgaghebhiknmghff'],stix,Software,"malware,malicious,browser-extension",85,2026-08-19T22:58:58Z,90
indicator,Browser Extension: nolkpikmlhoaojbbmmpejnimiglejmbo,Extension ID: nolkpikmlhoaojbbmmpejnimiglejmbo. Category: malware. . Ref: https://github.com/mallorybowes/chrome-mal-ids,[software:x_extension_id = 'nolkpikmlhoaojbbmmpejnimiglejmbo'],stix,Software,"malware,malicious,browser-extension",85,2026-08-19T22:58:58Z,90
indicator,Browser Extension: nonbkopaoemachfglhlpomhbpofepfpo,Extension ID: nonbkopaoemachfglhlpomhbpofepfpo. Category: malware. . Ref: https://github.com/mallorybowes/chrome-mal-ids,[software:x_extension_id = 'nonbkopaoemachfglhlpomhbpofepfpo'],stix,Software,"malware,malicious,browser-extension",85,2026-08-19T22:58:58Z,90
indicator,Browser Extension: noobppndjaabcidladjeehddkgkccfcp,Extension ID: noobppndjaabcidladjeehddkgkccfcp. Category: malware. . Ref: https://github.com/mallorybowes/chrome-mal-ids,[software:x_extension_id = 'noobppndjaabcidladjeehddkgkccfcp'],stix,Software,"malware,malicious,browser-extension",85,2026-08-19T22:58:58Z,90
indicator,Browser Extension: npcaaejaejpolbbchlmbdjfiggojefll,Extension ID: npcaaejaejpolbbchlmbdjfiggojefll. Category: malware. . Ref: https://github.com/mallorybowes/chrome-mal-ids,[software:x_extension_id = 'npcaaejaejpolbbchlmbdjfiggojefll'],stix,Software,"malware,malicious,browser-extension",85,2026-08-19T22:58:58Z,90
indicator,Browser Extension: npccfaccnfkjmdlkollpiaialndbieib,Extension ID: npccfaccnfkjmdlkollpiaialndbieib. Category: malware. . Ref: https://github.com/mallorybowes/chrome-mal-ids,[software:x_extension_id = 'npccfaccnfkjmdlkollpiaialndbieib'],stix,Software,"malware,malicious,browser-extension",85,2026-08-19T22:58:58Z,90
indicator,Browser Extension: npfnmibjifkhhblmdmaocfohebdpfppk,Extension ID: npfnmibjifkhhblmdmaocfohebdpfppk. Category: malware. . Ref: https://github.com/mallorybowes/chrome-mal-ids,[software:x_extension_id = 'npfnmibjifkhhblmdmaocfohebdpfppk'],stix,Software,"malware,malicious,browser-extension",85,2026-08-19T22:58:58Z,90
indicator,Browser Extension: npgjndpcilbcanlnhhjmhjalilcmoicj,Extension ID: npgjndpcilbcanlnhhjmhjalilcmoicj. Category: malware. . Ref: https://github.com/mallorybowes/chrome-mal-ids,[software:x_extension_id = 'npgjndpcilbcanlnhhjmhjalilcmoicj'],stix,Software,"malware,malicious,browser-extension",85,2026-08-19T22:58:58Z,90
indicator,Browser Extension: nphoehhafolaebdpimmbmlofmeibdkck,Extension ID: nphoehhafolaebdpimmbmlofmeibdkck. Category: malware. . Ref: https://github.com/mallorybowes/chrome-mal-ids,[software:x_extension_id = 'nphoehhafolaebdpimmbmlofmeibdkck'],stix,Software,"malware,malicious,browser-extension",85,2026-08-19T22:58:58Z,90
indicator,Browser Extension: aeocankoflefcaiabdkdjkenofcpjagb,Extension ID: aeocankoflefcaiabdkdjkenofcpjagb. Category: malware. . Ref: https://github.com/uku/malicious-chrome-extensions,[software:x_extension_id = 'aeocankoflefcaiabdkdjkenofcpjagb'],stix,Software,"malware,malicious,browser-extension",85,2026-08-19T22:58:58Z,90
indicator,Browser Extension: alddjbjplgobbllfolehibiclbhmomla,Extension ID: alddjbjplgobbllfolehibiclbhmomla. Category: malware. . Ref: https://github.com/uku/malicious-chrome-extensions,[software:x_extension_id = 'alddjbjplgobbllfolehibiclbhmomla'],stix,Software,"malware,malicious,browser-extension",85,2026-08-19T22:58:58Z,90
indicator,Browser Extension: emmoddikhgncnaikamapbkggedoafomi,Extension ID: emmoddikhgncnaikamapbkggedoafomi. Category: malware. . Ref: https://github.com/uku/malicious-chrome-extensions,[software:x_extension_id = 'emmoddikhgncnaikamapbkggedoafomi'],stix,Software,"malware,malicious,browser-extension",85,2026-08-19T22:58:58Z,90
indicator,Browser Extension: fmakoabecaggdofhohcdjiaifnkmpldj,Extension ID: fmakoabecaggdofhohcdjiaifnkmpldj. Category: malware. . Ref: https://github.com/uku/malicious-chrome-extensions,[software:x_extension_id = 'fmakoabecaggdofhohcdjiaifnkmpldj'],stix,Software,"malware,malicious,browser-extension",85,2026-08-19T22:58:58Z,90
indicator,Browser Extension: gighmmpiobklfepjocnamgkkbiglidom,Extension ID: gighmmpiobklfepjocnamgkkbiglidom. Category: malware. . Ref: https://blog.avast.com/greedy-cybercriminals-host-malware-on-github,[software:x_extension_id = 'gighmmpiobklfepjocnamgkkbiglidom'],stix,Software,"malware,malicious,browser-extension",85,2026-08-19T22:58:58Z,90
indicator,Browser Extension: ChromeBack,Extension ID: andnkmffoleapmidfgnnjjoepadbiika. Category: malware. . Ref: https://www.gosecure.net/blog/2022/02/10/malicious-chrome-browser-extension-exposed-chromeback-leverages-silent-extension-loading/,[software:x_extension_id = 'andnkmffoleapmidfgnnjjoepadbiika'],stix,Software,"malware,malicious,browser-extension",85,2026-08-19T22:58:58Z,90
indicator,Browser Extension: User-Agent Switcher,Extension ID: clddifkhlkcojbojppdojfeeikdkgiae. Category: malware. . Ref: https://chris.partridge.tech/2020/extensions-the-next-generation-of-malware/help-for-users/,[software:x_extension_id = 'clddifkhlkcojbojppdojfeeikdkgiae'],stix,Software,"malware,compromised,browser-extension",50,2026-08-19T22:58:58Z,40
indicator,Browser Extension: Nano Defender,Extension ID: ggolfgbegefeeoocgjbmkembbncoadlb. Category: malware. . Ref: https://chris.partridge.tech/2020/extensions-the-next-generation-of-malware/help-for-users/,[software:x_extension_id = 'ggolfgbegefeeoocgjbmkembbncoadlb'],stix,Software,"malware,compromised,browser-extension",50,2026-08-19T22:58:58Z,40
indicator,Browser Extension: EasyConvert,Extension ID: annjkojdjjedabhfdnfacdiafkmpijbl. Category: malware. . Ref: https://innovatecybersecurity.com/research/analysis-of-galcomm-communigal-chrome-extension-malware/,[software:x_extension_id = 'annjkojdjjedabhfdnfacdiafkmpijbl'],stix,Software,"malware,malicious,browser-extension",85,2026-08-19T22:58:58Z,90
indicator,Browser Extension: EasyConvert,Extension ID: baimmgglolfkaaefedmlgfkdajckmpfm. Category: malware. . Ref: https://innovatecybersecurity.com/research/analysis-of-galcomm-communigal-chrome-extension-malware/,[software:x_extension_id = 'baimmgglolfkaaefedmlgfkdajckmpfm'],stix,Software,"malware,malicious,browser-extension",85,2026-08-19T22:58:58Z,90
indicator,Browser Extension: Search Manager,Extension ID: bhoagceacaklimpcejjofabngcjkebfg. Category: malware. . Ref: https://innovatecybersecurity.com/research/analysis-of-galcomm-communigal-chrome-extension-malware/,[software:x_extension_id = 'bhoagceacaklimpcejjofabngcjkebfg'],stix,Software,"malware,malicious,browser-extension",85,2026-08-19T22:58:58Z,90
indicator,Browser Extension: EasyConvert,Extension ID: bngebgoljdhmkgmecefkcfhjngffihii. Category: malware. . Ref: https://innovatecybersecurity.com/research/analysis-of-galcomm-communigal-chrome-extension-malware/,[software:x_extension_id = 'bngebgoljdhmkgmecefkcfhjngffihii'],stix,Software,"malware,malicious,browser-extension",85,2026-08-19T22:58:58Z,90
indicator,Browser Extension: ViewPDF,Extension ID: feahcinjmgpdpiidkcemfgkakemfamjg. Category: malware. . Ref: https://innovatecybersecurity.com/research/analysis-of-galcomm-communigal-chrome-extension-malware/,[software:x_extension_id = 'feahcinjmgpdpiidkcemfgkakemfamjg'],stix,Software,"malware,malicious,browser-extension",85,2026-08-19T22:58:58Z,90
indicator,Browser Extension: TheDocPDFConverter,Extension ID: fmbgbhkodhifcbilahghgbloblanpeig. Category: malware. . Ref: https://innovatecybersecurity.com/research/analysis-of-galcomm-communigal-chrome-extension-malware/,[software:x_extension_id = 'fmbgbhkodhifcbilahghgbloblanpeig'],stix,Software,"malware,malicious,browser-extension",85,2026-08-19T22:58:58Z,90
indicator,Browser Extension: YourEasyConvert,Extension ID: fpagmddnoehfplillifalekcnfehinhb. Category: malware. . Ref: https://innovatecybersecurity.com/research/analysis-of-galcomm-communigal-chrome-extension-malware/,[software:x_extension_id = 'fpagmddnoehfplillifalekcnfehinhb'],stix,Software,"malware,malicious,browser-extension",85,2026-08-19T22:58:58Z,90
indicator,Browser Extension: Search Manager,Extension ID: gemcaenpcldkhfkohjjkfgfopgghpkng. Category: malware. . Ref: https://innovatecybersecurity.com/research/analysis-of-galcomm-communigal-chrome-extension-malware/,[software:x_extension_id = 'gemcaenpcldkhfkohjjkfgfopgghpkng'],stix,Software,"malware,malicious,browser-extension",85,2026-08-19T22:58:58Z,90
indicator,Browser Extension: EasyConvert,Extension ID: gfihbklhmmihlkkjnemjppijdlmkcgbb. Category: malware. . Ref: https://innovatecybersecurity.com/research/analysis-of-galcomm-communigal-chrome-extension-malware/,[software:x_extension_id = 'gfihbklhmmihlkkjnemjppijdlmkcgbb'],stix,Software,"malware,malicious,browser-extension",85,2026-08-19T22:58:58Z,90
indicator,Browser Extension: Search Manager,Extension ID: gihcgddmlhacnmdenbdkokeaffnekgob. Category: malware. . Ref: https://innovatecybersecurity.com/research/analysis-of-galcomm-communigal-chrome-extension-malware/,[software:x_extension_id = 'gihcgddmlhacnmdenbdkokeaffnekgob'],stix,Software,"malware,malicious,browser-extension",85,2026-08-19T22:58:58Z,90
indicator,Browser Extension: ViewPDF,Extension ID: hbhldhipemjbfcdlanhifabdgapnhgbd. Category: malware. . Ref: https://innovatecybersecurity.com/research/analysis-of-galcomm-communigal-chrome-extension-malware/,[software:x_extension_id = 'hbhldhipemjbfcdlanhifabdgapnhgbd'],stix,Software,"malware,malicious,browser-extension",85,2026-08-19T22:58:58Z,90
indicator,Browser Extension: PDFcreate,Extension ID: hjncnnhioabgjeokhinifgjcallhenll. Category: malware. . Ref: https://innovatecybersecurity.com/research/analysis-of-galcomm-communigal-chrome-extension-malware/,[software:x_extension_id = 'hjncnnhioabgjeokhinifgjcallhenll'],stix,Software,"malware,malicious,browser-extension",85,2026-08-19T22:58:58Z,90
indicator,Browser Extension: Search Manager,Extension ID: icmgebopaejnjlncllgmcenbbflikfjd. Category: malware. . Ref: https://innovatecybersecurity.com/research/analysis-of-galcomm-communigal-chrome-extension-malware/,[software:x_extension_id = 'icmgebopaejnjlncllgmcenbbflikfjd'],stix,Software,"malware,malicious,browser-extension",85,2026-08-19T22:58:58Z,90
indicator,Browser Extension: Search Manager,Extension ID: ijahobfejgeblmkpcmgpelfibgnnjpil. Category: malware. . Ref: https://innovatecybersecurity.com/research/analysis-of-galcomm-communigal-chrome-extension-malware/,[software:x_extension_id = 'ijahobfejgeblmkpcmgpelfibgnnjpil'],stix,Software,"malware,malicious,browser-extension",85,2026-08-19T22:58:58Z,90
indicator,Browser Extension: DoctoPDF,Extension ID: ijcgfgdkipppfbkiikoddcjflephnpmf. Category: malware. . Ref: https://innovatecybersecurity.com/research/analysis-of-galcomm-communigal-chrome-extension-malware/,[software:x_extension_id = 'ijcgfgdkipppfbkiikoddcjflephnpmf'],stix,Software,"malware,malicious,browser-extension",85,2026-08-19T22:58:58Z,90
indicator,Browser Extension: EasyConvert,Extension ID: jkppdkadcnfnafkfjdhgbmhklhilimli. Category: malware. . Ref: https://innovatecybersecurity.com/research/analysis-of-galcomm-communigal-chrome-extension-malware/,[software:x_extension_id = 'jkppdkadcnfnafkfjdhgbmhklhilimli'],stix,Software,"malware,malicious,browser-extension",85,2026-08-19T22:58:58Z,90
indicator,Browser Extension: TheDocPDFConverter,Extension ID: kifdhfgalmlmpcbbbimokkipeobjmpcl. Category: malware. . Ref: https://innovatecybersecurity.com/research/analysis-of-galcomm-communigal-chrome-extension-malware/,[software:x_extension_id = 'kifdhfgalmlmpcbbbimokkipeobjmpcl'],stix,Software,"malware,malicious,browser-extension",85,2026-08-19T22:58:58Z,90
indicator,Browser Extension: Search Manager,Extension ID: kjcfanhkgmaaneaenocapblddnobeeci. Category: malware. . Ref: https://innovatecybersecurity.com/research/analysis-of-galcomm-communigal-chrome-extension-malware/,[software:x_extension_id = 'kjcfanhkgmaaneaenocapblddnobeeci'],stix,Software,"malware,malicious,browser-extension",85,2026-08-19T22:58:58Z,90
indicator,Browser Extension: DOCtoPDF,Extension ID: mdodmpdhcdbdlbeahilnfoeidccceegj. Category: malware. . Ref: https://innovatecybersecurity.com/research/analysis-of-galcomm-communigal-chrome-extension-malware/,[software:x_extension_id = 'mdodmpdhcdbdlbeahilnfoeidccceegj'],stix,Software,"malware,malicious,browser-extension",85,2026-08-19T22:58:58Z,90
indicator,Browser Extension: ViewPDF,Extension ID: mpledlgefahhhgodkdamhlplcjdgalme. Category: malware. . Ref: https://innovatecybersecurity.com/research/analysis-of-galcomm-communigal-chrome-extension-malware/,[software:x_extension_id = 'mpledlgefahhhgodkdamhlplcjdgalme'],stix,Software,"malware,malicious,browser-extension",85,2026-08-19T22:58:58Z,90
indicator,Browser Extension: Search Manager,Extension ID: nccfgpamboionigdpfjmijhlgmgdbael. Category: malware. . Ref: https://innovatecybersecurity.com/research/analysis-of-galcomm-communigal-chrome-extension-malware/,[software:x_extension_id = 'nccfgpamboionigdpfjmijhlgmgdbael'],stix,Software,"malware,malicious,browser-extension",85,2026-08-19T22:58:58Z,90
indicator,Browser Extension: Your Docs To PDF,Extension ID: nofdiclilfkicekdajkiaieafeciemlh. Category: malware. . Ref: https://innovatecybersecurity.com/research/analysis-of-galcomm-communigal-chrome-extension-malware/,[software:x_extension_id = 'nofdiclilfkicekdajkiaieafeciemlh'],stix,Software,"malware,malicious,browser-extension",85,2026-08-19T22:58:58Z,90
indicator,Browser Extension: Search Manager,Extension ID: ocilpnnapnkmcdabaeoobbamlniheaep. Category: malware. . Ref: https://innovatecybersecurity.com/research/analysis-of-galcomm-communigal-chrome-extension-malware/,[software:x_extension_id = 'ocilpnnapnkmcdabaeoobbamlniheaep'],stix,Software,"malware,malicious,browser-extension",85,2026-08-19T22:58:58Z,90
indicator,Browser Extension: EasyConvert,Extension ID: ojmoedcpcgeminijlnogdmkelkcfalfl. Category: malware. . Ref: https://innovatecybersecurity.com/research/analysis-of-galcomm-communigal-chrome-extension-malware/,[software:x_extension_id = 'ojmoedcpcgeminijlnogdmkelkcfalfl'],stix,Software,"malware,malicious,browser-extension",85,2026-08-19T22:58:58Z,90
indicator,Browser Extension: Search Manager,Extension ID: olojcnagmcbplpdddabmpfehhlleobpb. Category: malware. . Ref: https://innovatecybersecurity.com/research/analysis-of-galcomm-communigal-chrome-extension-malware/,[software:x_extension_id = 'olojcnagmcbplpdddabmpfehhlleobpb'],stix,Software,"malware,malicious,browser-extension",85,2026-08-19T22:58:58Z,90
indicator,Browser Extension: Search Manager,Extension ID: ommbgnllpkjnidkcnginhlacffdcdijc. Category: malware. . Ref: https://innovatecybersecurity.com/research/analysis-of-galcomm-communigal-chrome-extension-malware/,[software:x_extension_id = 'ommbgnllpkjnidkcnginhlacffdcdijc'],stix,Software,"malware,malicious,browser-extension",85,2026-08-19T22:58:58Z,90
indicator,Browser Extension: TheDocPDFConverter,Extension ID: onkopdeihmdimjphfbmlefelnegjkefb. Category: malware. . Ref: https://innovatecybersecurity.com/research/analysis-of-galcomm-communigal-chrome-extension-malware/,[software:x_extension_id = 'onkopdeihmdimjphfbmlefelnegjkefb'],stix,Software,"malware,malicious,browser-extension",85,2026-08-19T22:58:58Z,90
indicator,Browser Extension: OnlineMapFinder,Extension ID: ceopoaldcnmhechacafgagdkklcogkgd. Category: malware. . Ref: https://securelist.com/threat-in-your-browser-extensions/107181/,[software:x_extension_id = 'ceopoaldcnmhechacafgagdkklcogkgd'],stix,Software,"malware,malicious,browser-extension",85,2026-08-19T22:58:58Z,90
indicator,Browser Extension: Google Translate,Extension ID: colgdlijdieibnaccfdcdbpdffofkfeb. Category: malware. . Ref: https://securelist.com/threat-in-your-browser-extensions/107181/,[software:x_extension_id = 'colgdlijdieibnaccfdcdbpdffofkfeb'],stix,Software,"malware,malicious,browser-extension",85,2026-08-19T22:58:58Z,90
indicator,Browser Extension: Google Translate,Extension ID: fdempkefdmgfcogieifmnadjhohaljcb. Category: malware. . Ref: https://securelist.com/threat-in-your-browser-extensions/107181/,[software:x_extension_id = 'fdempkefdmgfcogieifmnadjhohaljcb'],stix,Software,"malware,malicious,browser-extension",85,2026-08-19T22:58:58Z,90
indicator,Browser Extension: EasyPDFCombine,Extension ID: fncbkmmlcehhipmmofdhejcggdapcmon. Category: malware. . Ref: https://securelist.com/threat-in-your-browser-extensions/107181/,[software:x_extension_id = 'fncbkmmlcehhipmmofdhejcggdapcmon'],stix,Software,"malware,malicious,browser-extension",85,2026-08-19T22:58:58Z,90
indicator,Browser Extension: OnlineMapFinder,Extension ID: kpocjpoifmommoiiiamepombpeoaehfh. Category: malware. . Ref: https://securelist.com/threat-in-your-browser-extensions/107181/,[software:x_extension_id = 'kpocjpoifmommoiiiamepombpeoaehfh'],stix,Software,"malware,malicious,browser-extension",85,2026-08-19T22:58:58Z,90
indicator,Browser Extension: EasyDocMerge,Extension ID: mabloidgodmbnmnhoenmhlcjkfelomgp. Category: malware. . Ref: https://securelist.com/threat-in-your-browser-extensions/107181/,[software:x_extension_id = 'mabloidgodmbnmnhoenmhlcjkfelomgp'],stix,Software,"malware,malicious,browser-extension",85,2026-08-19T22:58:58Z,90
indicator,Browser Extension: PDF Viewer & Converter by FromDocToPDF,Extension ID: mallpejgeafdahhflmliiahjdpgbegpk. Category: malware. . Ref: https://securelist.com/threat-in-your-browser-extensions/107181/,[software:x_extension_id = 'mallpejgeafdahhflmliiahjdpgbegpk'],stix,Software,"malware,malicious,browser-extension",85,2026-08-19T22:58:58Z,90
indicator,Browser Extension: Internal Chromium Extension,Extension ID: ncjbeingokdeimlmolagjaddccfdlkbd. Category: malware. . Ref: https://securelist.com/threat-in-your-browser-extensions/107181/,[software:x_extension_id = 'ncjbeingokdeimlmolagjaddccfdlkbd'],stix,Software,"malware,malicious,browser-extension",85,2026-08-19T22:58:58Z,90
indicator,Browser Extension: impersonated google translate,Extension ID: aapbdbdomjkkjkaonfhkkikfgjllcleb. Category: malware. impersonated google translate. Ref: https://www.zimperium.com/blog/abc-soup-the-malicious-adware-extension-with-350-variants/,[software:x_extension_id = 'aapbdbdomjkkjkaonfhkkikfgjllcleb'],stix,Software,"malware,impersonated,browser-extension",50,2026-08-19T22:58:58Z,40
indicator,Browser Extension: Copyfish,Extension ID: eenjdnjldapjajjofmldgmkjaienebbj. Category: malware. . Ref: https://www.bleepingcomputer.com/news/security/copyfish-chrome-extension-hijacked-to-show-adware/,[software:x_extension_id = 'eenjdnjldapjajjofmldgmkjaienebbj'],stix,Software,"malware,compromised,browser-extension",50,2026-08-19T22:58:58Z,40
indicator,Browser Extension: Internet Download Manager,Extension ID: lcdlanlaneooailnebnhamiiieebikid. Category: malware. . Ref: https://www.bleepingcomputer.com/news/security/fake-chrome-extension-internet-download-manager-has-200-000-installs/. CRX SHA-256: b4b47730b62592c21368c2546e578342fff8383693e89211155c2d61d88058ba,[software:x_extension_id = 'lcdlanlaneooailnebnhamiiieebikid'],stix,Software,"malware,malicious,browser-extension",85,2026-08-19T22:58:58Z,90
indicator,Browser Extension: Internet-Start,Extension ID: llcdellnofncikmhimjdbkdjgpmcjbik. Category: malware. . Ref: https://blog.cyble.com/2022/11/22/over-2-million-users-affected-with-browser-hijackers/,[software:x_extension_id = 'llcdellnofncikmhimjdbkdjgpmcjbik'],stix,Software,"malware,malicious,browser-extension",85,2026-08-19T22:58:58Z,90
indicator,"Browser Extension: UltraSurf Security, Privacy & Unblock VPN",Extension ID: mjnbclmflcpookeapghfhapeffmpodij. Category: malware. . Ref: https://blog.cyble.com/2022/11/22/over-2-million-users-affected-with-browser-hijackers/,[software:x_extension_id = 'mjnbclmflcpookeapghfhapeffmpodij'],stix,Software,"malware,malicious,browser-extension",85,2026-08-19T22:58:58Z,90
indicator,Browser Extension: WebSecurerr Browser Protection,Extension ID: odlnghcomkeenpeblhddfpacdncfjmna. Category: malware. . Ref: https://blog.cyble.com/2022/11/22/over-2-million-users-affected-with-browser-hijackers/,[software:x_extension_id = 'odlnghcomkeenpeblhddfpacdncfjmna'],stix,Software,"malware,malicious,browser-extension",85,2026-08-19T22:58:58Z,90
indicator,Browser Extension: SearchBlox,Extension ID: blddohgncmehcepnokognejaaahehncd. Category: malware. . Ref: https://www.bleepingcomputer.com/news/security/backdoored-chrome-extension-installed-by-200-000-roblox-players,[software:x_extension_id = 'blddohgncmehcepnokognejaaahehncd'],stix,Software,"malware,malicious,browser-extension",85,2026-08-19T22:58:58Z,90
indicator,Browser Extension: SearchBlox,Extension ID: ccjalhebkdogpobnbdhfpincfeohonni. Category: malware. . Ref: https://www.bleepingcomputer.com/news/security/backdoored-chrome-extension-installed-by-200-000-roblox-players,[software:x_extension_id = 'ccjalhebkdogpobnbdhfpincfeohonni'],stix,Software,"malware,malicious,browser-extension",85,2026-08-19T22:58:58Z,90
indicator,Browser Extension: adcgijngmbpleglelbhmfnfgmgnnaojh,Extension ID: adcgijngmbpleglelbhmfnfgmgnnaojh. Category: malware. . Ref: https://raw.githubusercontent.com/randomaccess3/detections/main/extensions/chromium/extracted/reddit_droidclub.txt,[software:x_extension_id = 'adcgijngmbpleglelbhmfnfgmgnnaojh'],stix,Software,"malware,malicious,browser-extension",85,2026-08-19T22:58:58Z,90
indicator,Browser Extension: aflgnlnfhhfocmkikhfelilibcdmalfg,Extension ID: aflgnlnfhhfocmkikhfelilibcdmalfg. Category: malware. . Ref: https://raw.githubusercontent.com/randomaccess3/detections/main/extensions/chromium/extracted/reddit_droidclub.txt,[software:x_extension_id = 'aflgnlnfhhfocmkikhfelilibcdmalfg'],stix,Software,"malware,malicious,browser-extension",85,2026-08-19T22:58:58Z,90
indicator,Browser Extension: akbmkokbdbkfgnciimgbpndidcookica,Extension ID: akbmkokbdbkfgnciimgbpndidcookica. Category: malware. . Ref: https://raw.githubusercontent.com/randomaccess3/detections/main/extensions/chromium/extracted/reddit_droidclub.txt,[software:x_extension_id = 'akbmkokbdbkfgnciimgbpndidcookica'],stix,Software,"malware,malicious,browser-extension",85,2026-08-19T22:58:58Z,90
indicator,Browser Extension: bidmloagildlhkkiabgfdhpgkmhmgjho,Extension ID: bidmloagildlhkkiabgfdhpgkmhmgjho. Category: malware. . Ref: https://raw.githubusercontent.com/randomaccess3/detections/main/extensions/chromium/extracted/reddit_droidclub.txt,[software:x_extension_id = 'bidmloagildlhkkiabgfdhpgkmhmgjho'],stix,Software,"malware,malicious,browser-extension",85,2026-08-19T22:58:58Z,90
indicator,Browser Extension: cgmagmgdmfgambngmhahionnmiieejpb,Extension ID: cgmagmgdmfgambngmhahionnmiieejpb. Category: malware. . Ref: https://raw.githubusercontent.com/randomaccess3/detections/main/extensions/chromium/extracted/reddit_droidclub.txt,[software:x_extension_id = 'cgmagmgdmfgambngmhahionnmiieejpb'],stix,Software,"malware,malicious,browser-extension",85,2026-08-19T22:58:58Z,90
indicator,Browser Extension: dddpdjidpiddnldfpabcelinhoknaphc,Extension ID: dddpdjidpiddnldfpabcelinhoknaphc. Category: malware. . Ref: https://raw.githubusercontent.com/randomaccess3/detections/main/extensions/chromium/extracted/reddit_droidclub.txt,[software:x_extension_id = 'dddpdjidpiddnldfpabcelinhoknaphc'],stix,Software,"malware,malicious,browser-extension",85,2026-08-19T22:58:58Z,90
indicator,Browser Extension: dnflpnhpbffehddplcdlohealbgbbamk,Extension ID: dnflpnhpbffehddplcdlohealbgbbamk. Category: malware. . Ref: https://raw.githubusercontent.com/randomaccess3/detections/main/extensions/chromium/extracted/reddit_droidclub.txt,[software:x_extension_id = 'dnflpnhpbffehddplcdlohealbgbbamk'],stix,Software,"malware,malicious,browser-extension",85,2026-08-19T22:58:58Z,90
indicator,Browser Extension: doibabjiapabnfibohiinbmjjblnlioi,Extension ID: doibabjiapabnfibohiinbmjjblnlioi. Category: malware. . Ref: https://raw.githubusercontent.com/randomaccess3/detections/main/extensions/chromium/extracted/reddit_droidclub.txt,[software:x_extension_id = 'doibabjiapabnfibohiinbmjjblnlioi'],stix,Software,"malware,malicious,browser-extension",85,2026-08-19T22:58:58Z,90
indicator,Browser Extension: ebfekolillbapcjmlmjnlnkicapmhgjn,Extension ID: ebfekolillbapcjmlmjnlnkicapmhgjn. Category: malware. . Ref: https://raw.githubusercontent.com/randomaccess3/detections/main/extensions/chromium/extracted/reddit_droidclub.txt,[software:x_extension_id = 'ebfekolillbapcjmlmjnlnkicapmhgjn'],stix,Software,"malware,malicious,browser-extension",85,2026-08-19T22:58:58Z,90
indicator,Browser Extension: egbpmjkpccpjhfnhfhgeklgibepkimpd,Extension ID: egbpmjkpccpjhfnhfhgeklgibepkimpd. Category: malware. . Ref: https://raw.githubusercontent.com/randomaccess3/detections/main/extensions/chromium/extracted/reddit_droidclub.txt,[software:x_extension_id = 'egbpmjkpccpjhfnhfhgeklgibepkimpd'],stix,Software,"malware,malicious,browser-extension",85,2026-08-19T22:58:58Z,90
indicator,Browser Extension: fkfcmeoepjhclglafbppmeidjjolcgid,Extension ID: fkfcmeoepjhclglafbppmeidjjolcgid. Category: malware. . Ref: https://raw.githubusercontent.com/randomaccess3/detections/main/extensions/chromium/extracted/reddit_droidclub.txt,[software:x_extension_id = 'fkfcmeoepjhclglafbppmeidjjolcgid'],stix,Software,"malware,malicious,browser-extension",85,2026-08-19T22:58:58Z,90
indicator,Browser Extension: gjidffbnnlofmglgmbljkklgelnbidgo,Extension ID: gjidffbnnlofmglgmbljkklgelnbidgo. Category: malware. . Ref: https://raw.githubusercontent.com/randomaccess3/detections/main/extensions/chromium/extracted/reddit_droidclub.txt,[software:x_extension_id = 'gjidffbnnlofmglgmbljkklgelnbidgo'],stix,Software,"malware,malicious,browser-extension",85,2026-08-19T22:58:58Z,90
indicator,Browser Extension: gmfijjnfjoeafkhalnojfbaekemcofoi,Extension ID: gmfijjnfjoeafkhalnojfbaekemcofoi. Category: malware. . Ref: https://raw.githubusercontent.com/randomaccess3/detections/main/extensions/chromium/extracted/reddit_droidclub.txt,[software:x_extension_id = 'gmfijjnfjoeafkhalnojfbaekemcofoi'],stix,Software,"malware,malicious,browser-extension",85,2026-08-19T22:58:58Z,90
indicator,Browser Extension: hhaalpeklfijljphgfkgppokkijcbpga,Extension ID: hhaalpeklfijljphgfkgppokkijcbpga. Category: malware. . Ref: https://raw.githubusercontent.com/randomaccess3/detections/main/extensions/chromium/extracted/reddit_droidclub.txt,[software:x_extension_id = 'hhaalpeklfijljphgfkgppokkijcbpga'],stix,Software,"malware,malicious,browser-extension",85,2026-08-19T22:58:58Z,90
indicator,Browser Extension: himefdaeljlpmlikhdpinjfiohijjlng,Extension ID: himefdaeljlpmlikhdpinjfiohijjlng. Category: malware. . Ref: https://raw.githubusercontent.com/randomaccess3/detections/main/extensions/chromium/extracted/reddit_droidclub.txt,[software:x_extension_id = 'himefdaeljlpmlikhdpinjfiohijjlng'],stix,Software,"malware,malicious,browser-extension",85,2026-08-19T22:58:58Z,90
indicator,Browser Extension: ijjnmdphpnlnelhbhefnfmimenjgbfcn,Extension ID: ijjnmdphpnlnelhbhefnfmimenjgbfcn. Category: malware. . Ref: https://raw.githubusercontent.com/randomaccess3/detections/main/extensions/chromium/extracted/reddit_droidclub.txt,[software:x_extension_id = 'ijjnmdphpnlnelhbhefnfmimenjgbfcn'],stix,Software,"malware,malicious,browser-extension",85,2026-08-19T22:58:58Z,90
indicator,Browser Extension: ikgjglmlehllifdekcggaapkaplbdpje,Extension ID: ikgjglmlehllifdekcggaapkaplbdpje. Category: malware. . Ref: https://raw.githubusercontent.com/randomaccess3/detections/main/extensions/chromium/extracted/reddit_droidclub.txt,[software:x_extension_id = 'ikgjglmlehllifdekcggaapkaplbdpje'],stix,Software,"malware,malicious,browser-extension",85,2026-08-19T22:58:58Z,90
indicator,Browser Extension: jadhamcfimejpbemfkgoeijaimpciehj,Extension ID: jadhamcfimejpbemfkgoeijaimpciehj. Category: malware. . Ref: https://raw.githubusercontent.com/randomaccess3/detections/main/extensions/chromium/extracted/reddit_droidclub.txt,[software:x_extension_id = 'jadhamcfimejpbemfkgoeijaimpciehj'],stix,Software,"malware,malicious,browser-extension",85,2026-08-19T22:58:58Z,90
indicator,Browser Extension: jcnijlipdlfgjojinphboifjbedkkjpk,Extension ID: jcnijlipdlfgjojinphboifjbedkkjpk. Category: malware. . Ref: https://raw.githubusercontent.com/randomaccess3/detections/main/extensions/chromium/extracted/reddit_droidclub.txt,[software:x_extension_id = 'jcnijlipdlfgjojinphboifjbedkkjpk'],stix,Software,"malware,malicious,browser-extension",85,2026-08-19T22:58:58Z,90
indicator,Browser Extension: jkbnhlhcdndaamafgbelomapajcnjpde,Extension ID: jkbnhlhcdndaamafgbelomapajcnjpde. Category: malware. . Ref: https://raw.githubusercontent.com/randomaccess3/detections/main/extensions/chromium/extracted/reddit_droidclub.txt,[software:x_extension_id = 'jkbnhlhcdndaamafgbelomapajcnjpde'],stix,Software,"malware,malicious,browser-extension",85,2026-08-19T22:58:58Z,90
indicator,Browser Extension: jlnojnckglpdpecfkmanbjgcbkibcgoa,Extension ID: jlnojnckglpdpecfkmanbjgcbkibcgoa. Category: malware. . Ref: https://raw.githubusercontent.com/randomaccess3/detections/main/extensions/chromium/extracted/reddit_droidclub.txt,[software:x_extension_id = 'jlnojnckglpdpecfkmanbjgcbkibcgoa'],stix,Software,"malware,malicious,browser-extension",85,2026-08-19T22:58:58Z,90
indicator,Browser Extension: jnnbmiailafajdkboegcjcdklooomfic,Extension ID: jnnbmiailafajdkboegcjcdklooomfic. Category: malware. . Ref: https://raw.githubusercontent.com/randomaccess3/detections/main/extensions/chromium/extracted/reddit_droidclub.txt,[software:x_extension_id = 'jnnbmiailafajdkboegcjcdklooomfic'],stix,Software,"malware,malicious,browser-extension",85,2026-08-19T22:58:58Z,90
indicator,Browser Extension: kbfheninkdonankpffgbmkilnlkmpdie,Extension ID: kbfheninkdonankpffgbmkilnlkmpdie. Category: malware. . Ref: https://raw.githubusercontent.com/randomaccess3/detections/main/extensions/chromium/extracted/reddit_droidclub.txt,[software:x_extension_id = 'kbfheninkdonankpffgbmkilnlkmpdie'],stix,Software,"malware,malicious,browser-extension",85,2026-08-19T22:58:58Z,90
indicator,Browser Extension: klfpepckaekiibejbehafgabnolmjajb,Extension ID: klfpepckaekiibejbehafgabnolmjajb. Category: malware. . Ref: https://raw.githubusercontent.com/randomaccess3/detections/main/extensions/chromium/extracted/reddit_droidclub.txt,[software:x_extension_id = 'klfpepckaekiibejbehafgabnolmjajb'],stix,Software,"malware,malicious,browser-extension",85,2026-08-19T22:58:58Z,90
indicator,Browser Extension: kohoehgoafblafjinhplmhcbphgaaobc,Extension ID: kohoehgoafblafjinhplmhcbphgaaobc. Category: malware. . Ref: https://raw.githubusercontent.com/randomaccess3/detections/main/extensions/chromium/extracted/reddit_droidclub.txt,[software:x_extension_id = 'kohoehgoafblafjinhplmhcbphgaaobc'],stix,Software,"malware,malicious,browser-extension",85,2026-08-19T22:58:58Z,90
indicator,Browser Extension: lbapdklahcjljfincdglncfpdgfhckcf,Extension ID: lbapdklahcjljfincdglncfpdgfhckcf. Category: malware. . Ref: https://raw.githubusercontent.com/randomaccess3/detections/main/extensions/chromium/extracted/reddit_droidclub.txt,[software:x_extension_id = 'lbapdklahcjljfincdglncfpdgfhckcf'],stix,Software,"malware,malicious,browser-extension",85,2026-08-19T22:58:58Z,90
indicator,Browser Extension: lgfehfbnofiffladdncogfobimealokp,Extension ID: lgfehfbnofiffladdncogfobimealokp. Category: malware. . Ref: https://raw.githubusercontent.com/randomaccess3/detections/main/extensions/chromium/extracted/reddit_droidclub.txt,[software:x_extension_id = 'lgfehfbnofiffladdncogfobimealokp'],stix,Software,"malware,malicious,browser-extension",85,2026-08-19T22:58:58Z,90
indicator,Browser Extension: mjohbbemcjnjcmgdlfimnlekklecjioi,Extension ID: mjohbbemcjnjcmgdlfimnlekklecjioi. Category: malware. . Ref: https://raw.githubusercontent.com/randomaccess3/detections/main/extensions/chromium/extracted/reddit_droidclub.txt,[software:x_extension_id = 'mjohbbemcjnjcmgdlfimnlekklecjioi'],stix,Software,"malware,malicious,browser-extension",85,2026-08-19T22:58:58Z,90
indicator,Browser Extension: mmgkbcihahpocjmclehpjejmgjmijcib,Extension ID: mmgkbcihahpocjmclehpjejmgjmijcib. Category: malware. . Ref: https://raw.githubusercontent.com/randomaccess3/detections/main/extensions/chromium/extracted/reddit_droidclub.txt,[software:x_extension_id = 'mmgkbcihahpocjmclehpjejmgjmijcib'],stix,Software,"malware,malicious,browser-extension",85,2026-08-19T22:58:58Z,90
indicator,Browser Extension: naedfjpkboljpmbmdnfnibcndmmgdnen,Extension ID: naedfjpkboljpmbmdnfnibcndmmgdnen. Category: malware. . Ref: https://raw.githubusercontent.com/randomaccess3/detections/main/extensions/chromium/extracted/reddit_droidclub.txt,[software:x_extension_id = 'naedfjpkboljpmbmdnfnibcndmmgdnen'],stix,Software,"malware,malicious,browser-extension",85,2026-08-19T22:58:58Z,90
indicator,Browser Extension: niojcggonafbneajjmkpkcigabaobmge,Extension ID: niojcggonafbneajjmkpkcigabaobmge. Category: malware. . Ref: https://raw.githubusercontent.com/randomaccess3/detections/main/extensions/chromium/extracted/reddit_droidclub.txt,[software:x_extension_id = 'niojcggonafbneajjmkpkcigabaobmge'],stix,Software,"malware,malicious,browser-extension",85,2026-08-19T22:58:58Z,90
indicator,Browser Extension: nmacmlcfcmckdohgadnopepbmdahacfi,Extension ID: nmacmlcfcmckdohgadnopepbmdahacfi. Category: malware. . Ref: https://raw.githubusercontent.com/randomaccess3/detections/main/extensions/chromium/extracted/reddit_droidclub.txt,[software:x_extension_id = 'nmacmlcfcmckdohgadnopepbmdahacfi'],stix,Software,"malware,malicious,browser-extension",85,2026-08-19T22:58:58Z,90
indicator,Browser Extension: nmoljkcokoboaagjadndhkcemgmnoaoa,Extension ID: nmoljkcokoboaagjadndhkcemgmnoaoa. Category: malware. . Ref: https://raw.githubusercontent.com/randomaccess3/detections/main/extensions/chromium/extracted/reddit_droidclub.txt,[software:x_extension_id = 'nmoljkcokoboaagjadndhkcemgmnoaoa'],stix,Software,"malware,malicious,browser-extension",85,2026-08-19T22:58:58Z,90
indicator,Browser Extension: npmoikddpdgbhgbkjgjemncoegpojpng,Extension ID: npmoikddpdgbhgbkjgjemncoegpojpng. Category: malware. . Ref: https://raw.githubusercontent.com/randomaccess3/detections/main/extensions/chromium/extracted/reddit_droidclub.txt,[software:x_extension_id = 'npmoikddpdgbhgbkjgjemncoegpojpng'],stix,Software,"malware,malicious,browser-extension",85,2026-08-19T22:58:58Z,90
indicator,Browser Extension: odcommfbpjnempjflnjmgmnfpgcadboo,Extension ID: odcommfbpjnempjflnjmgmnfpgcadboo. Category: malware. . Ref: https://raw.githubusercontent.com/randomaccess3/detections/main/extensions/chromium/extracted/reddit_droidclub.txt,[software:x_extension_id = 'odcommfbpjnempjflnjmgmnfpgcadboo'],stix,Software,"malware,malicious,browser-extension",85,2026-08-19T22:58:58Z,90
indicator,Browser Extension: pnacmlfckijnmogihjeaojfnfiplhhpj,Extension ID: pnacmlfckijnmogihjeaojfnfiplhhpj. Category: malware. . Ref: https://raw.githubusercontent.com/randomaccess3/detections/main/extensions/chromium/extracted/reddit_droidclub.txt,[software:x_extension_id = 'pnacmlfckijnmogihjeaojfnfiplhhpj'],stix,Software,"malware,malicious,browser-extension",85,2026-08-19T22:58:58Z,90
indicator,Browser Extension: ppgplhcfmaadpnkmnkhgadmaekeldbnh,Extension ID: ppgplhcfmaadpnkmnkhgadmaekeldbnh. Category: malware. . Ref: https://raw.githubusercontent.com/randomaccess3/detections/main/extensions/chromium/extracted/reddit_droidclub.txt,[software:x_extension_id = 'ppgplhcfmaadpnkmnkhgadmaekeldbnh'],stix,Software,"malware,malicious,browser-extension",85,2026-08-19T22:58:58Z,90
indicator,Browser Extension: Cheesy Barbecue Bacon,Extension ID: aedobkofagambpnhibndgllabmkhiink. Category: malware. . Ref: https://documents.trendmicro.com/assets/pdf/appendix-droidclub.pdf,[software:x_extension_id = 'aedobkofagambpnhibndgllabmkhiink'],stix,Software,"malware,malicious,browser-extension",85,2026-08-19T22:58:58Z,90
indicator,Browser Extension: Inspired Wall Hanging,Extension ID: ahcodkopnoolabmeeddimaccfbbgbnkg. Category: malware. . Ref: https://documents.trendmicro.com/assets/pdf/appendix-droidclub.pdf,[software:x_extension_id = 'ahcodkopnoolabmeeddimaccfbbgbnkg'],stix,Software,"malware,malicious,browser-extension",85,2026-08-19T22:58:58Z,90
indicator,Browser Extension: Seafood Cioppino,Extension ID: ahgfcgbmapkkfkkngkbgdhmefglhhoch. Category: malware. . Ref: https://documents.trendmicro.com/assets/pdf/appendix-droidclub.pdf,[software:x_extension_id = 'ahgfcgbmapkkfkkngkbgdhmefglhhoch'],stix,Software,"malware,malicious,browser-extension",85,2026-08-19T22:58:58Z,90
indicator,Browser Extension: Chalkboard Serving Tray,Extension ID: ajfmifgcjbdlifbbcoocbagcpbpbafip. Category: malware. . Ref: https://documents.trendmicro.com/assets/pdf/appendix-droidclub.pdf,[software:x_extension_id = 'ajfmifgcjbdlifbbcoocbagcpbpbafip'],stix,Software,"malware,malicious,browser-extension",85,2026-08-19T22:58:58Z,90
indicator,Browser Extension: Perfect Steaks,Extension ID: alcemhodmihppbkoipjoiigeladbmfab. Category: malware. . Ref: https://documents.trendmicro.com/assets/pdf/appendix-droidclub.pdf,[software:x_extension_id = 'alcemhodmihppbkoipjoiigeladbmfab'],stix,Software,"malware,malicious,browser-extension",85,2026-08-19T22:58:58Z,90
indicator,Browser Extension: Cute Reindeer Cake,Extension ID: amhboafopmbeaiifkcmolgielebplddn. Category: malware. . Ref: https://documents.trendmicro.com/assets/pdf/appendix-droidclub.pdf,[software:x_extension_id = 'amhboafopmbeaiifkcmolgielebplddn'],stix,Software,"malware,malicious,browser-extension",85,2026-08-19T22:58:58Z,90
indicator,Browser Extension: New bag from t-shirt,Extension ID: bajpajaplkkmfohgfckjdcmjaodhigbm. Category: malware. . Ref: https://documents.trendmicro.com/assets/pdf/appendix-droidclub.pdf,[software:x_extension_id = 'bajpajaplkkmfohgfckjdcmjaodhigbm'],stix,Software,"malware,malicious,browser-extension",85,2026-08-19T22:58:58Z,90
indicator,Browser Extension: Toss Carnival Game,Extension ID: bbjnbbkmmlfamopoapkcbhknhjolebll. Category: malware. . Ref: https://documents.trendmicro.com/assets/pdf/appendix-droidclub.pdf,[software:x_extension_id = 'bbjnbbkmmlfamopoapkcbhknhjolebll'],stix,Software,"malware,malicious,browser-extension",85,2026-08-19T22:58:58Z,90
indicator,Browser Extension: Holiday Scene,Extension ID: bbklochlbdnjkepkogifmlaaejfgnjhf. Category: malware. . Ref: https://documents.trendmicro.com/assets/pdf/appendix-droidclub.pdf,[software:x_extension_id = 'bbklochlbdnjkepkogifmlaaejfgnjhf'],stix,Software,"malware,malicious,browser-extension",85,2026-08-19T22:58:58Z,90
indicator,Browser Extension: Christmas Paper Lantern,Extension ID: caepkodhijhgkecbklgldhkdaepalahh. Category: malware. . Ref: https://documents.trendmicro.com/assets/pdf/appendix-droidclub.pdf,[software:x_extension_id = 'caepkodhijhgkecbklgldhkdaepalahh'],stix,Software,"malware,malicious,browser-extension",85,2026-08-19T22:58:58Z,90
indicator,Browser Extension: Salad Garden,Extension ID: chnfpgfeobeekbnpmaajncohmppfpfjb. Category: malware. . Ref: https://documents.trendmicro.com/assets/pdf/appendix-droidclub.pdf,[software:x_extension_id = 'chnfpgfeobeekbnpmaajncohmppfpfjb'],stix,Software,"malware,malicious,browser-extension",85,2026-08-19T22:58:58Z,90
indicator,Browser Extension: a Birch Wood Reindeer,Extension ID: ckcnkbhdcgbfjjpomejcknjflkggmpjm. Category: malware. . Ref: https://documents.trendmicro.com/assets/pdf/appendix-droidclub.pdf,[software:x_extension_id = 'ckcnkbhdcgbfjjpomejcknjflkggmpjm'],stix,Software,"malware,malicious,browser-extension",85,2026-08-19T22:58:58Z,90
indicator,Browser Extension: Peaches and Plums,Extension ID: cklihcncoeagchmooepokamfkjfofkep. Category: malware. . Ref: https://documents.trendmicro.com/assets/pdf/appendix-droidclub.pdf,[software:x_extension_id = 'cklihcncoeagchmooepokamfkjfofkep'],stix,Software,"malware,malicious,browser-extension",85,2026-08-19T22:58:58Z,90
indicator,Browser Extension: Cookie Dough,Extension ID: clcemeljdlfkhddlfcplkibelopdhdik. Category: malware. . Ref: https://documents.trendmicro.com/assets/pdf/appendix-droidclub.pdf,[software:x_extension_id = 'clcemeljdlfkhddlfcplkibelopdhdik'],stix,Software,"malware,malicious,browser-extension",85,2026-08-19T22:58:58Z,90
indicator,Browser Extension: To Deodorize Laundry,Extension ID: clglkelnalggbnimiglpodkhledoenfk. Category: malware. . Ref: https://documents.trendmicro.com/assets/pdf/appendix-droidclub.pdf,[software:x_extension_id = 'clglkelnalggbnimiglpodkhledoenfk'],stix,Software,"malware,malicious,browser-extension",85,2026-08-19T22:58:58Z,90
indicator,Browser Extension: Homemade Carpet Cleaner,Extension ID: ddllmjjlakacffbeidndbdogijobmble. Category: malware. . Ref: https://documents.trendmicro.com/assets/pdf/appendix-droidclub.pdf,[software:x_extension_id = 'ddllmjjlakacffbeidndbdogijobmble'],stix,Software,"malware,malicious,browser-extension",85,2026-08-19T22:58:58Z,90
indicator,Browser Extension: How to Make Gumbo,Extension ID: dkmddfhmoocfdhcogjagaijjcinbdmeb. Category: malware. . Ref: https://documents.trendmicro.com/assets/pdf/appendix-droidclub.pdf,[software:x_extension_id = 'dkmddfhmoocfdhcogjagaijjcinbdmeb'],stix,Software,"malware,malicious,browser-extension",85,2026-08-19T22:58:58Z,90
indicator,Browser Extension: Pinwheel Rosettes,Extension ID: edbkkbdfomalmbjdpfhaiciheppjihgo. Category: malware. . Ref: https://documents.trendmicro.com/assets/pdf/appendix-droidclub.pdf,[software:x_extension_id = 'edbkkbdfomalmbjdpfhaiciheppjihgo'],stix,Software,"malware,malicious,browser-extension",85,2026-08-19T22:58:58Z,90
indicator,Browser Extension: Ideas to Beautify Your Apartment,Extension ID: edndmdgfkambceallfcifndcnihfkhce. Category: malware. . Ref: https://documents.trendmicro.com/assets/pdf/appendix-droidclub.pdf,[software:x_extension_id = 'edndmdgfkambceallfcifndcnihfkhce'],stix,Software,"malware,malicious,browser-extension",85,2026-08-19T22:58:58Z,90
indicator,Browser Extension: Zipper in a Sweatshirt,Extension ID: eefgplhbgoepdkcjhlbpedgpchkgfedo. Category: malware. . Ref: https://documents.trendmicro.com/assets/pdf/appendix-droidclub.pdf,[software:x_extension_id = 'eefgplhbgoepdkcjhlbpedgpchkgfedo'],stix,Software,"malware,malicious,browser-extension",85,2026-08-19T22:58:58Z,90
indicator,Browser Extension: Pickled Jalapenos,Extension ID: egdcgagkkckipplmpfdfimmcipjjfkko. Category: malware. . Ref: https://documents.trendmicro.com/assets/pdf/appendix-droidclub.pdf,[software:x_extension_id = 'egdcgagkkckipplmpfdfimmcipjjfkko'],stix,Software,"malware,malicious,browser-extension",85,2026-08-19T22:58:58Z,90
indicator,Browser Extension: Edible Eyeball Pizza,Extension ID: egjmkjdlkbjjenockdaamogoiioojgjp. Category: malware. . Ref: https://documents.trendmicro.com/assets/pdf/appendix-droidclub.pdf,[software:x_extension_id = 'egjmkjdlkbjjenockdaamogoiioojgjp'],stix,Software,"malware,malicious,browser-extension",85,2026-08-19T22:58:58Z,90
indicator,Browser Extension: A Turkey Napkin,Extension ID: egoalalhadillklokiiennmdflbhehoh. Category: malware. . Ref: https://documents.trendmicro.com/assets/pdf/appendix-droidclub.pdf,[software:x_extension_id = 'egoalalhadillklokiiennmdflbhehoh'],stix,Software,"malware,malicious,browser-extension",85,2026-08-19T22:58:58Z,90
indicator,Browser Extension: Shrunken Head Apple Martini,Extension ID: ekeimjfcakmhnblboldknbnnhedjehjo. Category: malware. . Ref: https://documents.trendmicro.com/assets/pdf/appendix-droidclub.pdf,[software:x_extension_id = 'ekeimjfcakmhnblboldknbnnhedjehjo'],stix,Software,"malware,malicious,browser-extension",85,2026-08-19T22:58:58Z,90
indicator,Browser Extension: Watch Strap,Extension ID: emdcmoghepkahnnlfmejnibfbmeoogmb. Category: malware. . Ref: https://documents.trendmicro.com/assets/pdf/appendix-droidclub.pdf,[software:x_extension_id = 'emdcmoghepkahnnlfmejnibfbmeoogmb'],stix,Software,"malware,malicious,browser-extension",85,2026-08-19T22:58:58Z,90
indicator,Browser Extension: Charming Hanging Lanterns,Extension ID: eodhkpnifohleagpkpkkihmokkcncokf. Category: malware. . Ref: https://documents.trendmicro.com/assets/pdf/appendix-droidclub.pdf,[software:x_extension_id = 'eodhkpnifohleagpkpkkihmokkcncokf'],stix,Software,"malware,malicious,browser-extension",85,2026-08-19T22:58:58Z,90
indicator,Browser Extension: Sugar Cookie Icing,Extension ID: fegiafbcldadckahemhlfcopplfdlmkp. Category: malware. . Ref: https://documents.trendmicro.com/assets/pdf/appendix-droidclub.pdf,[software:x_extension_id = 'fegiafbcldadckahemhlfcopplfdlmkp'],stix,Software,"malware,malicious,browser-extension",85,2026-08-19T22:58:58Z,90
indicator,Browser Extension: Homemade Drawer Freshener,Extension ID: ffkenifflcedlgdkgilddnkaimmbhnec. Category: malware. . Ref: https://documents.trendmicro.com/assets/pdf/appendix-droidclub.pdf,[software:x_extension_id = 'ffkenifflcedlgdkgilddnkaimmbhnec'],stix,Software,"malware,malicious,browser-extension",85,2026-08-19T22:58:58Z,90
indicator,Browser Extension: Homemade Frozen Pizza,Extension ID: fghmmljkejbamjhomoodegbepogpheef. Category: malware. . Ref: https://documents.trendmicro.com/assets/pdf/appendix-droidclub.pdf,[software:x_extension_id = 'fghmmljkejbamjhomoodegbepogpheef'],stix,Software,"malware,malicious,browser-extension",85,2026-08-19T22:58:58Z,90
indicator,Browser Extension: Black Tap Copycat,Extension ID: fhnpncldijeifoiefkimdjebgkgidpgd. Category: malware. . Ref: https://documents.trendmicro.com/assets/pdf/appendix-droidclub.pdf,[software:x_extension_id = 'fhnpncldijeifoiefkimdjebgkgidpgd'],stix,Software,"malware,malicious,browser-extension",85,2026-08-19T22:58:58Z,90
indicator,Browser Extension: Desert Style Basket,Extension ID: fmhocfhibfmddhnfcflkodjdnflcgkdp. Category: malware. . Ref: https://documents.trendmicro.com/assets/pdf/appendix-droidclub.pdf,[software:x_extension_id = 'fmhocfhibfmddhnfcflkodjdnflcgkdp'],stix,Software,"malware,malicious,browser-extension",85,2026-08-19T22:58:58Z,90
indicator,Browser Extension: Air Plant Holder,Extension ID: fppfjlcbcjhfobfaichenmodmadgmbne. Category: malware. . Ref: https://documents.trendmicro.com/assets/pdf/appendix-droidclub.pdf,[software:x_extension_id = 'fppfjlcbcjhfobfaichenmodmadgmbne'],stix,Software,"malware,malicious,browser-extension",85,2026-08-19T22:58:58Z,90
indicator,Browser Extension: Homemade Freshen Up,Extension ID: gbhkbbffliokhhhibdedjcjoecnikiml. Category: malware. . Ref: https://documents.trendmicro.com/assets/pdf/appendix-droidclub.pdf,[software:x_extension_id = 'gbhkbbffliokhhhibdedjcjoecnikiml'],stix,Software,"malware,malicious,browser-extension",85,2026-08-19T22:58:58Z,90
indicator,Browser Extension: Candied Pecans,Extension ID: ghcogfnebgohebaklihmafkofhldcebl. Category: malware. . Ref: https://documents.trendmicro.com/assets/pdf/appendix-droidclub.pdf,[software:x_extension_id = 'ghcogfnebgohebaklihmafkofhldcebl'],stix,Software,"malware,malicious,browser-extension",85,2026-08-19T22:58:58Z,90
indicator,Browser Extension: Cherry Blueberry Pie,Extension ID: gidollmkeombihcojmdjgfekbipejkoj. Category: malware. . Ref: https://documents.trendmicro.com/assets/pdf/appendix-droidclub.pdf,[software:x_extension_id = 'gidollmkeombihcojmdjgfekbipejkoj'],stix,Software,"malware,malicious,browser-extension",85,2026-08-19T22:58:58Z,90
indicator,Browser Extension: Croissant French Toast,Extension ID: gmpceckpipekimgkonhmhoidfffbeinh. Category: malware. . Ref: https://documents.trendmicro.com/assets/pdf/appendix-droidclub.pdf,[software:x_extension_id = 'gmpceckpipekimgkonhmhoidfffbeinh'],stix,Software,"malware,malicious,browser-extension",85,2026-08-19T22:58:58Z,90
indicator,Browser Extension: Italian Skewers,Extension ID: gnkieagafibgmfdefcbedaeplecddjkd. Category: malware. . Ref: https://documents.trendmicro.com/assets/pdf/appendix-droidclub.pdf,[software:x_extension_id = 'gnkieagafibgmfdefcbedaeplecddjkd'],stix,Software,"malware,malicious,browser-extension",85,2026-08-19T22:58:58Z,90
indicator,Browser Extension: Outdoor Garbage Cans,Extension ID: gpmgeepeilllooepnckccihefopjbebb. Category: malware. . Ref: https://documents.trendmicro.com/assets/pdf/appendix-droidclub.pdf,[software:x_extension_id = 'gpmgeepeilllooepnckccihefopjbebb'],stix,Software,"malware,malicious,browser-extension",85,2026-08-19T22:58:58Z,90
indicator,Browser Extension: Spin Art Machine,Extension ID: hjlbdangjggpfmhjbcccnnpnhhhpgpdf. Category: malware. . Ref: https://documents.trendmicro.com/assets/pdf/appendix-droidclub.pdf,[software:x_extension_id = 'hjlbdangjggpfmhjbcccnnpnhhhpgpdf'],stix,Software,"malware,malicious,browser-extension",85,2026-08-19T22:58:58Z,90
indicator,Browser Extension: Orange Pomegranate Sangria,Extension ID: hnokbehlbjkbhlihbldeojhjpekehmmf. Category: malware. . Ref: https://documents.trendmicro.com/assets/pdf/appendix-droidclub.pdf,[software:x_extension_id = 'hnokbehlbjkbhlihbldeojhjpekehmmf'],stix,Software,"malware,malicious,browser-extension",85,2026-08-19T22:58:58Z,90
indicator,Browser Extension: Star Shaped Pies,Extension ID: hofflgideggmbkicgkniefmmhkhelefj. Category: malware. . Ref: https://documents.trendmicro.com/assets/pdf/appendix-droidclub.pdf,[software:x_extension_id = 'hofflgideggmbkicgkniefmmhkhelefj'],stix,Software,"malware,malicious,browser-extension",85,2026-08-19T22:58:58Z,90
indicator,Browser Extension: Applesauce Christmas Ornaments,Extension ID: hpfpmcafjghjgdilidipkfgpomphgekf. Category: malware. . Ref: https://documents.trendmicro.com/assets/pdf/appendix-droidclub.pdf,[software:x_extension_id = 'hpfpmcafjghjgdilidipkfgpomphgekf'],stix,Software,"malware,malicious,browser-extension",85,2026-08-19T22:58:58Z,90
indicator,Browser Extension: Cake Pop Patriotic,Extension ID: iamfjjibfikiafdleojocafoaejhpljk. Category: malware. . Ref: https://documents.trendmicro.com/assets/pdf/appendix-droidclub.pdf,[software:x_extension_id = 'iamfjjibfikiafdleojocafoaejhpljk'],stix,Software,"malware,malicious,browser-extension",85,2026-08-19T22:58:58Z,90
indicator,Browser Extension: a Snowman Out of a Tomato Cage,Extension ID: iheagohkldggdkggihjljdcfnfhfgiah. Category: malware. . Ref: https://documents.trendmicro.com/assets/pdf/appendix-droidclub.pdf,[software:x_extension_id = 'iheagohkldggdkggihjljdcfnfhfgiah'],stix,Software,"malware,malicious,browser-extension",85,2026-08-19T22:58:58Z,90
indicator,Browser Extension: Cinnamon Roll Wreath,Extension ID: iikbadloeacgcpjdnnockinpepkmcjap. Category: malware. . Ref: https://documents.trendmicro.com/assets/pdf/appendix-droidclub.pdf,[software:x_extension_id = 'iikbadloeacgcpjdnnockinpepkmcjap'],stix,Software,"malware,malicious,browser-extension",85,2026-08-19T22:58:58Z,90
indicator,Browser Extension: Clean Grill Grates,Extension ID: ikfmcoipokjnmjoofngdnmkkhopjhehg. Category: malware. . Ref: https://documents.trendmicro.com/assets/pdf/appendix-droidclub.pdf,[software:x_extension_id = 'ikfmcoipokjnmjoofngdnmkkhopjhehg'],stix,Software,"malware,malicious,browser-extension",85,2026-08-19T22:58:58Z,90
indicator,Browser Extension: When Dylan Went Electric,Extension ID: iomommpnoplgaihpbjpfpmcaabgccbna. Category: malware. . Ref: https://documents.trendmicro.com/assets/pdf/appendix-droidclub.pdf,[software:x_extension_id = 'iomommpnoplgaihpbjpfpmcaabgccbna'],stix,Software,"malware,malicious,browser-extension",85,2026-08-19T22:58:58Z,90
indicator,Browser Extension: Spinach Artichoke Dip,Extension ID: ipilkhafbndhbphcecjldjilhegnjcja. Category: malware. . Ref: https://documents.trendmicro.com/assets/pdf/appendix-droidclub.pdf,[software:x_extension_id = 'ipilkhafbndhbphcecjldjilhegnjcja'],stix,Software,"malware,malicious,browser-extension",85,2026-08-19T22:58:58Z,90
indicator,Browser Extension: Clay Gift Tags,Extension ID: ipoeoopnckpoaoeghdgehhbbipnccoap. Category: malware. . Ref: https://documents.trendmicro.com/assets/pdf/appendix-droidclub.pdf,[software:x_extension_id = 'ipoeoopnckpoaoeghdgehhbbipnccoap'],stix,Software,"malware,malicious,browser-extension",85,2026-08-19T22:58:58Z,90
indicator,Browser Extension: Coasters on a Cardboard Loom,Extension ID: jhahdjelgjmpekbclkcgbgibkgdifaml. Category: malware. . Ref: https://documents.trendmicro.com/assets/pdf/appendix-droidclub.pdf,[software:x_extension_id = 'jhahdjelgjmpekbclkcgbgibkgdifaml'],stix,Software,"malware,malicious,browser-extension",85,2026-08-19T22:58:58Z,90
indicator,Browser Extension: Cuban Sandwich,Extension ID: jiibdgiopnflbpbdpmgpjnpdooekonjc. Category: malware. . Ref: https://documents.trendmicro.com/assets/pdf/appendix-droidclub.pdf,[software:x_extension_id = 'jiibdgiopnflbpbdpmgpjnpdooekonjc'],stix,Software,"malware,malicious,browser-extension",85,2026-08-19T22:58:58Z,90
indicator,Browser Extension: Coconut Cookies,Extension ID: jmcccnnkmflngcfeebnbhfbjehglldlf. Category: malware. . Ref: https://documents.trendmicro.com/assets/pdf/appendix-droidclub.pdf,[software:x_extension_id = 'jmcccnnkmflngcfeebnbhfbjehglldlf'],stix,Software,"malware,malicious,browser-extension",85,2026-08-19T22:58:58Z,90
indicator,Browser Extension: Fabric Sachets,Extension ID: jnjapnhdnkmdmgandniokkjpggpfalog. Category: malware. . Ref: https://documents.trendmicro.com/assets/pdf/appendix-droidclub.pdf,[software:x_extension_id = 'jnjapnhdnkmdmgandniokkjpggpfalog'],stix,Software,"malware,malicious,browser-extension",85,2026-08-19T22:58:58Z,90
indicator,Browser Extension: Summer Fairy Lanterns,Extension ID: kabhgijpbgkpbegomdihijdcocimlnkf. Category: malware. . Ref: https://documents.trendmicro.com/assets/pdf/appendix-droidclub.pdf,[software:x_extension_id = 'kabhgijpbgkpbegomdihijdcocimlnkf'],stix,Software,"malware,malicious,browser-extension",85,2026-08-19T22:58:58Z,90
indicator,Browser Extension: Cuban Ropa Vieja,Extension ID: kcbempkceemjmcfgicdofhcmkojdfbjl. Category: malware. . Ref: https://documents.trendmicro.com/assets/pdf/appendix-droidclub.pdf,[software:x_extension_id = 'kcbempkceemjmcfgicdofhcmkojdfbjl'],stix,Software,"malware,malicious,browser-extension",85,2026-08-19T22:58:58Z,90
indicator,Browser Extension: How to Make a Kissing Ball,Extension ID: kdndbohghpcpdkbpjhdphniglgppjakd. Category: malware. . Ref: https://documents.trendmicro.com/assets/pdf/appendix-droidclub.pdf,[software:x_extension_id = 'kdndbohghpcpdkbpjhdphniglgppjakd'],stix,Software,"malware,malicious,browser-extension",85,2026-08-19T22:58:58Z,90
indicator,Browser Extension: Pink Lemonade,Extension ID: khkcgpbajgkfmkilijbhfinfeapcannh. Category: malware. . Ref: https://documents.trendmicro.com/assets/pdf/appendix-droidclub.pdf,[software:x_extension_id = 'khkcgpbajgkfmkilijbhfinfeapcannh'],stix,Software,"malware,malicious,browser-extension",85,2026-08-19T22:58:58Z,90
indicator,Browser Extension: Patriotic String Lights,Extension ID: kjhgjfbokhfadnlnagimjabemfdgdfdh. Category: malware. . Ref: https://documents.trendmicro.com/assets/pdf/appendix-droidclub.pdf,[software:x_extension_id = 'kjhgjfbokhfadnlnagimjabemfdgdfdh'],stix,Software,"malware,malicious,browser-extension",85,2026-08-19T22:58:58Z,90
indicator,Browser Extension: Glow in the Dark,Extension ID: kjhppechdhnchkcjbaboglblnfihenjf. Category: malware. . Ref: https://documents.trendmicro.com/assets/pdf/appendix-droidclub.pdf,[software:x_extension_id = 'kjhppechdhnchkcjbaboglblnfihenjf'],stix,Software,"malware,malicious,browser-extension",85,2026-08-19T22:58:58Z,90
indicator,Browser Extension: Avocado to Your Meals,Extension ID: klbelohlhkobpoeaimclnpikbdphkdhn. Category: malware. . Ref: https://documents.trendmicro.com/assets/pdf/appendix-droidclub.pdf,[software:x_extension_id = 'klbelohlhkobpoeaimclnpikbdphkdhn'],stix,Software,"malware,malicious,browser-extension",85,2026-08-19T22:58:58Z,90
indicator,Browser Extension: Soup Bowl Hot Pads,Extension ID: kmfcjjkgokeekaohiijgnilbaihnifpc. Category: malware. . Ref: https://documents.trendmicro.com/assets/pdf/appendix-droidclub.pdf,[software:x_extension_id = 'kmfcjjkgokeekaohiijgnilbaihnifpc'],stix,Software,"malware,malicious,browser-extension",85,2026-08-19T22:58:58Z,90
indicator,Browser Extension: Portable Camp Stove,Extension ID: kpoobaeilcfcjfkbaaapdnkmaifmffkk. Category: malware. . Ref: https://documents.trendmicro.com/assets/pdf/appendix-droidclub.pdf,[software:x_extension_id = 'kpoobaeilcfcjfkbaaapdnkmaifmffkk'],stix,Software,"malware,malicious,browser-extension",85,2026-08-19T22:58:58Z,90
indicator,Browser Extension: Layer Hot Chocolate Mix,Extension ID: lbflgehklpfnaofgfjhcbjajhckdoogc. Category: malware. . Ref: https://documents.trendmicro.com/assets/pdf/appendix-droidclub.pdf,[software:x_extension_id = 'lbflgehklpfnaofgfjhcbjajhckdoogc'],stix,Software,"malware,malicious,browser-extension",85,2026-08-19T22:58:58Z,90
indicator,Browser Extension: 11 Pumpkin Flavored Foods,Extension ID: lhpcjiffachihfbhkabenpcpehkpoeid. Category: malware. . Ref: https://documents.trendmicro.com/assets/pdf/appendix-droidclub.pdf,[software:x_extension_id = 'lhpcjiffachihfbhkabenpcpehkpoeid'],stix,Software,"malware,malicious,browser-extension",85,2026-08-19T22:58:58Z,90
indicator,Browser Extension: Drumsticks on the Grill,Extension ID: lifjihfdppaeaegemoefheidgcnjkadn. Category: malware. . Ref: https://documents.trendmicro.com/assets/pdf/appendix-droidclub.pdf,[software:x_extension_id = 'lifjihfdppaeaegemoefheidgcnjkadn'],stix,Software,"malware,malicious,browser-extension",85,2026-08-19T22:58:58Z,90
indicator,Browser Extension: Italian Pasta Salad,Extension ID: ligldfbjaakcmbjbbbnnacjgaenggfph. Category: malware. . Ref: https://documents.trendmicro.com/assets/pdf/appendix-droidclub.pdf,[software:x_extension_id = 'ligldfbjaakcmbjbbbnnacjgaenggfph'],stix,Software,"malware,malicious,browser-extension",85,2026-08-19T22:58:58Z,90
indicator,Browser Extension: DIY Cleaning Wipes,Extension ID: ljgnhmdnjbmnghlfimcnmkieohlflpgd. Category: malware. . Ref: https://documents.trendmicro.com/assets/pdf/appendix-droidclub.pdf,[software:x_extension_id = 'ljgnhmdnjbmnghlfimcnmkieohlflpgd'],stix,Software,"malware,malicious,browser-extension",85,2026-08-19T22:58:58Z,90
indicator,Browser Extension: Homemade Dole Whip,Extension ID: lnmfepglldbolfelhbmiohockghoabpc. Category: malware. . Ref: https://documents.trendmicro.com/assets/pdf/appendix-droidclub.pdf,[software:x_extension_id = 'lnmfepglldbolfelhbmiohockghoabpc'],stix,Software,"malware,malicious,browser-extension",85,2026-08-19T22:58:58Z,90
indicator,Browser Extension: Swirled Pumpkin Cheesecake,Extension ID: lojgfkjekmbmndapleelbbemgjbdcjjm. Category: malware. . Ref: https://documents.trendmicro.com/assets/pdf/appendix-droidclub.pdf,[software:x_extension_id = 'lojgfkjekmbmndapleelbbemgjbdcjjm'],stix,Software,"malware,malicious,browser-extension",85,2026-08-19T22:58:58Z,90
indicator,Browser Extension: Peach Sangria,Extension ID: mafmpgcoinifjbepiknmnogefcomjpph. Category: malware. . Ref: https://documents.trendmicro.com/assets/pdf/appendix-droidclub.pdf,[software:x_extension_id = 'mafmpgcoinifjbepiknmnogefcomjpph'],stix,Software,"malware,malicious,browser-extension",85,2026-08-19T22:58:58Z,90
indicator,Browser Extension: School Notebooks,Extension ID: mccbmgbbkpcnpblacndlfcgokbklkiam. Category: malware. . Ref: https://documents.trendmicro.com/assets/pdf/appendix-droidclub.pdf,[software:x_extension_id = 'mccbmgbbkpcnpblacndlfcgokbklkiam'],stix,Software,"malware,malicious,browser-extension",85,2026-08-19T22:58:58Z,90
indicator,Browser Extension: Ironing Board Cover,Extension ID: mhjbpgjmhcaemdakpgmpffblohinegji. Category: malware. . Ref: https://documents.trendmicro.com/assets/pdf/appendix-droidclub.pdf,[software:x_extension_id = 'mhjbpgjmhcaemdakpgmpffblohinegji'],stix,Software,"malware,malicious,browser-extension",85,2026-08-19T22:58:58Z,90
indicator,Browser Extension: Chocolate Peanut Butter,Extension ID: mjheoiainplbfjnjclkjifhjdahfejaj. Category: malware. . Ref: https://documents.trendmicro.com/assets/pdf/appendix-droidclub.pdf,[software:x_extension_id = 'mjheoiainplbfjnjclkjifhjdahfejaj'],stix,Software,"malware,malicious,browser-extension",85,2026-08-19T22:58:58Z,90
indicator,Browser Extension: Gingerbread Freakshake,Extension ID: mjpmldmndlkbacfaaiamcgnfbllhdnbc. Category: malware. . Ref: https://documents.trendmicro.com/assets/pdf/appendix-droidclub.pdf,[software:x_extension_id = 'mjpmldmndlkbacfaaiamcgnfbllhdnbc'],stix,Software,"malware,malicious,browser-extension",85,2026-08-19T22:58:58Z,90
indicator,Browser Extension: Holiday Reindeer Mugs,Extension ID: mkmkhjdmkaeffpfgfljelahfogghkgol. Category: malware. . Ref: https://documents.trendmicro.com/assets/pdf/appendix-droidclub.pdf,[software:x_extension_id = 'mkmkhjdmkaeffpfgfljelahfogghkgol'],stix,Software,"malware,malicious,browser-extension",85,2026-08-19T22:58:58Z,90
indicator,Browser Extension: Homemade Stress Balls,Extension ID: mldmghlinbmofcdhopfmkgnhohomodgi. Category: malware. . Ref: https://documents.trendmicro.com/assets/pdf/appendix-droidclub.pdf,[software:x_extension_id = 'mldmghlinbmofcdhopfmkgnhohomodgi'],stix,Software,"malware,malicious,browser-extension",85,2026-08-19T22:58:58Z,90
indicator,Browser Extension: Turkey from Flowers,Extension ID: mmnhdabiapbgbcbagdncjehjdbpkigeh. Category: malware. . Ref: https://documents.trendmicro.com/assets/pdf/appendix-droidclub.pdf,[software:x_extension_id = 'mmnhdabiapbgbcbagdncjehjdbpkigeh'],stix,Software,"malware,malicious,browser-extension",85,2026-08-19T22:58:58Z,90
indicator,Browser Extension: Birch Branch Menorah,Extension ID: ndhgnlodmpalhnfdopckpolhinaafkgh. Category: malware. . Ref: https://documents.trendmicro.com/assets/pdf/appendix-droidclub.pdf,[software:x_extension_id = 'ndhgnlodmpalhnfdopckpolhinaafkgh'],stix,Software,"malware,malicious,browser-extension",85,2026-08-19T22:58:58Z,90
indicator,Browser Extension: Cinnamon Toast Crunch Coffee Cake Recipe,Extension ID: nllbbpmplfhdpdnmoiigegjicamfhnhn. Category: malware. . Ref: https://documents.trendmicro.com/assets/pdf/appendix-droidclub.pdf,[software:x_extension_id = 'nllbbpmplfhdpdnmoiigegjicamfhnhn'],stix,Software,"malware,malicious,browser-extension",85,2026-08-19T22:58:58Z,90
indicator,Browser Extension: Star Wars Christmas Cookies,Extension ID: nolggnmhlagghnfpellfnkcmkgeoiepj. Category: malware. . Ref: https://documents.trendmicro.com/assets/pdf/appendix-droidclub.pdf,[software:x_extension_id = 'nolggnmhlagghnfpellfnkcmkgeoiepj'],stix,Software,"malware,malicious,browser-extension",85,2026-08-19T22:58:58Z,90
indicator,Browser Extension: Chicken for a Barbecue,Extension ID: obnjngpeldplgkenihhhdicoeplcfbeg. Category: malware. . Ref: https://documents.trendmicro.com/assets/pdf/appendix-droidclub.pdf,[software:x_extension_id = 'obnjngpeldplgkenihhhdicoeplcfbeg'],stix,Software,"malware,malicious,browser-extension",85,2026-08-19T22:58:58Z,90
indicator,Browser Extension: DIY Cement Candle,Extension ID: ooialhjmccmllnifoiblbjgcnbgdejpm. Category: malware. . Ref: https://documents.trendmicro.com/assets/pdf/appendix-droidclub.pdf,[software:x_extension_id = 'ooialhjmccmllnifoiblbjgcnbgdejpm'],stix,Software,"malware,malicious,browser-extension",85,2026-08-19T22:58:58Z,90
indicator,Browser Extension: Halloween Masterpiece,Extension ID: paokbggdacflkaiddinlhpkpegklgolc. Category: malware. . Ref: https://documents.trendmicro.com/assets/pdf/appendix-droidclub.pdf,[software:x_extension_id = 'paokbggdacflkaiddinlhpkpegklgolc'],stix,Software,"malware,malicious,browser-extension",85,2026-08-19T22:58:58Z,90
indicator,Browser Extension: Cookies and Ice Cream,Extension ID: pbgdknbinlcbjkbiihcakedepnbonnce. Category: malware. . Ref: https://documents.trendmicro.com/assets/pdf/appendix-droidclub.pdf,[software:x_extension_id = 'pbgdknbinlcbjkbiihcakedepnbonnce'],stix,Software,"malware,malicious,browser-extension",85,2026-08-19T22:58:58Z,90
indicator,Browser Extension: Star Wars Christmas Sweater,Extension ID: pdbdlcjiihinipmeijmccidamciifhag. Category: malware. . Ref: https://documents.trendmicro.com/assets/pdf/appendix-droidclub.pdf,[software:x_extension_id = 'pdbdlcjiihinipmeijmccidamciifhag'],stix,Software,"malware,malicious,browser-extension",85,2026-08-19T22:58:58Z,90
indicator,Browser Extension: Unique Outdoor Christmas Decorations,Extension ID: penlocnbkkkcaingngkjmdlkikeklemm. Category: malware. . Ref: https://documents.trendmicro.com/assets/pdf/appendix-droidclub.pdf,[software:x_extension_id = 'penlocnbkkkcaingngkjmdlkikeklemm'],stix,Software,"malware,malicious,browser-extension",85,2026-08-19T22:58:58Z,90
indicator,Browser Extension: Easy Ribbon Bow,Extension ID: pfcidoolgbfidgaclhiipeleagglabpc. Category: malware. . Ref: https://documents.trendmicro.com/assets/pdf/appendix-droidclub.pdf,[software:x_extension_id = 'pfcidoolgbfidgaclhiipeleagglabpc'],stix,Software,"malware,malicious,browser-extension",85,2026-08-19T22:58:58Z,90
indicator,Browser Extension: Desktop Air Conditioner,Extension ID: poecefgcfhghjbdifplpcaapkfnakfkk. Category: malware. . Ref: https://documents.trendmicro.com/assets/pdf/appendix-droidclub.pdf,[software:x_extension_id = 'poecefgcfhghjbdifplpcaapkfnakfkk'],stix,Software,"malware,malicious,browser-extension",85,2026-08-19T22:58:58Z,90
indicator,Browser Extension: Candle Wax,Extension ID: pplcbeendgbblphgmdgfcofdbfiocfgb. Category: malware. . Ref: https://documents.trendmicro.com/assets/pdf/appendix-droidclub.pdf,[software:x_extension_id = 'pplcbeendgbblphgmdgfcofdbfiocfgb'],stix,Software,"malware,malicious,browser-extension",85,2026-08-19T22:58:58Z,90
indicator,Browser Extension: FakeGPT,Extension ID: hacfaophiklaeolhnmckojjjjbnappen. Category: malware. . Ref: https://guard.io/labs/fakegpt-2-open-source-turned-malicious-in-another-variant-of-the-facebook-account-stealer,[software:x_extension_id = 'hacfaophiklaeolhnmckojjjjbnappen'],stix,Software,"malware,malicious,browser-extension",85,2026-08-19T22:58:58Z,90
indicator,Browser Extension: aeclplbmglgjpfaikihdlkjhgegehbbf,Extension ID: aeclplbmglgjpfaikihdlkjhgegehbbf. Category: malware. . Ref: https://blog.avast.com/malicious-extensions-chrome-web-store,[software:x_extension_id = 'aeclplbmglgjpfaikihdlkjhgegehbbf'],stix,Software,"malware,malicious,browser-extension",85,2026-08-19T22:58:58Z,90
indicator,Browser Extension: afffieldplmegknlfkicedfpbbdbpaef,Extension ID: afffieldplmegknlfkicedfpbbdbpaef. Category: malware. . Ref: https://blog.avast.com/malicious-extensions-chrome-web-store,[software:x_extension_id = 'afffieldplmegknlfkicedfpbbdbpaef'],stix,Software,"malware,malicious,browser-extension",85,2026-08-19T22:58:58Z,90
indicator,Browser Extension: ameggholdkgkdepolbiaekmhjiaiiccg,Extension ID: ameggholdkgkdepolbiaekmhjiaiiccg. Category: malware. . Ref: https://blog.avast.com/malicious-extensions-chrome-web-store,[software:x_extension_id = 'ameggholdkgkdepolbiaekmhjiaiiccg'],stix,Software,"malware,malicious,browser-extension",85,2026-08-19T22:58:58Z,90
indicator,Browser Extension: bafbedjnnjkjjjelgblfbddajjgcpndi,Extension ID: bafbedjnnjkjjjelgblfbddajjgcpndi. Category: malware. . Ref: https://blog.avast.com/malicious-extensions-chrome-web-store,[software:x_extension_id = 'bafbedjnnjkjjjelgblfbddajjgcpndi'],stix,Software,"malware,malicious,browser-extension",85,2026-08-19T22:58:58Z,90
indicator,Browser Extension: bikjmmacnlceobeapchfnlcekincgkng,Extension ID: bikjmmacnlceobeapchfnlcekincgkng. Category: malware. . Ref: https://blog.avast.com/malicious-extensions-chrome-web-store,[software:x_extension_id = 'bikjmmacnlceobeapchfnlcekincgkng'],stix,Software,"malware,malicious,browser-extension",85,2026-08-19T22:58:58Z,90
indicator,Browser Extension: bkbdedlenkomhjbfljaopfbmimhdgenl,Extension ID: bkbdedlenkomhjbfljaopfbmimhdgenl. Category: malware. . Ref: https://blog.avast.com/malicious-extensions-chrome-web-store,[software:x_extension_id = 'bkbdedlenkomhjbfljaopfbmimhdgenl'],stix,Software,"malware,malicious,browser-extension",85,2026-08-19T22:58:58Z,90
indicator,Browser Extension: bkflddlohelgdmjoehphbkfallnbompm,Extension ID: bkflddlohelgdmjoehphbkfallnbompm. Category: malware. . Ref: https://blog.avast.com/malicious-extensions-chrome-web-store,[software:x_extension_id = 'bkflddlohelgdmjoehphbkfallnbompm'],stix,Software,"malware,malicious,browser-extension",85,2026-08-19T22:58:58Z,90
indicator,Browser Extension: bppfigeglphkpioihhhpbpgcnnhpogki,Extension ID: bppfigeglphkpioihhhpbpgcnnhpogki. Category: malware. . Ref: https://blog.avast.com/malicious-extensions-chrome-web-store,[software:x_extension_id = 'bppfigeglphkpioihhhpbpgcnnhpogki'],stix,Software,"malware,malicious,browser-extension",85,2026-08-19T22:58:58Z,90
indicator,Browser Extension: cajcbolfepkcgbgafllkjfnokncgibpd,Extension ID: cajcbolfepkcgbgafllkjfnokncgibpd. Category: malware. . Ref: https://blog.avast.com/malicious-extensions-chrome-web-store,[software:x_extension_id = 'cajcbolfepkcgbgafllkjfnokncgibpd'],stix,Software,"malware,malicious,browser-extension",85,2026-08-19T22:58:58Z,90
indicator,Browser Extension: diapmighkmmnpmdkfnmlbpkjkealjojg,Extension ID: diapmighkmmnpmdkfnmlbpkjkealjojg. Category: malware. . Ref: https://blog.avast.com/malicious-extensions-chrome-web-store,[software:x_extension_id = 'diapmighkmmnpmdkfnmlbpkjkealjojg'],stix,Software,"malware,malicious,browser-extension",85,2026-08-19T22:58:58Z,90
indicator,Browser Extension: dlnanhjfdjgnnmbajgikidobcbfpnblp,Extension ID: dlnanhjfdjgnnmbajgikidobcbfpnblp. Category: malware. . Ref: https://blog.avast.com/malicious-extensions-chrome-web-store,[software:x_extension_id = 'dlnanhjfdjgnnmbajgikidobcbfpnblp'],stix,Software,"malware,malicious,browser-extension",85,2026-08-19T22:58:58Z,90
indicator,Browser Extension: edaflgnfadlopeefcbdlcnjnfkefkhio,Extension ID: edaflgnfadlopeefcbdlcnjnfkefkhio. Category: malware. . Ref: https://blog.avast.com/malicious-extensions-chrome-web-store,[software:x_extension_id = 'edaflgnfadlopeefcbdlcnjnfkefkhio'],stix,Software,"malware,malicious,browser-extension",85,2026-08-19T22:58:58Z,90
indicator,Browser Extension: edailiddamlkedgjaoialogpllocmgjg,Extension ID: edailiddamlkedgjaoialogpllocmgjg. Category: malware. . Ref: https://blog.avast.com/malicious-extensions-chrome-web-store,[software:x_extension_id = 'edailiddamlkedgjaoialogpllocmgjg'],stix,Software,"malware,malicious,browser-extension",85,2026-08-19T22:58:58Z,90
indicator,Browser Extension: edmmaocllgjakiiilohibgicdjndkljp,Extension ID: edmmaocllgjakiiilohibgicdjndkljp. Category: malware. . Ref: https://blog.avast.com/malicious-extensions-chrome-web-store,[software:x_extension_id = 'edmmaocllgjakiiilohibgicdjndkljp'],stix,Software,"malware,malicious,browser-extension",85,2026-08-19T22:58:58Z,90
indicator,Browser Extension: eibcbmdmfcgklpkghpkojpaedhloemhi,Extension ID: eibcbmdmfcgklpkghpkojpaedhloemhi. Category: malware. . Ref: https://blog.avast.com/malicious-extensions-chrome-web-store,[software:x_extension_id = 'eibcbmdmfcgklpkghpkojpaedhloemhi'],stix,Software,"malware,malicious,browser-extension",85,2026-08-19T22:58:58Z,90
indicator,Browser Extension: enofnamganfiiidbpcmcihkihfmfpobo,Extension ID: enofnamganfiiidbpcmcihkihfmfpobo. Category: malware. . Ref: https://blog.avast.com/malicious-extensions-chrome-web-store,[software:x_extension_id = 'enofnamganfiiidbpcmcihkihfmfpobo'],stix,Software,"malware,malicious,browser-extension",85,2026-08-19T22:58:58Z,90
indicator,Browser Extension: epmmfnfpkjjhgikijelhmomnbeneepbe,Extension ID: epmmfnfpkjjhgikijelhmomnbeneepbe. Category: malware. . Ref: https://blog.avast.com/malicious-extensions-chrome-web-store,[software:x_extension_id = 'epmmfnfpkjjhgikijelhmomnbeneepbe'],stix,Software,"malware,malicious,browser-extension",85,2026-08-19T22:58:58Z,90
indicator,Browser Extension: fcndjoibnbpijadgnjjkfmmjbgjmbadk,Extension ID: fcndjoibnbpijadgnjjkfmmjbgjmbadk. Category: malware. . Ref: https://blog.avast.com/malicious-extensions-chrome-web-store,[software:x_extension_id = 'fcndjoibnbpijadgnjjkfmmjbgjmbadk'],stix,Software,"malware,malicious,browser-extension",85,2026-08-19T22:58:58Z,90
indicator,Browser Extension: fejgiddmdpgdmhhdjbophmflidmdpgdi,Extension ID: fejgiddmdpgdmhhdjbophmflidmdpgdi. Category: malware. . Ref: https://blog.avast.com/malicious-extensions-chrome-web-store,[software:x_extension_id = 'fejgiddmdpgdmhhdjbophmflidmdpgdi'],stix,Software,"malware,malicious,browser-extension",85,2026-08-19T22:58:58Z,90
indicator,Browser Extension: ffiddnnfloiehekhgfjpphceidalmmgd,Extension ID: ffiddnnfloiehekhgfjpphceidalmmgd. Category: malware. . Ref: https://blog.avast.com/malicious-extensions-chrome-web-store,[software:x_extension_id = 'ffiddnnfloiehekhgfjpphceidalmmgd'],stix,Software,"malware,malicious,browser-extension",85,2026-08-19T22:58:58Z,90
indicator,Browser Extension: fgpeefdjgfeoioneknokbpficnpkddbl,Extension ID: fgpeefdjgfeoioneknokbpficnpkddbl. Category: malware. . Ref: https://blog.avast.com/malicious-extensions-chrome-web-store,[software:x_extension_id = 'fgpeefdjgfeoioneknokbpficnpkddbl'],stix,Software,"malware,malicious,browser-extension",85,2026-08-19T22:58:58Z,90
indicator,Browser Extension: fhnlapempodiikihjeggpacnefpdemam,Extension ID: fhnlapempodiikihjeggpacnefpdemam. Category: malware. . Ref: https://blog.avast.com/malicious-extensions-chrome-web-store,[software:x_extension_id = 'fhnlapempodiikihjeggpacnefpdemam'],stix,Software,"malware,malicious,browser-extension",85,2026-08-19T22:58:58Z,90
indicator,Browser Extension: finepngcchiffimedhcfmmlkgjmeokpp,Extension ID: finepngcchiffimedhcfmmlkgjmeokpp. Category: malware. . Ref: https://blog.avast.com/malicious-extensions-chrome-web-store,[software:x_extension_id = 'finepngcchiffimedhcfmmlkgjmeokpp'],stix,Software,"malware,malicious,browser-extension",85,2026-08-19T22:58:58Z,90
indicator,Browser Extension: fpfmkkljdiofokoikgglafnfmmffmmhc,Extension ID: fpfmkkljdiofokoikgglafnfmmffmmhc. Category: malware. . Ref: https://blog.avast.com/malicious-extensions-chrome-web-store,[software:x_extension_id = 'fpfmkkljdiofokoikgglafnfmmffmmhc'],stix,Software,"malware,malicious,browser-extension",85,2026-08-19T22:58:58Z,90
indicator,Browser Extension: gdlbpbalajnhpfklckhciopjlbbiepkn,Extension ID: gdlbpbalajnhpfklckhciopjlbbiepkn. Category: malware. . Ref: https://blog.avast.com/malicious-extensions-chrome-web-store,[software:x_extension_id = 'gdlbpbalajnhpfklckhciopjlbbiepkn'],stix,Software,"malware,malicious,browser-extension",85,2026-08-19T22:58:58Z,90
indicator,Browser Extension: geokkpbkfpghbjdgbganjkgfhaafmhbo,Extension ID: geokkpbkfpghbjdgbganjkgfhaafmhbo. Category: malware. . Ref: https://blog.avast.com/malicious-extensions-chrome-web-store,[software:x_extension_id = 'geokkpbkfpghbjdgbganjkgfhaafmhbo'],stix,Software,"malware,malicious,browser-extension",85,2026-08-19T22:58:58Z,90
indicator,Browser Extension: ghabgolckcdgbbffijkkpamcphkfihgm,Extension ID: ghabgolckcdgbbffijkkpamcphkfihgm. Category: malware. . Ref: https://blog.avast.com/malicious-extensions-chrome-web-store,[software:x_extension_id = 'ghabgolckcdgbbffijkkpamcphkfihgm'],stix,Software,"malware,malicious,browser-extension",85,2026-08-19T22:58:58Z,90
indicator,Browser Extension: glfondjanahgpmkgjggafhdnbbcidhgf,Extension ID: glfondjanahgpmkgjggafhdnbbcidhgf. Category: malware. . Ref: https://blog.avast.com/malicious-extensions-chrome-web-store,[software:x_extension_id = 'glfondjanahgpmkgjggafhdnbbcidhgf'],stix,Software,"malware,malicious,browser-extension",85,2026-08-19T22:58:58Z,90
indicator,Browser Extension: gliolnahchemnmdjengkkdhcpdfehkhi,Extension ID: gliolnahchemnmdjengkkdhcpdfehkhi. Category: malware. . Ref: https://blog.avast.com/malicious-extensions-chrome-web-store,[software:x_extension_id = 'gliolnahchemnmdjengkkdhcpdfehkhi'],stix,Software,"malware,malicious,browser-extension",85,2026-08-19T22:58:58Z,90
indicator,Browser Extension: gnmjmennllheofmojjffnidneaohleln,Extension ID: gnmjmennllheofmojjffnidneaohleln. Category: malware. . Ref: https://blog.avast.com/malicious-extensions-chrome-web-store,[software:x_extension_id = 'gnmjmennllheofmojjffnidneaohleln'],stix,Software,"malware,malicious,browser-extension",85,2026-08-19T22:58:58Z,90
indicator,Browser Extension: hdifogmldkmbjgbgffmkphfhpdfhjgmh,Extension ID: hdifogmldkmbjgbgffmkphfhpdfhjgmh. Category: malware. . Ref: https://blog.avast.com/malicious-extensions-chrome-web-store,[software:x_extension_id = 'hdifogmldkmbjgbgffmkphfhpdfhjgmh'],stix,Software,"malware,malicious,browser-extension",85,2026-08-19T22:58:58Z,90
indicator,Browser Extension: hhhbnnlkhiajhlfmedeifcniniopfaoo,Extension ID: hhhbnnlkhiajhlfmedeifcniniopfaoo. Category: malware. . Ref: https://blog.avast.com/malicious-extensions-chrome-web-store,[software:x_extension_id = 'hhhbnnlkhiajhlfmedeifcniniopfaoo'],stix,Software,"malware,malicious,browser-extension",85,2026-08-19T22:58:58Z,90
indicator,Browser Extension: higffkkddppmfcpkcolamkhcknhfhdlo,Extension ID: higffkkddppmfcpkcolamkhcknhfhdlo. Category: malware. . Ref: https://blog.avast.com/malicious-extensions-chrome-web-store,[software:x_extension_id = 'higffkkddppmfcpkcolamkhcknhfhdlo'],stix,Software,"malware,malicious,browser-extension",85,2026-08-19T22:58:58Z,90
indicator,Browser Extension: hmakjfeknhkfmlckieeepnnldblejdbd,Extension ID: hmakjfeknhkfmlckieeepnnldblejdbd. Category: malware. . Ref: https://blog.avast.com/malicious-extensions-chrome-web-store,[software:x_extension_id = 'hmakjfeknhkfmlckieeepnnldblejdbd'],stix,Software,"malware,malicious,browser-extension",85,2026-08-19T22:58:58Z,90
indicator,Browser Extension: iejlgecgghdfhnappmejmhkgkkakbefg,Extension ID: iejlgecgghdfhnappmejmhkgkkakbefg. Category: malware. . Ref: https://blog.avast.com/malicious-extensions-chrome-web-store,[software:x_extension_id = 'iejlgecgghdfhnappmejmhkgkkakbefg'],stix,Software,"malware,malicious,browser-extension",85,2026-08-19T22:58:58Z,90
indicator,Browser Extension: igefbihdjhmkhnofbmnagllkafpaancf,Extension ID: igefbihdjhmkhnofbmnagllkafpaancf. Category: malware. . Ref: https://blog.avast.com/malicious-extensions-chrome-web-store,[software:x_extension_id = 'igefbihdjhmkhnofbmnagllkafpaancf'],stix,Software,"malware,malicious,browser-extension",85,2026-08-19T22:58:58Z,90
indicator,Browser Extension: igfpifinmdgadnepcpbdddpndnlkdela,Extension ID: igfpifinmdgadnepcpbdddpndnlkdela. Category: malware. . Ref: https://blog.avast.com/malicious-extensions-chrome-web-store,[software:x_extension_id = 'igfpifinmdgadnepcpbdddpndnlkdela'],stix,Software,"malware,malicious,browser-extension",85,2026-08-19T22:58:58Z,90
indicator,Browser Extension: imfnolmlkamfkegkhlpofldehcfghkhk,Extension ID: imfnolmlkamfkegkhlpofldehcfghkhk. Category: malware. . Ref: https://blog.avast.com/malicious-extensions-chrome-web-store,[software:x_extension_id = 'imfnolmlkamfkegkhlpofldehcfghkhk'],stix,Software,"malware,malicious,browser-extension",85,2026-08-19T22:58:58Z,90
indicator,Browser Extension: jbolpidmijgjfkcpndcngibedciomlhd,Extension ID: jbolpidmijgjfkcpndcngibedciomlhd. Category: malware. . Ref: https://blog.avast.com/malicious-extensions-chrome-web-store,[software:x_extension_id = 'jbolpidmijgjfkcpndcngibedciomlhd'],stix,Software,"malware,malicious,browser-extension",85,2026-08-19T22:58:58Z,90
indicator,Browser Extension: jjooglnnhopdfiiccjbkjdcpplgdkbmo,Extension ID: jjooglnnhopdfiiccjbkjdcpplgdkbmo. Category: malware. . Ref: https://blog.avast.com/malicious-extensions-chrome-web-store,[software:x_extension_id = 'jjooglnnhopdfiiccjbkjdcpplgdkbmo'],stix,Software,"malware,malicious,browser-extension",85,2026-08-19T22:58:58Z,90
indicator,Browser Extension: jlhmhmjkoklbnjjocicepjjjpnnbhodj,Extension ID: jlhmhmjkoklbnjjocicepjjjpnnbhodj. Category: malware. . Ref: https://blog.avast.com/malicious-extensions-chrome-web-store,[software:x_extension_id = 'jlhmhmjkoklbnjjocicepjjjpnnbhodj'],stix,Software,"malware,malicious,browser-extension",85,2026-08-19T22:58:58Z,90
indicator,Browser Extension: kafnldcilonjofafnggijbhknjhpffcd,Extension ID: kafnldcilonjofafnggijbhknjhpffcd. Category: malware. . Ref: https://blog.avast.com/malicious-extensions-chrome-web-store,[software:x_extension_id = 'kafnldcilonjofafnggijbhknjhpffcd'],stix,Software,"malware,malicious,browser-extension",85,2026-08-19T22:58:58Z,90
indicator,Browser Extension: keecjmliebjajodgnbcegpmnalopnfcb,Extension ID: keecjmliebjajodgnbcegpmnalopnfcb. Category: malware. . Ref: https://blog.avast.com/malicious-extensions-chrome-web-store,[software:x_extension_id = 'keecjmliebjajodgnbcegpmnalopnfcb'],stix,Software,"malware,malicious,browser-extension",85,2026-08-19T22:58:58Z,90
indicator,Browser Extension: lcdaafomaehnnhjgbgbdpgpagfcfgddg,Extension ID: lcdaafomaehnnhjgbgbdpgpagfcfgddg. Category: malware. . Ref: https://blog.avast.com/malicious-extensions-chrome-web-store,[software:x_extension_id = 'lcdaafomaehnnhjgbgbdpgpagfcfgddg'],stix,Software,"malware,malicious,browser-extension",85,2026-08-19T22:58:58Z,90
indicator,Browser Extension: lhpbjmgkppampoeecnlfibfgodkfmapd,Extension ID: lhpbjmgkppampoeecnlfibfgodkfmapd. Category: malware. . Ref: https://blog.avast.com/malicious-extensions-chrome-web-store,[software:x_extension_id = 'lhpbjmgkppampoeecnlfibfgodkfmapd'],stix,Software,"malware,malicious,browser-extension",85,2026-08-19T22:58:58Z,90
indicator,Browser Extension: likbpmomddfoeelgcmmgilhmefinonpo,Extension ID: likbpmomddfoeelgcmmgilhmefinonpo. Category: malware. . Ref: https://blog.avast.com/malicious-extensions-chrome-web-store,[software:x_extension_id = 'likbpmomddfoeelgcmmgilhmefinonpo'],stix,Software,"malware,malicious,browser-extension",85,2026-08-19T22:58:58Z,90
indicator,Browser Extension: llcogfahhcbonemgkdjcjclaahplbldg,Extension ID: llcogfahhcbonemgkdjcjclaahplbldg. Category: malware. . Ref: https://blog.avast.com/malicious-extensions-chrome-web-store,[software:x_extension_id = 'llcogfahhcbonemgkdjcjclaahplbldg'],stix,Software,"malware,malicious,browser-extension",85,2026-08-19T22:58:58Z,90
indicator,Browser Extension: lpejglcfpkpbjhmnnmpmmlpblkcmdgmi,Extension ID: lpejglcfpkpbjhmnnmpmmlpblkcmdgmi. Category: malware. . Ref: https://blog.avast.com/malicious-extensions-chrome-web-store,[software:x_extension_id = 'lpejglcfpkpbjhmnnmpmmlpblkcmdgmi'],stix,Software,"malware,malicious,browser-extension",85,2026-08-19T22:58:58Z,90
indicator,Browser Extension: nbocmbonjfbpnolapbknojklafhkmplk,Extension ID: nbocmbonjfbpnolapbknojklafhkmplk. Category: malware. . Ref: https://blog.avast.com/malicious-extensions-chrome-web-store,[software:x_extension_id = 'nbocmbonjfbpnolapbknojklafhkmplk'],stix,Software,"malware,malicious,browser-extension",85,2026-08-19T22:58:58Z,90
indicator,Browser Extension: ngbglchnipjlikkfpfgickhnlpchdlco,Extension ID: ngbglchnipjlikkfpfgickhnlpchdlco. Category: malware. . Ref: https://blog.avast.com/malicious-extensions-chrome-web-store,[software:x_extension_id = 'ngbglchnipjlikkfpfgickhnlpchdlco'],stix,Software,"malware,malicious,browser-extension",85,2026-08-19T22:58:58Z,90
indicator,Browser Extension: njglkaigokomacaljolalkopeonkpbik,Extension ID: njglkaigokomacaljolalkopeonkpbik. Category: malware. . Ref: https://blog.avast.com/malicious-extensions-chrome-web-store,[software:x_extension_id = 'njglkaigokomacaljolalkopeonkpbik'],stix,Software,"malware,malicious,browser-extension",85,2026-08-19T22:58:58Z,90
indicator,Browser Extension: obfdmhekhgnjollgnhjhedapplpmbpka,Extension ID: obfdmhekhgnjollgnhjhedapplpmbpka. Category: malware. . Ref: https://blog.avast.com/malicious-extensions-chrome-web-store,[software:x_extension_id = 'obfdmhekhgnjollgnhjhedapplpmbpka'],stix,Software,"malware,malicious,browser-extension",85,2026-08-19T22:58:58Z,90
indicator,Browser Extension: oejfpkocfgochpkljdlmcnibecancpnl,Extension ID: oejfpkocfgochpkljdlmcnibecancpnl. Category: malware. . Ref: https://blog.avast.com/malicious-extensions-chrome-web-store,[software:x_extension_id = 'oejfpkocfgochpkljdlmcnibecancpnl'],stix,Software,"malware,malicious,browser-extension",85,2026-08-19T22:58:58Z,90
indicator,Browser Extension: olkcbimhgpenhcboejacjpmohcincfdb,Extension ID: olkcbimhgpenhcboejacjpmohcincfdb. Category: malware. . Ref: https://blog.avast.com/malicious-extensions-chrome-web-store,[software:x_extension_id = 'olkcbimhgpenhcboejacjpmohcincfdb'],stix,Software,"malware,malicious,browser-extension",85,2026-08-19T22:58:58Z,90
indicator,Browser Extension: ooaehdahoiljphlijlaplnbeaeeimhbb,Extension ID: ooaehdahoiljphlijlaplnbeaeeimhbb. Category: malware. . Ref: https://blog.avast.com/malicious-extensions-chrome-web-store,[software:x_extension_id = 'ooaehdahoiljphlijlaplnbeaeeimhbb'],stix,Software,"malware,malicious,browser-extension",85,2026-08-19T22:58:58Z,90
indicator,Browser Extension: pidecdgcabcolloikegacdjejomeodji,Extension ID: pidecdgcabcolloikegacdjejomeodji. Category: malware. . Ref: https://blog.avast.com/malicious-extensions-chrome-web-store,[software:x_extension_id = 'pidecdgcabcolloikegacdjejomeodji'],stix,Software,"malware,malicious,browser-extension",85,2026-08-19T22:58:58Z,90
indicator,Browser Extension: dlddmedljhmbgdhapibnagaanenmajcm,Extension ID: dlddmedljhmbgdhapibnagaanenmajcm. Category: malware. . Ref: https://www.welivesecurity.com/2013/07/30/versatile-and-infectious-win64expiro-is-a-cross-platform-file-infector/,[software:x_extension_id = 'dlddmedljhmbgdhapibnagaanenmajcm'],stix,Software,"malware,malicious,browser-extension",85,2026-08-19T22:58:58Z,90
indicator,Browser Extension: Micro Search Chrome Extension,Extension ID: bbgbmlkfflffccognkcbbmkakbejnado. Category: malware. . Ref: https://keepaware.com/blog/trojan-extension-malware-3-year-campaign-300k-infections,[software:x_extension_id = 'bbgbmlkfflffccognkcbbmkakbejnado'],stix,Software,"malware,malicious,browser-extension",85,2026-08-19T22:58:58Z,90
indicator,Browser Extension: Qcom search bar,Extension ID: bcmmbhidjmodkbeidljmhcijhkchokcj. Category: malware. . Ref: https://keepaware.com/blog/trojan-extension-malware-3-year-campaign-300k-infections,[software:x_extension_id = 'bcmmbhidjmodkbeidljmhcijhkchokcj'],stix,Software,"malware,malicious,browser-extension",85,2026-08-19T22:58:58Z,90
indicator,Browser Extension: Your Search Bar,Extension ID: dafkaabahcikblhbogbnbjodajmhbini. Category: malware. . Ref: https://keepaware.com/blog/trojan-extension-malware-3-year-campaign-300k-infections,[software:x_extension_id = 'dafkaabahcikblhbogbnbjodajmhbini'],stix,Software,"malware,malicious,browser-extension",85,2026-08-19T22:58:58Z,90
indicator,Browser Extension: SearchNukes,Extension ID: dbncciiegloaglpkgjpjhfahaiopfppa. Category: malware. . Ref: https://keepaware.com/blog/trojan-extension-malware-3-year-campaign-300k-infections,[software:x_extension_id = 'dbncciiegloaglpkgjpjhfahaiopfppa'],stix,Software,"malware,malicious,browser-extension",85,2026-08-19T22:58:58Z,90
indicator,Browser Extension: Simple New Tab,Extension ID: fodkmcnpjapcffbmhelopfjhlmdmnbll. Category: malware. . Ref: https://keepaware.com/blog/trojan-extension-malware-3-year-campaign-300k-infections,[software:x_extension_id = 'fodkmcnpjapcffbmhelopfjhlmdmnbll'],stix,Software,"malware,malicious,browser-extension",85,2026-08-19T22:58:58Z,90
indicator,Browser Extension: Qtr Search,Extension ID: gdamghfpmkabflbpldhdpbbfofolgaji. Category: malware. . Ref: https://keepaware.com/blog/trojan-extension-malware-3-year-campaign-300k-infections,[software:x_extension_id = 'gdamghfpmkabflbpldhdpbbfofolgaji'],stix,Software,"malware,malicious,browser-extension",85,2026-08-19T22:58:58Z,90
indicator,Browser Extension: Safe Search Eng,Extension ID: lfdkgganmodljeaemeadfhfhinpldmnf. Category: malware. . Ref: https://keepaware.com/blog/trojan-extension-malware-3-year-campaign-300k-infections,[software:x_extension_id = 'lfdkgganmodljeaemeadfhfhinpldmnf'],stix,Software,"malware,malicious,browser-extension",85,2026-08-19T22:58:58Z,90
indicator,Browser Extension: EXYZ Search,Extension ID: ljgodogldijlkialfpccoekklegilffm. Category: malware. . Ref: https://keepaware.com/blog/trojan-extension-malware-3-year-campaign-300k-infections,[software:x_extension_id = 'ljgodogldijlkialfpccoekklegilffm'],stix,Software,"malware,malicious,browser-extension",85,2026-08-19T22:58:58Z,90
indicator,Browser Extension: yglSearch,Extension ID: nlmpchkfhgoclkajbifladignhbanjdk. Category: malware. . Ref: https://keepaware.com/blog/trojan-extension-malware-3-year-campaign-300k-infections,[software:x_extension_id = 'nlmpchkfhgoclkajbifladignhbanjdk'],stix,Software,"malware,malicious,browser-extension",85,2026-08-19T22:58:58Z,90
indicator,Browser Extension: Custom Search Bar,Extension ID: nniikbbaboifhfjjkjekiamnfpkdieng. Category: malware. . Ref: https://keepaware.com/blog/trojan-extension-malware-3-year-campaign-300k-infections,[software:x_extension_id = 'nniikbbaboifhfjjkjekiamnfpkdieng'],stix,Software,"malware,malicious,browser-extension",85,2026-08-19T22:58:58Z,90
indicator,Browser Extension: Lax Search,Extension ID: pjomkeecbjnbpmanlbeijbkahooibopk. Category: malware. . Ref: https://keepaware.com/blog/trojan-extension-malware-3-year-campaign-300k-infections,[software:x_extension_id = 'pjomkeecbjnbpmanlbeijbkahooibopk'],stix,Software,"malware,malicious,browser-extension",85,2026-08-19T22:58:58Z,90
indicator,Browser Extension: Active Search Bar,Extension ID: pkofdnfadkamabkgjdjcddeopopbdjhg. Category: malware. . Ref: https://keepaware.com/blog/trojan-extension-malware-3-year-campaign-300k-infections,[software:x_extension_id = 'pkofdnfadkamabkgjdjcddeopopbdjhg'],stix,Software,"malware,malicious,browser-extension",85,2026-08-19T22:58:58Z,90
indicator,Browser Extension: Hide YouTube Shorts,Extension ID: aljlkinhomaaahfdojalfmimeidofpih. Category: malware. . Ref: https://palant.info/2024/10/30/the-karma-connection-in-chrome-web-store/,[software:x_extension_id = 'aljlkinhomaaahfdojalfmimeidofpih'],stix,Software,"malware,malicious,browser-extension",85,2026-08-19T22:58:58Z,90
indicator,Browser Extension: DarkPDF,Extension ID: cfemcmeknmapecneeeaajnbhhgfgkfhp. Category: malware. . Ref: https://palant.info/2024/10/30/the-karma-connection-in-chrome-web-store/,[software:x_extension_id = 'cfemcmeknmapecneeeaajnbhhgfgkfhp'],stix,Software,"malware,malicious,browser-extension",85,2026-08-19T22:58:58Z,90
indicator,Browser Extension: Sudoku On The Rocks,Extension ID: dncejofenelddljaidedboiegklahijo. Category: malware. . Ref: https://palant.info/2024/10/30/the-karma-connection-in-chrome-web-store/,[software:x_extension_id = 'dncejofenelddljaidedboiegklahijo'],stix,Software,"malware,malicious,browser-extension",85,2026-08-19T22:58:58Z,90
indicator,Browser Extension: Dynamics 365 Power Pane,Extension ID: eadknamngiibbmjdfokmppfooolhdidc. Category: malware. . Ref: https://palant.info/2024/10/30/the-karma-connection-in-chrome-web-store/,[software:x_extension_id = 'eadknamngiibbmjdfokmppfooolhdidc'],stix,Software,"malware,malicious,browser-extension",85,2026-08-19T22:58:58Z,90
indicator,Browser Extension: Israel everywhere,Extension ID: eiccbajfmdnmkfhhknldadnheilniafp. Category: malware. . Ref: https://palant.info/2024/10/30/the-karma-connection-in-chrome-web-store/,[software:x_extension_id = 'eiccbajfmdnmkfhhknldadnheilniafp'],stix,Software,"malware,malicious,browser-extension",85,2026-08-19T22:58:58Z,90
indicator,"Browser Extension: Karma | Online shopping, but better",Extension ID: emalgedpdlghbkikiaeocoblajamonoh. Category: malware. . Ref: https://palant.info/2024/10/30/the-karma-connection-in-chrome-web-store/,[software:x_extension_id = 'emalgedpdlghbkikiaeocoblajamonoh'],stix,Software,"malware,malicious,browser-extension",85,2026-08-19T22:58:58Z,90
indicator,Browser Extension: Quick Stickies,Extension ID: ihdjofjnmhebaiaanaeeoebjcgaildmk. Category: malware. . Ref: https://palant.info/2024/10/30/the-karma-connection-in-chrome-web-store/,[software:x_extension_id = 'ihdjofjnmhebaiaanaeeoebjcgaildmk'],stix,Software,"malware,malicious,browser-extension",85,2026-08-19T22:58:58Z,90
indicator,Browser Extension: Nucleus: A Pomodoro Timer and Website Blocker,Extension ID: koebbleaefghpjjmghelhjboilcmfpad. Category: malware. . Ref: https://palant.info/2024/10/30/the-karma-connection-in-chrome-web-store/,[software:x_extension_id = 'koebbleaefghpjjmghelhjboilcmfpad'],stix,Software,"malware,malicious,browser-extension",85,2026-08-19T22:58:58Z,90
indicator,Browser Extension: Hidden Airline Baggage Fees,Extension ID: kolnaamcekefalgibbpffeccknaiblpi. Category: malware. . Ref: https://palant.info/2024/10/30/the-karma-connection-in-chrome-web-store/,[software:x_extension_id = 'kolnaamcekefalgibbpffeccknaiblpi'],stix,Software,"malware,malicious,browser-extension",85,2026-08-19T22:58:58Z,90
indicator,Browser Extension: M3U8 Downloader,Extension ID: pibnhedpldjakfpnfkabbnifhmokakfb. Category: malware. . Ref: https://palant.info/2024/10/30/the-karma-connection-in-chrome-web-store/,[software:x_extension_id = 'pibnhedpldjakfpnfkabbnifhmokakfb'],stix,Software,"malware,malicious,browser-extension",85,2026-08-19T22:58:58Z,90
indicator,Browser Extension: Wistia Video Downloader,Extension ID: acbiaofoeebeinacmcknopaikmecdehl. Category: malware. . Ref: https://gitlab-com.gitlab.io/gl-security/security-tech-notes/threat-intelligence-tech-notes/malicious-browser-extensions-feb-2025/,[software:x_extension_id = 'acbiaofoeebeinacmcknopaikmecdehl'],stix,Software,"malware,malicious,browser-extension",85,2026-08-19T22:58:58Z,90
indicator,Browser Extension: Adblocker for Chrome - NoAds,Extension ID: alplpnakfeabeiebipdmaenpmbgknjce. Category: malware. . Ref: https://gitlab-com.gitlab.io/gl-security/security-tech-notes/threat-intelligence-tech-notes/malicious-browser-extensions-feb-2025/,[software:x_extension_id = 'alplpnakfeabeiebipdmaenpmbgknjce'],stix,Software,"malware,malicious,browser-extension",85,2026-08-19T22:58:58Z,90
indicator,Browser Extension: Nimble capture,Extension ID: bpconcjcammlapcogcnnelfmaeghhagj. Category: malware. . Ref: https://gitlab-com.gitlab.io/gl-security/security-tech-notes/threat-intelligence-tech-notes/malicious-browser-extensions-feb-2025/,[software:x_extension_id = 'bpconcjcammlapcogcnnelfmaeghhagj'],stix,Software,"malware,malicious,browser-extension",85,2026-08-19T22:58:58Z,90
indicator,Browser Extension: Themes for Chrome and YouTube Picture in Picture,Extension ID: deljjimclpnhngmikaiiodgggdniaooh. Category: malware. . Ref: https://gitlab-com.gitlab.io/gl-security/security-tech-notes/threat-intelligence-tech-notes/malicious-browser-extensions-feb-2025/,[software:x_extension_id = 'deljjimclpnhngmikaiiodgggdniaooh'],stix,Software,"malware,malicious,browser-extension",85,2026-08-19T22:58:58Z,90
indicator,Browser Extension: Emoji keyboard emojis for chrome,Extension ID: fbcgkphadgmbalmlklhbdagcicajenei. Category: malware. . Ref: https://gitlab-com.gitlab.io/gl-security/security-tech-notes/threat-intelligence-tech-notes/malicious-browser-extensions-feb-2025/,[software:x_extension_id = 'fbcgkphadgmbalmlklhbdagcicajenei'],stix,Software,"malware,malicious,browser-extension",85,2026-08-19T22:58:58Z,90
indicator,Browser Extension: WAToolkit,Extension ID: fedimamkpgiemhacbdhkkaihgofncola. Category: malware. . Ref: https://gitlab-com.gitlab.io/gl-security/security-tech-notes/threat-intelligence-tech-notes/malicious-browser-extensions-feb-2025/,[software:x_extension_id = 'fedimamkpgiemhacbdhkkaihgofncola'],stix,Software,"malware,malicious,browser-extension",85,2026-08-19T22:58:58Z,90
indicator,Browser Extension: Emojis - Emoji Keyboard,Extension ID: gaoflciahikhligngeccdecgfjngejlh. Category: malware. . Ref: https://gitlab-com.gitlab.io/gl-security/security-tech-notes/threat-intelligence-tech-notes/malicious-browser-extensions-feb-2025/,[software:x_extension_id = 'gaoflciahikhligngeccdecgfjngejlh'],stix,Software,"malware,malicious,browser-extension",85,2026-08-19T22:58:58Z,90
indicator,Browser Extension: KProxy,Extension ID: gdocgbfmddcfnlnpmnghmjicjognhonm. Category: malware. . Ref: https://gitlab-com.gitlab.io/gl-security/security-tech-notes/threat-intelligence-tech-notes/malicious-browser-extensions-feb-2025/,[software:x_extension_id = 'gdocgbfmddcfnlnpmnghmjicjognhonm'],stix,Software,"malware,malicious,browser-extension",85,2026-08-19T22:58:58Z,90
indicator,Browser Extension: Mike Adblock für Chrome | Chrome-Werbeblocker,Extension ID: giaoehhefkmchjbbdnahgeppblbdejmj. Category: malware. . Ref: https://gitlab-com.gitlab.io/gl-security/security-tech-notes/threat-intelligence-tech-notes/malicious-browser-extensions-feb-2025/,[software:x_extension_id = 'giaoehhefkmchjbbdnahgeppblbdejmj'],stix,Software,"malware,malicious,browser-extension",85,2026-08-19T22:58:58Z,90
indicator,Browser Extension: Page Refresh,Extension ID: hmooaemjmediafeacjplpbpenjnpcneg. Category: malware. . Ref: https://gitlab-com.gitlab.io/gl-security/security-tech-notes/threat-intelligence-tech-notes/malicious-browser-extensions-feb-2025/,[software:x_extension_id = 'hmooaemjmediafeacjplpbpenjnpcneg'],stix,Software,"malware,malicious,browser-extension",85,2026-08-19T22:58:58Z,90
indicator,Browser Extension: Rakuten Button Canada,Extension ID: idpbkophnbfijcnlffdmmppgnncgappc. Category: malware. . Ref: https://gitlab-com.gitlab.io/gl-security/security-tech-notes/threat-intelligence-tech-notes/malicious-browser-extensions-feb-2025/,[software:x_extension_id = 'idpbkophnbfijcnlffdmmppgnncgappc'],stix,Software,"malware,malicious,browser-extension",85,2026-08-19T22:58:58Z,90
indicator,Browser Extension: Video Effects for YouTube And Audio Enhancer,Extension ID: jdjldbengpgdcfkljfdmakdgmfpneldd. Category: malware. . Ref: https://gitlab-com.gitlab.io/gl-security/security-tech-notes/threat-intelligence-tech-notes/malicious-browser-extensions-feb-2025/,[software:x_extension_id = 'jdjldbengpgdcfkljfdmakdgmfpneldd'],stix,Software,"malware,malicious,browser-extension",85,2026-08-19T22:58:58Z,90
indicator,Browser Extension: Color Changer for YouTube,Extension ID: jlhgcomgldfapimdboelilfcipigkgik. Category: malware. . Ref: https://gitlab-com.gitlab.io/gl-security/security-tech-notes/threat-intelligence-tech-notes/malicious-browser-extensions-feb-2025/,[software:x_extension_id = 'jlhgcomgldfapimdboelilfcipigkgik'],stix,Software,"malware,malicious,browser-extension",85,2026-08-19T22:58:58Z,90
indicator,Browser Extension: Blipshot: one click full page screenshots,Extension ID: mdaboflcmhejfihjcbmdiebgfchigjcf. Category: malware. . Ref: https://gitlab-com.gitlab.io/gl-security/security-tech-notes/threat-intelligence-tech-notes/malicious-browser-extensions-feb-2025/,[software:x_extension_id = 'mdaboflcmhejfihjcbmdiebgfchigjcf'],stix,Software,"malware,malicious,browser-extension",85,2026-08-19T22:58:58Z,90
indicator,Browser Extension: Super dark mode,Extension ID: nlgphodeccebbcnkgmokeegopgpnjfkc. Category: malware. . Ref: https://gitlab-com.gitlab.io/gl-security/security-tech-notes/threat-intelligence-tech-notes/malicious-browser-extensions-feb-2025/,[software:x_extension_id = 'nlgphodeccebbcnkgmokeegopgpnjfkc'],stix,Software,"malware,malicious,browser-extension",85,2026-08-19T22:58:58Z,90
indicator,Browser Extension: Adblock for You,Extension ID: ogcaehilgakehloljjmajoempaflmdci. Category: malware. . Ref: https://gitlab-com.gitlab.io/gl-security/security-tech-notes/threat-intelligence-tech-notes/malicious-browser-extensions-feb-2025/,[software:x_extension_id = 'ogcaehilgakehloljjmajoempaflmdci'],stix,Software,"malware,malicious,browser-extension",85,2026-08-19T22:58:58Z,90
indicator,Browser Extension: Adblock for Chrome,Extension ID: onomjaelhagjjojbkcafidnepbfkpnee. Category: malware. . Ref: https://gitlab-com.gitlab.io/gl-security/security-tech-notes/threat-intelligence-tech-notes/malicious-browser-extensions-feb-2025/,[software:x_extension_id = 'onomjaelhagjjojbkcafidnepbfkpnee'],stix,Software,"malware,malicious,browser-extension",85,2026-08-19T22:58:58Z,90
indicator,Browser Extension: Photon Bot,Extension ID: lgnfmkckpppkfbfndcdighighholljcn. Category: malware. . Ref: https://labs.sqrx.com/hidden-in-plain-sight-how-we-followed-one-malicious-extension-to-uncover-a-multi-extension-a6f3f0792b98,[software:x_extension_id = 'lgnfmkckpppkfbfndcdighighholljcn'],stix,Software,"malware,malicious,browser-extension",85,2026-08-19T22:58:58Z,90
indicator,Browser Extension: Trenches Agent,Extension ID: ddhodpjidkbpkeheeenjflfjbgljgapl. Category: malware. . Ref: https://labs.sqrx.com/hidden-in-plain-sight-how-we-followed-one-malicious-extension-to-uncover-a-multi-extension-a6f3f0792b98,[software:x_extension_id = 'ddhodpjidkbpkeheeenjflfjbgljgapl'],stix,Software,"malware,malicious,browser-extension",85,2026-08-19T22:58:58Z,90
indicator,Browser Extension: Axiom Enhancer,Extension ID: khbegeannolbigamjahgggfpnaacbbmb. Category: malware. . Ref: https://labs.sqrx.com/hidden-in-plain-sight-how-we-followed-one-malicious-extension-to-uncover-a-multi-extension-a6f3f0792b98,[software:x_extension_id = 'khbegeannolbigamjahgggfpnaacbbmb'],stix,Software,"malware,malicious,browser-extension",85,2026-08-19T22:58:58Z,90
indicator,Browser Extension: Safery: Ethereum Wallet,Extension ID: fibemlnkopkeenmmgcfohhcdbkhgbolo. Category: malware. . Ref: https://socket.dev/blog/malicious-chrome-extension-exfiltrates-seed-phrases,[software:x_extension_id = 'fibemlnkopkeenmmgcfohhcdbkhgbolo'],stix,Software,"malware,malicious,browser-extension",85,2026-08-19T22:58:58Z,90
indicator,Browser Extension: Crypto Copilot,Extension ID: iaemdpdnmdkaphnmcogmcgcmhhafcifd. Category: malware. . Ref: https://socket.dev/blog/malicious-chrome-extension-injects-hidden-sol-fees-into-solana-swaps,[software:x_extension_id = 'iaemdpdnmdkaphnmcogmcgcmhhafcifd'],stix,Software,"malware,malicious,browser-extension",85,2026-08-19T22:58:58Z,90
indicator,Browser Extension: MEXC API Automator,Extension ID: pppdfgkfdemgfknfnhpkibbkabhghhfh. Category: malware. . Ref: https://socket.dev/blog/malicious-chrome-extension-steals-mexc-api-keys,[software:x_extension_id = 'pppdfgkfdemgfknfnhpkibbkabhghhfh'],stix,Software,"malware,malicious,browser-extension",85,2026-08-19T22:58:58Z,90
indicator,Browser Extension: Cool Cursor,Extension ID: ajbkmeegjnmaggkhmibgckapjkohajim. Category: malware. . Ref: https://layerxsecurity.com/blog/browser-extensions-gone-rogue-the-full-scope-of-the-ghostposter-campaign/,[software:x_extension_id = 'ajbkmeegjnmaggkhmibgckapjkohajim'],stix,Software,"malware,malicious,browser-extension",85,2026-08-19T22:58:58Z,90
indicator,Browser Extension: Color Enhancer,Extension ID: bmmchpeggdipgcobjbkcjiifgjdaodng. Category: malware. . Ref: https://layerxsecurity.com/blog/browser-extensions-gone-rogue-the-full-scope-of-the-ghostposter-campaign/,[software:x_extension_id = 'bmmchpeggdipgcobjbkcjiifgjdaodng'],stix,Software,"malware,malicious,browser-extension",85,2026-08-19T22:58:58Z,90
indicator,Browser Extension: Youtube Download,Extension ID: dhnibdhcanplpdkcljgmfhbipehkgdkk. Category: malware. . Ref: https://layerxsecurity.com/blog/browser-extensions-gone-rogue-the-full-scope-of-the-ghostposter-campaign/,[software:x_extension_id = 'dhnibdhcanplpdkcljgmfhbipehkgdkk'],stix,Software,"malware,malicious,browser-extension",85,2026-08-19T22:58:58Z,90
indicator,Browser Extension: Ads Block Ultimate,Extension ID: fbobegkkdmmcnmoplkgdmfhdlkjfelnb. Category: malware. . Ref: https://layerxsecurity.com/blog/browser-extensions-gone-rogue-the-full-scope-of-the-ghostposter-campaign/,[software:x_extension_id = 'fbobegkkdmmcnmoplkgdmfhdlkjfelnb'],stix,Software,"malware,malicious,browser-extension",85,2026-08-19T22:58:58Z,90
indicator,Browser Extension: Google Translate in Right Click,Extension ID: fcoongackakfdmiincikmjgkedcgjkdp. Category: malware. . Ref: https://layerxsecurity.com/blog/browser-extensions-gone-rogue-the-full-scope-of-the-ghostposter-campaign/,[software:x_extension_id = 'fcoongackakfdmiincikmjgkedcgjkdp'],stix,Software,"malware,malicious,browser-extension",85,2026-08-19T22:58:58Z,90
indicator,Browser Extension: RSS Feed,Extension ID: gmciomcaholgmklbfangdjkneihfkddd. Category: malware. . Ref: https://layerxsecurity.com/blog/browser-extensions-gone-rogue-the-full-scope-of-the-ghostposter-campaign/,[software:x_extension_id = 'gmciomcaholgmklbfangdjkneihfkddd'],stix,Software,"malware,malicious,browser-extension",85,2026-08-19T22:58:58Z,90
indicator,Browser Extension: Convert Everything,Extension ID: ielbkcjohpgmjhoiadncabphkglejgih. Category: malware. . Ref: https://layerxsecurity.com/blog/browser-extensions-gone-rogue-the-full-scope-of-the-ghostposter-campaign/,[software:x_extension_id = 'ielbkcjohpgmjhoiadncabphkglejgih'],stix,Software,"malware,malicious,browser-extension",85,2026-08-19T22:58:58Z,90
indicator,Browser Extension: One Key Translate,Extension ID: jihipmfmicjjpbpmoceapfjmigmemfam. Category: malware. . Ref: https://layerxsecurity.com/blog/browser-extensions-gone-rogue-the-full-scope-of-the-ghostposter-campaign/,[software:x_extension_id = 'jihipmfmicjjpbpmoceapfjmigmemfam'],stix,Software,"malware,malicious,browser-extension",85,2026-08-19T22:58:58Z,90
indicator,Browser Extension: Full Page Screenshot,Extension ID: kjkhljbbodkfgbfnhjfdchkjacdhmeaf. Category: malware. . Ref: https://layerxsecurity.com/blog/browser-extensions-gone-rogue-the-full-scope-of-the-ghostposter-campaign/,[software:x_extension_id = 'kjkhljbbodkfgbfnhjfdchkjacdhmeaf'],stix,Software,"malware,malicious,browser-extension",85,2026-08-19T22:58:58Z,90
indicator,Browser Extension: Floating Player - PiP Mode,Extension ID: knoibjinlbaolannjalfdjiloaadnknj. Category: malware. . Ref: https://layerxsecurity.com/blog/browser-extensions-gone-rogue-the-full-scope-of-the-ghostposter-campaign/,[software:x_extension_id = 'knoibjinlbaolannjalfdjiloaadnknj'],stix,Software,"malware,malicious,browser-extension",85,2026-08-19T22:58:58Z,90
indicator,Browser Extension: Page Screenshot Clipper,Extension ID: maiackahflfnegibhinjhpbgeoldeklb. Category: malware. . Ref: https://layerxsecurity.com/blog/browser-extensions-gone-rogue-the-full-scope-of-the-ghostposter-campaign/,[software:x_extension_id = 'maiackahflfnegibhinjhpbgeoldeklb'],stix,Software,"malware,malicious,browser-extension",85,2026-08-19T22:58:58Z,90
indicator,Browser Extension: Translate Selected Text with Google,Extension ID: obocpangfamkffjllmcfnieeoacoheda. Category: malware. . Ref: https://layerxsecurity.com/blog/browser-extensions-gone-rogue-the-full-scope-of-the-ghostposter-campaign/,[software:x_extension_id = 'obocpangfamkffjllmcfnieeoacoheda'],stix,Software,"malware,malicious,browser-extension",85,2026-08-19T22:58:58Z,90
indicator,Browser Extension: AdBlocker,Extension ID: onlofoccaenllpjmalbnilfacjmcfhfk. Category: malware. . Ref: https://layerxsecurity.com/blog/browser-extensions-gone-rogue-the-full-scope-of-the-ghostposter-campaign/,[software:x_extension_id = 'onlofoccaenllpjmalbnilfacjmcfhfk'],stix,Software,"malware,malicious,browser-extension",85,2026-08-19T22:58:58Z,90
indicator,Browser Extension: Amazon Ads Blocker,Extension ID: pnpchphmplpdimbllknjoiopmfphellj. Category: malware. . Ref: https://socket.dev/blog/malicious-chrome-extension-performs-hidden-affiliate-hijacking?utm_medium=feed,[software:x_extension_id = 'pnpchphmplpdimbllknjoiopmfphellj'],stix,Software,"malware,malicious,browser-extension",85,2026-08-19T22:58:58Z,90
indicator,Browser Extension: 10xprofit Amazon Seller Tools,Extension ID: ahlnchhkedmjbdocaamkbmhppnligmoh. Category: malware. . Ref: https://socket.dev/blog/malicious-chrome-extension-performs-hidden-affiliate-hijacking?utm_medium=feed,[software:x_extension_id = 'ahlnchhkedmjbdocaamkbmhppnligmoh'],stix,Software,"malware,malicious,browser-extension",85,2026-08-19T22:58:58Z,90
indicator,Browser Extension: Amazon ASIN Lookup 10xprofit,Extension ID: ljcgnobemekghgobhlplpehijemdgcgo. Category: malware. . Ref: https://socket.dev/blog/malicious-chrome-extension-performs-hidden-affiliate-hijacking?utm_medium=feed,[software:x_extension_id = 'ljcgnobemekghgobhlplpehijemdgcgo'],stix,Software,"malware,malicious,browser-extension",85,2026-08-19T22:58:58Z,90
indicator,Browser Extension: Amazon Search Suggestion,Extension ID: dnmfcojgjchpjcmjgpgonmhccibjopnb. Category: malware. . Ref: https://socket.dev/blog/malicious-chrome-extension-performs-hidden-affiliate-hijacking?utm_medium=feed,[software:x_extension_id = 'dnmfcojgjchpjcmjgpgonmhccibjopnb'],stix,Software,"malware,malicious,browser-extension",85,2026-08-19T22:58:58Z,90
indicator,Browser Extension: Amazon Product Scraper 10xprofit,Extension ID: mnacfoefejolpobogooghoclppjcgfcm. Category: malware. . Ref: https://socket.dev/blog/malicious-chrome-extension-performs-hidden-affiliate-hijacking?utm_medium=feed,[software:x_extension_id = 'mnacfoefejolpobogooghoclppjcgfcm'],stix,Software,"malware,malicious,browser-extension",85,2026-08-19T22:58:58Z,90
indicator,Browser Extension: Amazon Quick Brand Search,Extension ID: nigamacoibifjohkmepefofohfedblgg. Category: malware. . Ref: https://socket.dev/blog/malicious-chrome-extension-performs-hidden-affiliate-hijacking?utm_medium=feed,[software:x_extension_id = 'nigamacoibifjohkmepefofohfedblgg'],stix,Software,"malware,malicious,browser-extension",85,2026-08-19T22:58:58Z,90
indicator,Browser Extension: Amazon Stock Checker 999,Extension ID: johobikccpnmifjjpephegmfpipfbfme. Category: malware. . Ref: https://socket.dev/blog/malicious-chrome-extension-performs-hidden-affiliate-hijacking?utm_medium=feed,[software:x_extension_id = 'johobikccpnmifjjpephegmfpipfbfme'],stix,Software,"malware,malicious,browser-extension",85,2026-08-19T22:58:58Z,90
indicator,Browser Extension: Amazon Price History Saver,Extension ID: kppfbknppimnoociaomjcdgkebdmenkh. Category: malware. . Ref: https://socket.dev/blog/malicious-chrome-extension-performs-hidden-affiliate-hijacking?utm_medium=feed,[software:x_extension_id = 'kppfbknppimnoociaomjcdgkebdmenkh'],stix,Software,"malware,malicious,browser-extension",85,2026-08-19T22:58:58Z,90
indicator,Browser Extension: Amazon ASIN Copy,Extension ID: aohfjaadlbiifnnajpobdhokecjokhab. Category: malware. . Ref: https://socket.dev/blog/malicious-chrome-extension-performs-hidden-affiliate-hijacking?utm_medium=feed,[software:x_extension_id = 'aohfjaadlbiifnnajpobdhokecjokhab'],stix,Software,"malware,malicious,browser-extension",85,2026-08-19T22:58:58Z,90
indicator,Browser Extension: Amazon Keyword Cloud Generator,Extension ID: gfdbbmngalhmegpkejhidhgdpmehlmnd. Category: malware. . Ref: https://socket.dev/blog/malicious-chrome-extension-performs-hidden-affiliate-hijacking?utm_medium=feed,[software:x_extension_id = 'gfdbbmngalhmegpkejhidhgdpmehlmnd'],stix,Software,"malware,malicious,browser-extension",85,2026-08-19T22:58:58Z,90
indicator,Browser Extension: Amazon Image Downloader,Extension ID: cpcojeeblggnjjgnpiicndnahfhjdobd. Category: malware. . Ref: https://socket.dev/blog/malicious-chrome-extension-performs-hidden-affiliate-hijacking?utm_medium=feed,[software:x_extension_id = 'cpcojeeblggnjjgnpiicndnahfhjdobd'],stix,Software,"malware,malicious,browser-extension",85,2026-08-19T22:58:58Z,90
indicator,Browser Extension: Amazon Negative Review Hider,Extension ID: hkkkipfcdagiocekjdhobgmlkhejjfoj. Category: malware. . Ref: https://socket.dev/blog/malicious-chrome-extension-performs-hidden-affiliate-hijacking?utm_medium=feed,[software:x_extension_id = 'hkkkipfcdagiocekjdhobgmlkhejjfoj'],stix,Software,"malware,malicious,browser-extension",85,2026-08-19T22:58:58Z,90
indicator,Browser Extension: Amazon Listing Score Checker,Extension ID: jaojpdijbaolkhkifpgbjnhfbmckoojh. Category: malware. . Ref: https://socket.dev/blog/malicious-chrome-extension-performs-hidden-affiliate-hijacking?utm_medium=feed,[software:x_extension_id = 'jaojpdijbaolkhkifpgbjnhfbmckoojh'],stix,Software,"malware,malicious,browser-extension",85,2026-08-19T22:58:58Z,90
indicator,Browser Extension: Amazon Keyword Density Searcher,Extension ID: ekomkpgkmieaaekmaldmaljljahehkoi. Category: malware. . Ref: https://socket.dev/blog/malicious-chrome-extension-performs-hidden-affiliate-hijacking?utm_medium=feed,[software:x_extension_id = 'ekomkpgkmieaaekmaldmaljljahehkoi'],stix,Software,"malware,malicious,browser-extension",85,2026-08-19T22:58:58Z,90
indicator,Browser Extension: Amazon Sticky Notes,Extension ID: hkhmodcdjhcidbcncgmnknjppphcpgmh. Category: malware. . Ref: https://socket.dev/blog/malicious-chrome-extension-performs-hidden-affiliate-hijacking?utm_medium=feed,[software:x_extension_id = 'hkhmodcdjhcidbcncgmnknjppphcpgmh'],stix,Software,"malware,malicious,browser-extension",85,2026-08-19T22:58:58Z,90
indicator,Browser Extension: Amazon Result Numbering,Extension ID: nipfdfkjnidadibpbflijepbllfkokac. Category: malware. . Ref: https://socket.dev/blog/malicious-chrome-extension-performs-hidden-affiliate-hijacking?utm_medium=feed,[software:x_extension_id = 'nipfdfkjnidadibpbflijepbllfkokac'],stix,Software,"malware,malicious,browser-extension",85,2026-08-19T22:58:58Z,90
indicator,Browser Extension: Amazon Profit Calculator,Extension ID: behckapcoohededfbgjgkgefgkpodeho. Category: malware. . Ref: https://socket.dev/blog/malicious-chrome-extension-performs-hidden-affiliate-hijacking?utm_medium=feed,[software:x_extension_id = 'behckapcoohededfbgjgkgefgkpodeho'],stix,Software,"malware,malicious,browser-extension",85,2026-08-19T22:58:58Z,90
indicator,Browser Extension: Amazon Weight Converter,Extension ID: dfnannaibdndmkienngjahldiofjbkmj. Category: malware. . Ref: https://socket.dev/blog/malicious-chrome-extension-performs-hidden-affiliate-hijacking?utm_medium=feed,[software:x_extension_id = 'dfnannaibdndmkienngjahldiofjbkmj'],stix,Software,"malware,malicious,browser-extension",85,2026-08-19T22:58:58Z,90
indicator,Browser Extension: Amazon BSR Fast View,Extension ID: nhilffccdbcjcnoopblecppbhalagpaf. Category: malware. . Ref: https://socket.dev/blog/malicious-chrome-extension-performs-hidden-affiliate-hijacking?utm_medium=feed,[software:x_extension_id = 'nhilffccdbcjcnoopblecppbhalagpaf'],stix,Software,"malware,malicious,browser-extension",85,2026-08-19T22:58:58Z,90
indicator,Browser Extension: AliExpress Invoice Generator,Extension ID: mabbblhhnmlckjbfppkopnccllieeocp. Category: malware. . Ref: https://socket.dev/blog/malicious-chrome-extension-performs-hidden-affiliate-hijacking?utm_medium=feed,[software:x_extension_id = 'mabbblhhnmlckjbfppkopnccllieeocp'],stix,Software,"malware,malicious,browser-extension",85,2026-08-19T22:58:58Z,90
indicator,Browser Extension: Amazon Global Price Checker,Extension ID: mjcgfimemamogfmekphcfdehfkkbmldn. Category: malware. . Ref: https://socket.dev/blog/malicious-chrome-extension-performs-hidden-affiliate-hijacking?utm_medium=feed,[software:x_extension_id = 'mjcgfimemamogfmekphcfdehfkkbmldn'],stix,Software,"malware,malicious,browser-extension",85,2026-08-19T22:58:58Z,90
indicator,Browser Extension: Walmart Search By Image,Extension ID: mcaihdkeijgfhnlfcdehniplmaapadgb. Category: malware. . Ref: https://socket.dev/blog/malicious-chrome-extension-performs-hidden-affiliate-hijacking?utm_medium=feed,[software:x_extension_id = 'mcaihdkeijgfhnlfcdehniplmaapadgb'],stix,Software,"malware,malicious,browser-extension",85,2026-08-19T22:58:58Z,90
indicator,Browser Extension: SHEIN Search By Image,Extension ID: mpgaodghdhmeljgogbeagpbhgdbfofgb. Category: malware. . Ref: https://socket.dev/blog/malicious-chrome-extension-performs-hidden-affiliate-hijacking?utm_medium=feed,[software:x_extension_id = 'mpgaodghdhmeljgogbeagpbhgdbfofgb'],stix,Software,"malware,malicious,browser-extension",85,2026-08-19T22:58:58Z,90
indicator,Browser Extension: Shopify Search By Image,Extension ID: gjlbbcimkbncedhofeknicfkhgaocohl. Category: malware. . Ref: https://socket.dev/blog/malicious-chrome-extension-performs-hidden-affiliate-hijacking?utm_medium=feed,[software:x_extension_id = 'gjlbbcimkbncedhofeknicfkhgaocohl'],stix,Software,"malware,malicious,browser-extension",85,2026-08-19T22:58:58Z,90
indicator,Browser Extension: BestBuy Search By Image,Extension ID: nppjmiadmakeigiagilkfffplihgjlec. Category: malware. . Ref: https://socket.dev/blog/malicious-chrome-extension-performs-hidden-affiliate-hijacking?utm_medium=feed,[software:x_extension_id = 'nppjmiadmakeigiagilkfffplihgjlec'],stix,Software,"malware,malicious,browser-extension",85,2026-08-19T22:58:58Z,90
indicator,Browser Extension: AliExpress Price Tracker - Price History & Alerts,Extension ID: loiofaagnefbonjdjklhacdhfkolcfgi. Category: malware. . Ref: https://socket.dev/blog/malicious-chrome-extension-performs-hidden-affiliate-hijacking?utm_medium=feed,[software:x_extension_id = 'loiofaagnefbonjdjklhacdhfkolcfgi'],stix,Software,"malware,malicious,browser-extension",85,2026-08-19T22:58:58Z,90
indicator,Browser Extension: AliExpress Quick Currency & Price Converter,Extension ID: mcaglpclodnaiimhicpjemhcinjfnjce. Category: malware. . Ref: https://socket.dev/blog/malicious-chrome-extension-performs-hidden-affiliate-hijacking?utm_medium=feed,[software:x_extension_id = 'mcaglpclodnaiimhicpjemhcinjfnjce'],stix,Software,"malware,malicious,browser-extension",85,2026-08-19T22:58:58Z,90
indicator,Browser Extension: Amazon Character Count & Seller Tools,Extension ID: goikoilmhcgfidolicnbgggdpckdcoam. Category: malware. . Ref: https://socket.dev/blog/malicious-chrome-extension-performs-hidden-affiliate-hijacking?utm_medium=feed,[software:x_extension_id = 'goikoilmhcgfidolicnbgggdpckdcoam'],stix,Software,"malware,malicious,browser-extension",85,2026-08-19T22:58:58Z,90
indicator,Browser Extension: AliExpress Deals Countdown - Flash Sale Timer,Extension ID: jmlgkeaofknfmnbpmlmadnfnfajdlehn. Category: malware. . Ref: https://socket.dev/blog/malicious-chrome-extension-performs-hidden-affiliate-hijacking?utm_medium=feed,[software:x_extension_id = 'jmlgkeaofknfmnbpmlmadnfnfajdlehn'],stix,Software,"malware,malicious,browser-extension",85,2026-08-19T22:58:58Z,90
indicator,Browser Extension: lm?oken Chromophore,Extension ID: bbhaganppipihlhjgaaeeeefbaoihcgi. Category: malware. . Ref: https://socket.dev/blog/fake-imtoken-chrome-extension-steals-seed-phrases-via-phishing-redirects,[software:x_extension_id = 'bbhaganppipihlhjgaaeeeefbaoihcgi'],stix,Software,"malware,malicious,browser-extension",85,2026-08-19T22:58:58Z,90
indicator,Browser Extension: CL Suite by @CLMasters,Extension ID: jkphinfhmfkckkcnifhjiplhfoiefffl. Category: malware. . Ref: https://socket.dev/blog/malicious-chrome-extension-steals-meta-business-manager-exports-and-totp-2fa-seeds,[software:x_extension_id = 'jkphinfhmfkckkcnifhjiplhfoiefffl'],stix,Software,"malware,malicious,browser-extension",85,2026-08-19T22:58:58Z,90
indicator,Browser Extension: QuickLens - Search Screen with Google Lens,Extension ID: kdenlnncndfnhkognokgfpabgkgehodd. Category: malware. . Ref: https://annex.security/blog/pixel-perfect/,[software:x_extension_id = 'kdenlnncndfnhkognokgfpabgkgehodd'],stix,Software,"malware,malicious,browser-extension",85,2026-08-19T22:58:58Z,90
indicator,Browser Extension: browser_extension,Extension ID: browser_extension_id. Category: metadata_category. metadata_comment. Ref: metadata_link. CRX SHA-256: crx_file_sha256,[software:x_extension_id = 'browser_extension_id'],stix,Software,"metadata_category,metadata_type,browser-extension",50,2026-08-19T22:58:58Z,40
indicator,Browser Extension: Bypass,Extension ID: {7c3a8b88-4dc9-4487-b7f9-736b5f38b957}. Category: malware. Firefox - verified internal extension ID - Mozilla-confirmed malicious proxy API abuse - exact ID match required. Ref: https://blog.mozilla.org/security/2021/10/25/securing-the-proxy-api-for-firefox-add-ons/,[software:x_extension_id = '{7c3a8b88-4dc9-4487-b7f9-736b5f38b957}'],stix,Software,"malware,malicious,browser-extension",85,2026-08-19T22:58:58Z,90
indicator,Browser Extension: Bypass XM,Extension ID: {d61552ef-e2a6-4fb5-bf67-8990f0014957}. Category: malware. Firefox - verified internal extension ID - Mozilla-confirmed malicious proxy API abuse - exact ID match required. Ref: https://blog.mozilla.org/security/2021/10/25/securing-the-proxy-api-for-firefox-add-ons/,[software:x_extension_id = '{d61552ef-e2a6-4fb5-bf67-8990f0014957}'],stix,Software,"malware,malicious,browser-extension",85,2026-08-19T22:58:58Z,90
indicator,Browser Extension: Browser Security,Extension ID: firefox@browser-security.de. Category: malware. Firefox - verified internal extension ID - Mozilla hard-blocked Web Security cluster. Ref: https://bugzilla.mozilla.org/show_bug.cgi?id=1483995,[software:x_extension_id = 'firefox@browser-security.de'],stix,Software,"malware,malicious,browser-extension",85,2026-08-19T22:58:58Z,90
indicator,Browser Extension: Smarttube,Extension ID: firefox@smarttube.io. Category: malware. Firefox - verified internal extension ID - Mozilla hard-blocked Web Security cluster. Ref: https://bugzilla.mozilla.org/show_bug.cgi?id=1483995,[software:x_extension_id = 'firefox@smarttube.io'],stix,Software,"malware,malicious,browser-extension",85,2026-08-19T22:58:58Z,90
indicator,Browser Extension: Web Security blocked add-on,Extension ID: {0fde9597-0508-47ff-ad8a-793fa059c4e7}. Category: malware. Firefox - verified internal extension ID - Mozilla hard-blocked Web Security cluster. Ref: https://bugzilla.mozilla.org/show_bug.cgi?id=1483995,[software:x_extension_id = '{0fde9597-0508-47ff-ad8a-793fa059c4e7}'],stix,Software,"malware,malicious,browser-extension",85,2026-08-19T22:58:58Z,90
indicator,Browser Extension: Browser Privacy,Extension ID: info@browser-privacy.com. Category: malware. Firefox - verified internal extension ID - Mozilla hard-blocked Web Security cluster. Ref: https://bugzilla.mozilla.org/show_bug.cgi?id=1483995,[software:x_extension_id = 'info@browser-privacy.com'],stix,Software,"malware,malicious,browser-extension",85,2026-08-19T22:58:58Z,90
indicator,Browser Extension: Web Security blocked add-on,Extension ID: {d3b98a68-fd64-4763-8b66-e15e47ef000a}. Category: malware. Firefox - verified internal extension ID - Mozilla hard-blocked Web Security cluster. Ref: https://bugzilla.mozilla.org/show_bug.cgi?id=1483995,[software:x_extension_id = '{d3b98a68-fd64-4763-8b66-e15e47ef000a}'],stix,Software,"malware,malicious,browser-extension",85,2026-08-19T22:58:58Z,90
indicator,Browser Extension: Web Security blocked add-on,Extension ID: {36ea170d-2586-45fb-9f48-5f6b6fd59da7}. Category: malware. Firefox - verified internal extension ID - Mozilla hard-blocked Web Security cluster. Ref: https://bugzilla.mozilla.org/show_bug.cgi?id=1483995,[software:x_extension_id = '{36ea170d-2586-45fb-9f48-5f6b6fd59da7}'],stix,Software,"malware,malicious,browser-extension",85,2026-08-19T22:58:58Z,90
indicator,Browser Extension: YouTube MP3 Converter & Download,Extension ID: youtubemp3converter@yttools.io. Category: malware. Firefox - verified internal extension ID - Mozilla hard-blocked Web Security cluster. Ref: https://bugzilla.mozilla.org/show_bug.cgi?id=1483995,[software:x_extension_id = 'youtubemp3converter@yttools.io'],stix,Software,"malware,malicious,browser-extension",85,2026-08-19T22:58:58Z,90
indicator,Browser Extension: Simply Search,Extension ID: simplysearch@dirtylittlehelpers.com. Category: malware. Firefox - verified internal extension ID - Mozilla hard-blocked Web Security cluster. Ref: https://bugzilla.mozilla.org/show_bug.cgi?id=1483995,[software:x_extension_id = 'simplysearch@dirtylittlehelpers.com'],stix,Software,"malware,malicious,browser-extension",85,2026-08-19T22:58:58Z,90
indicator,Browser Extension: Smarttube - Extreme,Extension ID: extreme@smarttube.io. Category: malware. Firefox - verified internal extension ID - Mozilla hard-blocked Web Security cluster. Ref: https://bugzilla.mozilla.org/show_bug.cgi?id=1483995,[software:x_extension_id = 'extreme@smarttube.io'],stix,Software,"malware,malicious,browser-extension",85,2026-08-19T22:58:58Z,90
indicator,Browser Extension: Self Destroying Cookies,Extension ID: selfdestructingcookies@dirtylittlehelpers.com. Category: malware. Firefox - verified internal extension ID - Mozilla hard-blocked Web Security cluster. Ref: https://bugzilla.mozilla.org/show_bug.cgi?id=1483995,[software:x_extension_id = 'selfdestructingcookies@dirtylittlehelpers.com'],stix,Software,"malware,malicious,browser-extension",85,2026-08-19T22:58:58Z,90
indicator,Browser Extension: Web Security blocked add-on,Extension ID: {27a1b6d8-c6c9-4ddd-bf20-3afa0ccf5040}. Category: malware. Firefox - verified internal extension ID - Mozilla hard-blocked Web Security cluster. Ref: https://bugzilla.mozilla.org/show_bug.cgi?id=1483995,[software:x_extension_id = '{27a1b6d8-c6c9-4ddd-bf20-3afa0ccf5040}'],stix,Software,"malware,malicious,browser-extension",85,2026-08-19T22:58:58Z,90
indicator,Browser Extension: Web Security blocked add-on,Extension ID: {2e9cae8b-ee3f-4762-a39e-b53d31dffd37}. Category: malware. Firefox - verified internal extension ID - Mozilla hard-blocked Web Security cluster. Ref: https://bugzilla.mozilla.org/show_bug.cgi?id=1483995,[software:x_extension_id = '{2e9cae8b-ee3f-4762-a39e-b53d31dffd37}'],stix,Software,"malware,malicious,browser-extension",85,2026-08-19T22:58:58Z,90
indicator,Browser Extension: YouTube - Adblock,Extension ID: adblock@smarttube.io. Category: malware. Firefox - verified internal extension ID - Mozilla hard-blocked Web Security cluster. Ref: https://bugzilla.mozilla.org/show_bug.cgi?id=1483995,[software:x_extension_id = 'adblock@smarttube.io'],stix,Software,"malware,malicious,browser-extension",85,2026-08-19T22:58:58Z,90
indicator,Browser Extension: Web Security blocked add-on,Extension ID: {a659bdfa-dbbe-4e58-baf8-70a6975e47d0}. Category: malware. Firefox - verified internal extension ID - Mozilla hard-blocked Web Security cluster. Ref: https://bugzilla.mozilla.org/show_bug.cgi?id=1483995,[software:x_extension_id = '{a659bdfa-dbbe-4e58-baf8-70a6975e47d0}'],stix,Software,"malware,malicious,browser-extension",85,2026-08-19T22:58:58Z,90
indicator,Browser Extension: Web Security blocked add-on,Extension ID: {f9455ec1-203a-4fe8-95b6-f6c54a9e56af}. Category: malware. Firefox - verified internal extension ID - Mozilla hard-blocked Web Security cluster. Ref: https://bugzilla.mozilla.org/show_bug.cgi?id=1483995,[software:x_extension_id = '{f9455ec1-203a-4fe8-95b6-f6c54a9e56af}'],stix,Software,"malware,malicious,browser-extension",85,2026-08-19T22:58:58Z,90
indicator,Browser Extension: Web Security blocked add-on,Extension ID: {8c85526d-1be9-4b96-9462-aa48a811f4cf}. Category: malware. Firefox - verified internal extension ID - Mozilla hard-blocked Web Security cluster. Ref: https://bugzilla.mozilla.org/show_bug.cgi?id=1483995,[software:x_extension_id = '{8c85526d-1be9-4b96-9462-aa48a811f4cf}'],stix,Software,"malware,malicious,browser-extension",85,2026-08-19T22:58:58Z,90
indicator,Browser Extension: Amazon Quick Search,Extension ID: mail@quick-buttons.de. Category: malware. Firefox - verified internal extension ID - Mozilla hard-blocked Web Security cluster. Ref: https://bugzilla.mozilla.org/show_bug.cgi?id=1483995,[software:x_extension_id = 'mail@quick-buttons.de'],stix,Software,"malware,malicious,browser-extension",85,2026-08-19T22:58:58Z,90
indicator,Browser Extension: YouTube Adblocker,Extension ID: youtubeadblocker@yttools.io. Category: malware. Firefox - verified internal extension ID - Mozilla hard-blocked Web Security cluster. Ref: https://bugzilla.mozilla.org/show_bug.cgi?id=1483995,[software:x_extension_id = 'youtubeadblocker@yttools.io'],stix,Software,"malware,malicious,browser-extension",85,2026-08-19T22:58:58Z,90
indicator,Browser Extension: Browser Safety,Extension ID: extension@browser-safety.org. Category: malware. Firefox - verified internal extension ID - Mozilla hard-blocked Web Security cluster. Ref: https://bugzilla.mozilla.org/show_bug.cgi?id=1483995,[software:x_extension_id = 'extension@browser-safety.org'],stix,Software,"malware,malicious,browser-extension",85,2026-08-19T22:58:58Z,90
indicator,Browser Extension: Web Security,Extension ID: contact@web-security.com. Category: malware. Firefox - verified internal extension ID - Mozilla hard-blocked Web Security cluster. Ref: https://bugzilla.mozilla.org/show_bug.cgi?id=1483995,[software:x_extension_id = 'contact@web-security.com'],stix,Software,"malware,malicious,browser-extension",85,2026-08-19T22:58:58Z,90
indicator,Browser Extension: Video Downloader,Extension ID: videodownloader@dirtylittlehelpers.com. Category: malware. Firefox - verified internal extension ID - Mozilla hard-blocked Web Security cluster. Ref: https://bugzilla.mozilla.org/show_bug.cgi?id=1483995,[software:x_extension_id = 'videodownloader@dirtylittlehelpers.com'],stix,Software,"malware,malicious,browser-extension",85,2026-08-19T22:58:58Z,90
indicator,Browser Extension: Google NoTrack,Extension ID: googlenotrack@dirtylittlehelpers.com. Category: malware. Firefox - verified internal extension ID - Mozilla hard-blocked Web Security cluster. Ref: https://bugzilla.mozilla.org/show_bug.cgi?id=1483995,[software:x_extension_id = 'googlenotrack@dirtylittlehelpers.com'],stix,Software,"malware,malicious,browser-extension",85,2026-08-19T22:58:58Z,90
indicator,Browser Extension: Quick AMZ,Extension ID: develop@quick-amz.com. Category: malware. Firefox - verified internal extension ID - Mozilla hard-blocked Web Security cluster. Ref: https://bugzilla.mozilla.org/show_bug.cgi?id=1483995,[software:x_extension_id = 'develop@quick-amz.com'],stix,Software,"malware,malicious,browser-extension",85,2026-08-19T22:58:58Z,90
indicator,Browser Extension: Twiter X Video Downloader,Extension ID: {7536027f-96fb-4762-9e02-fdfaedd3bfb5}. Category: malware. Firefox - verified internal extension ID - DarkSpectre / Zoom Stealer. Ref: https://www.koi.ai/blog/darkspectre-unmasking-the-threat-actor-behind-7-8-million-infected-browsers,[software:x_extension_id = '{7536027f-96fb-4762-9e02-fdfaedd3bfb5}'],stix,Software,"malware,malicious,browser-extension",85,2026-08-19T22:58:58Z,90
indicator,Browser Extension: x-video-downloader,Extension ID: xtwitterdownloader@benimaddonum.com. Category: malware. Firefox - verified internal extension ID - DarkSpectre / Zoom Stealer. Ref: https://www.koi.ai/blog/darkspectre-unmasking-the-threat-actor-behind-7-8-million-infected-browsers,[software:x_extension_id = 'xtwitterdownloader@benimaddonum.com'],stix,Software,"malware,malicious,browser-extension",85,2026-08-19T22:58:58Z,90
indicator,Browser Extension: ShadyPanda Firefox add-on,Extension ID: {34b0d04c-29cf-473c-bb6c-c2fe94377b99}. Category: malware. Firefox - verified internal extension ID - DarkSpectre / ShadyPanda. Ref: https://www.koi.ai/blog/darkspectre-unmasking-the-threat-actor-behind-7-8-million-infected-browsers,[software:x_extension_id = '{34b0d04c-29cf-473c-bb6c-c2fe94377b99}'],stix,Software,"malware,malicious,browser-extension",85,2026-08-19T22:58:58Z,90
indicator,Browser Extension: ShadyPanda Firefox add-on,Extension ID: {7cc10397-c6f4-4a27-a1e7-83b870dd6cab}. Category: malware. Firefox - verified internal extension ID - DarkSpectre / ShadyPanda. Ref: https://www.koi.ai/blog/darkspectre-unmasking-the-threat-actor-behind-7-8-million-infected-browsers,[software:x_extension_id = '{7cc10397-c6f4-4a27-a1e7-83b870dd6cab}'],stix,Software,"malware,malicious,browser-extension",85,2026-08-19T22:58:58Z,90
indicator,Browser Extension: ShadyPanda Firefox add-on,Extension ID: nickyfeng2@edgetranslate.com. Category: malware. Firefox - verified internal extension ID - DarkSpectre / ShadyPanda - source defanged domain. Ref: https://www.koi.ai/blog/darkspectre-unmasking-the-threat-actor-behind-7-8-million-infected-browsers,[software:x_extension_id = 'nickyfeng2@edgetranslate.com'],stix,Software,"malware,malicious,browser-extension",85,2026-08-19T22:58:58Z,90
indicator,Browser Extension: ShadyPanda Firefox add-on,Extension ID: 1305302314@qq.com. Category: malware. Firefox - verified internal extension ID - DarkSpectre / ShadyPanda - source defanged domain. Ref: https://www.koi.ai/blog/darkspectre-unmasking-the-threat-actor-behind-7-8-million-infected-browsers,[software:x_extension_id = '1305302314@qq.com'],stix,Software,"malware,malicious,browser-extension",85,2026-08-19T22:58:58Z,90
indicator,Browser Extension: ShadyPanda Firefox add-on,Extension ID: mail@imba97.cn. Category: malware. Firefox - verified internal extension ID - DarkSpectre / ShadyPanda - source defanged domain. Ref: https://www.koi.ai/blog/darkspectre-unmasking-the-threat-actor-behind-7-8-million-infected-browsers,[software:x_extension_id = 'mail@imba97.cn'],stix,Software,"malware,malicious,browser-extension",85,2026-08-19T22:58:58Z,90
indicator,Browser Extension: ShadyPanda Firefox add-on,Extension ID: {99d4bddd-5452-4216-83bc-fcd57857b6fb}. Category: malware. Firefox - verified internal extension ID - DarkSpectre / ShadyPanda. Ref: https://www.koi.ai/blog/darkspectre-unmasking-the-threat-actor-behind-7-8-million-infected-browsers,[software:x_extension_id = '{99d4bddd-5452-4216-83bc-fcd57857b6fb}'],stix,Software,"malware,malicious,browser-extension",85,2026-08-19T22:58:58Z,90
indicator,Browser Extension: ShadyPanda Firefox add-on,Extension ID: {f7d2c8aa-e06e-4117-8b99-52a145eb7d23}. Category: malware. Firefox - verified internal extension ID - DarkSpectre / ShadyPanda. Ref: https://www.koi.ai/blog/darkspectre-unmasking-the-threat-actor-behind-7-8-million-infected-browsers,[software:x_extension_id = '{f7d2c8aa-e06e-4117-8b99-52a145eb7d23}'],stix,Software,"malware,malicious,browser-extension",85,2026-08-19T22:58:58Z,90
indicator,Browser Extension: ShadyPanda Firefox add-on,Extension ID: {5f246670-f5e2-45ff-b183-be21cbeb065a}. Category: malware. Firefox - verified internal extension ID - DarkSpectre / ShadyPanda. Ref: https://www.koi.ai/blog/darkspectre-unmasking-the-threat-actor-behind-7-8-million-infected-browsers,[software:x_extension_id = '{5f246670-f5e2-45ff-b183-be21cbeb065a}'],stix,Software,"malware,malicious,browser-extension",85,2026-08-19T22:58:58Z,90
indicator,Browser Extension: ShadyPanda Firefox add-on,Extension ID: {c257a965-0bf8-4934-bf85-9ebf761d1cf8}. Category: malware. Firefox - verified internal extension ID - DarkSpectre / ShadyPanda. Ref: https://www.koi.ai/blog/darkspectre-unmasking-the-threat-actor-behind-7-8-million-infected-browsers,[software:x_extension_id = '{c257a965-0bf8-4934-bf85-9ebf761d1cf8}'],stix,Software,"malware,malicious,browser-extension",85,2026-08-19T22:58:58Z,90
