ExtensionID,ExtensionName,Category,ThreatType,Severity,CrxSHA256,Reference
caacbgbklghmpodbdafajbgdnegacfmo,Gradient Sentry Node,PUP,privacy,low,,
jbmdcnidiaknboflpljihfnbonjgegah,NodeGo.Ai DePIN Connect,PUP,privacy,low,,
ppemikmneckkgmmbedecgnclmcgfhemf,360Airo LinkedIn Automation,malware,malicious,critical,,
pmjfbdnpbhfgeioabfahbheefebeiehp,Contrast Flip - Dark & Light Switcher,malware,malicious,critical,,
noamdmpakpnhegiadckcbjacfcinaaih,Kai Kai Extension,malware,malicious,critical,,
molhgnmmgandgcphadkejgpmbdelblbf,Reels downloader,malware,malicious,critical,,
moaepgbhoepmpnmkjedfkepbfigjplfo,Extrator de token • Ace Bot,malware,malicious,critical,,
mlaonedihngoginmmlaacpihnojcoocl,PageGuard - Phishing Protection,malware,malicious,critical,,
linflaofbnlhpakjpohmfnkkkmpngnck,Market Owl — Your Crypto Intelligence Hub,malware,malicious,critical,,
kgaleicefmhgoefglnbdfpmbgbngnnmd,Adblock King,malware,malicious,critical,,
jollepgbbbblfcnlnpohjmjjnmhcjaik,PixVerse: AI Video Generator,malware,malicious,critical,,
jnednbilgloghpmmjcaaikkoajcklalm,Streaming Skipper works with Paramount Plus [QVI],malware,malicious,critical,,
jacapfdcamanncjmobhiimfiempggoid,rynzen token ext,malware,malicious,critical,,
gffafiabcifddagoobhnapcambklhmkh,HOLA VPN - Рабочий VPN в 2026 для Chrome ютуб,malware,malicious,critical,,
hmdjcinnollmgfieppkodcgjekoldlde,Cookie Manager Pro,malware,malicious,critical,,
gmmbcogjfolpbonhldnkcajpmgknkdbb,dpv,malware,malicious,critical,,
gflodpomcgkoplepioifngjcffdgfabp,Muun,malware,malicious,critical,,
foljknabefdkeifdkapmaenecijjmlom,Kamino,malware,malicious,critical,,
enjdjejaijiebcikjmcmejgbobdkiflf,Digiskills Quiz Helper,malware,malicious,critical,,
cmlbghnlnbjkdgfjlegkbjmadpbmlgjb,*Donuts - Slot Machine*,malware,malicious,critical,,
cjkmdmgcomefpihnfkhnohfccikdlpli,Cookie Master,malware,malicious,critical,,
chdcepakhbkbgcljkaoikoopjkphphbd,Starlink,malware,malicious,critical,,
bbhaganppipihlhjgaaeeeefbaoihcgi,lmΤoken Chromophore,malware,malicious,critical,,
gbbfiogknfkmkiihmdifbenmflboageg,ActionReplay Pro,malware,malicious,critical,,
ioflbileeadfgndimfogiadmicpbfafn,Amazon 二段階認証,malware,malicious,critical,,
aknipljacjndlpkpbpakbcchmdgoblcf,Wiwana,malware,malicious,critical,,
jifhfjebdojpeofhjbldhmojmajnedgo,HyperBank,malware,malicious,critical,,
hlidpdhiafeejnmjbpjkbdpohocfjicf,伴影 (Shadow Mate): Daily Web Journal & Recap,malware,malicious,critical,,
clgemeijamgdpmilcegplfihfbkhbank,Tabby Cat - any new tab,malware,malicious,critical,,
bnapbdlppkcagdebgodflflkganenmam,LucidPay QR Connect,malware,malicious,critical,,
llgabammdchaeghapldlbhemdhofbkec,BypassTools Helper,malware,malicious,critical,,
aobncdfcdpeicfkghjjffdicafmhanee,Spoonfeeder,malware,malicious,critical,,
hcllfblgjihnjmmdjhnahnoegopnllab,Schedulebeats Sync,malware,malicious,critical,,
kbjiajimoeapacbebclicbmibgcgceok,Pinboard Extension,malware,malicious,critical,,
ciegppinlanbdjdlpkpgdlepffeliofa,Discord ID Lookup,malware,malicious,critical,,
ilgdgaajigobnmcmbieobelchldlaplf,WhatsApp Free Rotate,malware,malicious,critical,,
kocajemligblhdpjmcoplaaogcendpcb,Cryptonit Sniper,malware,malicious,critical,,
aahhemfjdkjamblajnjcddcffpcpmlia,Best Snake,malware,malicious,critical,,
hpamjldgeadmapkdklhndmcdankicnch,Matrix Tunnel VPN - Your Digital Fortress,malware,malicious,critical,,
bagfjpcfejdcfnhckcjcpekcjbencfeb,LightDownload,malware,malicious,critical,,
kmcdpinedoopehidpionkcmifkginapk,avistorm,malware,malicious,critical,,
fjpobenajidogfpilgbjgbglcanfjnoa,DAT GO,malware,malicious,critical,,
bpljfbcejldmgeoodnogeefaihjdgbam,Speed test - wifi speed test,malware,malicious,critical,,
ldiogmbmanedcgkhejlejjooboikinki,Roblox Hacker Pro,malware,malicious,critical,,
bjdilcmajpmmjlmnfojgkincnekmhohb,App Store to iTunes Opener,malware,malicious,critical,,
elcfpmpgobljibnhecmkmpgdmljdfbbg,TrueMoji,malware,malicious,critical,,
nlogodaofdghipmbdclajkkpheneldjd,Pixel Shield - Block Ads,malware,malicious,critical,,
cldemkeecebhnjipedpghophnhhhdebi,MarsConnect,malware,malicious,critical,,
fakkphkbmjbknmockignahjhlopcdnof,Keystone,malware,malicious,critical,,
iihglaelfepbbnohanfefalhflkkblmb,Gimkit Hacker,malware,malicious,critical,,
hhldcfhioabacdbbaggcllphmmfkeioi,Ad-Blocking - YouTube & Websites,malware,malicious,critical,,
fagjmplkfdopalfkkajedcgmhnlfdjjc,Obelisk VPN — The Fastest & Most Reliable Proxy,malware,malicious,critical,,
abpppenajdmdganodlmoeocldojbbjgp,Kahoot Hacker Auto Answer,malware,malicious,critical,,
pfgfbflpcekpehdblfgmffbfnmoljknc,SiteArmor - Malware Protection,malware,malicious,critical,,
jjijhajiibghbdnmbkeidhgkafliocja,Амнезия — быстрый и надёжный VPN с Premium-возможностями,malware,malicious,critical,,
ebhcbenbgjmaebpgbldimndmfomjmphd,2FA Authenticator,malware,malicious,critical,,
mdjlfpofidinookippfogekcboinmgnj,BakersMathClass Kiosk,malware,malicious,critical,,
lehpamhljefeohdanffoailfekikjjad,Privacy Extension For WhatsApp Web - Lucky Dev,malware,malicious,critical,,
kopglboechnehmjoggncbnbmabekcbfb,Swift Solutions,malware,malicious,critical,,
gcogiddcejmejahafmiohkijbfjpheni,SafeLink Checker,malware,malicious,critical,,
amfdgdlcdglpolkldbjahpgnpeimakjd,Lumora — Reader Mode & Translation,malware,malicious,critical,,
joejamlmdlfhlefljkooaapbhihjhmbj,Axiom Wallet,malware,malicious,critical,,
jeokhfhofmjmdagaehbkkkaajfnofnen,Digital Hunters Flow,malware,malicious,critical,,
nfeifdedjonpiciadhaajilmbnfagkff,IlbonVPN Extension,malware,malicious,critical,,
mknabnjbhfamkfcpfjgoilkoechakclb,Realtime VPN Per-Tab Speed & IP Flag,malware,malicious,critical,,
ffeeaccmegmlgjboppflieinleebdjfj,Piligrim — Free Gamified VPN,malware,malicious,critical,,
kphikjjhfimbdookdcfcfoflfgeflmcl,Kryon VPN,malware,malicious,critical,,
kiojeclcnhejliaagjfoalgdmgdmniac,iceguard VPN,malware,malicious,critical,,
kndpnpbcnbmgmeafbmpefkhbnfnpkpdb,IPSECVPN,malware,malicious,critical,,
faihnblmeedkfdeghdhimhgcdkhcaphb,Iron Tunnel | Unlimited VPN,malware,malicious,critical,,
bnbeodkfjfmfmoajcoecnckjjfeobbmd,CoProxy Free Proxy VPN,malware,malicious,critical,,
dhhmopcmpiadcgchhhldcpoeppcofdic,Free VPN - Orchid | Unlimited VPN,malware,malicious,critical,,
lkolfehkajahlomeongnkilfngfmabhd,Vpn chrome extension,malware,malicious,critical,,
djhdoinjgecheiekbdmhcebijnaikonl,"Roamly: Free VPN Proxy for Chrome - Unblock Sites, Hide IP, Privacy",malware,malicious,critical,,
hghhhfmjdmdgfjnpkmfbelagbdcjamek,Accel VPN,malware,malicious,critical,,
mofnafclpcapghpjdoaanahkgcjfcece,Swift Proton VPN: Fast & Secure,malware,malicious,critical,,
goecghjfhmlckpbnhoaliaolfhgmemal,Free vpn | Access to Notion,malware,malicious,critical,,
knajdeaocbpmfghhmijicidfcmdgbdpm,"Guru VPN & Proxy, VPN to Unblock any sites",malware,malicious,critical,,
pmecbbbdpikphhheojiiojjmcckdkink,VPN GLOBAL -Free VPN Extension for Windows,malware,malicious,critical,,
igahhbkcppaollcjeaaoapkijbnphfhb,Social VPN,malware,malicious,critical,,
ofbgjmmbmmdehioamfhccohdgiajbajj,Squid VPN - Hotspot VPN & Private Browser,malware,malicious,critical,,
nmbgmmidnmpoebaopgafhmomioefilof,VPN Master,malware,malicious,critical,,
jcbiifklmgnkppebelchllpdbnibihel,FreeVPN,malware,malicious,critical,,
mknbkgdikangjebcpfcbkiioojainjnh,ModHeader,malware,malicious,critical,,https://hackindex.io/research/modheader-malware-chrome-spyware
idgpnmonknjnojddfkpgkljpfnnfcklj,ModHeader,malware,malicious,critical,,https://hackindex.io/research/modheader-malware-chrome-spyware
opgbiafapkbbnbnjcdomjaghbckfkglc,ModHeader,malware,malicious,critical,,https://hackindex.io/research/modheader-malware-chrome-spyware
kghcdbkokgjghlfeojcpeoclfnljkbdk,Video Downloader,malware,malicious,critical,,https://www.koi.ai/blog/a-month-of-malware-in-the-chrome-web-store
ndhaplegimoabombidcdfogcnpmcicik,Bass Booster,malware,malicious,critical,,https://www.koi.ai/blog/a-month-of-malware-in-the-chrome-web-store
ompafndkajgkoldjbgnbikogdkljinlb,Downloader For Instagram,malware,malicious,critical,,https://www.koi.ai/blog/a-month-of-malware-in-the-chrome-web-store
bhfelhfpjghfmhogedjnlmdpkbhmjhlf,Downloader For Instagram,malware,malicious,critical,,https://www.koi.ai/blog/a-month-of-malware-in-the-chrome-web-store
jkhapebnlgocjncbbfccgiepjlghehmj,Surfshark VPN,PROXY/VPN,Defense Evasion,high,,https://microsoftedge.microsoft.com/addons/detail/jkhapebnlgocjncbbfccgiepjlghehmj
jplnlifepflhkbkgonidnobkakhmpnmh,Private Internet Access – Proxy for Chrome,PROXY/VPN,Defense Evasion,high,,https://chromewebstore.google.com/detail/private-internet-access-%E2%80%93/jplnlifepflhkbkgonidnobkakhmpnmh
hhdobjgopfphlmjbmnpglhfcgppchgje,AdGuard VPN: free & secure proxy,PROXY/VPN,Defense Evasion,high,,https://chromewebstore.google.com/detail/adguard-vpn-free-secure-p/hhdobjgopfphlmjbmnpglhfcgppchgje
ighhnpmaabelnfcbbkijikgghajbiaml,Touch VPN - Secure and unlimited VPN proxy,PROXY/VPN,Defense Evasion,high,,https://microsoftedge.microsoft.com/addons/detail/touch-vpn-secure-and-un/ighhnpmaabelnfcbbkijikgghajbiaml
pmdjjeplkafhkdjebfaoaljknbmilfgo,Picture in Picture for Videos,malware,malicious,critical,,https://palant.info/2025/01/20/malicious-extensions-circumvent-googles-remote-code-ban/#netflix-party
okepkpmjhegbhmnnondmminfgfbjddpb,Video Ad Block Youtube,malware,malicious,critical,,https://palant.info/2025/01/20/malicious-extensions-circumvent-googles-remote-code-ban/#netflix-party
njjbfkooniaeodkimaidbpginjcmhmbm,Free adblocker,malware,malicious,critical,,https://palant.info/2025/01/20/malicious-extensions-circumvent-googles-remote-code-ban/#netflix-party
mmnbenehknklpbendgmgngeaignppnbe,Netflix Party,malware,malicious,critical,,https://palant.info/2025/01/20/malicious-extensions-circumvent-googles-remote-code-ban/#netflix-party
jcbjcocinigpbgfpnhlpagidbmlngnnn,Adblock for Browser,malware,malicious,critical,,https://palant.info/2025/01/20/malicious-extensions-circumvent-googles-remote-code-ban/#netflix-party
iojpcjjdfhlcbgjnpngcmaojmlokmeii,Smart Adblocker,malware,malicious,critical,,https://palant.info/2025/01/20/malicious-extensions-circumvent-googles-remote-code-ban/#netflix-party
hmbnhhcgiecenbbkgdoaoafjpeaboine,Autoskip for Youtube™ Ads,malware,malicious,critical,,https://palant.info/2025/01/20/malicious-extensions-circumvent-googles-remote-code-ban/#netflix-party
gbnahglfafmhaehbdmjedfhdmimjcbed,"AutoBuy Flash Sales, Deals, and Coupons",malware,malicious,critical,,https://palant.info/2025/01/20/malicious-extensions-circumvent-googles-remote-code-ban/#netflix-party
gbdjcgalliefpinpmggefbloehmmknca,Adblock all advertisement - No Ads extension,malware,malicious,critical,,https://palant.info/2025/01/20/malicious-extensions-circumvent-googles-remote-code-ban/#netflix-party
fkjngjgmgbfelejhbjblhjkehchifpcj,Smart Auto Refresh,malware,malicious,critical,,https://palant.info/2025/01/20/malicious-extensions-circumvent-googles-remote-code-ban/#netflix-party
ffejlioijcokmblckiijnjcmfidjppdn,Auto Refresh Plus,malware,malicious,critical,,https://palant.info/2025/01/20/malicious-extensions-circumvent-googles-remote-code-ban/#netflix-party
bihmplhobchoageeokmgbdihknkjbknd,Touch VPN - Secure and unlimited VPN proxy,PROXY/VPN,Defense Evasion,high,,https://chromewebstore.google.com/detail/omdakjcmkglenbhjadbccaookpfjihpa
fcfhplploccackoneaefokcmbjfbkenj,Free VPN for Chrome - VPN Proxy 1clickVPN,PROXY/VPN,Defense Evasion,high,,https://chromewebstore.google.com/detail/omdakjcmkglenbhjadbccaookpfjihpa
adlpodnneegcnbophopdmhedicjbcgco,Free VPN for Chrome - Troywell VPN,PROXY/VPN,Defense Evasion,high,,https://chromewebstore.google.com/detail/omdakjcmkglenbhjadbccaookpfjihpa
jplgfhpmjnbigmhklmmbgecoobifkmpa,Proton VPN: Fast & Secure,PROXY/VPN,Defense Evasion,high,,https://chromewebstore.google.com/detail/omdakjcmkglenbhjadbccaookpfjihpa
bfidboloedlamgdmenmlbipfnccokknp,PureVPN Proxy - Best VPN for Chrome,PROXY/VPN,Defense Evasion,high,,https://chromewebstore.google.com/detail/omdakjcmkglenbhjadbccaookpfjihpa
oofgbpoabipfcfjapgnbbjjaenockbdp,SetupVPN - Lifetime Free VPN,PROXY/VPN,Defense Evasion,high,,https://chromewebstore.google.com/detail/omdakjcmkglenbhjadbccaookpfjihpa
fdcgdnkidjaadafnichfpabhfomcebme,Free VPN ZenMate-Best VPN for Chrome,PROXY/VPN,Defense Evasion,high,,https://chromewebstore.google.com/detail/omdakjcmkglenbhjadbccaookpfjihpa
omdakjcmkglenbhjadbccaookpfjihpa,TunnelBear VPN,PROXY/VPN,Defense Evasion,high,,https://chromewebstore.google.com/detail/omdakjcmkglenbhjadbccaookpfjihpa
nlfkaldinolmacagmiddfpnfaeclfibn,AI Chat to PDF,malware,malicious,critical,,https://www.island.io/blog/badblocker-11-million-users-one-server-call-away-from-compromise
cmedhionkhpnakcndndgjdbohmhepckk,Adblock for Youtube™,malware,malicious,critical,,https://www.island.io/blog/badblocker-11-million-users-one-server-call-away-from-compromise
gekoepiplklhniacchbbgbhilidiojmb,AdBlock Suite,malware,malicious,critical,,https://www.island.io/blog/badblocker-11-million-users-one-server-call-away-from-compromise
pamnlaoeobcmhkliljfaofekeddpmfoh,Web to PDF,malware,malicious,critical,c3c45ac09dbda8cb8b7e1cd347e0cac30736e485d8f2606668c7902d8ec4930b,https://chromewebstore.google.com/detail/web-to-pdf/pamnlaoeobcmhkliljfaofekeddpmfoh
abcidfelbbfbijdeilhlgmgejdbappaj,wallpaper adwares,malware,malicious,critical,,https://github.com/PaloAltoNetworks/Unit42-timely-threat-intel/blob/main/2026-06-01-Adware-Wallpaper-Chrome-Extension-Campaign.txt
adiolfenpimdeonhngpkbjbjjcopdfdp,wallpaper adwares,malware,malicious,critical,,https://github.com/PaloAltoNetworks/Unit42-timely-threat-intel/blob/main/2026-06-01-Adware-Wallpaper-Chrome-Extension-Campaign.txt
bbbbneobfdbkipmlgpapfjabfggogdij,wallpaper adwares,malware,malicious,critical,,https://github.com/PaloAltoNetworks/Unit42-timely-threat-intel/blob/main/2026-06-01-Adware-Wallpaper-Chrome-Extension-Campaign.txt
bbdejfjnpbdjbdnibpmiegbdfbngbahn,wallpaper adwares,malware,malicious,critical,,https://github.com/PaloAltoNetworks/Unit42-timely-threat-intel/blob/main/2026-06-01-Adware-Wallpaper-Chrome-Extension-Campaign.txt
bdnlfekadefohaaphlndnnieaolmpaao,wallpaper adwares,malware,malicious,critical,,https://github.com/PaloAltoNetworks/Unit42-timely-threat-intel/blob/main/2026-06-01-Adware-Wallpaper-Chrome-Extension-Campaign.txt
belplhjdnniinakggihimnikmhiijenk,wallpaper adwares,malware,malicious,critical,,https://github.com/PaloAltoNetworks/Unit42-timely-threat-intel/blob/main/2026-06-01-Adware-Wallpaper-Chrome-Extension-Campaign.txt
bfkaeaehpekfmfkbindbledlfcbammaa,wallpaper adwares,malware,malicious,critical,,https://github.com/PaloAltoNetworks/Unit42-timely-threat-intel/blob/main/2026-06-01-Adware-Wallpaper-Chrome-Extension-Campaign.txt
cdfjefamdaghbhmlddgnfneonpjbbehp,wallpaper adwares,malware,malicious,critical,,https://github.com/PaloAltoNetworks/Unit42-timely-threat-intel/blob/main/2026-06-01-Adware-Wallpaper-Chrome-Extension-Campaign.txt
cgopijlpehalkmakdjmhjonljokilban,wallpaper adwares,malware,malicious,critical,,https://github.com/PaloAltoNetworks/Unit42-timely-threat-intel/blob/main/2026-06-01-Adware-Wallpaper-Chrome-Extension-Campaign.txt
clddibaehbcaahnmhnjbnbkccbmghago,wallpaper adwares,malware,malicious,critical,,https://github.com/PaloAltoNetworks/Unit42-timely-threat-intel/blob/main/2026-06-01-Adware-Wallpaper-Chrome-Extension-Campaign.txt
cnlabipcnjebmibdelcindmhkkchndpd,wallpaper adwares,malware,malicious,critical,,https://github.com/PaloAltoNetworks/Unit42-timely-threat-intel/blob/main/2026-06-01-Adware-Wallpaper-Chrome-Extension-Campaign.txt
cpddjnopcpkpdhkhnimmgnniiglambdl,wallpaper adwares,malware,malicious,critical,,https://github.com/PaloAltoNetworks/Unit42-timely-threat-intel/blob/main/2026-06-01-Adware-Wallpaper-Chrome-Extension-Campaign.txt
dbfgidnodecgmmademfkaddkjidikobd,wallpaper adwares,malware,malicious,critical,,https://github.com/PaloAltoNetworks/Unit42-timely-threat-intel/blob/main/2026-06-01-Adware-Wallpaper-Chrome-Extension-Campaign.txt
dhllmgbdfgblbeckhcidmbcamonplgmg,wallpaper adwares,malware,malicious,critical,,https://github.com/PaloAltoNetworks/Unit42-timely-threat-intel/blob/main/2026-06-01-Adware-Wallpaper-Chrome-Extension-Campaign.txt
djlolemkfmghdipoalonefccpgjbfanc,wallpaper adwares,malware,malicious,critical,,https://github.com/PaloAltoNetworks/Unit42-timely-threat-intel/blob/main/2026-06-01-Adware-Wallpaper-Chrome-Extension-Campaign.txt
dligcnabijlnmgbamdiakeoencoomaef,wallpaper adwares,malware,malicious,critical,,https://github.com/PaloAltoNetworks/Unit42-timely-threat-intel/blob/main/2026-06-01-Adware-Wallpaper-Chrome-Extension-Campaign.txt
ecbkfpnhjofeoimpihdlbcjcedjdllin,wallpaper adwares,malware,malicious,critical,,https://github.com/PaloAltoNetworks/Unit42-timely-threat-intel/blob/main/2026-06-01-Adware-Wallpaper-Chrome-Extension-Campaign.txt
eeicldodfhmgcjedepfmmpdpibebgkbl,wallpaper adwares,malware,malicious,critical,,https://github.com/PaloAltoNetworks/Unit42-timely-threat-intel/blob/main/2026-06-01-Adware-Wallpaper-Chrome-Extension-Campaign.txt
ekgffgmnoaclljkicakkmobeoeeahmac,wallpaper adwares,malware,malicious,critical,,https://github.com/PaloAltoNetworks/Unit42-timely-threat-intel/blob/main/2026-06-01-Adware-Wallpaper-Chrome-Extension-Campaign.txt
enbiohidhjmepichhkjgbgppabjembml,wallpaper adwares,malware,malicious,critical,,https://github.com/PaloAltoNetworks/Unit42-timely-threat-intel/blob/main/2026-06-01-Adware-Wallpaper-Chrome-Extension-Campaign.txt
famoeaahdjkggighmjpagpjmcmbinkia,wallpaper adwares,malware,malicious,critical,,https://github.com/PaloAltoNetworks/Unit42-timely-threat-intel/blob/main/2026-06-01-Adware-Wallpaper-Chrome-Extension-Campaign.txt
fipehnelbojemafmdmhdkphjnafdnfle,wallpaper adwares,malware,malicious,critical,,https://github.com/PaloAltoNetworks/Unit42-timely-threat-intel/blob/main/2026-06-01-Adware-Wallpaper-Chrome-Extension-Campaign.txt
flomkgojkgpbholngecnpopgafijhenn,wallpaper adwares,malware,malicious,critical,,https://github.com/PaloAltoNetworks/Unit42-timely-threat-intel/blob/main/2026-06-01-Adware-Wallpaper-Chrome-Extension-Campaign.txt
fnfaggodhehejkigojefdehaffoneokd,wallpaper adwares,malware,malicious,critical,,https://github.com/PaloAltoNetworks/Unit42-timely-threat-intel/blob/main/2026-06-01-Adware-Wallpaper-Chrome-Extension-Campaign.txt
fnfhdeimoegdjjpnmlpfjpchpmndamii,wallpaper adwares,malware,malicious,critical,,https://github.com/PaloAltoNetworks/Unit42-timely-threat-intel/blob/main/2026-06-01-Adware-Wallpaper-Chrome-Extension-Campaign.txt
gejcmgekakacmlccopnlhanpipkfggcn,wallpaper adwares,malware,malicious,critical,,https://github.com/PaloAltoNetworks/Unit42-timely-threat-intel/blob/main/2026-06-01-Adware-Wallpaper-Chrome-Extension-Campaign.txt
gljmgepjbkfkcgepikciaeiihgfbfljf,wallpaper adwares,malware,malicious,critical,,https://github.com/PaloAltoNetworks/Unit42-timely-threat-intel/blob/main/2026-06-01-Adware-Wallpaper-Chrome-Extension-Campaign.txt
gpkgjopaiakcnokecmocecnbpghkkjhg,wallpaper adwares,malware,malicious,critical,,https://github.com/PaloAltoNetworks/Unit42-timely-threat-intel/blob/main/2026-06-01-Adware-Wallpaper-Chrome-Extension-Campaign.txt
hnhdhliichckphekkkgpopiicfdbcocc,wallpaper adwares,malware,malicious,critical,,https://github.com/PaloAltoNetworks/Unit42-timely-threat-intel/blob/main/2026-06-01-Adware-Wallpaper-Chrome-Extension-Campaign.txt
iagfghcakcckojogakhmdeebmkkjldfb,wallpaper adwares,malware,malicious,critical,,https://github.com/PaloAltoNetworks/Unit42-timely-threat-intel/blob/main/2026-06-01-Adware-Wallpaper-Chrome-Extension-Campaign.txt
iccidfcfcknibmadeplfehdinbeghbej,wallpaper adwares,malware,malicious,critical,,https://github.com/PaloAltoNetworks/Unit42-timely-threat-intel/blob/main/2026-06-01-Adware-Wallpaper-Chrome-Extension-Campaign.txt
ichbopbcihgldmgbgijfllfikfpeamlo,wallpaper adwares,malware,malicious,critical,,https://github.com/PaloAltoNetworks/Unit42-timely-threat-intel/blob/main/2026-06-01-Adware-Wallpaper-Chrome-Extension-Campaign.txt
imaibfagcdapbapmnepebaamfgjpdidk,wallpaper adwares,malware,malicious,critical,,https://github.com/PaloAltoNetworks/Unit42-timely-threat-intel/blob/main/2026-06-01-Adware-Wallpaper-Chrome-Extension-Campaign.txt
ippdfgpdnmndlebdgggkgpapaffdcabp,wallpaper adwares,malware,malicious,critical,,https://github.com/PaloAltoNetworks/Unit42-timely-threat-intel/blob/main/2026-06-01-Adware-Wallpaper-Chrome-Extension-Campaign.txt
jbaghkaihalnmkknemcgjikkimiecgpn,wallpaper adwares,malware,malicious,critical,,https://github.com/PaloAltoNetworks/Unit42-timely-threat-intel/blob/main/2026-06-01-Adware-Wallpaper-Chrome-Extension-Campaign.txt
jeoonjgjpiepmdcmgcdnadamojoefbad,wallpaper adwares,malware,malicious,critical,,https://github.com/PaloAltoNetworks/Unit42-timely-threat-intel/blob/main/2026-06-01-Adware-Wallpaper-Chrome-Extension-Campaign.txt
jneelgnlhodkmclkcnooopnfmamckbgf,wallpaper adwares,malware,malicious,critical,,https://github.com/PaloAltoNetworks/Unit42-timely-threat-intel/blob/main/2026-06-01-Adware-Wallpaper-Chrome-Extension-Campaign.txt
jnnkcihkpoljaejgnmaohgbodpdmfmdg,wallpaper adwares,malware,malicious,critical,,https://github.com/PaloAltoNetworks/Unit42-timely-threat-intel/blob/main/2026-06-01-Adware-Wallpaper-Chrome-Extension-Campaign.txt
kjdbfkbkiepbabfjncinoeclenkcgbmf,wallpaper adwares,malware,malicious,critical,,https://github.com/PaloAltoNetworks/Unit42-timely-threat-intel/blob/main/2026-06-01-Adware-Wallpaper-Chrome-Extension-Campaign.txt
kjhnajdlflnfmfdghcckbngdchajaime,wallpaper adwares,malware,malicious,critical,,https://github.com/PaloAltoNetworks/Unit42-timely-threat-intel/blob/main/2026-06-01-Adware-Wallpaper-Chrome-Extension-Campaign.txt
klgebnlgcgpinhblnheofececjjaaofd,wallpaper adwares,malware,malicious,critical,,https://github.com/PaloAltoNetworks/Unit42-timely-threat-intel/blob/main/2026-06-01-Adware-Wallpaper-Chrome-Extension-Campaign.txt
kocbandikoadlapjnhpgbimaoncpnkpi,wallpaper adwares,malware,malicious,critical,,https://github.com/PaloAltoNetworks/Unit42-timely-threat-intel/blob/main/2026-06-01-Adware-Wallpaper-Chrome-Extension-Campaign.txt
laombeiddkmdfbnfobjgebnfaedefidp,wallpaper adwares,malware,malicious,critical,,https://github.com/PaloAltoNetworks/Unit42-timely-threat-intel/blob/main/2026-06-01-Adware-Wallpaper-Chrome-Extension-Campaign.txt
lappfnpdgnphiodelgopbncadpoldica,wallpaper adwares,malware,malicious,critical,,https://github.com/PaloAltoNetworks/Unit42-timely-threat-intel/blob/main/2026-06-01-Adware-Wallpaper-Chrome-Extension-Campaign.txt
liimhladbmdgppodfomkkcppkfbkmjbm,wallpaper adwares,malware,malicious,critical,,https://github.com/PaloAltoNetworks/Unit42-timely-threat-intel/blob/main/2026-06-01-Adware-Wallpaper-Chrome-Extension-Campaign.txt
ljpapggfdnpbagfbfnlolopaiknkbbmb,wallpaper adwares,malware,malicious,critical,,https://github.com/PaloAltoNetworks/Unit42-timely-threat-intel/blob/main/2026-06-01-Adware-Wallpaper-Chrome-Extension-Campaign.txt
mefpdeoonpdjecmnekooffdonpllblnb,wallpaper adwares,malware,malicious,critical,,https://github.com/PaloAltoNetworks/Unit42-timely-threat-intel/blob/main/2026-06-01-Adware-Wallpaper-Chrome-Extension-Campaign.txt
mifhdbomjebcedjhoclccddgmmjhpkne,wallpaper adwares,malware,malicious,critical,,https://github.com/PaloAltoNetworks/Unit42-timely-threat-intel/blob/main/2026-06-01-Adware-Wallpaper-Chrome-Extension-Campaign.txt
mjoehhmchapliffjeiopgilfhmphfpbp,wallpaper adwares,malware,malicious,critical,,https://github.com/PaloAltoNetworks/Unit42-timely-threat-intel/blob/main/2026-06-01-Adware-Wallpaper-Chrome-Extension-Campaign.txt
mjojolnflneijogfbcoficpkmldhamba,wallpaper adwares,malware,malicious,critical,,https://github.com/PaloAltoNetworks/Unit42-timely-threat-intel/blob/main/2026-06-01-Adware-Wallpaper-Chrome-Extension-Campaign.txt
mmlpmfnhfgjpogjjleoklkfeipnnojgd,wallpaper adwares,malware,malicious,critical,,https://github.com/PaloAltoNetworks/Unit42-timely-threat-intel/blob/main/2026-06-01-Adware-Wallpaper-Chrome-Extension-Campaign.txt
mphkmheooambmkecalfljbkchadlfhap,wallpaper adwares,malware,malicious,critical,,https://github.com/PaloAltoNetworks/Unit42-timely-threat-intel/blob/main/2026-06-01-Adware-Wallpaper-Chrome-Extension-Campaign.txt
nbmkfpfhpmajmnkihgkmbgbnalncdnna,wallpaper adwares,malware,malicious,critical,,https://github.com/PaloAltoNetworks/Unit42-timely-threat-intel/blob/main/2026-06-01-Adware-Wallpaper-Chrome-Extension-Campaign.txt
ndeeopioahgjcemhhbgdoednmaleeemp,wallpaper adwares,malware,malicious,critical,,https://github.com/PaloAltoNetworks/Unit42-timely-threat-intel/blob/main/2026-06-01-Adware-Wallpaper-Chrome-Extension-Campaign.txt
nfpdlagnobaebggdhbflhiobfhondmdb,wallpaper adwares,malware,malicious,critical,,https://github.com/PaloAltoNetworks/Unit42-timely-threat-intel/blob/main/2026-06-01-Adware-Wallpaper-Chrome-Extension-Campaign.txt
ngnfdhfeccjahkpielcjbjebipckhoii,wallpaper adwares,malware,malicious,critical,,https://github.com/PaloAltoNetworks/Unit42-timely-threat-intel/blob/main/2026-06-01-Adware-Wallpaper-Chrome-Extension-Campaign.txt
nipbcfdkdiccemcmnfeebgmlnejmhbpd,wallpaper adwares,malware,malicious,critical,,https://github.com/PaloAltoNetworks/Unit42-timely-threat-intel/blob/main/2026-06-01-Adware-Wallpaper-Chrome-Extension-Campaign.txt
njggjookikiachbndaocbijjpddcijkf,wallpaper adwares,malware,malicious,critical,,https://github.com/PaloAltoNetworks/Unit42-timely-threat-intel/blob/main/2026-06-01-Adware-Wallpaper-Chrome-Extension-Campaign.txt
obdcmkbifgehdkjacmndbapoiiabnjlo,wallpaper adwares,malware,malicious,critical,,https://github.com/PaloAltoNetworks/Unit42-timely-threat-intel/blob/main/2026-06-01-Adware-Wallpaper-Chrome-Extension-Campaign.txt
oeaifghbbhjomcgbgpihadpbfnpidggi,wallpaper adwares,malware,malicious,critical,,https://github.com/PaloAltoNetworks/Unit42-timely-threat-intel/blob/main/2026-06-01-Adware-Wallpaper-Chrome-Extension-Campaign.txt
ooepolkedgpkhojiihdjoajnjohciajl,wallpaper adwares,malware,malicious,critical,,https://github.com/PaloAltoNetworks/Unit42-timely-threat-intel/blob/main/2026-06-01-Adware-Wallpaper-Chrome-Extension-Campaign.txt
oojlpfnmoijaiephcdakeggdbbfdbanb,wallpaper adwares,malware,malicious,critical,,https://github.com/PaloAltoNetworks/Unit42-timely-threat-intel/blob/main/2026-06-01-Adware-Wallpaper-Chrome-Extension-Campaign.txt
opdcfknedcfgiophhnojmnljpndojbom,wallpaper adwares,malware,malicious,critical,,https://github.com/PaloAltoNetworks/Unit42-timely-threat-intel/blob/main/2026-06-01-Adware-Wallpaper-Chrome-Extension-Campaign.txt
phcfjgnhnpfjhpghiacilpocpcdcgljm,wallpaper adwares,malware,malicious,critical,,https://github.com/PaloAltoNetworks/Unit42-timely-threat-intel/blob/main/2026-06-01-Adware-Wallpaper-Chrome-Extension-Campaign.txt
phpjgmopmomaokbddkjpnnffmchbnagh,wallpaper adwares,malware,malicious,critical,,https://github.com/PaloAltoNetworks/Unit42-timely-threat-intel/blob/main/2026-06-01-Adware-Wallpaper-Chrome-Extension-Campaign.txt
pkadlokfbobblmiclilbgajkjcpaaopk,wallpaper adwares,malware,malicious,critical,,https://github.com/PaloAltoNetworks/Unit42-timely-threat-intel/blob/main/2026-06-01-Adware-Wallpaper-Chrome-Extension-Campaign.txt
pkmjadcejhbaahnlaooacmfkfflpkcic,wallpaper adwares,malware,malicious,critical,,https://github.com/PaloAltoNetworks/Unit42-timely-threat-intel/blob/main/2026-06-01-Adware-Wallpaper-Chrome-Extension-Campaign.txt
pnlahghdcgkecfkeeiekinacgmbdcabk,wallpaper adwares,malware,malicious,critical,,https://github.com/PaloAltoNetworks/Unit42-timely-threat-intel/blob/main/2026-06-01-Adware-Wallpaper-Chrome-Extension-Campaign.txt
eebihieclccoidddmjcencomodomdoei,Supersonic AI,malware,malicious,critical,,https://unit42.paloaltonetworks.com/high-risk-gen-ai-browser-extensions/
dcjfbgppfdokmjgajnnkgdmkdeiloigh,Picsart: AI Photo Video Editor,malware,malicious,critical,,https://unit42.paloaltonetworks.com/high-risk-gen-ai-browser-extensions/
cjmhegifablecgkkncjddcgkjmgoacfd,Ask AI - GPT chat,malware,malicious,critical,,https://unit42.paloaltonetworks.com/high-risk-gen-ai-browser-extensions/
bonhfflnjgdbnhcpjemkknlhimceckgb,"Agent Risk Reminder Remover - CNFans, ACBuy & More",malware,malicious,critical,,https://unit42.paloaltonetworks.com/high-risk-gen-ai-browser-extensions/
jndldoeopjgmpakgmieaeeelhnjnfgkj,NotionAI----,malware,malicious,critical,,https://unit42.paloaltonetworks.com/high-risk-gen-ai-browser-extensions/
pdahnbohfcekobflehebdkoemnmmempk,Notion----,malware,malicious,critical,,https://unit42.paloaltonetworks.com/high-risk-gen-ai-browser-extensions/
ljlhpcabhpjdlcjhbmgjigfceppgabmk,Notion----,malware,malicious,critical,,https://unit42.paloaltonetworks.com/high-risk-gen-ai-browser-extensions/
hnppehcgmflfkcdkbkaeemjfngffmeag,AI Agent,malware,malicious,critical,,https://unit42.paloaltonetworks.com/high-risk-gen-ai-browser-extensions/
pfdmleklaejjccgfhoeafapbhkjipcnj,Google AI,malware,malicious,critical,,https://unit42.paloaltonetworks.com/high-risk-gen-ai-browser-extensions/
npifianbfjhobabjjpfdjjihgbdnbojh,Text Summarizer,malware,malicious,critical,,https://unit42.paloaltonetworks.com/high-risk-gen-ai-browser-extensions/
ffocfibjgakneigiajpccfcdmomlbapo,Nano Banana,malware,malicious,critical,,https://unit42.paloaltonetworks.com/high-risk-gen-ai-browser-extensions/
nbflcljmdbibeoaipongjgfmbapanipm,Anker AIME Copilot,malware,malicious,critical,,https://unit42.paloaltonetworks.com/high-risk-gen-ai-browser-extensions/
oaldjcdohhhibelagdhoahbedekfjjjf,browser cash,malware,malicious,critical,,https://unit42.paloaltonetworks.com/high-risk-gen-ai-browser-extensions/
dgeiaiglmhdhajbpfbmajaajdlfdinpi,AI Agent Deep DeepSeek,malware,malicious,critical,c9754454efede2dec2fcb856faa40424b8df378706b664a5ae4847fcd0336b53,https://unit42.paloaltonetworks.com/high-risk-gen-ai-browser-extensions/
hmkcidjcpomiegnklmplkimmbcbklglb,AI Photo and Video Editor,malware,malicious,critical,4e38bee33237a8c8b17a2504013e506ca7cbf667a7f68a2d94d75db505c2149f,https://unit42.paloaltonetworks.com/high-risk-gen-ai-browser-extensions/
jhhjbaicgmecddbaobeobkikgmfffaeg,Chat AI for Chrome,malware,malicious,critical,dfe307d957724ebe32331f92d53e366b7fa85968a9564c2285c5a0142ac9e1bb,https://unit42.paloaltonetworks.com/high-risk-gen-ai-browser-extensions/
iefpkdilnfhogjbkhgnliaomoldgkdlj,Reverse Recruiting — AI Job Application Assistant,malware,malicious,critical,604c7aef72892b56ac23ad54744376574239c8f0651e95dd5b6cf540eb70f7c3,https://unit42.paloaltonetworks.com/high-risk-gen-ai-browser-extensions/
injnjbcogjhcjhnhcbmlahgikemedbko,"TikTok Downloader – Save Videos, No Watermark",malware,malicious,critical,,https://layerxsecurity.com/blog/stealtok-130k-users-compromised-by-data-stealing-tiktok-video-downloaders/
ehdkeonoccndeaggbnolijnmmeohkbpf,TikTok Video Downloader – Bulk Save,malware,malicious,critical,,https://layerxsecurity.com/blog/stealtok-130k-users-compromised-by-data-stealing-tiktok-video-downloaders/
pfpijacnpangmkfdpgodlbokpkhpkeka,Tiktok Downloader,malware,malicious,critical,,https://layerxsecurity.com/blog/stealtok-130k-users-compromised-by-data-stealing-tiktok-video-downloaders/
cfbgdmiobbicgjnaegnenlcgbdabkcli,TikTok Video Downloader – Save Without Watermark,malware,malicious,critical,,https://layerxsecurity.com/blog/stealtok-130k-users-compromised-by-data-stealing-tiktok-video-downloaders/
mpalaahimeigibehbocnjipjfakekfia,Mass Tiktok Video Downloader,malware,malicious,critical,,https://layerxsecurity.com/blog/stealtok-130k-users-compromised-by-data-stealing-tiktok-video-downloaders/
kkhjihaeddnhknninbekkhaklnailngh,TikTok Video Downloader – Save Without Watermark,malware,malicious,critical,,https://layerxsecurity.com/blog/stealtok-130k-users-compromised-by-data-stealing-tiktok-video-downloaders/
kbifpojhlkdoidmndacedmkbjopeekgl,"TikTok Downloader – Save Videos, No Watermark",malware,malicious,critical,,https://layerxsecurity.com/blog/stealtok-130k-users-compromised-by-data-stealing-tiktok-video-downloaders/
jacilgchggenbmgbfnehcegalhlgpnhf,Mass Tiktok Video Downloader,malware,malicious,critical,,https://layerxsecurity.com/blog/stealtok-130k-users-compromised-by-data-stealing-tiktok-video-downloaders/
oaceepljpkcbcgccnmlepeofkhplkbih,Mass Tiktok Video Downloader,malware,malicious,critical,,https://layerxsecurity.com/blog/stealtok-130k-users-compromised-by-data-stealing-tiktok-video-downloaders/
ilcjgmjecbhpgpipmkfkibjopafpbcag,"TikTok Downloader – Save Videos, No Watermark",malware,malicious,critical,,https://layerxsecurity.com/blog/stealtok-130k-users-compromised-by-data-stealing-tiktok-video-downloaders/
kmobjdioiclamniofdnngmafbhgcniok,TikTok Video Keeper,malware,malicious,critical,,https://layerxsecurity.com/blog/stealtok-130k-users-compromised-by-data-stealing-tiktok-video-downloaders/
cgnbfcoeopaehocfdnkkjecibafichje,Video Downloader for Tiktok,malware,malicious,critical,,https://layerxsecurity.com/blog/stealtok-130k-users-compromised-by-data-stealing-tiktok-video-downloaders/
lhokehflammomchbkmpohfeidffnlpmo,Sinceerly,malware,malicious,critical,,https://x.com/nix_eth/status/2047407665211728181
cpcdkmjddocikjdkbbeiaafnpdbdafmi,NexShield Advanced Web Guardian,malware,malicious,critical,c46af9ae6ab0e7567573dbc950a8ffbe30ea848fac90cd15860045fe7640199c,https://github.com/mthcht/ThreatIntel-Reports/blob/f1ceede743e0791ea9f2af7988ab9fcfd4a38d56/Intel%20Reports/thehackernews_com/2026_01_crashfix-chrome-extension-delivers_html/content.txt#L696
omddlmnhcofjbnbflmjginpjjblphbgk,Context Extension,malware,malicious,critical,,https://x.com/i/status/2045960143209152981
nglingapjinhecnfejdcpihlpneeadjp,OpenClaw Browser Relay,malware,malicious,critical,133df5ad1bd5f3c5444fc6bf15040b34372dd309d7481be708ae6445c3a20c6f,https://chromewebstore.google.com/detail/openclaw-browser-relay/nglingapjinhecnfejdcpihlpneeadjp
obifanppcpchlehkjipahhphbcbjekfa,Telegram Multi-account,malware,malicious,critical,,https://socket.dev/blog/108-chrome-ext-linked-to-data-exfil-session-theft-shared-c2
mdcfennpfgkngnibjbpnpaafcjnhcjno,Web Client for Telegram - Teleside,malware,malicious,critical,,https://socket.dev/blog/108-chrome-ext-linked-to-data-exfil-session-theft-shared-c2
mmecpiobcdbjkaijljohghhpfgngpjmk,YouSide - Youtube Sidebar,malware,malicious,critical,,https://socket.dev/blog/108-chrome-ext-linked-to-data-exfil-session-theft-shared-c2
bfoofgelpmalhcmedaaeogahlmbkopfd,Web Client for Youtube - SideYou,malware,malicious,critical,,https://socket.dev/blog/108-chrome-ext-linked-to-data-exfil-session-theft-shared-c2
cbfhnceafaenchbefokkngcbnejached,Web Client for TikTok,malware,malicious,critical,,https://socket.dev/blog/108-chrome-ext-linked-to-data-exfil-session-theft-shared-c2
ogogpebnagniggbnkbpjioobomdbmdcj,Text Translation,malware,malicious,critical,,https://socket.dev/blog/108-chrome-ext-linked-to-data-exfil-session-theft-shared-c2
ldmnhdllijbchflpbmnlgndfnlgmkgif,Page Locker,malware,malicious,critical,,https://socket.dev/blog/108-chrome-ext-linked-to-data-exfil-session-theft-shared-c2
lnajjhohknhgemncbaomjjjpmpdigedg,Page Auto Refresh,malware,malicious,critical,,https://socket.dev/blog/108-chrome-ext-linked-to-data-exfil-session-theft-shared-c2
aecccajigpipkpioaidignbgbeekglkd,Web Client for Rugby Rush - SideGame,malware,malicious,critical,,https://socket.dev/blog/108-chrome-ext-linked-to-data-exfil-session-theft-shared-c2
akebbllmckjphjiojeioooidhnddnplj,Formula Rush Racing Game,malware,malicious,critical,,https://socket.dev/blog/108-chrome-ext-linked-to-data-exfil-session-theft-shared-c2
akifdnfipbeoonhoeabdicnlcdhghmpn,Piggy Prizes - Slot Machine,malware,malicious,critical,,https://socket.dev/blog/108-chrome-ext-linked-to-data-exfil-session-theft-shared-c2
akkkopcadaalekbdgpdikhdablkgjagd,Slot Arabian,malware,malicious,critical,,https://socket.dev/blog/108-chrome-ext-linked-to-data-exfil-session-theft-shared-c2
alkfljfjkpiccfgbeocbbjjladigcleg,Frogtastic,malware,malicious,critical,,https://socket.dev/blog/108-chrome-ext-linked-to-data-exfil-session-theft-shared-c2
alllblhkgghelnejlggmmgjbkdabidie,Black Beard Slot Machine,malware,malicious,critical,,https://socket.dev/blog/108-chrome-ext-linked-to-data-exfil-session-theft-shared-c2
amkkjdjjgiiamenbopfpdmjcleecjjgg,Indian - Slot Machine,malware,malicious,critical,,https://socket.dev/blog/108-chrome-ext-linked-to-data-exfil-session-theft-shared-c2
amnaljnjmgajgajelnplfmidgjgbjfhe,Mahjong Deluxe,malware,malicious,critical,,https://socket.dev/blog/108-chrome-ext-linked-to-data-exfil-session-theft-shared-c2
bbjdlbemjklojnbifkgameepcafflmem,Crazy Freekick,malware,malicious,critical,,https://socket.dev/blog/108-chrome-ext-linked-to-data-exfil-session-theft-shared-c2
bdnanfggeppmkfhkgmpojkhanoplkacc,Slot Car Racing,malware,malicious,critical,,https://socket.dev/blog/108-chrome-ext-linked-to-data-exfil-session-theft-shared-c2
bgdkbjcdecedfoejdfgeafdodjgfohno,Clear Cache Plus,malware,malicious,critical,,https://socket.dev/blog/108-chrome-ext-linked-to-data-exfil-session-theft-shared-c2
bnchgibgpgmlickioneccggfobljmhjc,Galactica Delux - Slot Machine,malware,malicious,critical,,https://socket.dev/blog/108-chrome-ext-linked-to-data-exfil-session-theft-shared-c2
bpljfbcejldmgeoodnogeefaihjdgbam,Speed Test for Chrome - WiFi SpeedTest,malware,malicious,critical,,https://socket.dev/blog/108-chrome-ext-linked-to-data-exfil-session-theft-shared-c2
cbnekafldflkmngbgmbnfmchjaelnhem,Game SkySpeedster,malware,malicious,critical,,https://socket.dev/blog/108-chrome-ext-linked-to-data-exfil-session-theft-shared-c2
cdpiopekjeonfjeocbfebemgocjciepp,Master Chess,malware,malicious,critical,,https://socket.dev/blog/108-chrome-ext-linked-to-data-exfil-session-theft-shared-c2
cehdkmmfadpplgchnbjgdngdcjmhlfcc,Hockey Shootout,malware,malicious,critical,,https://socket.dev/blog/108-chrome-ext-linked-to-data-exfil-session-theft-shared-c2
cljengcehefhflhoahaambmkknjekjib,Odds Of The Gods - Slot Machine,malware,malicious,critical,,https://socket.dev/blog/108-chrome-ext-linked-to-data-exfil-session-theft-shared-c2
clpgopiimdjcilllcjncdkoeikkkcfbi,Billiards Pro,malware,malicious,critical,,https://socket.dev/blog/108-chrome-ext-linked-to-data-exfil-session-theft-shared-c2
cmeoegkmpbpcoabhlklbamfeidebgmdf,Three Card Poker,malware,malicious,critical,,https://socket.dev/blog/108-chrome-ext-linked-to-data-exfil-session-theft-shared-c2
cmlbghnlnbjkdgfjlegkbjmadpbmlgjb,Donuts - Slot Machine,malware,malicious,critical,,https://socket.dev/blog/108-chrome-ext-linked-to-data-exfil-session-theft-shared-c2
cnibdhllkgidlgmaoanhkemjeklneolk,Archer - Slot Machine,malware,malicious,critical,,https://socket.dev/blog/108-chrome-ext-linked-to-data-exfil-session-theft-shared-c2
cpnfioldnmhaihohppoaebillnambcgn,Rugby Rush,malware,malicious,critical,,https://socket.dev/blog/108-chrome-ext-linked-to-data-exfil-session-theft-shared-c2
dbohcpohlgnhgjmfkakoniiplglpfhcb,Bingo,malware,malicious,critical,,https://socket.dev/blog/108-chrome-ext-linked-to-data-exfil-session-theft-shared-c2
dcamdpfclondppklabgkfaofjccpioil,Web Client for game Cricket Batter Challenge,malware,malicious,critical,,https://socket.dev/blog/108-chrome-ext-linked-to-data-exfil-session-theft-shared-c2
dljlpildgknddpnahppkihgodokfjbnd,Slot Machine Zeus Treasures,malware,malicious,critical,,https://socket.dev/blog/108-chrome-ext-linked-to-data-exfil-session-theft-shared-c2
dlpiookhionidajbiopmaajeckifeehn,Horse Racing,malware,malicious,critical,,https://socket.dev/blog/108-chrome-ext-linked-to-data-exfil-session-theft-shared-c2
dmaibhbbpmdihedidicfeigilkbobcog,Aztec - Slot Machine,malware,malicious,critical,,https://socket.dev/blog/108-chrome-ext-linked-to-data-exfil-session-theft-shared-c2
dohenclhhdfljpjlnpjnephpccbdgmmb,Straight 4,malware,malicious,critical,,https://socket.dev/blog/108-chrome-ext-linked-to-data-exfil-session-theft-shared-c2
dpdemambcedffmnkfmkephnhhnclmcio,Slot The Gold Pot,malware,malicious,critical,,https://socket.dev/blog/108-chrome-ext-linked-to-data-exfil-session-theft-shared-c2
ejlcbfmhjbkgohopdkijfgggbikgbacb,American Roulette Royale,malware,malicious,critical,,https://socket.dev/blog/108-chrome-ext-linked-to-data-exfil-session-theft-shared-c2
eljfpgehlncincemdmmnebmnlcmfamhm,Asia Slot,malware,malicious,critical,,https://socket.dev/blog/108-chrome-ext-linked-to-data-exfil-session-theft-shared-c2
enmmilgindjmffoljaojkcgloakmloen,Web Client for game Drive Your Car,malware,malicious,critical,,https://socket.dev/blog/108-chrome-ext-linked-to-data-exfil-session-theft-shared-c2
eoklnfefipnjfeknpmigmogeeepddcch,Jurassic Giants - Slot Machine,malware,malicious,critical,,https://socket.dev/blog/108-chrome-ext-linked-to-data-exfil-session-theft-shared-c2
fddajeklkkggbnppabbhkdmnkdjindlo,Street Basketball,malware,malicious,critical,,https://socket.dev/blog/108-chrome-ext-linked-to-data-exfil-session-theft-shared-c2
fibgndhgobbaaekmnneapojgkcehaeac,Tarot Side Panel,malware,malicious,critical,,https://socket.dev/blog/108-chrome-ext-linked-to-data-exfil-session-theft-shared-c2
fjfhejmbhpabkacpoddjbcfandjoacmb,Dragon Slayer - Slot Machine,malware,malicious,critical,,https://socket.dev/blog/108-chrome-ext-linked-to-data-exfil-session-theft-shared-c2
flkdjodmoefccepdihipjdlianmkmhgc,Best Blackjack,malware,malicious,critical,,https://socket.dev/blog/108-chrome-ext-linked-to-data-exfil-session-theft-shared-c2
fmajpchoiahphjiligpmghnhmabolhoh,Book Of Magic - Slot Machine,malware,malicious,critical,,https://socket.dev/blog/108-chrome-ext-linked-to-data-exfil-session-theft-shared-c2
gaafhblhbnkekenogcjniofhbicchlke,Snake - Slot Machine,malware,malicious,critical,,https://socket.dev/blog/108-chrome-ext-linked-to-data-exfil-session-theft-shared-c2
gbaoddbbpompjhmilbgiaapkkakldlpc,Dice King - Classic Craps And Roll Game,malware,malicious,critical,,https://socket.dev/blog/108-chrome-ext-linked-to-data-exfil-session-theft-shared-c2
gbhhgipmedccnankkjchgcidiigmioio,Slot Ramses,malware,malicious,critical,,https://socket.dev/blog/108-chrome-ext-linked-to-data-exfil-session-theft-shared-c2
gfhcdakcnpahfdealajmhcapnhhablbp,Battleship War,malware,malicious,critical,,https://socket.dev/blog/108-chrome-ext-linked-to-data-exfil-session-theft-shared-c2
gipmochingljoikdjakkdolfcbphmlom,Gold Miner 2,malware,malicious,critical,,https://socket.dev/blog/108-chrome-ext-linked-to-data-exfil-session-theft-shared-c2
glofhphmolanicdaddgkmhfmjidjkaem,Greyhound Racing - Dog Race Simulator,malware,malicious,critical,,https://socket.dev/blog/108-chrome-ext-linked-to-data-exfil-session-theft-shared-c2
haochenfmhglpholokliifmlpafilfdc,Hercules: Sports Legend,malware,malicious,critical,,https://socket.dev/blog/108-chrome-ext-linked-to-data-exfil-session-theft-shared-c2
hbobdcfpgonejphpemijgjddanoipbkj,Flicking Soccer,malware,malicious,critical,,https://socket.dev/blog/108-chrome-ext-linked-to-data-exfil-session-theft-shared-c2
hdmppejcahhppjhkncagagopecddokpi,Voodoo Magic - Slot Machine,malware,malicious,critical,,https://socket.dev/blog/108-chrome-ext-linked-to-data-exfil-session-theft-shared-c2
heljkmdknlfhiecpknceodpbokeipigo,Web Client for Hockey Shootout - SideGame,malware,malicious,critical,,https://socket.dev/blog/108-chrome-ext-linked-to-data-exfil-session-theft-shared-c2
hiofkndodabpioiheinoiojjobadpgmj,MASTER CHECKERS,malware,malicious,critical,,https://socket.dev/blog/108-chrome-ext-linked-to-data-exfil-session-theft-shared-c2
hkbihmjhjmehlocilifheeaeiljabenb,Watercraft Rush,malware,malicious,critical,,https://socket.dev/blog/108-chrome-ext-linked-to-data-exfil-session-theft-shared-c2
hlmdnedepbbihmbddepemmbkenbnoegd,Car Rush,malware,malicious,critical,,https://socket.dev/blog/108-chrome-ext-linked-to-data-exfil-session-theft-shared-c2
hmlnefhgicedcmebmkjdcogieefbaagl,Video Poker Deuces Wild,malware,malicious,critical,,https://socket.dev/blog/108-chrome-ext-linked-to-data-exfil-session-theft-shared-c2
hnpbijogiiaegambgpaenjbcbgaeimlf,Slot Machine Ultimate Soccer,malware,malicious,critical,,https://socket.dev/blog/108-chrome-ext-linked-to-data-exfil-session-theft-shared-c2
ibelidmkbnjmmpjgfibbdbkamgcbnjdm,Christmas Eve - Slot Machine,malware,malicious,critical,,https://socket.dev/blog/108-chrome-ext-linked-to-data-exfil-session-theft-shared-c2
ihbkmfoadnfjgkpdmgcboiehapkiflme,Columbus Voyage - Slot Machine,malware,malicious,critical,,https://socket.dev/blog/108-chrome-ext-linked-to-data-exfil-session-theft-shared-c2
ijccacgjefefdpglhclnbpfjlcbagafm,High or Low Casino Game,malware,malicious,critical,,https://socket.dev/blog/108-chrome-ext-linked-to-data-exfil-session-theft-shared-c2
ijfmkphjcogaealhjgijjfjlkpdhhojk,Goalkeeper Challenge,malware,malicious,critical,,https://socket.dev/blog/108-chrome-ext-linked-to-data-exfil-session-theft-shared-c2
ijpgccpmogehkjhdmomckpkfcpbjlmnj,Tropical Beach - Slot Machine,malware,malicious,critical,,https://socket.dev/blog/108-chrome-ext-linked-to-data-exfil-session-theft-shared-c2
imjmnghlhiimodfkdkgnfplhlobehnpm,BlackJack 3D,malware,malicious,critical,,https://socket.dev/blog/108-chrome-ext-linked-to-data-exfil-session-theft-shared-c2
jddinhnhplibccfmniaakhffpjpnaglp,Web Client for game Classic Bowling,malware,malicious,critical,,https://socket.dev/blog/108-chrome-ext-linked-to-data-exfil-session-theft-shared-c2
jmopjanoebpdbopigcbpjhiigmjolikk,Raging Zeus Mines,malware,malicious,critical,,https://socket.dev/blog/108-chrome-ext-linked-to-data-exfil-session-theft-shared-c2
jnmmbmkmbkcccpihjgnhjmhhkokfdnfe,Classic Backgammon,malware,malicious,critical,,https://socket.dev/blog/108-chrome-ext-linked-to-data-exfil-session-theft-shared-c2
jodocbbdcdclkhjkibnlfhbmllcpfkfo,Slot Machine The Fruits,malware,malicious,critical,,https://socket.dev/blog/108-chrome-ext-linked-to-data-exfil-session-theft-shared-c2
kahcolfecjbejjjadhjafmihdnifonjf,Baccarat,malware,malicious,critical,,https://socket.dev/blog/108-chrome-ext-linked-to-data-exfil-session-theft-shared-c2
kblomapfkjidbbbdllmofkcakcenkmec,Mini Golf World,malware,malicious,critical,,https://socket.dev/blog/108-chrome-ext-linked-to-data-exfil-session-theft-shared-c2
kbmindomjiejdikjaagfdbdfpnlanobi,Gold Rush - Slot Machine,malware,malicious,critical,,https://socket.dev/blog/108-chrome-ext-linked-to-data-exfil-session-theft-shared-c2
kbnkkecifeppobnemkielnpagifkobki,Pirat Slot,malware,malicious,critical,,https://socket.dev/blog/108-chrome-ext-linked-to-data-exfil-session-theft-shared-c2
kjnakdbpijigdbfepipnbafnhbcfdkga,40 Imperial Crown - Slot Machine,malware,malicious,critical,,https://socket.dev/blog/108-chrome-ext-linked-to-data-exfil-session-theft-shared-c2
kknakidneabpfgepadgpkibalcnabnnh,3D Soccer Slot Machine,malware,malicious,critical,,https://socket.dev/blog/108-chrome-ext-linked-to-data-exfil-session-theft-shared-c2
klglejfbdeipgklgaepnodpjcnhaihkd,Premium Horse Racing,malware,malicious,critical,,https://socket.dev/blog/108-chrome-ext-linked-to-data-exfil-session-theft-shared-c2
kmiidcaojgeepjlccoalkdimgpfnbagj,Tanks Game,malware,malicious,critical,,https://socket.dev/blog/108-chrome-ext-linked-to-data-exfil-session-theft-shared-c2
lcijkepobdokkgmefebkiejhealgblle,Caribbean Stud Poker,malware,malicious,critical,,https://socket.dev/blog/108-chrome-ext-linked-to-data-exfil-session-theft-shared-c2
lefndgfmmbdklidbkeifpgclmpnhcilg,Wild Buffalo - Slot Machine,malware,malicious,critical,,https://socket.dev/blog/108-chrome-ext-linked-to-data-exfil-session-theft-shared-c2
lfkknbmaifjomagejflmjklcmpadmmdg,Aqua - Slot Machine,malware,malicious,critical,,https://socket.dev/blog/108-chrome-ext-linked-to-data-exfil-session-theft-shared-c2
ljbgkfbiifhpgpipepnfefijldolkhlm,Game Crypto Merge,malware,malicious,critical,,https://socket.dev/blog/108-chrome-ext-linked-to-data-exfil-session-theft-shared-c2
lmcpbhamfpbonaenickjclacodolkbdl,Sherwood Forest - Slot Machine,malware,malicious,critical,,https://socket.dev/blog/108-chrome-ext-linked-to-data-exfil-session-theft-shared-c2
lmgenhmehbcolpikplhkoelmagdhoojn,Web Client for game Fatboy Dream,malware,malicious,critical,,https://socket.dev/blog/108-chrome-ext-linked-to-data-exfil-session-theft-shared-c2
maeccdadgnadblfddcmanhpofobhgfme,Lone Star Jackpots - Slot Machine,malware,malicious,critical,,https://socket.dev/blog/108-chrome-ext-linked-to-data-exfil-session-theft-shared-c2
medkneifmjcpgmmibfppjpfjbkgbgebl,Hidden Kitty Game,malware,malicious,critical,,https://socket.dev/blog/108-chrome-ext-linked-to-data-exfil-session-theft-shared-c2
mheomooihiffmcgldolenemmplpgoahn,Keno,malware,malicious,critical,,https://socket.dev/blog/108-chrome-ext-linked-to-data-exfil-session-theft-shared-c2
mmbbjakjlpmndjlbhihlddgcdppblpka,Jokers Bonanza - Slot Machine,malware,malicious,critical,,https://socket.dev/blog/108-chrome-ext-linked-to-data-exfil-session-theft-shared-c2
mmbkmjmlnhocfcnjmbchmflamalekbnb,Penalty Kicks,malware,malicious,critical,,https://socket.dev/blog/108-chrome-ext-linked-to-data-exfil-session-theft-shared-c2
nbgligggjfgkpphhghhjdoiefbimgooc,Pai Gow Poker,malware,malicious,critical,,https://socket.dev/blog/108-chrome-ext-linked-to-data-exfil-session-theft-shared-c2
ncpdkpcgmdhhnmcjgiiifdhefmekdcnf,Metal Calculator,malware,malicious,critical,,https://socket.dev/blog/108-chrome-ext-linked-to-data-exfil-session-theft-shared-c2
ndajcmifndknmkckdcdefkpgcodciggk,Farm - Slot Machine,malware,malicious,critical,,https://socket.dev/blog/108-chrome-ext-linked-to-data-exfil-session-theft-shared-c2
nelbpdjegmhhgpfcjclhdmkcglimkjpp,Rail Maze Puzzle,malware,malicious,critical,,https://socket.dev/blog/108-chrome-ext-linked-to-data-exfil-session-theft-shared-c2
nkacmelgoeejhjgmmgflbcdhonpaplcg,RED DOG CARD GAME,malware,malicious,critical,,https://socket.dev/blog/108-chrome-ext-linked-to-data-exfil-session-theft-shared-c2
nmegibgeklckejdlfhoadhhbgcdjnojb,Coin Miner 2,malware,malicious,critical,,https://socket.dev/blog/108-chrome-ext-linked-to-data-exfil-session-theft-shared-c2
nodobilhjanebkafmpihkpoabiggnnfl,Black Ninja - Slot Machine,malware,malicious,critical,,https://socket.dev/blog/108-chrome-ext-linked-to-data-exfil-session-theft-shared-c2
oanpifaoclmgmflmddlgkikfaggejobn,Pyramid Solitaire,malware,malicious,critical,,https://socket.dev/blog/108-chrome-ext-linked-to-data-exfil-session-theft-shared-c2
ocflhkadmmnlbieoiiekfcdcmjcfeahe,Chrome Client for Downhill Ski - SideGame,malware,malicious,critical,,https://socket.dev/blog/108-chrome-ext-linked-to-data-exfil-session-theft-shared-c2
odeccdcabdffpebnfancpkepjeecempn,Slot Machine Mr Chicken,malware,malicious,critical,,https://socket.dev/blog/108-chrome-ext-linked-to-data-exfil-session-theft-shared-c2
oejhnncfanbaogjlbknmlgjpleachclf,Web Client for French Roulette - SideGame,malware,malicious,critical,,https://socket.dev/blog/108-chrome-ext-linked-to-data-exfil-session-theft-shared-c2
ogbaedmbbmmipljceodeimlckohbnfan,3D Roulette Casino Game,malware,malicious,critical,,https://socket.dev/blog/108-chrome-ext-linked-to-data-exfil-session-theft-shared-c2
ojkbafekojdcedacileemekjdfdpkbkf,Slot Machine Space Adventure,malware,malicious,critical,,https://socket.dev/blog/108-chrome-ext-linked-to-data-exfil-session-theft-shared-c2
pdgaknahllnfldmclpcllpieafkaibmf,Whack 'em All,malware,malicious,critical,,https://socket.dev/blog/108-chrome-ext-linked-to-data-exfil-session-theft-shared-c2
peflgkmfmoijonfgcjdlpnnfdegnlaji,Video Poker Jacks or Better,malware,malicious,critical,,https://socket.dev/blog/108-chrome-ext-linked-to-data-exfil-session-theft-shared-c2
phfkdailnomcbcknpdmokejhellbecjb,Swimming Pro,malware,malicious,critical,,https://socket.dev/blog/108-chrome-ext-linked-to-data-exfil-session-theft-shared-c2
pkghgkfjhjghinikeanecbgjehojfhdg,InterAlt,malware,malicious,critical,,https://socket.dev/blog/108-chrome-ext-linked-to-data-exfil-session-theft-shared-c2
pllkanemicadpcmkfodglahcocfdgkhj,Gold of Egypt - Slot Machine,malware,malicious,critical,,https://socket.dev/blog/108-chrome-ext-linked-to-data-exfil-session-theft-shared-c2
jnannpdmmiphnkpaooplhegabbghlplj,Pro search,malware,malicious,critical,,
gogbiohkminacikoppmljeolgccpmlop,Color Picker - Eyedropper,PUP,privacy,low,,https://x.com/tuckner/status/2039777577452155131
bcjindcccaagfpapjjmafapmmgkkhgoa,JSON Formatter,PUP,privacy,low,,https://chromewebstore.google.com/detail/json-formatter/bcjindcccaagfpapjjmafapmmgkkhgoa/reviews
ckkjdiimhlanonhceggkfjlmjnenpmfm,bank credential stealer,malware,malicious,critical,,https://x.com/i/status/1907925793336078675
fpeabamapgecnidibdmjoepaiehokgda,Chrome MCP Server - AI Browser Control,malware,malicious,critical,0cbf101e96f6d5c4146812f07105f8b89bd76dd994f540470cd1c4bc37df37d5,https://github.com/PaloAltoNetworks/Unit42-timely-threat-intel/blob/dbdcea6a9f5684a9268c39e60c667c5c9c06263b/2026-02-11-IOCs-for-RAT-disguinsed-as-AI-based-browser-extension.txt
ajfanjhcdgaohcbphpaceglgpgaaohod,OmniBar AI Chat and Search,malware,malicious,critical,21dd863ff9bbd15da01c1218bf92bd65eeae04a41876e10c41733b58035414c4,https://github.com/PaloAltoNetworks/Unit42-timely-threat-intel/blob/main/2026-03-09-Threat-Alert-30K-domains-distributing-malicious-AI-related-browser-extension.txt
eeoonfhmbjlmienmmbgapfloddpmoalh,AI Output Algo Tool,malware,malicious,critical,9d0f550ac883455ed64da402cdb0c822c90de405c540678e0697b77fe20de3cf,https://github.com/PaloAltoNetworks/Unit42-timely-threat-intel/blob/main/2026-03-09-Threat-Alert-30K-domains-distributing-malicious-AI-related-browser-extension.txt
hokdpdlchkgcenfpiibjjfkfmleoknkp,Serpey.com official extension,malware,malicious,critical,a25a3e108f62a10caa2b736123ca7350e9dbc1b888c44e909cbd6866205ca671,https://github.com/PaloAltoNetworks/Unit42-timely-threat-intel/blob/main/2026-03-09-Threat-Alert-30K-domains-distributing-malicious-AI-related-browser-extension.txt
jaioobipjdejpeckgojiojjahmkiaihp,Care.Sale,malware,malicious,critical,4a2f0f1893527e4c419f36c2e4f95a61617074200bb67218fb96ae74125e433b,https://github.com/PaloAltoNetworks/Unit42-timely-threat-intel/blob/main/2026-03-09-Threat-Alert-30K-domains-distributing-malicious-AI-related-browser-extension.txt
akdajpomgjgldidenledjjiemgkjcchc,Giant Coupons Official Extension,malware,malicious,critical,5629be21869a83e9b9da86ab16a2d9cebd0aed2c04a9efe2ac044dfe0d5db6b9,https://github.com/PaloAltoNetworks/Unit42-timely-threat-intel/blob/main/2026-03-09-Threat-Alert-30K-domains-distributing-malicious-AI-related-browser-extension.txt
mkkfklcadlnkhgapjeejemflhamcdjld,Consensus - Reddit Comment Summarizer,malware,malicious,critical,cdae573ab468b24c28a42d6078daf2da1a4b4c5657a4146ad966e2fe8340cb49,https://github.com/PaloAltoNetworks/Unit42-timely-threat-intel/blob/main/2026-03-09-Threat-Alert-30K-domains-distributing-malicious-AI-related-browser-extension.txt
kfokdmfpdnokpmpbjhjbcabgligoelgp,Chrome - The Zoom Stealer,malware,malicious,critical,,https://www.koi.ai/blog/darkspectre-unmasking-the-threat-actor-behind-7-8-million-infected-browsers
pdadlkbckhinonakkfkdaadceojbekep,Chrome - The Zoom Stealer,malware,malicious,critical,,https://www.koi.ai/blog/darkspectre-unmasking-the-threat-actor-behind-7-8-million-infected-browsers
akmdionenlnfcipmdhbhcnkighafmdha,Chrome - The Zoom Stealer,malware,malicious,critical,,https://www.koi.ai/blog/darkspectre-unmasking-the-threat-actor-behind-7-8-million-infected-browsers
pabkjoplheapcclldpknfpcepheldbga,Chrome - The Zoom Stealer,malware,malicious,critical,,https://www.koi.ai/blog/darkspectre-unmasking-the-threat-actor-behind-7-8-million-infected-browsers
aedgpiecagcpmehhelbibfbgpfiafdkm,Chrome - The Zoom Stealer,malware,malicious,critical,,https://www.koi.ai/blog/darkspectre-unmasking-the-threat-actor-behind-7-8-million-infected-browsers
dpdgjbnanmmlikideilnpfjjdbmneanf,Chrome - The Zoom Stealer,malware,malicious,critical,,https://www.koi.ai/blog/darkspectre-unmasking-the-threat-actor-behind-7-8-million-infected-browsers
kabbfhmcaaodobkfbnnehopcghicgffo,Chrome - The Zoom Stealer,malware,malicious,critical,,https://www.koi.ai/blog/darkspectre-unmasking-the-threat-actor-behind-7-8-million-infected-browsers
cphibdhgbdoekmkkcbbaoogedpfibeme,Chrome - The Zoom Stealer,malware,malicious,critical,,https://www.koi.ai/blog/darkspectre-unmasking-the-threat-actor-behind-7-8-million-infected-browsers
ceofheakaalaecnecdkdanhejojkpeai,Chrome - The Zoom Stealer,malware,malicious,critical,,https://www.koi.ai/blog/darkspectre-unmasking-the-threat-actor-behind-7-8-million-infected-browsers
dakebdbeofhmlnmjlmhjdmmjmfohiicn,Chrome - The Zoom Stealer,malware,malicious,critical,,https://www.koi.ai/blog/darkspectre-unmasking-the-threat-actor-behind-7-8-million-infected-browsers
adjoknoacleghaejlggocbakidkoifle,Chrome - The Zoom Stealer,malware,malicious,critical,,https://www.koi.ai/blog/darkspectre-unmasking-the-threat-actor-behind-7-8-million-infected-browsers
pgpidfocdapogajplhjofamgeboonmmj,Chrome - The Zoom Stealer,malware,malicious,critical,,https://www.koi.ai/blog/darkspectre-unmasking-the-threat-actor-behind-7-8-million-infected-browsers
ifklcpoenaammhnoddgedlapnodfcjpn,Chrome - The Zoom Stealer,malware,malicious,critical,,https://www.koi.ai/blog/darkspectre-unmasking-the-threat-actor-behind-7-8-million-infected-browsers
ebhomdageggjbmomenipfbhcjamfkmbl,Chrome - The Zoom Stealer,malware,malicious,critical,,https://www.koi.ai/blog/darkspectre-unmasking-the-threat-actor-behind-7-8-million-infected-browsers
ajfokipknlmjhcioemgnofkpmdnbaldi,Chrome - The Zoom Stealer,malware,malicious,critical,,https://www.koi.ai/blog/darkspectre-unmasking-the-threat-actor-behind-7-8-million-infected-browsers
mhjdjckeljinofckdibjiojbdpapoecj,Edge - The Zoom Stealer,malware,malicious,critical,,https://www.koi.ai/blog/darkspectre-unmasking-the-threat-actor-behind-7-8-million-infected-browsers
aikflfpejipbpjdlfabpgclhblkpaafo,Chrome - Shady Panda,malware,malicious,critical,,https://www.koi.ai/blog/darkspectre-unmasking-the-threat-actor-behind-7-8-million-infected-browsers
dbfmnekepjoapopniengjbcpnbljalfg,Chrome - Shady Panda,malware,malicious,critical,,https://www.koi.ai/blog/darkspectre-unmasking-the-threat-actor-behind-7-8-million-infected-browsers
nnnkddnnlpamobajfibfdgfnbcnkgngh,Chrome - Shady Panda,malware,malicious,critical,,https://www.koi.ai/blog/darkspectre-unmasking-the-threat-actor-behind-7-8-million-infected-browsers
ppfdcmempdfjnanjegmjhanplgjicefg,Chrome - Shady Panda,malware,malicious,critical,,https://www.koi.ai/blog/darkspectre-unmasking-the-threat-actor-behind-7-8-million-infected-browsers
fmiefmaepcnjahoajkfckenfngfehhma,Chrome - Shady Panda,malware,malicious,critical,,https://www.koi.ai/blog/darkspectre-unmasking-the-threat-actor-behind-7-8-million-infected-browsers
edojphplonjclmfckdiolpahpgcanjnh,Chrome - Shady Panda,malware,malicious,critical,,https://www.koi.ai/blog/darkspectre-unmasking-the-threat-actor-behind-7-8-million-infected-browsers
bjehnpiidogpaocjjfhnopdjcahigggm,Chrome - Shady Panda,malware,malicious,critical,,https://www.koi.ai/blog/darkspectre-unmasking-the-threat-actor-behind-7-8-million-infected-browsers
kdgjiakonpbfmndaacfhamdoangincgp,Chrome - Shady Panda,malware,malicious,critical,,https://www.koi.ai/blog/darkspectre-unmasking-the-threat-actor-behind-7-8-million-infected-browsers
dihekmadkkcgnffajefocfamnpimlhah,Chrome - Shady Panda,malware,malicious,critical,,https://www.koi.ai/blog/darkspectre-unmasking-the-threat-actor-behind-7-8-million-infected-browsers
eijnkinhnplaekpllmgbbfieecdhcmcp,Chrome - Shady Panda,malware,malicious,critical,,https://www.koi.ai/blog/darkspectre-unmasking-the-threat-actor-behind-7-8-million-infected-browsers
mdlkdelnchilkeedllnnjfigkhhadlff,Chrome - Shady Panda,malware,malicious,critical,,https://www.koi.ai/blog/darkspectre-unmasking-the-threat-actor-behind-7-8-million-infected-browsers
agepkkdokhlaoiaenedmjbfnblfdiboc,Chrome - Shady Panda,malware,malicious,critical,,https://www.koi.ai/blog/darkspectre-unmasking-the-threat-actor-behind-7-8-million-infected-browsers
epepbcdeelckgplpmmmnmjplbeipgllo,Chrome - Shady Panda,malware,malicious,critical,,https://www.koi.ai/blog/darkspectre-unmasking-the-threat-actor-behind-7-8-million-infected-browsers
makeekhnfplggoaiklkphfopajegajci,Chrome - Shady Panda,malware,malicious,critical,,https://www.koi.ai/blog/darkspectre-unmasking-the-threat-actor-behind-7-8-million-infected-browsers
cahdpfhnokmnnjhoaoliabdbcbbokmgc,Chrome - Shady Panda,malware,malicious,critical,,https://www.koi.ai/blog/darkspectre-unmasking-the-threat-actor-behind-7-8-million-infected-browsers
mmpfmolbdhdfoblfggigchncdgmdnjha,Chrome - Shady Panda,malware,malicious,critical,,https://www.koi.ai/blog/darkspectre-unmasking-the-threat-actor-behind-7-8-million-infected-browsers
knejepegjmjmjlhficbikmblnbemdpke,Chrome - Shady Panda,malware,malicious,critical,,https://www.koi.ai/blog/darkspectre-unmasking-the-threat-actor-behind-7-8-million-infected-browsers
cjlabngphhjjdapemkdnpgkpebkpjbbe,Chrome - Shady Panda,malware,malicious,critical,,https://www.koi.ai/blog/darkspectre-unmasking-the-threat-actor-behind-7-8-million-infected-browsers
jeaebbdndojkbnnfcaihgokhnakocbnf,Chrome - Shady Panda,malware,malicious,critical,,https://www.koi.ai/blog/darkspectre-unmasking-the-threat-actor-behind-7-8-million-infected-browsers
bajoeadpdidoahbhphmhejmbdmgnbdci,Chrome - Shady Panda,malware,malicious,critical,,https://www.koi.ai/blog/darkspectre-unmasking-the-threat-actor-behind-7-8-million-infected-browsers
goiffchdhlcehhgdpdbocefkohlhmlom,Chrome - Shady Panda,malware,malicious,critical,,https://www.koi.ai/blog/darkspectre-unmasking-the-threat-actor-behind-7-8-million-infected-browsers
djkddblnfgendjoklmfmocaboelkmdkm,Chrome - Shady Panda,malware,malicious,critical,,https://www.koi.ai/blog/darkspectre-unmasking-the-threat-actor-behind-7-8-million-infected-browsers
codgofkgobbmgglciccjabipdlgefnch,Chrome - Shady Panda,malware,malicious,critical,,https://www.koi.ai/blog/darkspectre-unmasking-the-threat-actor-behind-7-8-million-infected-browsers
cicnbbdlbjaoioilpbdioeeaockgbhfi,Chrome - Shady Panda,malware,malicious,critical,,https://www.koi.ai/blog/darkspectre-unmasking-the-threat-actor-behind-7-8-million-infected-browsers
mchacgmgddefeohkjobefhihbadocneh,Chrome - Shady Panda,malware,malicious,critical,,https://www.koi.ai/blog/darkspectre-unmasking-the-threat-actor-behind-7-8-million-infected-browsers
oelcnhfgpdjeocflhhfecinnpjojeokp,Chrome - Shady Panda,malware,malicious,critical,,https://www.koi.ai/blog/darkspectre-unmasking-the-threat-actor-behind-7-8-million-infected-browsers
fllcifcfhgmmfpogmpedgbjccnjalpjo,Chrome - Shady Panda,malware,malicious,critical,,https://www.koi.ai/blog/darkspectre-unmasking-the-threat-actor-behind-7-8-million-infected-browsers
fmgaogkbodhdhhbgkphhbokciiecllno,Chrome - Shady Panda,malware,malicious,critical,,https://www.koi.ai/blog/darkspectre-unmasking-the-threat-actor-behind-7-8-million-infected-browsers
dkbpkjhegfanacodkmfjeackckmehkfp,Chrome - Shady Panda,malware,malicious,critical,,https://www.koi.ai/blog/darkspectre-unmasking-the-threat-actor-behind-7-8-million-infected-browsers
jooiimddfkjoomennmpjabdbbpdocjng,Chrome - Shady Panda,malware,malicious,critical,,https://www.koi.ai/blog/darkspectre-unmasking-the-threat-actor-behind-7-8-million-infected-browsers
dekjibpkbhgbnmnfibnibnjoccaphfog,Chrome - Shady Panda,malware,malicious,critical,,https://www.koi.ai/blog/darkspectre-unmasking-the-threat-actor-behind-7-8-million-infected-browsers
mnamhmcgcfflfjafflanbhbfffpmkmmm,Chrome - Shady Panda,malware,malicious,critical,,https://www.koi.ai/blog/darkspectre-unmasking-the-threat-actor-behind-7-8-million-infected-browsers
ambcheakfbokmebglefpbbphbccekhhl,Chrome - Shady Panda,malware,malicious,critical,,https://www.koi.ai/blog/darkspectre-unmasking-the-threat-actor-behind-7-8-million-infected-browsers
nmaegedpdmepbkahckadmaolllgmogma,Chrome - Shady Panda,malware,malicious,critical,,https://www.koi.ai/blog/darkspectre-unmasking-the-threat-actor-behind-7-8-million-infected-browsers
doeomodlafdbbnajjllemacdfphbbohl,Chrome - Shady Panda,malware,malicious,critical,,https://www.koi.ai/blog/darkspectre-unmasking-the-threat-actor-behind-7-8-million-infected-browsers
meobjhkdifjealkiaanikkpajiaalcad,Chrome - Shady Panda,malware,malicious,critical,,https://www.koi.ai/blog/darkspectre-unmasking-the-threat-actor-behind-7-8-million-infected-browsers
kfdopiiledmclnopmihkclnfgdiggjna,Chrome - Shady Panda,malware,malicious,critical,,https://www.koi.ai/blog/darkspectre-unmasking-the-threat-actor-behind-7-8-million-infected-browsers
cfgiodgnkinmacjkgjgdejeciohojglp,Chrome - Shady Panda,malware,malicious,critical,,https://www.koi.ai/blog/darkspectre-unmasking-the-threat-actor-behind-7-8-million-infected-browsers
okepehobneenpbhiendcjcanjodhmcbj,Chrome - Shady Panda,malware,malicious,critical,,https://www.koi.ai/blog/darkspectre-unmasking-the-threat-actor-behind-7-8-million-infected-browsers
cdgonefipacceedbkflolomdegncceid,Chrome - Shady Panda,malware,malicious,critical,,https://www.koi.ai/blog/darkspectre-unmasking-the-threat-actor-behind-7-8-million-infected-browsers
bgkdocoihppjkdfaghndpjlfoehjcmka,Chrome - Shady Panda,malware,malicious,critical,,https://www.koi.ai/blog/darkspectre-unmasking-the-threat-actor-behind-7-8-million-infected-browsers
ldmnodpmebcfcdkejkdakphbcjnmejlf,Chrome - Shady Panda,malware,malicious,critical,,https://www.koi.ai/blog/darkspectre-unmasking-the-threat-actor-behind-7-8-million-infected-browsers
pdfladlchakneeclhmpoboohikpbchkj,Chrome - Shady Panda,malware,malicious,critical,,https://www.koi.ai/blog/darkspectre-unmasking-the-threat-actor-behind-7-8-million-infected-browsers
gipnpcencdgljnaecpekokmpgnhgpela,Chrome - Shady Panda,malware,malicious,critical,,https://www.koi.ai/blog/darkspectre-unmasking-the-threat-actor-behind-7-8-million-infected-browsers
idholfkkmfccbondfiabhlmdfeamnnaj,Chrome - Shady Panda,malware,malicious,critical,,https://www.koi.ai/blog/darkspectre-unmasking-the-threat-actor-behind-7-8-million-infected-browsers
bpgaffohfacaamplbbojgbiicfgedmoi,Chrome - Shady Panda,malware,malicious,critical,,https://www.koi.ai/blog/darkspectre-unmasking-the-threat-actor-behind-7-8-million-infected-browsers
jdehnhjckcbfdkgnlbfjokofagpbbdgl,Chrome - Shady Panda,malware,malicious,critical,,https://www.koi.ai/blog/darkspectre-unmasking-the-threat-actor-behind-7-8-million-infected-browsers
dijcdmefkmlhnbkcejcmepheakikgpdg,Chrome - Shady Panda,malware,malicious,critical,,https://www.koi.ai/blog/darkspectre-unmasking-the-threat-actor-behind-7-8-million-infected-browsers
gndlcpbcmhbcaadppjjekgbhfhceeikm,Chrome - Shady Panda,malware,malicious,critical,,https://www.koi.ai/blog/darkspectre-unmasking-the-threat-actor-behind-7-8-million-infected-browsers
lepdjbhbkpfenckechpdfohdmkhogojf,Chrome - Shady Panda,malware,malicious,critical,,https://www.koi.ai/blog/darkspectre-unmasking-the-threat-actor-behind-7-8-million-infected-browsers
hbjeophpjnopmeheabcilmgdhnnjbmbo,Chrome - Shady Panda,malware,malicious,critical,,https://www.koi.ai/blog/darkspectre-unmasking-the-threat-actor-behind-7-8-million-infected-browsers
dlfjoijnhjeagkenhbililbdiooginng,Chrome - Shady Panda,malware,malicious,critical,,https://www.koi.ai/blog/darkspectre-unmasking-the-threat-actor-behind-7-8-million-infected-browsers
kolgdodmgnnhnijmnnidfabnghgakobl,Chrome - Shady Panda,malware,malicious,critical,,https://www.koi.ai/blog/darkspectre-unmasking-the-threat-actor-behind-7-8-million-infected-browsers
edohfgmjmdnibeihfcajfclmhapjkooa,Edge - Shady Panda,malware,malicious,critical,,https://www.koi.ai/blog/darkspectre-unmasking-the-threat-actor-behind-7-8-million-infected-browsers
pdjpkfbpeniinkdlmibcdebccnkimnna,Edge - Shady Panda,malware,malicious,critical,,https://www.koi.ai/blog/darkspectre-unmasking-the-threat-actor-behind-7-8-million-infected-browsers
hmpjibmngagmkafmijncjokocepchnea,Edge - Shady Panda,malware,malicious,critical,,https://www.koi.ai/blog/darkspectre-unmasking-the-threat-actor-behind-7-8-million-infected-browsers
kljbaedmklfnlgfmmbodnckafhllkjnd,Edge - Shady Panda,malware,malicious,critical,,https://www.koi.ai/blog/darkspectre-unmasking-the-threat-actor-behind-7-8-million-infected-browsers
lmppkgmbapjgihlpadknmfalefnfnfnd,Edge - Shady Panda,malware,malicious,critical,,https://www.koi.ai/blog/darkspectre-unmasking-the-threat-actor-behind-7-8-million-infected-browsers
ldghoefcghcinacfneopmnechojlhldf,Edge - Shady Panda,malware,malicious,critical,,https://www.koi.ai/blog/darkspectre-unmasking-the-threat-actor-behind-7-8-million-infected-browsers
mgjfjcimpkdjgeldkcaoboiojmlcleka,Edge - Shady Panda,malware,malicious,critical,,https://www.koi.ai/blog/darkspectre-unmasking-the-threat-actor-behind-7-8-million-infected-browsers
aghafppaelpjbjajpgcogcojcbmappoi,Edge - Shady Panda,malware,malicious,critical,,https://www.koi.ai/blog/darkspectre-unmasking-the-threat-actor-behind-7-8-million-infected-browsers
kgdjeaonamhfooejllllfpeappcgfpod,Edge - Shady Panda,malware,malicious,critical,,https://www.koi.ai/blog/darkspectre-unmasking-the-threat-actor-behind-7-8-million-infected-browsers
knjgknhkgmedmajpkhooaagjgfgbcndo,Edge - Shady Panda,malware,malicious,critical,,https://www.koi.ai/blog/darkspectre-unmasking-the-threat-actor-behind-7-8-million-infected-browsers
apoklfecapckgpbbcpaiebemaghmkncf,Edge - Shady Panda,malware,malicious,critical,,https://www.koi.ai/blog/darkspectre-unmasking-the-threat-actor-behind-7-8-million-infected-browsers
podfjomopoejmlkfnhanlmlagcnlappd,Edge - Shady Panda,malware,malicious,critical,,https://www.koi.ai/blog/darkspectre-unmasking-the-threat-actor-behind-7-8-million-infected-browsers
idngjfdlfbfgecemidnhbdcogggnjkpg,Edge - Shady Panda,malware,malicious,critical,,https://www.koi.ai/blog/darkspectre-unmasking-the-threat-actor-behind-7-8-million-infected-browsers
kghabofklgjfnipgkjadlogcjbebkeid,Edge - Shady Panda,malware,malicious,critical,,https://www.koi.ai/blog/darkspectre-unmasking-the-threat-actor-behind-7-8-million-infected-browsers
fmmfeaoidanfcipomjfolmchjdnhmaio,Edge - Shady Panda,malware,malicious,critical,,https://www.koi.ai/blog/darkspectre-unmasking-the-threat-actor-behind-7-8-million-infected-browsers
cfmfokegjjljmdcdpnmlfajlddngkoah,Edge - Shady Panda,malware,malicious,critical,,https://www.koi.ai/blog/darkspectre-unmasking-the-threat-actor-behind-7-8-million-infected-browsers
eoimljninkkepafoijpgbedkkieobfek,Edge - Shady Panda,malware,malicious,critical,,https://www.koi.ai/blog/darkspectre-unmasking-the-threat-actor-behind-7-8-million-infected-browsers
ojmaccnnagaiokckbcpdldhnifkibcah,Edge - Shady Panda,malware,malicious,critical,,https://www.koi.ai/blog/darkspectre-unmasking-the-threat-actor-behind-7-8-million-infected-browsers
bhoebgegnjoehioianjnjakeeggajanb,Edge - Shady Panda,malware,malicious,critical,,https://www.koi.ai/blog/darkspectre-unmasking-the-threat-actor-behind-7-8-million-infected-browsers
leaglmohfmgdengbciphnodmcgfgdgnf,Edge - Shady Panda,malware,malicious,critical,,https://www.koi.ai/blog/darkspectre-unmasking-the-threat-actor-behind-7-8-million-infected-browsers
ljdhejdbbogemelgkihbabifpfdfomcc,Edge - Shady Panda,malware,malicious,critical,,https://www.koi.ai/blog/darkspectre-unmasking-the-threat-actor-behind-7-8-million-infected-browsers
hfokkkgobhlkcagflcbgcokdbnknfngo,Edge - Shady Panda,malware,malicious,critical,,https://www.koi.ai/blog/darkspectre-unmasking-the-threat-actor-behind-7-8-million-infected-browsers
hilgkhepkfjdkkdigphhcgmghefdledg,Edge - Shady Panda,malware,malicious,critical,,https://www.koi.ai/blog/darkspectre-unmasking-the-threat-actor-behind-7-8-million-infected-browsers
jipclfaahkhinbelbojjblmbcpkaipko,Edge - Shady Panda,malware,malicious,critical,,https://www.koi.ai/blog/darkspectre-unmasking-the-threat-actor-behind-7-8-million-infected-browsers
cmckpheolajgbmhlfhgelajhhfgjbhpk,Edge - Shady Panda,malware,malicious,critical,,https://www.koi.ai/blog/darkspectre-unmasking-the-threat-actor-behind-7-8-million-infected-browsers
jjdhjfgoadphekgihokkigfghndfmffb,Edge - Shady Panda,malware,malicious,critical,,https://www.koi.ai/blog/darkspectre-unmasking-the-threat-actor-behind-7-8-million-infected-browsers
nelegdbdfopcgkignnifhdoiapldlhpf,Edge - Shady Panda,malware,malicious,critical,,https://www.koi.ai/blog/darkspectre-unmasking-the-threat-actor-behind-7-8-million-infected-browsers
dnojfjfegklgconkoekfkaajejmdgdkj,Edge - Shady Panda,malware,malicious,critical,,https://www.koi.ai/blog/darkspectre-unmasking-the-threat-actor-behind-7-8-million-infected-browsers
nnceocbiolncfljcmajijmeakcdlffnh,Edge - Shady Panda,malware,malicious,critical,,https://www.koi.ai/blog/darkspectre-unmasking-the-threat-actor-behind-7-8-million-infected-browsers
dacliiapfipnlipdmifioaijepgmhdga,Edge - Shady Panda,malware,malicious,critical,,https://www.koi.ai/blog/darkspectre-unmasking-the-threat-actor-behind-7-8-million-infected-browsers
cpbbiepjnljbnngpepgeaojjeneacpld,Edge - Shady Panda,malware,malicious,critical,,https://www.koi.ai/blog/darkspectre-unmasking-the-threat-actor-behind-7-8-million-infected-browsers
ocopipabchoopeppmgiigphgbicocoea,Edge - Shady Panda,malware,malicious,critical,,https://www.koi.ai/blog/darkspectre-unmasking-the-threat-actor-behind-7-8-million-infected-browsers
gfechfioaanebemclajhfgkfaopcaibo,Edge - Shady Panda,malware,malicious,critical,,https://www.koi.ai/blog/darkspectre-unmasking-the-threat-actor-behind-7-8-million-infected-browsers
hoclolhilhbecpefaignjficiaaclpop,Edge - Shady Panda,malware,malicious,critical,,https://www.koi.ai/blog/darkspectre-unmasking-the-threat-actor-behind-7-8-million-infected-browsers
ibmdocjlknaopfecmnojomdlbeadpdnb,Edge - Shady Panda,malware,malicious,critical,,https://www.koi.ai/blog/darkspectre-unmasking-the-threat-actor-behind-7-8-million-infected-browsers
ckdbfeccfocmhdclmmofmheljglmhhne,Edge - Shady Panda,malware,malicious,critical,,https://www.koi.ai/blog/darkspectre-unmasking-the-threat-actor-behind-7-8-million-infected-browsers
gddkghdkhhlihaabphhnjbhdoiifhcpa,Edge - Shady Panda,malware,malicious,critical,,https://www.koi.ai/blog/darkspectre-unmasking-the-threat-actor-behind-7-8-million-infected-browsers
nlhpidbjmmffhoogcennoiopekbiglbp,AI Assistant,malware,malicious,critical,,https://layerxsecurity.com/blog/aiframe-fake-ai-assistant-extensions-targeting-260000-chrome-users-via-injected-iframes/
gcfianbpjcfkafpiadmheejkokcmdkjl,Llama,malware,malicious,critical,,https://layerxsecurity.com/blog/aiframe-fake-ai-assistant-extensions-targeting-260000-chrome-users-via-injected-iframes/
fppbiomdkfbhgjjdmojlogeceejinadg,Gemini AI Sidebar,malware,malicious,critical,,https://layerxsecurity.com/blog/aiframe-fake-ai-assistant-extensions-targeting-260000-chrome-users-via-injected-iframes/
djhjckkfgancelbmgcamjimgphaphjdl,AI Sidebar,malware,malicious,critical,,https://layerxsecurity.com/blog/aiframe-fake-ai-assistant-extensions-targeting-260000-chrome-users-via-injected-iframes/
llojfncgbabajmdglnkbhmiebiinohek,ChatGPT Sidebar,malware,malicious,critical,,https://layerxsecurity.com/blog/aiframe-fake-ai-assistant-extensions-targeting-260000-chrome-users-via-injected-iframes/
gghdfkafnhfpaooiolhncejnlgglhkhe,AI Sidebar,malware,malicious,critical,,https://layerxsecurity.com/blog/aiframe-fake-ai-assistant-extensions-targeting-260000-chrome-users-via-injected-iframes/
cgmmcoandmabammnhfnjcakdeejbfimn,Grok,malware,malicious,critical,,https://layerxsecurity.com/blog/aiframe-fake-ai-assistant-extensions-targeting-260000-chrome-users-via-injected-iframes/
phiphcloddhmndjbdedgfbglhpkjcffh,Asking Chat Gpt,malware,malicious,critical,,https://layerxsecurity.com/blog/aiframe-fake-ai-assistant-extensions-targeting-260000-chrome-users-via-injected-iframes/
pgfibniplgcnccdnkhblpmmlfodijppg,ChatGBT,malware,malicious,critical,,https://layerxsecurity.com/blog/aiframe-fake-ai-assistant-extensions-targeting-260000-chrome-users-via-injected-iframes/
nkgbfengofophpmonladgaldioelckbe,Chat Bot GPT,malware,malicious,critical,,https://layerxsecurity.com/blog/aiframe-fake-ai-assistant-extensions-targeting-260000-chrome-users-via-injected-iframes/
gcdfailafdfjbailcdcbjmeginhncjkb,Grok Chatbot,malware,malicious,critical,,https://layerxsecurity.com/blog/aiframe-fake-ai-assistant-extensions-targeting-260000-chrome-users-via-injected-iframes/
ebmmjmakencgmgoijdfnbailknaaiffh,Chat With Gemini,malware,malicious,critical,,https://layerxsecurity.com/blog/aiframe-fake-ai-assistant-extensions-targeting-260000-chrome-users-via-injected-iframes/
baonbjckakcpgliaafcodddkoednpjgf,XAI,malware,malicious,critical,,https://layerxsecurity.com/blog/aiframe-fake-ai-assistant-extensions-targeting-260000-chrome-users-via-injected-iframes/
fdlagfnfaheppaigholhoojabfaapnhb,Google Gemini,malware,malicious,critical,,https://layerxsecurity.com/blog/aiframe-fake-ai-assistant-extensions-targeting-260000-chrome-users-via-injected-iframes/
gnaekhndaddbimfllbgmecjijbbfpabc,Ask Gemini,malware,malicious,critical,,https://layerxsecurity.com/blog/aiframe-fake-ai-assistant-extensions-targeting-260000-chrome-users-via-injected-iframes/
hgnjolbjpjmhepcbjgeeallnamkjnfgi,AI Letter Generator,malware,malicious,critical,,https://layerxsecurity.com/blog/aiframe-fake-ai-assistant-extensions-targeting-260000-chrome-users-via-injected-iframes/
lodlcpnbppgipaimgbjgniokjcnpiiad,AI Message Generator,malware,malicious,critical,,https://layerxsecurity.com/blog/aiframe-fake-ai-assistant-extensions-targeting-260000-chrome-users-via-injected-iframes/
cmpmhhjahlioglkleiofbjodhhiejhei,AI Translator,malware,malicious,critical,,https://layerxsecurity.com/blog/aiframe-fake-ai-assistant-extensions-targeting-260000-chrome-users-via-injected-iframes/
bilfflcophfehljhpnklmcelkoiffapb,AI For Translation,malware,malicious,critical,,https://layerxsecurity.com/blog/aiframe-fake-ai-assistant-extensions-targeting-260000-chrome-users-via-injected-iframes/
cicjlpmjmimeoempffghfglndokjihhn,AI Cover Letter Generator,malware,malicious,critical,,https://layerxsecurity.com/blog/aiframe-fake-ai-assistant-extensions-targeting-260000-chrome-users-via-injected-iframes/
ckneindgfbjnbbiggcmnjeofelhflhaj,AI Image Generator Chat GPT,malware,malicious,critical,,https://layerxsecurity.com/blog/aiframe-fake-ai-assistant-extensions-targeting-260000-chrome-users-via-injected-iframes/
dbclhjpifdfkofnmjfpheiondafpkoed,Ai Wallpaper Generator,malware,malicious,critical,,https://layerxsecurity.com/blog/aiframe-fake-ai-assistant-extensions-targeting-260000-chrome-users-via-injected-iframes/
ecikmpoikkcelnakpgaeplcjoickgacj,Ai Picture Generator,malware,malicious,critical,,https://layerxsecurity.com/blog/aiframe-fake-ai-assistant-extensions-targeting-260000-chrome-users-via-injected-iframes/
kepibgehhljlecgaeihhnmibnmikbnga,DeepSeek Download,malware,malicious,critical,,https://layerxsecurity.com/blog/aiframe-fake-ai-assistant-extensions-targeting-260000-chrome-users-via-injected-iframes/
ckicoadchmmndbakbokhapncehanaeni,AI Email Writer,malware,malicious,critical,,https://layerxsecurity.com/blog/aiframe-fake-ai-assistant-extensions-targeting-260000-chrome-users-via-injected-iframes/
fnjinbdmidgjkpmlihcginjipjaoapol,Email Generator AI,malware,malicious,critical,,https://layerxsecurity.com/blog/aiframe-fake-ai-assistant-extensions-targeting-260000-chrome-users-via-injected-iframes/
gohgeedemmaohocbaccllpkabadoogpl,DeepSeek Chat,malware,malicious,critical,,https://layerxsecurity.com/blog/aiframe-fake-ai-assistant-extensions-targeting-260000-chrome-users-via-injected-iframes/
flnecpdpbhdblkpnegekobahlijbmfok,ChatGPT Picture Generator,malware,malicious,critical,,https://layerxsecurity.com/blog/aiframe-fake-ai-assistant-extensions-targeting-260000-chrome-users-via-injected-iframes/
acaeafediijmccnjlokgcdiojiljfpbe,ChatGPT Translate,malware,malicious,critical,,https://layerxsecurity.com/blog/aiframe-fake-ai-assistant-extensions-targeting-260000-chrome-users-via-injected-iframes/
kblengdlefjpjkekanpoidgoghdngdgl,AI GPT,malware,malicious,critical,,https://layerxsecurity.com/blog/aiframe-fake-ai-assistant-extensions-targeting-260000-chrome-users-via-injected-iframes/
idhknpoceajhnjokpnbicildeoligdgh,ChatGPT Translation,malware,malicious,critical,,https://layerxsecurity.com/blog/aiframe-fake-ai-assistant-extensions-targeting-260000-chrome-users-via-injected-iframes/
fpmkabpaklbhbhegegapfkenkmpipick,Chat GPT for Gmail,malware,malicious,critical,,https://layerxsecurity.com/blog/aiframe-fake-ai-assistant-extensions-targeting-260000-chrome-users-via-injected-iframes/
lmiigijnefpkjcenfbinhdpafehaddag,"ChatGPT folder, voice download, prompt manager, free tools – ChatGPT Mods",malware,malicious,critical,,https://layerxsecurity.com/blog/how-we-discovered-a-campaign-of-16-malicious-extensions-chatgpt/
obdobankihdfckkbfnoglefmdgmblcld,"ChatGPT voice download, TTS download – ChatGPT Mods",malware,malicious,critical,,https://layerxsecurity.com/blog/how-we-discovered-a-campaign-of-16-malicious-extensions-chatgpt/
kefnabicobeigajdngijnnjmljehknjl,"ChatGPT pin chat, bookmark – ChatGPT Mods",malware,malicious,critical,,https://layerxsecurity.com/blog/how-we-discovered-a-campaign-of-16-malicious-extensions-chatgpt/
ifjimhnbnbniiiaihphlclkpfikcdkab,"ChatGPT message navigator, history scroller – ChatGPT Mods",malware,malicious,critical,,https://layerxsecurity.com/blog/how-we-discovered-a-campaign-of-16-malicious-extensions-chatgpt/
pfgbcfaiglkcoclichlojeaklcfboieh,"ChatGPT model switch, save advanced model uses – ChatGPT Mods",malware,malicious,critical,,https://layerxsecurity.com/blog/how-we-discovered-a-campaign-of-16-malicious-extensions-chatgpt/
hljdedgemmmkdalbnmnpoimdedckdkhm,"ChatGPT export, Markdown, JSON, images – ChatGPT Mods",malware,malicious,critical,,https://layerxsecurity.com/blog/how-we-discovered-a-campaign-of-16-malicious-extensions-chatgpt/
afjenpabhpfodjpncbiiahbknnghabdc,ChatGPT Timestamp Display – ChatGPT Mods,malware,malicious,critical,,https://layerxsecurity.com/blog/how-we-discovered-a-campaign-of-16-malicious-extensions-chatgpt/
gbcgjnbccjojicobfimcnfjddhpphaod,"ChatGPT bulk delete, Chat manager – ChatGPT Mods",malware,malicious,critical,,https://layerxsecurity.com/blog/how-we-discovered-a-campaign-of-16-malicious-extensions-chatgpt/
ipjgfhcjeckaibnohigmbcaonfcjepmb,"ChatGPT search history, locate specific messages – ChatGPT Mods",malware,malicious,critical,,https://layerxsecurity.com/blog/how-we-discovered-a-campaign-of-16-malicious-extensions-chatgpt/
mmjmcfaejolfbenlplfoihnobnggljij,ChatGPT prompt optimization – ChatGPT Mods,malware,malicious,critical,,https://layerxsecurity.com/blog/how-we-discovered-a-campaign-of-16-malicious-extensions-chatgpt/
lechagcebaneoafonkbfkljmbmaaoaec,Collapsed message – ChatGPT Mods,malware,malicious,critical,,https://layerxsecurity.com/blog/how-we-discovered-a-campaign-of-16-malicious-extensions-chatgpt/
nhnfaiiobkpbenbbiblmgncgokeknnno,Multi-Profile Management & Switching – ChatGPT Mods,malware,malicious,critical,,https://layerxsecurity.com/blog/how-we-discovered-a-campaign-of-16-malicious-extensions-chatgpt/
hpcejjllhbalkcmdikecfngkepppoknd,Search with ChatGPT – ChatGPT Mods,malware,malicious,critical,,https://layerxsecurity.com/blog/how-we-discovered-a-campaign-of-16-malicious-extensions-chatgpt/
hfdpdgblphooommgcjdnnmhpglleaafj,ChatGPT Token counter – ChatGPT Mods,malware,malicious,critical,,https://layerxsecurity.com/blog/how-we-discovered-a-campaign-of-16-malicious-extensions-chatgpt/
ioaeacncbhpmlkediaagefiegegknglc,"ChatGPT Prompt Manager, Folder, Library, Auto Send – ChatGPT Mods",malware,malicious,critical,,https://layerxsecurity.com/blog/how-we-discovered-a-campaign-of-16-malicious-extensions-chatgpt/
jhohjhmbiakpgedidneeloaoloadlbdj,ChatGPT Mods – Folder Voice Download & More Free Tools,malware,malicious,critical,,https://layerxsecurity.com/blog/how-we-discovered-a-campaign-of-16-malicious-extensions-chatgpt/
kgmeffmlnkfnjpgmdndccklfigfhajen,Emoji keyboard online â copy&past your emoji.,malware,malicious,critical,,https://www.koi.ai/blog/google-and-microsoft-trusted-them-2-3-million-users-installed-them-they-were-malware
dpdibkjjgbaadnnjhkmmnenkmbnhpobj,Free Weather Forecast,malware,malicious,critical,,https://www.koi.ai/blog/google-and-microsoft-trusted-them-2-3-million-users-installed-them-they-were-malware
gaiceihehajjahakcglkhmdbbdclbnlf,Video Speed Controller â Video manager,malware,malicious,critical,,https://www.koi.ai/blog/google-and-microsoft-trusted-them-2-3-million-users-installed-them-they-were-malware
mlgbkfnjdmaoldgagamcnommbbnhfnhf,Unlock Discord â VPN Proxy to Unblock Discord Anywhere,malware,malicious,critical,,https://www.koi.ai/blog/google-and-microsoft-trusted-them-2-3-million-users-installed-them-they-were-malware
eckokfcjbjbgjifpcbdmengnabecdakp,Dark Theme â Dark Reader for Chrome,malware,malicious,critical,,https://www.koi.ai/blog/google-and-microsoft-trusted-them-2-3-million-users-installed-them-they-were-malware
mgbhdehiapbjamfgekfpebmhmnmcmemg,Volume Max â Ultimate Sound Booster,malware,malicious,critical,,https://www.koi.ai/blog/google-and-microsoft-trusted-them-2-3-million-users-installed-them-they-were-malware
cbajickflblmpjodnjoldpiicfmecmif,Unblock TikTok â Seamless Access with One-Click Proxy,malware,malicious,critical,,https://www.koi.ai/blog/google-and-microsoft-trusted-them-2-3-million-users-installed-them-they-were-malware
pdbfcnhlobhoahcamoefbfodpmklgmjm,Unlock YouTube VPN,malware,malicious,critical,,https://www.koi.ai/blog/google-and-microsoft-trusted-them-2-3-million-users-installed-them-they-were-malware
eokjikchkppnkdipbiggnmlkahcdkikp,"Color Picker, Eyedropper â Geco colorpick",malware,malicious,critical,,https://www.koi.ai/blog/google-and-microsoft-trusted-them-2-3-million-users-installed-them-they-were-malware
ihbiedpeaicgipncdnnkikeehnjiddck,Weather,malware,malicious,critical,,https://www.koi.ai/blog/google-and-microsoft-trusted-them-2-3-million-users-installed-them-they-were-malware
jjdajogomggcjifnjgkpghcijgkbcjdi,Unlock TikTok,malware,malicious,critical,,https://www.koi.ai/blog/google-and-microsoft-trusted-them-2-3-million-users-installed-them-they-were-malware
mmcnmppeeghenglmidpmjkaiamcacmgm,Volume Booster â Increase your sound,malware,malicious,critical,,https://www.koi.ai/blog/google-and-microsoft-trusted-them-2-3-million-users-installed-them-they-were-malware
ojdkklpgpacpicaobnhankbalkkgaafp,Web Sound Equalizer,malware,malicious,critical,,https://www.koi.ai/blog/google-and-microsoft-trusted-them-2-3-million-users-installed-them-they-were-malware
lodeighbngipjjedfelnboplhgediclp,Header Value,malware,malicious,critical,,https://www.koi.ai/blog/google-and-microsoft-trusted-them-2-3-million-users-installed-them-they-were-malware
hkjagicdaogfgdifaklcgajmgefjllmd,Flash Player â games emulator,malware,malicious,critical,,https://www.koi.ai/blog/google-and-microsoft-trusted-them-2-3-million-users-installed-them-they-were-malware
gflkbgebojohihfnnplhbdakoipdbpdm,Youtube Unblocked,malware,malicious,critical,,https://www.koi.ai/blog/google-and-microsoft-trusted-them-2-3-million-users-installed-them-they-were-malware
kpilmncnoafddjpnbhepaiilgkdcieaf,SearchGPT â ChatGPT for Search Engine,malware,malicious,critical,,https://www.koi.ai/blog/google-and-microsoft-trusted-them-2-3-million-users-installed-them-they-were-malware
caibdnkmpnjhjdfnomfhijhmebigcelo,Unlock Discord,malware,malicious,critical,,https://www.koi.ai/blog/google-and-microsoft-trusted-them-2-3-million-users-installed-them-they-were-malware
ceibjdigmfbbgcpkkdpmjokkokklodmc,VK Styles - Themes for vk.com,malware,malicious,critical,,https://www.koi.ai/blog/vk-styles-500k-users-infected-by-chrome-extensions-that-hijack-vkontakte-accounts
mflibpdjoodmoppignjhciadahapkoch,VK Music - audio saver,malware,malicious,critical,,https://www.koi.ai/blog/vk-styles-500k-users-infected-by-chrome-extensions-that-hijack-vkontakte-accounts
lgakkahjfibfgmacigibnhcgepajgfdb,Music Downloader - VKsaver,malware,malicious,critical,,https://www.koi.ai/blog/vk-styles-500k-users-infected-by-chrome-extensions-that-hijack-vkontakte-accounts
bndkfmmbidllaiccmpnbdonijmicaafn,vksaver - music saver vk,malware,malicious,critical,,https://www.koi.ai/blog/vk-styles-500k-users-infected-by-chrome-extensions-that-hijack-vkontakte-accounts
pcdgkgbadeggbnodegejccjffnoakcoh,VKfeed - Download music and video from VK,malware,malicious,critical,,https://www.koi.ai/blog/vk-styles-500k-users-infected-by-chrome-extensions-that-hijack-vkontakte-accounts
oldhjammhkghhahhhdcifmmlefibciph,DataByCloud Access,malware,malicious,critical,,https://socket.dev/blog/5-malicious-chrome-extensions-enable-session-hijacking
ijapakghdgckgblfgjobhcfglebbkebf,Tool Access 11,malware,malicious,critical,,https://socket.dev/blog/5-malicious-chrome-extensions-enable-session-hijacking
makdmacamkifdldldlelollkkjnoiedg,Data By Cloud 2,malware,malicious,critical,,https://socket.dev/blog/5-malicious-chrome-extensions-enable-session-hijacking
mbjjeombjeklkbndcjgmfcdhfbjngcam,Data By Cloud 1,malware,malicious,critical,,https://socket.dev/blog/5-malicious-chrome-extensions-enable-session-hijacking
bmodapcihjhklpogdpblefpepjolaoij,Software Access,malware,malicious,critical,,https://socket.dev/blog/5-malicious-chrome-extensions-enable-session-hijacking
fbfldogmkadejddihifklefknmikncaj,Phantom Shuttle,malware,malicious,critical,,https://socket.dev/blog/malicious-chrome-extensions-phantom-shuttle
ocpcmfmiidofonkbodpdhgddhlcmcofd,Phantom Shuttle,malware,malicious,critical,,https://socket.dev/blog/malicious-chrome-extensions-phantom-shuttle
fgpecemjbefkjlcgnhjohdonijdkfooj,Free Unlimited VPN,malware,malicious,critical,,https://layerxsecurity.com/blog/rolypoly-vpn-the-malicious-free-vpn-extension-that-keeps-coming-back/
kekfppnajjchccpkfaogiomfcncbgagc,VPN Professional - Free Unlimited VPN Proxy,malware,malicious,critical,,https://layerxsecurity.com/blog/rolypoly-vpn-the-malicious-free-vpn-extension-that-keeps-coming-back/
nhiafglcjghpmcipelflfhkckdpcokid,Ads Cleaner for Facebook,malware,malicious,critical,,https://layerxsecurity.com/blog/rolypoly-vpn-the-malicious-free-vpn-extension-that-keeps-coming-back/
hfofhoffdcfcjgmilkpnhkamcgemaban,Ð¡ÐºÐ°ÑÐ°ÑÑ Ð¼ÑÐ·ÑÐºÑ,malware,malicious,critical,,https://layerxsecurity.com/blog/rolypoly-vpn-the-malicious-free-vpn-extension-that-keeps-coming-back/
foiopecknacmiihiocgdjgbjokkpkohc,VPN Professional - Free Secure and Unlimited VPN Proxy Chrome Extension,malware,malicious,critical,,https://layerxsecurity.com/blog/rolypoly-vpn-the-malicious-free-vpn-extension-that-keeps-coming-back/
bibjcjfmgapbfoljiojpipaooddpkpai,VPN-free.pro - Free Unlimited VPN,malware,malicious,critical,,https://layerxsecurity.com/blog/rolypoly-vpn-the-malicious-free-vpn-extension-that-keeps-coming-back/
ngahaphlngmdfhbhkplbglnfhehnpgdb,Ads Blocker,malware,malicious,critical,,https://layerxsecurity.com/blog/rolypoly-vpn-the-malicious-free-vpn-extension-that-keeps-coming-back/
ibibeegnncapfdcgpdnnbjbbojglhlmk,OKmusic - ÑÐºÐ°ÑÐ°ÑÑ Ð¼ÑÐ·ÑÐºÑ Ð¸ Ð²Ð¸Ð´ÐµÐ¾ ÐÐ´Ð½Ð¾ÐºÐ»Ð°ÑÑÐ½Ð¸ÐºÐ¸ | OK.ru Music Downloader,malware,malicious,critical,,https://layerxsecurity.com/blog/rolypoly-vpn-the-malicious-free-vpn-extension-that-keeps-coming-back/
anlhakiodmebohjmkbciohpglnjifjaa,Speed Dial | Bookmarks | New Tab Page | Quick Access | Custom Search,malware,malicious,critical,,https://layerxsecurity.com/blog/rolypoly-vpn-the-malicious-free-vpn-extension-that-keeps-coming-back/
glckmpfajbjppappjlnhhlofhdhlcgaj,Good Tab,malware,malicious,critical,,https://www.security.com/threat-intelligence/chrome-extensions-are-you-getting-more-you-bargained
giecgobdmgdamgffeoankaipjkdjbfep,Children Protection,malware,malicious,critical,,https://www.security.com/threat-intelligence/chrome-extensions-are-you-getting-more-you-bargained
bjoddpbfndnpeohkmpbjfhcppkhgobcg,DPS Websafe,malware,malicious,critical,,https://www.security.com/threat-intelligence/chrome-extensions-are-you-getting-more-you-bargained
beifiidafjobphnbhbbgmgnndjolfcho,Stock Informer,malware,malicious,critical,,https://www.security.com/threat-intelligence/chrome-extensions-are-you-getting-more-you-bargained
eagiakjmjnblliacokhcalebgnhellfi,chrome,malware,malicious,critical,,https://www.koi.ai/blog/4-million-browsers-infected-inside-shadypanda-7-year-malware-campaign
ibiejjpajlfljcgjndbonclhcbdcamai,chrome,malware,malicious,critical,,https://www.koi.ai/blog/4-million-browsers-infected-inside-shadypanda-7-year-malware-campaign
ogjneoecnllmjcegcfpaamfpbiaaiekh,chrome,malware,malicious,critical,,https://www.koi.ai/blog/4-million-browsers-infected-inside-shadypanda-7-year-malware-campaign
jbnopeoocgbmnochaadfnhiiimfpbpmf,chrome,malware,malicious,critical,,https://www.koi.ai/blog/4-million-browsers-infected-inside-shadypanda-7-year-malware-campaign
ineempkjpmbdejmdgienaphomigjjiej,chrome,malware,malicious,critical,,https://www.koi.ai/blog/4-million-browsers-infected-inside-shadypanda-7-year-malware-campaign
nnnklgkfdfbdijeeglhjfleaoagiagig,chrome,malware,malicious,critical,,https://www.koi.ai/blog/4-million-browsers-infected-inside-shadypanda-7-year-malware-campaign
mljmfnkjmcdmongjnnnbbnajjdbojoci,chrome,malware,malicious,critical,,https://www.koi.ai/blog/4-million-browsers-infected-inside-shadypanda-7-year-malware-campaign
llkncpcdceadgibhbedecmkencokjajg,chrome,malware,malicious,critical,,https://www.koi.ai/blog/4-million-browsers-infected-inside-shadypanda-7-year-malware-campaign
nmfbniajnpceakchicdhfofoejhgjefb,chrome,malware,malicious,critical,,https://www.koi.ai/blog/4-million-browsers-infected-inside-shadypanda-7-year-malware-campaign
ijcpbhmpbaafndchbjdjchogaogelnjl,chrome,malware,malicious,critical,,https://www.koi.ai/blog/4-million-browsers-infected-inside-shadypanda-7-year-malware-campaign
olaahjgjlhoehkpemnfognpgmkbedodk,chrome,malware,malicious,critical,,https://www.koi.ai/blog/4-million-browsers-infected-inside-shadypanda-7-year-malware-campaign
gnhgdhlkojnlgljamagoigaabdmfhfeg,chrome,malware,malicious,critical,,https://www.koi.ai/blog/4-million-browsers-infected-inside-shadypanda-7-year-malware-campaign
cihbmmokhmieaidfgamioabhhkggnehm,chrome,malware,malicious,critical,,https://www.koi.ai/blog/4-million-browsers-infected-inside-shadypanda-7-year-malware-campaign
lehjnmndiohfaphecnjhopgookigekdk,chrome,malware,malicious,critical,,https://www.koi.ai/blog/4-million-browsers-infected-inside-shadypanda-7-year-malware-campaign
hlcjkaoneihodfmonjnlnnfpdcopgfjk,chrome,malware,malicious,critical,,https://www.koi.ai/blog/4-million-browsers-infected-inside-shadypanda-7-year-malware-campaign
hmhifpbclhgklaaepgbabgcpfgidkoei,chrome,malware,malicious,critical,,https://www.koi.ai/blog/4-million-browsers-infected-inside-shadypanda-7-year-malware-campaign
lnlononncfdnhdfmgpkdfoibmfdehfoj,chrome,malware,malicious,critical,,https://www.koi.ai/blog/4-million-browsers-infected-inside-shadypanda-7-year-malware-campaign
nagbiboibhbjbclhcigklajjdefaiidc,chrome,malware,malicious,critical,,https://www.koi.ai/blog/4-million-browsers-infected-inside-shadypanda-7-year-malware-campaign
ofkopmlicnffaiiabnmnaajaimmenkjn,chrome,malware,malicious,critical,,https://www.koi.ai/blog/4-million-browsers-infected-inside-shadypanda-7-year-malware-campaign
ocffbdeldlbilgegmifiakciiicnoaeo,chrome,malware,malicious,critical,,https://www.koi.ai/blog/4-million-browsers-infected-inside-shadypanda-7-year-malware-campaign
eaokmbopbenbmgegkmoiogmpejlaikea,chrome,malware,malicious,critical,,https://www.koi.ai/blog/4-million-browsers-infected-inside-shadypanda-7-year-malware-campaign
lhiehjmkpbhhkfapacaiheolgejcifgd,chrome,malware,malicious,critical,,https://www.koi.ai/blog/4-million-browsers-infected-inside-shadypanda-7-year-malware-campaign
ondhgmkgppbdnogfiglikgpdkmkaiggk,chrome,malware,malicious,critical,,https://www.koi.ai/blog/4-million-browsers-infected-inside-shadypanda-7-year-malware-campaign
imdgpklnabbkghcbhmkbjbhcomnfdige,chrome,malware,malicious,critical,,https://www.koi.ai/blog/4-million-browsers-infected-inside-shadypanda-7-year-malware-campaign
bpelnogcookhocnaokfpoeinibimbeff,edge,malware,malicious,critical,,https://www.koi.ai/blog/4-million-browsers-infected-inside-shadypanda-7-year-malware-campaign
enkihkfondbngohnmlefmobdgkpmejha,edge,malware,malicious,critical,,https://www.koi.ai/blog/4-million-browsers-infected-inside-shadypanda-7-year-malware-campaign
hajlmbnnniemimmaehcefkamdadpjlfa,edge,malware,malicious,critical,,https://www.koi.ai/blog/4-million-browsers-infected-inside-shadypanda-7-year-malware-campaign
aadnmeanpbokjjahcnikajejglihibpd,edge,malware,malicious,critical,,https://www.koi.ai/blog/4-million-browsers-infected-inside-shadypanda-7-year-malware-campaign
ipnidmjhnoipibbinllilgeohohehabl,edge,malware,malicious,critical,,https://www.koi.ai/blog/4-million-browsers-infected-inside-shadypanda-7-year-malware-campaign
fnnigcfbmghcefaboigkhfimeolhhbcp,edge,malware,malicious,critical,,https://www.koi.ai/blog/4-million-browsers-infected-inside-shadypanda-7-year-malware-campaign
nlcebdoehkdiojeahkofcfnolkleembf,edge,malware,malicious,critical,,https://www.koi.ai/blog/4-million-browsers-infected-inside-shadypanda-7-year-malware-campaign
fhababnomjcnhmobbemagohkldaeicad,edge,malware,malicious,critical,,https://www.koi.ai/blog/4-million-browsers-infected-inside-shadypanda-7-year-malware-campaign
nokknhlkpdfppefncfkdebhgfpfilieo,edge,malware,malicious,critical,,https://www.koi.ai/blog/4-million-browsers-infected-inside-shadypanda-7-year-malware-campaign
ljmcneongnlaecabgneiippeacdoimaa,edge,malware,malicious,critical,,https://www.koi.ai/blog/4-million-browsers-infected-inside-shadypanda-7-year-malware-campaign
onifebiiejdjncjpjnojlebibonmnhog,edge,malware,malicious,critical,,https://www.koi.ai/blog/4-million-browsers-infected-inside-shadypanda-7-year-malware-campaign
dbagndmcddecodlmnlcmhheicgkaglpk,edge,malware,malicious,critical,,https://www.koi.ai/blog/4-million-browsers-infected-inside-shadypanda-7-year-malware-campaign
fmgfcpjmmapcjlknncjgmbolgaecngfo,edge,malware,malicious,critical,,https://www.koi.ai/blog/4-million-browsers-infected-inside-shadypanda-7-year-malware-campaign
kgmlodoegkmpfkbepkfhgeldidodgohd,edge,malware,malicious,critical,,https://www.koi.ai/blog/4-million-browsers-infected-inside-shadypanda-7-year-malware-campaign
hegpgapbnfiibpbkanjemgmdpmmlecbc,edge,malware,malicious,critical,,https://www.koi.ai/blog/4-million-browsers-infected-inside-shadypanda-7-year-malware-campaign
gkanlgbbnncfafkhlchnadcopcgjkfli,edge,malware,malicious,critical,,https://www.koi.ai/blog/4-million-browsers-infected-inside-shadypanda-7-year-malware-campaign
oghgaghnofhhoolfneepjneedejcpiic,edge,malware,malicious,critical,,https://www.koi.ai/blog/4-million-browsers-infected-inside-shadypanda-7-year-malware-campaign
fcidgbgogbfdcgijkcfdjcagmhcelpbc,edge,malware,malicious,critical,,https://www.koi.ai/blog/4-million-browsers-infected-inside-shadypanda-7-year-malware-campaign
domfmjgbmkckapepjahpedlpdedmckbj,edge,malware,malicious,critical,,https://www.koi.ai/blog/4-million-browsers-infected-inside-shadypanda-7-year-malware-campaign
cbkogccidanmoaicgphipbdofakomlak,edge,malware,malicious,critical,,https://www.koi.ai/blog/4-million-browsers-infected-inside-shadypanda-7-year-malware-campaign
bmlifknbfonkgphkpmkeoahgbhbdhebh,edge,malware,malicious,critical,,https://www.koi.ai/blog/4-million-browsers-infected-inside-shadypanda-7-year-malware-campaign
ghaggkcfafofhcfppignflhlocmcfimd,edge,malware,malicious,critical,,https://www.koi.ai/blog/4-million-browsers-infected-inside-shadypanda-7-year-malware-campaign
hfeialplaojonefabmojhobdmghnjkmf,edge,malware,malicious,critical,,https://www.koi.ai/blog/4-million-browsers-infected-inside-shadypanda-7-year-malware-campaign
boiciofdokedkpmopjnghpkgdakmcpmb,edge,malware,malicious,critical,,https://www.koi.ai/blog/4-million-browsers-infected-inside-shadypanda-7-year-malware-campaign
ibfpbjfnpcgmiggfildbcngccoomddmj,edge,malware,malicious,critical,,https://www.koi.ai/blog/4-million-browsers-infected-inside-shadypanda-7-year-malware-campaign
idjhfmgaddmdojcfmhcjnnbhnhbmhipd,edge,malware,malicious,critical,,https://www.koi.ai/blog/4-million-browsers-infected-inside-shadypanda-7-year-malware-campaign
jhgfinhjcamijjoikplacnfknpchndgb,edge,malware,malicious,critical,,https://www.koi.ai/blog/4-million-browsers-infected-inside-shadypanda-7-year-malware-campaign
cgjgmbppcoolfkbkjhoogdpkboohhgel,edge,malware,malicious,critical,,https://www.koi.ai/blog/4-million-browsers-infected-inside-shadypanda-7-year-malware-campaign
afooldonhjnhddgnfahlepchipjennab,edge,malware,malicious,critical,,https://www.koi.ai/blog/4-million-browsers-infected-inside-shadypanda-7-year-malware-campaign
fkbcbgffcclobgbombinljckbelhnpif,edge,malware,malicious,critical,,https://www.koi.ai/blog/4-million-browsers-infected-inside-shadypanda-7-year-malware-campaign
fpokgjmlcemklhmilomcljolhnbaaajk,edge,malware,malicious,critical,,https://www.koi.ai/blog/4-million-browsers-infected-inside-shadypanda-7-year-malware-campaign
hadkldcldaanpomhhllacdmglkoepaed,edge,malware,malicious,critical,,https://www.koi.ai/blog/4-million-browsers-infected-inside-shadypanda-7-year-malware-campaign
iedkeilnpbkeecjpmkelnglnjpnacnlh,edge,malware,malicious,critical,,https://www.koi.ai/blog/4-million-browsers-infected-inside-shadypanda-7-year-malware-campaign
hjfmkkelabjoojjmjljidocklbibphgl,edge,malware,malicious,critical,,https://www.koi.ai/blog/4-million-browsers-infected-inside-shadypanda-7-year-malware-campaign
dhjmmcjnajkpnbnbpagglbbfpbacoffm,edge,malware,malicious,critical,,https://www.koi.ai/blog/4-million-browsers-infected-inside-shadypanda-7-year-malware-campaign
cgehahdmoijenmnhinajnojmmlnipckl,edge,malware,malicious,critical,,https://www.koi.ai/blog/4-million-browsers-infected-inside-shadypanda-7-year-malware-campaign
fjigdpmfeomndepihcinokhcphdojepm,edge,malware,malicious,critical,,https://www.koi.ai/blog/4-million-browsers-infected-inside-shadypanda-7-year-malware-campaign
chmcepembfffejphepoongapnlchjgil,edge,malware,malicious,critical,,https://www.koi.ai/blog/4-million-browsers-infected-inside-shadypanda-7-year-malware-campaign
googojfbnbhbbnpfpdnffnklipgifngn,edge,malware,malicious,critical,,https://www.koi.ai/blog/4-million-browsers-infected-inside-shadypanda-7-year-malware-campaign
fodcokjckpkfpegbekkiallamhedahjd,edge,malware,malicious,critical,,https://www.koi.ai/blog/4-million-browsers-infected-inside-shadypanda-7-year-malware-campaign
igiakpjhacibmaichhgbagdkjmjbnanl,edge,malware,malicious,critical,,https://www.koi.ai/blog/4-million-browsers-infected-inside-shadypanda-7-year-malware-campaign
omkjakddaeljdfgekdjebbbiboljnalk,edge,malware,malicious,critical,,https://www.koi.ai/blog/4-million-browsers-infected-inside-shadypanda-7-year-malware-campaign
llilhpmmhicmiaoancaafdgganakopfg,edge,malware,malicious,critical,,https://www.koi.ai/blog/4-million-browsers-infected-inside-shadypanda-7-year-malware-campaign
nemkiffjklgaooligallbpmhdmmhepll,edge,malware,malicious,critical,,https://www.koi.ai/blog/4-million-browsers-infected-inside-shadypanda-7-year-malware-campaign
papedehkgfhnagdiempdbhlgcnioofnd,edge,malware,malicious,critical,,https://www.koi.ai/blog/4-million-browsers-infected-inside-shadypanda-7-year-malware-campaign
glfddenhiaacfmhoiebfeljnfkkkmbjb,edge,malware,malicious,critical,,https://www.koi.ai/blog/4-million-browsers-infected-inside-shadypanda-7-year-malware-campaign
pkjfghocapckmendmgdmppjccbplccbg,edge,malware,malicious,critical,,https://www.koi.ai/blog/4-million-browsers-infected-inside-shadypanda-7-year-malware-campaign
gbcjipmcpedgndgdnfofbhgnkmghoamm,edge,malware,malicious,critical,,https://www.koi.ai/blog/4-million-browsers-infected-inside-shadypanda-7-year-malware-campaign
ncapkionddmdmfocnjfcfpnimepibggf,edge,malware,malicious,critical,,https://www.koi.ai/blog/4-million-browsers-infected-inside-shadypanda-7-year-malware-campaign
klggeioacnkkpdcnapgcoicnblliidmf,edge,malware,malicious,critical,,https://www.koi.ai/blog/4-million-browsers-infected-inside-shadypanda-7-year-malware-campaign
klgjbnheihgnmimajhohfcldhfpjnahe,edge,malware,malicious,critical,,https://www.koi.ai/blog/4-million-browsers-infected-inside-shadypanda-7-year-malware-campaign
acogeoajdpgplfhidldckbjkkpgeebod,edge,malware,malicious,critical,,https://www.koi.ai/blog/4-million-browsers-infected-inside-shadypanda-7-year-malware-campaign
ekndlocgcngbpebppapnpalpjfnkoffh,edge,malware,malicious,critical,,https://www.koi.ai/blog/4-million-browsers-infected-inside-shadypanda-7-year-malware-campaign
elckfehnjdbghpoheamjffpdbbogjhie,edge,malware,malicious,critical,,https://www.koi.ai/blog/4-million-browsers-infected-inside-shadypanda-7-year-malware-campaign
dmpceopfiajfdnoiebfankfoabfehdpn,edge,malware,malicious,critical,,https://www.koi.ai/blog/4-million-browsers-infected-inside-shadypanda-7-year-malware-campaign
gpolcigkhldaighngmmmcjldkkiaonbg,edge,malware,malicious,critical,,https://www.koi.ai/blog/4-million-browsers-infected-inside-shadypanda-7-year-malware-campaign
dfakjobhimnibdmkbgpkijoihplhcnil,edge,malware,malicious,critical,,https://www.koi.ai/blog/4-million-browsers-infected-inside-shadypanda-7-year-malware-campaign
hbghbdhfibifdgnbpaogepnkekonkdgc,edge,malware,malicious,critical,,https://www.koi.ai/blog/4-million-browsers-infected-inside-shadypanda-7-year-malware-campaign
fppchnhginnfabgenhihpncnphhafmac,edge,malware,malicious,critical,,https://www.koi.ai/blog/4-million-browsers-infected-inside-shadypanda-7-year-malware-campaign
ghhddclfklljabeodmcejjjlhoaaiban,edge,malware,malicious,critical,,https://www.koi.ai/blog/4-million-browsers-infected-inside-shadypanda-7-year-malware-campaign
bppelgkcnhfkicolffhlkbdghdnjdkhi,edge,malware,malicious,critical,,https://www.koi.ai/blog/4-million-browsers-infected-inside-shadypanda-7-year-malware-campaign
ikgaleggljchgbihlaanjbkekmmgccam,edge,malware,malicious,critical,,https://www.koi.ai/blog/4-million-browsers-infected-inside-shadypanda-7-year-malware-campaign
bdhjinjoglaijpffoamhhnhooeimgoap,edge,malware,malicious,critical,,https://www.koi.ai/blog/4-million-browsers-infected-inside-shadypanda-7-year-malware-campaign
fjioinpkgmlcioajfnncgldldcnabffe,edge,malware,malicious,critical,,https://www.koi.ai/blog/4-million-browsers-infected-inside-shadypanda-7-year-malware-campaign
opncjjhgbllenobgbfjbblhghmdpmpbj,edge,malware,malicious,critical,,https://www.koi.ai/blog/4-million-browsers-infected-inside-shadypanda-7-year-malware-campaign
cbijiaccpnkbdpgbmiiipedpepbhioel,edge,malware,malicious,critical,,https://www.koi.ai/blog/4-million-browsers-infected-inside-shadypanda-7-year-malware-campaign
fbbmnieefocnacnecccgmedmcbhlkcpm,edge,malware,malicious,critical,,https://www.koi.ai/blog/4-million-browsers-infected-inside-shadypanda-7-year-malware-campaign
hmbacpfgehmmoloinfmkgkpjoagiogai,edge,malware,malicious,critical,,https://www.koi.ai/blog/4-million-browsers-infected-inside-shadypanda-7-year-malware-campaign
paghkadkhiladedijgodgghaajppmpcg,edge,malware,malicious,critical,,https://www.koi.ai/blog/4-million-browsers-infected-inside-shadypanda-7-year-malware-campaign
bafbmfpfepdlgnfkgfbobplkkaoakjcl,edge,malware,malicious,critical,,https://www.koi.ai/blog/4-million-browsers-infected-inside-shadypanda-7-year-malware-campaign
kcpkoopmfjhdpgjohcbgkbjpmbjmhgoi,edge,malware,malicious,critical,,https://www.koi.ai/blog/4-million-browsers-infected-inside-shadypanda-7-year-malware-campaign
jelgelidmodjpmohbapbghdgcpncahki,edge,malware,malicious,critical,,https://www.koi.ai/blog/4-million-browsers-infected-inside-shadypanda-7-year-malware-campaign
lfgakdlafdenmaikccbojgcofkkhmolj,edge,malware,malicious,critical,,https://www.koi.ai/blog/4-million-browsers-infected-inside-shadypanda-7-year-malware-campaign
hdfknlljfbdfjdjhfgoonpphpigjjjak,edge,malware,malicious,critical,,https://www.koi.ai/blog/4-million-browsers-infected-inside-shadypanda-7-year-malware-campaign
kpfbijpdidioaomoecdbfaodhajbcjfl,edge,malware,malicious,critical,,https://www.koi.ai/blog/4-million-browsers-infected-inside-shadypanda-7-year-malware-campaign
fckphkcbpgmappcgnfieaacjbknhkhin,edge,malware,malicious,critical,,https://www.koi.ai/blog/4-million-browsers-infected-inside-shadypanda-7-year-malware-campaign
lhfdakoonenpbggbeephofdlflloghhi,edge,malware,malicious,critical,,https://www.koi.ai/blog/4-million-browsers-infected-inside-shadypanda-7-year-malware-campaign
ljjngehkphcdnnapgciajcdbcpgmpknc,edge,malware,malicious,critical,,https://www.koi.ai/blog/4-million-browsers-infected-inside-shadypanda-7-year-malware-campaign
ejfocpkjndmkbloiobcdhkkoeekcpkik,edge,malware,malicious,critical,,https://www.koi.ai/blog/4-million-browsers-infected-inside-shadypanda-7-year-malware-campaign
ccdimkoieijdbgdlkfjjfncmihmlpanj,edge,malware,malicious,critical,,https://www.koi.ai/blog/4-million-browsers-infected-inside-shadypanda-7-year-malware-campaign
agdlpnhabjfcbeiempefhpgikapcapjb,edge,malware,malicious,critical,,https://www.koi.ai/blog/4-million-browsers-infected-inside-shadypanda-7-year-malware-campaign
mddfnhdadbofiifdebeiegecchpkbgdb,edge,malware,malicious,critical,,https://www.koi.ai/blog/4-million-browsers-infected-inside-shadypanda-7-year-malware-campaign
alknmfpopohfpdpafdmobclioihdkhjh,edge,malware,malicious,critical,,https://www.koi.ai/blog/4-million-browsers-infected-inside-shadypanda-7-year-malware-campaign
hlglicejgohbanllnmnjllajhmnhjjel,edge,malware,malicious,critical,,https://www.koi.ai/blog/4-million-browsers-infected-inside-shadypanda-7-year-malware-campaign
iaccapfapbjahnhcmkgjjonlccbhdpjl,edge,malware,malicious,critical,,https://www.koi.ai/blog/4-million-browsers-infected-inside-shadypanda-7-year-malware-campaign
ehmnkbambjnodfbjcebjffilahbfjdml,edge,malware,malicious,critical,,https://www.koi.ai/blog/4-million-browsers-infected-inside-shadypanda-7-year-malware-campaign
ngbfciefgjgijkkmpalnmhikoojilkob,edge,malware,malicious,critical,,https://www.koi.ai/blog/4-million-browsers-infected-inside-shadypanda-7-year-malware-campaign
laholcgeblfbgdhkbiidbpiofdcbpeeo,edge,malware,malicious,critical,,https://www.koi.ai/blog/4-million-browsers-infected-inside-shadypanda-7-year-malware-campaign
njoedigapanaggiabjafnaklppphempm,edge,malware,malicious,critical,,https://www.koi.ai/blog/4-million-browsers-infected-inside-shadypanda-7-year-malware-campaign
fomlombffdkflbliepgpgcnagolnegjn,edge,malware,malicious,critical,,https://www.koi.ai/blog/4-million-browsers-infected-inside-shadypanda-7-year-malware-campaign
jpoofbjomdefajdjcimmaoildecebkjc,edge,malware,malicious,critical,,https://www.koi.ai/blog/4-million-browsers-infected-inside-shadypanda-7-year-malware-campaign
nhdiopbebcklbkpfnhipecgfhdhdbfhb,edge,malware,malicious,critical,,https://www.koi.ai/blog/4-million-browsers-infected-inside-shadypanda-7-year-malware-campaign
gdnhikbabcflemolpeaaknnieodgpiie,edge,malware,malicious,critical,,https://www.koi.ai/blog/4-million-browsers-infected-inside-shadypanda-7-year-malware-campaign
bbdioggpbhhodagchciaeaggdponnhpa,edge,malware,malicious,critical,,https://www.koi.ai/blog/4-million-browsers-infected-inside-shadypanda-7-year-malware-campaign
ikajognfijokhbgjdhgpemljgcjclpmn,edge,malware,malicious,critical,,https://www.koi.ai/blog/4-million-browsers-infected-inside-shadypanda-7-year-malware-campaign
lmnjiioclbjphkggicmldippjojgmldk,edge,malware,malicious,critical,,https://www.koi.ai/blog/4-million-browsers-infected-inside-shadypanda-7-year-malware-campaign
ffgihbmcfcihmpbegcfdkmafaplheknk,edge,malware,malicious,critical,,https://www.koi.ai/blog/4-million-browsers-infected-inside-shadypanda-7-year-malware-campaign
lgnjdldkappogbkljaiedgogobcgemch,edge,malware,malicious,critical,,https://www.koi.ai/blog/4-million-browsers-infected-inside-shadypanda-7-year-malware-campaign
hiodlpcelfelhpinhgngoopbmclcaghd,edge,malware,malicious,critical,,https://www.koi.ai/blog/4-million-browsers-infected-inside-shadypanda-7-year-malware-campaign
mnophppbmlnlfobakddidbcgcjakipin,edge,malware,malicious,critical,,https://www.koi.ai/blog/4-million-browsers-infected-inside-shadypanda-7-year-malware-campaign
jbajdpebknffiaenkdhopebkolgdlfaf,edge,malware,malicious,critical,,https://www.koi.ai/blog/4-million-browsers-infected-inside-shadypanda-7-year-malware-campaign
ejdihbblcbdfobabjfebfjfopenohbjb,edge,malware,malicious,critical,,https://www.koi.ai/blog/4-million-browsers-infected-inside-shadypanda-7-year-malware-campaign
ikkoanocgpdmmiamnkogipbpdpckcahn,edge,malware,malicious,critical,,https://www.koi.ai/blog/4-million-browsers-infected-inside-shadypanda-7-year-malware-campaign
ileojfedpkdbkcchpnghhaebfoimamop,edge,malware,malicious,critical,,https://www.koi.ai/blog/4-million-browsers-infected-inside-shadypanda-7-year-malware-campaign
akialmafcdmkelghnomeneinkcllnoih,edge,malware,malicious,critical,,https://www.koi.ai/blog/4-million-browsers-infected-inside-shadypanda-7-year-malware-campaign
eholblediahnodlgigdkdhkkpmbiafoj,edge,malware,malicious,critical,,https://www.koi.ai/blog/4-million-browsers-infected-inside-shadypanda-7-year-malware-campaign
ipokalojgdmhfpagmhnjokidnpjfnfik,edge,malware,malicious,critical,,https://www.koi.ai/blog/4-million-browsers-infected-inside-shadypanda-7-year-malware-campaign
hdpmmcmblgbkllldbccfdejchjlpochf,edge,malware,malicious,critical,,https://www.koi.ai/blog/4-million-browsers-infected-inside-shadypanda-7-year-malware-campaign
iphacjobmeoknlhenjfiilbkddgaljad,edge,malware,malicious,critical,,https://www.koi.ai/blog/4-million-browsers-infected-inside-shadypanda-7-year-malware-campaign
jiiggekklbbojgfmdenimcdkmidnfofl,edge,malware,malicious,critical,,https://www.koi.ai/blog/4-million-browsers-infected-inside-shadypanda-7-year-malware-campaign
gkhggnaplpjkghjjcmpmnmidjndojpcn,edge,malware,malicious,critical,,https://www.koi.ai/blog/4-million-browsers-infected-inside-shadypanda-7-year-malware-campaign
opakkgodhhongnhbdkgjgdlcbknacpaa,edge,malware,malicious,critical,,https://www.koi.ai/blog/4-million-browsers-infected-inside-shadypanda-7-year-malware-campaign
nkjomoafjgemogbdkhledkoeaflnmgfi,edge,malware,malicious,critical,,https://www.koi.ai/blog/4-million-browsers-infected-inside-shadypanda-7-year-malware-campaign
ebileebbekdcpfjlekjapgmbgpfigled,edge,malware,malicious,critical,,https://www.koi.ai/blog/4-million-browsers-infected-inside-shadypanda-7-year-malware-campaign
oaacndacaoelmkhfilennooagoelpjop,edge,malware,malicious,critical,,https://www.koi.ai/blog/4-million-browsers-infected-inside-shadypanda-7-year-malware-campaign
ljkgnegaajfacghepjiajibgdpfmcfip,edge,malware,malicious,critical,,https://www.koi.ai/blog/4-million-browsers-infected-inside-shadypanda-7-year-malware-campaign
hgolomhkdcpmbgckhebdhdknaemlbbaa,edge,malware,malicious,critical,,https://www.koi.ai/blog/4-million-browsers-infected-inside-shadypanda-7-year-malware-campaign
bboeoilakaofjkdmekpgeigieokkpgfn,edge,malware,malicious,critical,,https://www.koi.ai/blog/4-million-browsers-infected-inside-shadypanda-7-year-malware-campaign
dkkpollfhjoiapcenojlmgempmjekcla,edge,malware,malicious,critical,,https://www.koi.ai/blog/4-million-browsers-infected-inside-shadypanda-7-year-malware-campaign
emiocjgakibimbopobplmfldkldhhiad,edge,malware,malicious,critical,,https://www.koi.ai/blog/4-million-browsers-infected-inside-shadypanda-7-year-malware-campaign
nchdmembkfgkejljapneliogidkchiop,edge,malware,malicious,critical,,https://www.koi.ai/blog/4-million-browsers-infected-inside-shadypanda-7-year-malware-campaign
lljplndkobdgkjilfmfiefpldkhkhbbd,edge,malware,malicious,critical,,https://www.koi.ai/blog/4-million-browsers-infected-inside-shadypanda-7-year-malware-campaign
hofaaigdagglolgiefkbencchnekjejl,edge,malware,malicious,critical,,https://www.koi.ai/blog/4-million-browsers-infected-inside-shadypanda-7-year-malware-campaign
hohobnhiiohgcipklpncfmjkjpmejjni,edge,malware,malicious,critical,,https://www.koi.ai/blog/4-million-browsers-infected-inside-shadypanda-7-year-malware-campaign
jocnjcakendmllafpmjailfnlndaaklf,edge,malware,malicious,critical,,https://www.koi.ai/blog/4-million-browsers-infected-inside-shadypanda-7-year-malware-campaign
bjdclfjlhgcdcpjhmhfggkkfacipilai,edge,malware,malicious,critical,,https://www.koi.ai/blog/4-million-browsers-infected-inside-shadypanda-7-year-malware-campaign
ahebpkbnckhgjmndfjejibjjahjdlhdb,edge,malware,malicious,critical,,https://www.koi.ai/blog/4-million-browsers-infected-inside-shadypanda-7-year-malware-campaign
enaigkcpmpohpbokbfllbkijmllmpafm,edge,malware,malicious,critical,,https://www.koi.ai/blog/4-million-browsers-infected-inside-shadypanda-7-year-malware-campaign
bpngofombcjloljkoafhmpcjclkekfbh,edge,malware,malicious,critical,,https://www.koi.ai/blog/4-million-browsers-infected-inside-shadypanda-7-year-malware-campaign
cacbflgkiidgcekflfgdnjdnaalfmkob,edge,malware,malicious,critical,,https://www.koi.ai/blog/4-million-browsers-infected-inside-shadypanda-7-year-malware-campaign
ibmgdfenfldppaodbahpgcoebmmkdbac,edge,malware,malicious,critical,,https://www.koi.ai/blog/4-million-browsers-infected-inside-shadypanda-7-year-malware-campaign
deopfbighgnpgfmhjeccdifdmhcjckoe,1ClickVPN Proxy for Edge,malware,malicious,critical,,https://www.koi.ai/blog/urban-vpn-browser-extension-ai-conversations-data-collection
gcogpdjkkamgkakkjgeefgpcheonclca,Urban Ad Blocker,malware,malicious,critical,,https://www.koi.ai/blog/urban-vpn-browser-extension-ai-conversations-data-collection
jckkfbfmofganecnnpfndfjifnimpcel,Urban Browser Guard,malware,malicious,critical,,https://www.koi.ai/blog/urban-vpn-browser-extension-ai-conversations-data-collection
nimlmejbmnecnaghgmbahmbaddhjbecg,Urban VPN Proxy,malware,malicious,critical,,https://www.koi.ai/blog/urban-vpn-browser-extension-ai-conversations-data-collection
pphgdbgldlmicfdkhondlafkiomnelnk,1ClickVPN Proxy for Chrome,malware,malicious,critical,,https://www.koi.ai/blog/urban-vpn-browser-extension-ai-conversations-data-collection
feflcgofneboehfdeebcfglbodaceghj,Urban Ad Blocker,malware,malicious,critical,,https://www.koi.ai/blog/urban-vpn-browser-extension-ai-conversations-data-collection
almalgbpmcfpdaopimbdchdliminoign,Urban Browser Guard,malware,malicious,critical,,https://www.koi.ai/blog/urban-vpn-browser-extension-ai-conversations-data-collection
eppiocemhmnlbhjplcgkofciiegomcon,Urban VPN Proxy,malware,malicious,critical,,https://www.koi.ai/blog/urban-vpn-browser-extension-ai-conversations-data-collection
inhcgfpbfdjbjogdfjbclgolkmhnooop,"AI Sidebar with Deepseek, ChatGPT, Claude and more.",malware,malicious,critical,,https://www.ox.security/blog/malicious-chrome-extensions-steal-chatgpt-deepseek-conversations/
fnmihdojmnkclgjpcoonokmkhjpjechg,"Chat GPT for Chrome with GPT-5, Claude Sonnet & DeepSeek AI",malware,malicious,critical,,https://www.ox.security/blog/malicious-chrome-extensions-steal-chatgpt-deepseek-conversations/
pdlmjggogjgoaifncfpkhldgfilgghgc,Screenshot Master,malware,malicious,critical,,https://chromewebstore.google.com/detail/empty-title/pdlmjggogjgoaifncfpkhldgfilgghgc
odccobbfnngplckpongkahajfjpnbcck,Fire Shield Secure Search,compromised,malicious,critical,,https://docs.google.com/spreadsheets/d/1LN7MQ_9W5QHIyZjjqXK7JnSiCLlcF4aBRhmZKon-p4U/edit?gid=0#gid=0
afefmfbcccnppcaiebpmbpmddhilkkdi,Fire Shield Chrome Safety,compromised,malicious,critical,,https://docs.google.com/spreadsheets/d/1LN7MQ_9W5QHIyZjjqXK7JnSiCLlcF4aBRhmZKon-p4U/edit?gid=0#gid=0
oaljkhbgbedmfoiieocoenglpaeogjmf,Safe Search for Chromeâ¢,compromised,malicious,critical,,https://docs.google.com/spreadsheets/d/1LN7MQ_9W5QHIyZjjqXK7JnSiCLlcF4aBRhmZKon-p4U/edit?gid=0#gid=0
ndajnaaobjaganokllcgbapngenfbgkc,Fire Shield Extension Protection,compromised,malicious,critical,,https://docs.google.com/spreadsheets/d/1LN7MQ_9W5QHIyZjjqXK7JnSiCLlcF4aBRhmZKon-p4U/edit?gid=0#gid=0
okjdbeegldeilceaflghgfdemobmfhbd,Browser Checkup for Chrome by Doctor,compromised,malicious,critical,,https://docs.google.com/spreadsheets/d/1LN7MQ_9W5QHIyZjjqXK7JnSiCLlcF4aBRhmZKon-p4U/edit?gid=0#gid=0
jhigofkbdbndeooldpdhmphldaglejlh,Protecto for Chromeâ¢,compromised,malicious,critical,,https://docs.google.com/spreadsheets/d/1LN7MQ_9W5QHIyZjjqXK7JnSiCLlcF4aBRhmZKon-p4U/edit?gid=0#gid=0
pmgmbeeafpdjjhmeaalneginpmdhamhe,Unbiased Search by Protecto,compromised,malicious,critical,,https://docs.google.com/spreadsheets/d/1LN7MQ_9W5QHIyZjjqXK7JnSiCLlcF4aBRhmZKon-p4U/edit?gid=0#gid=0
eobcealmgdjeoheieiobkedbgddicaba,Securify Your Browser,compromised,malicious,critical,,https://docs.google.com/spreadsheets/d/1LN7MQ_9W5QHIyZjjqXK7JnSiCLlcF4aBRhmZKon-p4U/edit?gid=0#gid=0
lnedcnepmplnjmfdiclhbfhneconamoj,Web Privacy Assistant,compromised,malicious,critical,,https://docs.google.com/spreadsheets/d/1LN7MQ_9W5QHIyZjjqXK7JnSiCLlcF4aBRhmZKon-p4U/edit?gid=0#gid=0
gadjnphfolikkffmppnicebdfimlblkj,Securify Kid Protection,compromised,malicious,critical,,https://docs.google.com/spreadsheets/d/1LN7MQ_9W5QHIyZjjqXK7JnSiCLlcF4aBRhmZKon-p4U/edit?gid=0#gid=0
njfkgeajknkffkngdmjmjninkbgjedlo,Bing Search by Securify,compromised,malicious,critical,,https://docs.google.com/spreadsheets/d/1LN7MQ_9W5QHIyZjjqXK7JnSiCLlcF4aBRhmZKon-p4U/edit?gid=0#gid=0
eldjnmdpkecnjjkmmgndpcibgkfpodfh,Browse Securely for Chromeâ¢,compromised,malicious,critical,,https://docs.google.com/spreadsheets/d/1LN7MQ_9W5QHIyZjjqXK7JnSiCLlcF4aBRhmZKon-p4U/edit?gid=0#gid=0
omieocempinhilcpbmnfdaamgomapded,Better Browse by SecurySearch,compromised,malicious,critical,,https://docs.google.com/spreadsheets/d/1LN7MQ_9W5QHIyZjjqXK7JnSiCLlcF4aBRhmZKon-p4U/edit?gid=0#gid=0
ilgbcnkedmncjlhpfconadpjnhlflejf,Check My Permissions for Chrome,compromised,malicious,critical,,https://docs.google.com/spreadsheets/d/1LN7MQ_9W5QHIyZjjqXK7JnSiCLlcF4aBRhmZKon-p4U/edit?gid=0#gid=0
okggiiagcegdfiajlkodohfkeemnjlnd,Website Safety for Chrome,compromised,malicious,critical,,https://docs.google.com/spreadsheets/d/1LN7MQ_9W5QHIyZjjqXK7JnSiCLlcF4aBRhmZKon-p4U/edit?gid=0#gid=0
jgajjllfidghjkjfipmjbaegafkdpfha,MultiSearch for Chromeâ¢,compromised,malicious,critical,,https://docs.google.com/spreadsheets/d/1LN7MQ_9W5QHIyZjjqXK7JnSiCLlcF4aBRhmZKon-p4U/edit?gid=0#gid=0
gpibjjfllodpcfhcjpamonnblkbinbie,Global search for Chromeâ¢,compromised,malicious,critical,,https://docs.google.com/spreadsheets/d/1LN7MQ_9W5QHIyZjjqXK7JnSiCLlcF4aBRhmZKon-p4U/edit?gid=0#gid=0
hpdpddnfjaacnbcnoohlcipfafkbmdja,Map Search for Chromeâ¢,compromised,malicious,critical,,https://docs.google.com/spreadsheets/d/1LN7MQ_9W5QHIyZjjqXK7JnSiCLlcF4aBRhmZKon-p4U/edit?gid=0#gid=0
lljnhidbljbfkejjcfogkhgmgdihjmlf,Watch Tower Overview,compromised,malicious,critical,,https://docs.google.com/spreadsheets/d/1LN7MQ_9W5QHIyZjjqXK7JnSiCLlcF4aBRhmZKon-p4U/edit?gid=0#gid=0
gclgncjpanihjpbjbecgfmfnipggcckn,Incognito Shield for Chromeâ¢,compromised,malicious,critical,,https://docs.google.com/spreadsheets/d/1LN7MQ_9W5QHIyZjjqXK7JnSiCLlcF4aBRhmZKon-p4U/edit?gid=0#gid=0
cpehflfpgdgofpocagbdeecjlfhjfjdh,In Site Search for Chromeâ¢,compromised,malicious,critical,,https://docs.google.com/spreadsheets/d/1LN7MQ_9W5QHIyZjjqXK7JnSiCLlcF4aBRhmZKon-p4U/edit?gid=0#gid=0
mdenajpfccjjjnbochgkdahmnipfpelc,Privacy Guard for Chromeâ¢,compromised,malicious,critical,,https://docs.google.com/spreadsheets/d/1LN7MQ_9W5QHIyZjjqXK7JnSiCLlcF4aBRhmZKon-p4U/edit?gid=0#gid=0
eoclijfghiglinncpceohgaigfgnlbim,Yahoo Search by Ghost,compromised,malicious,critical,,https://docs.google.com/spreadsheets/d/1LN7MQ_9W5QHIyZjjqXK7JnSiCLlcF4aBRhmZKon-p4U/edit?gid=0#gid=0
cghdfcbncfjhleinblpalngjhojokjeo,Private Search for Chromeâ¢,compromised,malicious,critical,,https://docs.google.com/spreadsheets/d/1LN7MQ_9W5QHIyZjjqXK7JnSiCLlcF4aBRhmZKon-p4U/edit?gid=0#gid=0
jeahgicmhigopdgilnmclihdjjlhnmop,Total Safety for Chromeâ¢,compromised,malicious,critical,,https://docs.google.com/spreadsheets/d/1LN7MQ_9W5QHIyZjjqXK7JnSiCLlcF4aBRhmZKon-p4U/edit?gid=0#gid=0
edbhdbhgdbanjhdnpjcianjgfmdkgbcf,Data Shield for Chrome,compromised,malicious,critical,,https://docs.google.com/spreadsheets/d/1LN7MQ_9W5QHIyZjjqXK7JnSiCLlcF4aBRhmZKon-p4U/edit?gid=0#gid=0
jjnfhbcilcppomkcmkbbmcadoihkkgah,Browser WatchDog for Chrome,compromised,malicious,critical,,https://docs.google.com/spreadsheets/d/1LN7MQ_9W5QHIyZjjqXK7JnSiCLlcF4aBRhmZKon-p4U/edit?gid=0#gid=0
dmnajaiijohbndidolbdbpicdjanombo,Incognito Search for Chromeâ¢,compromised,malicious,critical,,https://docs.google.com/spreadsheets/d/1LN7MQ_9W5QHIyZjjqXK7JnSiCLlcF4aBRhmZKon-p4U/edit?gid=0#gid=0
gpghebehjahceknfdcfifeifhdbongld,Web Results for Chromeâ¢,compromised,malicious,critical,,https://docs.google.com/spreadsheets/d/1LN7MQ_9W5QHIyZjjqXK7JnSiCLlcF4aBRhmZKon-p4U/edit?gid=0#gid=0
gidejehfgombmkfflghejpncblgfkagj,Cuponomia - Coupon and Cashback,compromised,malicious,critical,,https://docs.google.com/spreadsheets/d/1LN7MQ_9W5QHIyZjjqXK7JnSiCLlcF4aBRhmZKon-p4U/edit?gid=0#gid=0
koolcjajfdkjjfklmidahmcjhcmmkhma,Securify for Chromeâ¢,compromised,malicious,critical,,https://docs.google.com/spreadsheets/d/1LN7MQ_9W5QHIyZjjqXK7JnSiCLlcF4aBRhmZKon-p4U/edit?gid=0#gid=0
gijlkeaijpeaoihdajcgmiajeoonnkoj,Securify Advanced Web Protection,compromised,malicious,critical,,https://docs.google.com/spreadsheets/d/1LN7MQ_9W5QHIyZjjqXK7JnSiCLlcF4aBRhmZKon-p4U/edit?gid=0#gid=0
kldgaejigkhpgmfglbamggiglngkifck,News Search for Chromeâ¢,compromised,malicious,critical,,https://docs.google.com/spreadsheets/d/1LN7MQ_9W5QHIyZjjqXK7JnSiCLlcF4aBRhmZKon-p4U/edit?gid=0#gid=0
ojlhcbolfcndnojcjhhjgmdblnojgefm,SecuryBrowse for Chromeâ¢,compromised,malicious,critical,,https://docs.google.com/spreadsheets/d/1LN7MQ_9W5QHIyZjjqXK7JnSiCLlcF4aBRhmZKon-p4U/edit?gid=0#gid=0
kiecdaoopedhfgapicmpebbhodepnbbp,Choose Your Chrome Tools,compromised,malicious,critical,,https://docs.google.com/spreadsheets/d/1LN7MQ_9W5QHIyZjjqXK7JnSiCLlcF4aBRhmZKon-p4U/edit?gid=0#gid=0
dmakkciciccnjgmfjflpbdfkdnmpfghp,Securify Viewpoint Searchâ¢,compromised,malicious,critical,,https://docs.google.com/spreadsheets/d/1LN7MQ_9W5QHIyZjjqXK7JnSiCLlcF4aBRhmZKon-p4U/edit?gid=0#gid=0
ebhcaliljppmelancooakfgcgcceiind,Quick Manuals for Chromeâ¢,compromised,malicious,critical,,https://docs.google.com/spreadsheets/d/1LN7MQ_9W5QHIyZjjqXK7JnSiCLlcF4aBRhmZKon-p4U/edit?gid=0#gid=0
eekblbhfmladafbmpgkdedmolbjkjbnc,Search Images on Chromeâ¢,compromised,malicious,critical,,https://docs.google.com/spreadsheets/d/1LN7MQ_9W5QHIyZjjqXK7JnSiCLlcF4aBRhmZKon-p4U/edit?gid=0#gid=0
ejkdgndbgpfcaggpmnijcbddlnmdnpka,Givero Search for Chromeâ¢,compromised,malicious,critical,,https://docs.google.com/spreadsheets/d/1LN7MQ_9W5QHIyZjjqXK7JnSiCLlcF4aBRhmZKon-p4U/edit?gid=0#gid=0
fojomppheellamdaddnbgommepnlkooh,Secured Connection by SecuryBrowse,compromised,malicious,critical,,https://docs.google.com/spreadsheets/d/1LN7MQ_9W5QHIyZjjqXK7JnSiCLlcF4aBRhmZKon-p4U/edit?gid=0#gid=0
gmbebpcapalekeaoekfhpbioilghcfmp,AI Browser Managerâ¢,compromised,malicious,critical,,https://docs.google.com/spreadsheets/d/1LN7MQ_9W5QHIyZjjqXK7JnSiCLlcF4aBRhmZKon-p4U/edit?gid=0#gid=0
ndcphhjcebhifabfmebineokbfdnbphm,Protected Browsing on Chromeâ¢,compromised,malicious,critical,,https://docs.google.com/spreadsheets/d/1LN7MQ_9W5QHIyZjjqXK7JnSiCLlcF4aBRhmZKon-p4U/edit?gid=0#gid=0
oghbffaoaooigagpockijkpfpgmnibkh,ChatGPT Search for Chromeâ¢,compromised,malicious,critical,,https://docs.google.com/spreadsheets/d/1LN7MQ_9W5QHIyZjjqXK7JnSiCLlcF4aBRhmZKon-p4U/edit?gid=0#gid=0
oppeaknhldjjnfnflbcedipjbnbimhhf,Games Search for Chromeâ¢,compromised,malicious,critical,,https://docs.google.com/spreadsheets/d/1LN7MQ_9W5QHIyZjjqXK7JnSiCLlcF4aBRhmZKon-p4U/edit?gid=0#gid=0
pcfapghfanllmbdfiipeiihpkojekckk,Address Checker for Chromeâ¢,compromised,malicious,critical,,https://docs.google.com/spreadsheets/d/1LN7MQ_9W5QHIyZjjqXK7JnSiCLlcF4aBRhmZKon-p4U/edit?gid=0#gid=0
lfmdddfdacgdimongmjclgijepoknmjm,Recipe Search for Chromeâ¢,compromised,malicious,critical,,https://docs.google.com/spreadsheets/d/1LN7MQ_9W5QHIyZjjqXK7JnSiCLlcF4aBRhmZKon-p4U/edit?gid=0#gid=0
pmannhofeaiadkcdbcebhnkcnkjjnfpn,Search Safely by SecurySearch,compromised,malicious,critical,,https://docs.google.com/spreadsheets/d/1LN7MQ_9W5QHIyZjjqXK7JnSiCLlcF4aBRhmZKon-p4U/edit?gid=0#gid=0
lkbfbidpkbeicafnnhlaockggaknjolf,SecurySearch for Chrome,compromised,malicious,critical,,https://docs.google.com/spreadsheets/d/1LN7MQ_9W5QHIyZjjqXK7JnSiCLlcF4aBRhmZKon-p4U/edit?gid=0#gid=0
adjpoipklnhlapjijccnemdhkcphcegd,Website Orientations,compromised,malicious,critical,,https://docs.google.com/spreadsheets/d/1LN7MQ_9W5QHIyZjjqXK7JnSiCLlcF4aBRhmZKon-p4U/edit?gid=0#gid=0
dkcjihabohaldgjkdmenepolojcjdaah,Protecto Whois Searchâ¢,compromised,malicious,critical,,https://docs.google.com/spreadsheets/d/1LN7MQ_9W5QHIyZjjqXK7JnSiCLlcF4aBRhmZKon-p4U/edit?gid=0#gid=0
iiegilogjnagependdonbfcmfmmaamon,Productive Search for Chromeâ¢,compromised,malicious,critical,,https://docs.google.com/spreadsheets/d/1LN7MQ_9W5QHIyZjjqXK7JnSiCLlcF4aBRhmZKon-p4U/edit?gid=0#gid=0
aiaaeimmjjeceodjpficfnjckenedbon,Secure Search for Chromeâ¢,compromised,malicious,critical,,https://docs.google.com/spreadsheets/d/1LN7MQ_9W5QHIyZjjqXK7JnSiCLlcF4aBRhmZKon-p4U/edit?gid=0#gid=0
alogdolelipkojjgggejccalcbdioolg,Yahoo SecurySearchâ¢,compromised,malicious,critical,,https://docs.google.com/spreadsheets/d/1LN7MQ_9W5QHIyZjjqXK7JnSiCLlcF4aBRhmZKon-p4U/edit?gid=0#gid=0
fchgahponkgfomlgieipannlfanfbfak,ProtectMyInfo for Chromeâ¢,compromised,malicious,critical,,https://docs.google.com/spreadsheets/d/1LN7MQ_9W5QHIyZjjqXK7JnSiCLlcF4aBRhmZKon-p4U/edit?gid=0#gid=0
ldanhaibkdifncinbpjdjpambmofmpkf,Advanced Search for Chromeâ¢,compromised,malicious,critical,,https://docs.google.com/spreadsheets/d/1LN7MQ_9W5QHIyZjjqXK7JnSiCLlcF4aBRhmZKon-p4U/edit?gid=0#gid=0
aehjmdkbfemaefoebbihbfcmhehgimcl,New Tab for Chrome â¢,compromised,malicious,critical,,https://docs.google.com/spreadsheets/d/1LN7MQ_9W5QHIyZjjqXK7JnSiCLlcF4aBRhmZKon-p4U/edit?gid=0#gid=0
fhbohimaelbohpjbbldcngcnapnedx765dodjp,Binance Chain Wallet,cryptocurrency,sensitive,low,,https://www.unpac.me/results/2556d787-13e4-47d5-80d9-23522332a0b1/
fnjhmkhhmkbedx765jkkabndcnnogagogbneec,Ronin Wallet,cryptocurrency,sensitive,low,,https://www.unpac.me/results/2556d787-13e4-47d5-80d9-23522332a0b1/
akoofbljmjeodfmdpjndmmnifglppjdi,Native messaging host for WebTruffleHog,Credential Access,offensive,medium,,https://github.com/c3l3si4n/webtrufflehog/blob/5e3d76da3d72a09367e9a0eb158f25418863e230/com.webtrufflehog.json#L7
hdemabfejemmmicoabglpocdmmkjphpo,Smartproxy Extension,Defense Evasion,phishing,high,,https://chromewebstore.google.com/detail/smartproxy-extension/hdemabfejemmmicoabglpocdmmkjphpo
aopkheicgfmacnpdebpdffbhfilcoecb,Honey: Automatic Coupons & Rewards,scam,deceptive,high,,https://www.youtube.com/watch?v=vc4yL3YTwWk
bmnlcjabgnpnenekpadlanbbkooimhnj,Honey: Automatic Coupons & Rewards,scam,deceptive,high,,https://www.youtube.com/watch?v=vc4yL3YTwWk
oleahcaoibfbcoejnabdeleldpicbjgi,Honey: Automatic Coupons & Rewards,scam,deceptive,high,,https://www.youtube.com/watch?v=vc4yL3YTwWk
amnbcmdbanbkjhnfoeceemmmdiepnbpp,Honey: Automatic Coupons & Rewards,scam,deceptive,high,,https://www.youtube.com/watch?v=vc4yL3YTwWk
jid1-93CWPmRbVPjRQA@jetpack,Honey: Automatic Coupons & Rewards,scam,deceptive,high,,https://www.youtube.com/watch?v=vc4yL3YTwWk
bibjgkidgpfbblifamdlkdlhgihmfohh,AI Assistant - ChatGPT and Gemini for Chrome,compromised,malicious,critical,,https://www.extensiontotal.com/cyberhaven-incident-live
pkgciiiancapdlpcbppfkmeaieppikkk,Bard AI chat,compromised,malicious,critical,,https://www.extensiontotal.com/cyberhaven-incident-live
epdjhgbipjpbbhoccdeipghoihibnfja,GPT 4 Summary with OpenAI,compromised,malicious,critical,,https://www.extensiontotal.com/cyberhaven-incident-live
bbdnohkpnbkdkmnkddobeafboooinpla,vSearch Copilot AI Assistant for Chrome,compromised,malicious,critical,,https://www.extensiontotal.com/cyberhaven-incident-live
befflofjcniongenjmbkgkoljhgliihe,TinaMind - The GPT-4o-powered AI Assistant!,compromised,malicious,critical,,https://www.extensiontotal.com/cyberhaven-incident-live
cedgndijpacnfbdggppddacngjfdkaca,Wayin AI,compromised,malicious,critical,,https://www.extensiontotal.com/cyberhaven-incident-live
nnpnnpemnckcfdebeekibpiijlicmpom,VPNCity,compromised,malicious,critical,,https://www.extensiontotal.com/cyberhaven-incident-live
dpggmcodlahmljkhlmpgpdcffdaoccni,Internxt VPN,compromised,malicious,critical,,https://www.extensiontotal.com/cyberhaven-incident-live
cplhlgabfijoiabgkigdafklbhhdkahj,Vidnoz Flex - Video recorder & Video share,compromised,malicious,critical,,https://www.extensiontotal.com/cyberhaven-incident-live
egmennebgadmncfjafcemlecimkepcle,VidHelper - Video Downloader,compromised,malicious,critical,,https://www.extensiontotal.com/cyberhaven-incident-live
acmfnomgphggonodopogfbmkneepfgnh,Bookmark Favicon Changer,compromised,malicious,critical,,https://www.extensiontotal.com/cyberhaven-incident-live
mnhffkhmpnefgklngfmlndmkimimbphc,Castorus,compromised,malicious,critical,,https://www.extensiontotal.com/cyberhaven-incident-live
oaikpkmjciadfpddlpjjdapglcihgdle,Uvoice,compromised,malicious,critical,,https://www.extensiontotal.com/cyberhaven-incident-live
fbmlcbhdmilaggedifpihjgkkmdgeljh,compromised extensions,compromised,malicious,critical,,https://www.extensiontotal.com/cyberhaven-incident-live
kkodiihpgodmdankclfibbiphjkfdenh,Parrot Talks,compromised,malicious,critical,,https://www.extensiontotal.com/cyberhaven-incident-live
oeiomhmbaapihbilkfkhmlajkeegnjhe,Primus (prev. PADO),compromised,malicious,critical,,https://www.extensiontotal.com/cyberhaven-incident-live
jiofmdifioeejeilfkpegipdjiopiekl,YesCaptcha assistant,compromised,malicious,critical,,https://www.extensiontotal.com/cyberhaven-incident-live
hihblcmlaaademjlakdpicchbjnnnkbo,Proxy SwitchyOmega (V3),compromised,malicious,critical,,https://www.extensiontotal.com/cyberhaven-incident-live
ndlbedplllcgconngcnfmkadhokfaaln,GraphQL Network Inspector,compromised,malicious,critical,,https://www.extensiontotal.com/cyberhaven-incident-live
igbodamhgjohafcenbcljfegbipdfjpk,Keyboard History Recorder,compromised,malicious,critical,,https://www.extensiontotal.com/cyberhaven-incident-live
bgejafhieobnfpjlpcjjggoboebonfcg,ChatGPT Assistant - Smart Search,compromised,malicious,critical,,https://www.extensiontotal.com/cyberhaven-incident-live
llimhhconnjiflfimocjggfjdlmlhblm,Reader Mode,compromised,malicious,critical,,https://www.extensiontotal.com/cyberhaven-incident-live
hodiladlefdpcbemnbbcpclbmknkiaem,Visual Effects for Google Meet,compromised,malicious,critical,,https://www.extensiontotal.com/cyberhaven-incident-live
epikoohpebngmakjinphfiagogjcnddm,AI Shop Buddy,compromised,malicious,critical,,https://www.extensiontotal.com/cyberhaven-incident-live
pajkjnmeojmbapicmbpliphjmcekeaac,Cyberhaven security extension V3,compromised,malicious,critical,,https://www.extensiontotal.com/cyberhaven-incident-live
ogbhbgkiojdollpjbhbamafmedkeockb,Earny - Up to 20% Cash Back,compromised,malicious,critical,,https://www.extensiontotal.com/cyberhaven-incident-live
eanofdhdfbcalhflpbdipkjjkoimeeod,Rewards Search Automator,compromised,malicious,critical,,https://www.extensiontotal.com/cyberhaven-incident-live
ekpkdmohpdnebfedjjfklhpefgpgaaji,Tackker - online keylogger tool,compromised,malicious,critical,,https://www.extensiontotal.com/cyberhaven-incident-live
miglaibdlgminlepgeifekifakochlka,Sort by Oldest,compromised,malicious,critical,,https://www.extensiontotal.com/cyberhaven-incident-live
mbindhfolmpijhodmgkloeeppmkhpmhc,Email Hunter,compromised,malicious,critical,,https://www.extensiontotal.com/cyberhaven-incident-live
eaijffijbobmnonfhilihbejadplhddo,8Web Mirror,compromised,malicious,critical,,https://www.extensiontotal.com/cyberhaven-incident-live
lbneaaedflankmgmfbmaplggbmjjmbae,ChatGPT App,compromised,malicious,critical,,https://www.extensiontotal.com/cyberhaven-incident-live
hmiaoahjllhfgebflooeeefeiafpkfde,Hi AI,compromised,malicious,critical,,https://www.extensiontotal.com/cyberhaven-incident-live
pdkmmfdfggfpibdjbbghggcllhhainjo,compromised extensions,compromised,malicious,critical,,https://www.extensiontotal.com/cyberhaven-incident-live
emedckhdnioeieppmeojgegjfkhdlaeo,compromised extensions,compromised,malicious,critical,,https://www.extensiontotal.com/cyberhaven-incident-live
didhgeamncokiaegffipckhhcpnmlcbl,compromised extensions,compromised,malicious,critical,,https://www.extensiontotal.com/cyberhaven-incident-live
gcmjkmgdlgnkkcocmoeiminaijmmjnii,Often targeted by stealers - installed by localxpose,cryptocurrency,sensitive,low,,https://www.virustotal.com/gui/file/17a9356024d2fa2ae8f327fc5babc10eb859e0c433e768cd03a50dd9c7880601
ijacbjjjpmhencpkoghphdgbooifplmn,Shwmae,Credential Access,offensive,medium,,https://github.com/CCob/Shwmae/blob/73415c28a0ac01727a1fde46e208ba5759b2ff23/ShwmaeExt/webauthn-inject.js#L34
inomeogfingihgjfjlpeplalcfajhgai,Chrome Remote Desktop,RMM,greyware,medium,,
bfleegjcoffelppfmadimianphbcdjkb,Fleetd,RMM,greyware,medium,,https://github.com/fleetdm/fleet/blob/80e60433482a34c6f0e758a2ff300b43f4a3a1a5/ee/fleetd-chrome/README.md?plain=1#L81
heamnjbnflcikcggoiplibfommfbkjpj,Zeal,cryptocurrency,sensitive,low,,fixme
ibnejdfjmmkpcnlpebklmnkoeoihofec,TronLink,cryptocurrency,sensitive,low,,https://www.unpac.me/results/2556d787-13e4-47d5-80d9-23522332a0b1/
nphplpgoakhhjchkkhmiggakijnkhfnd,Ton,cryptocurrency,sensitive,low,,fixme
mfgccjchihfkkindfppnaooecgfneiii,TokenPocket,cryptocurrency,sensitive,low,,fixme
lgmpcpglpngdoalbgeoldeajfclnhafa,SafePal,cryptocurrency,sensitive,low,,fixme
jnmbobjmhlngoefaiojfljckilhhlhcj,OneKey,cryptocurrency,sensitive,low,,fixme
mcohilncbfahbmgdjkbpemcciiolgcge,OKX,cryptocurrency,sensitive,low,,fixme
mcbigmjiafegjnnogedioegffbooigli,Ethos Sui,cryptocurrency,sensitive,low,,fixme
kkpllkodjeloidieedojogacfhpaihoh,Enkrypt,cryptocurrency,sensitive,low,,fixme
hifafgmccdpekplomjjkcfgodnhcellj,Crypto.com,cryptocurrency,sensitive,low,,fixme
odbfpeeihdkbihmopkbjmoonfanlbfcl,Coinbase,cryptocurrency,sensitive,low,,fixme
bopcbmipnjdcdfflfgjdgdjejmgpoaab,BlockWallet,cryptocurrency,sensitive,low,,fixme
dlcobpjiigpikoobohmabehhmhfoodbb,Argent X,cryptocurrency,sensitive,low,,fixme
cnmamaachppnkjgnildpdmkaakejnhae,AuroWallet,cryptocurrency,sensitive,low,,https://chromewebstore.google.com/detail/auro-wallet/cnmamaachppnkjgnildpdmkaakejnhae
dhkplhfnhceodhffomolpfigojocbpcb,Babylon,PUP,privacy,low,,N/A
fhbohimaelbohpjbbldcngcnapndodjp,BinanceWallet,cryptocurrency,sensitive,low,,https://chromewebstore.google.com/detail/bnb-chain-wallet/fhbohimaelbohpjbbldcngcnapndodjp
ijmpgkjfkbfhoebgogflfebnmejmfbml,BitClip,cryptocurrency,sensitive,low,,N/A
oijajbhmelbcoclnkdmembiacmeghbae,Bitoke,cryptocurrency,sensitive,low,,N/A
fihkakfobkmkjojpchpfgcmhfjnmnfpi,BitAppWallet,cryptocurrency,sensitive,low,,N/A
nlgbhdfgdhgbiamfdfmbikcdghidoadd,Byone,cryptocurrency,sensitive,low,,https://chromewebstore.google.com/detail/byone/nlgbhdfgdhgbiamfdfmbikcdghidoadd
apnehcjmnengpnmccpaibjmhhoadaico,CardWallet,cryptocurrency,sensitive,low,,https://chromewebstore.google.com/detail/cwallet/apnehcjmnengpnmccpaibjmhhoadaico
nhnkbkgjikgcigadomkphalanndcapjk,CloverWallet,cryptocurrency,sensitive,low,,https://chromewebstore.google.com/detail/portefeuille-clv/nhnkbkgjikgcigadomkphalanndcapjk
aeachknmefphepccionboohckonoeemg,Coin89,cryptocurrency,sensitive,low,,https://chromewebstore.google.com/detail/coin98-wallet/aeachknmefphepccionboohckonoeemg
dhgnlgphgchebgoemcjekedjjbifijid,CryptoAirdrops,cryptocurrency,sensitive,low,,N/A
dkdedlpgdmmkkfjabffeganieamfklkm,CyanoWallet,cryptocurrency,sensitive,low,,https://chromewebstore.google.com/detail/cyano-wallet/dkdedlpgdmmkkfjabffeganieamfklkm
blnieiiffboillknjnepogjhkgnoapac,EQUALWallet,cryptocurrency,sensitive,low,,N/A
hnhobjmcibchnmglfbldbfabcgaknlkj,Flint,cryptocurrency,sensitive,low,,https://chromewebstore.google.com/detail/flint-wallet/hnhobjmcibchnmglfbldbfabcgaknlkj
copjnifcecdedocejpaapepagaodgpbh,FreaksAxie,cryptocurrency,sensitive,low,,https://chromewebstore.google.com/detail/freaks-axie-extension/copjnifcecdedocejpaapepagaodgpbh
jbdaocneiiinmjbjlgalhcelgbejmnid,Guarda,cryptocurrency,sensitive,low,,N/A
pfmopbbadnfoelckkcmjjeaaegjpjjbk,GophotoIt,PUP,privacy,low,,N/A
nkddgncdjgjfcddamfgcmfnlhccnimig,GuildWallet,cryptocurrency,sensitive,low,,N/A
nanjmdknhkinifnkgdcggcfnhdaammmj,guildwallet,cryptocurrency,sensitive,low,,N/A
bcopgchhojmggmffilplmbdicgaihlkp,HyconLiteClient,cryptocurrency,sensitive,low,,https://chromewebstore.google.com/detail/hycon-lite-client/bcopgchhojmggmffilplmbdicgaihlkp
flpiciilemghbmfalicajoolhkkenfel,ICONex,cryptocurrency,sensitive,low,,https://chromewebstore.google.com/detail/iconex/flpiciilemghbmfalicajoolhkkenfel
kncchdigobghenbbaddojjnnaogfppfj,iWallet,cryptocurrency,sensitive,low,,https://chromewebstore.google.com/detail/iwallet/kncchdigobghenbbaddojjnnaogfppfj
dmkamcknogkgcdfhhbddcghachkejeap,Keplr,cryptocurrency,sensitive,low,,https://chromewebstore.google.com/detail/keplr/dmkamcknogkgcdfhhbddcghachkejeap
hcflpincpppdclinealmandijcmnkbgn,KHC,cryptocurrency,sensitive,low,,N/A
cihmoadaighcejopammfbmddcmdekcje,Leaf Walle,cryptocurrency,sensitive,low,,https://chromewebstore.google.com/detail/leafwallet-easy-to-use-eo/cihmoadaighcejopammfbmddcmdekcje
kpfopkelmapcoipemfendmdcghnegimn,LiqualityWallet,cryptocurrency,sensitive,low,,N/A
afbcbjpbpfadlkmhmclhkeeodmamcflc,MathWallet,cryptocurrency,sensitive,low,,https://chromewebstore.google.com/detail/math-wallet/afbcbjpbpfadlkmhmclhkeeodmamcflc
nkbihfbeogaeaoehlefnkodbefgpgknn,Metamask,cryptocurrency,sensitive,low,,https://chromewebstore.google.com/detail/metamask/nkbihfbeogaeaoehlefnkodbefgpgknn
ejbalbakoplchlghecdaedx765lmeeeajnimhm,Metamask,cryptocurrency,sensitive,low,,https://www.unpac.me/results/2556d787-13e4-47d5-80d9-23522332a0b1/
bkklifkecemccedpkhcebagjpehhabfb,MetaWallet,cryptocurrency,sensitive,low,,https://chromewebstore.google.com/detail/metawallet/bkklifkecemccedpkhcebagjpehhabfb
nlbmnnijcnlegkjjpcfjclmcfggfefdm,MEW CX,cryptocurrency,sensitive,low,,N/A
nknhiehlklippafakaeklbeglecifhad,NaboxWallet,cryptocurrency,sensitive,low,,https://chromewebstore.google.com/detail/nabox-wallet/nknhiehlklippafakaeklbeglecifhad
lpfcbjknijpeeillifnkikgncikgfhdo,Nami,cryptocurrency,sensitive,low,,https://chromewebstore.google.com/detail/nami/lpfcbjknijpeeillifnkikgncikgfhdo
onofpnbbkehpmmoabgpcpmigafmmnjhl,NashExtension,cryptocurrency,sensitive,low,,N/A
ffnbelfdoeiohenkjibnmadjiehjhajb,Yoroi,cryptocurrency,sensitive,low,,https://github.com/mallorybowes/chrome-mal-ids
cjelfplplebdjjenllpjcblmjkfcffne,Jaxx Liberty,cryptocurrency,sensitive,low,,https://github.com/mallorybowes/chrome-mal-ids
gaedmjdfmmahhbjefcbgaolhhanlaolb,Authy,cryptocurrency,sensitive,low,,https://github.com/mallorybowes/chrome-mal-ids
bhghoamapcdpbohphigoooaddinpkbai,Authenticator,cryptocurrency,sensitive,low,,https://github.com/mallorybowes/chrome-mal-ids
jiidiaalihmmhddjgbnbgdfflelocpak,BitKeep,cryptocurrency,sensitive,low,,https://github.com/mallorybowes/chrome-mal-ids
okejhknhopdbemmfefjglkdfdhpfmflg,BitKeep,cryptocurrency,sensitive,low,,https://github.com/mallorybowes/chrome-mal-ids
hkkpjehhcnhgefhbdcgfkeegglpjchdc,Braavos Smart Wallet,cryptocurrency,sensitive,low,,https://github.com/mallorybowes/chrome-mal-ids
hnfanknocfeofbddgcijnmhnfnkdnaad,Coinbase Wallet,cryptocurrency,sensitive,low,,https://github.com/mallorybowes/chrome-mal-ids
oeljdldpnmdbchonielidgobddffflal,EOS Authenticator,cryptocurrency,sensitive,low,,https://github.com/mallorybowes/chrome-mal-ids
aholpfdialjgjfhomihkjbmgjidlcdno,Exodus Web3,cryptocurrency,sensitive,low,,https://github.com/mallorybowes/chrome-mal-ids
ghocjofkdpicneaokfekohclmkfmepbp,Exodus Web3,cryptocurrency,sensitive,low,,https://github.com/mallorybowes/chrome-mal-ids
cjmkndjhnagcfbpiemnkdpomccnjblmj,Finnie,cryptocurrency,sensitive,low,,https://github.com/mallorybowes/chrome-mal-ids
ilgcnhelpchnceeipipijaljkblbcobl,GAuth Authenticator,cryptocurrency,sensitive,low,,https://github.com/mallorybowes/chrome-mal-ids
hpglfhgfnhbgpjdenjgmdgoeiappafln,Guarda,cryptocurrency,sensitive,low,,https://github.com/mallorybowes/chrome-mal-ids
acdamagkdfmpkclpoglgnbddngblgibo,Guarda Wallet,cryptocurrency,sensitive,low,,https://github.com/mallorybowes/chrome-mal-ids
knogkgcdfhhbddcghachkejeap,Keplr,cryptocurrency,sensitive,low,,https://github.com/mallorybowes/chrome-mal-ids
ejbalbakoplchlghecdalmeeeajnimhm,MetaMask,cryptocurrency,sensitive,low,,https://github.com/mallorybowes/chrome-mal-ids
djclckkglechooblngghdinmeemkbgci,MetaMask,cryptocurrency,sensitive,low,,https://github.com/mallorybowes/chrome-mal-ids
fcckkdbjnoikooededlapcalpionmalo,MOBOX WALLET,cryptocurrency,sensitive,low,,https://github.com/mallorybowes/chrome-mal-ids
bfnaelmomeimhlpmgjnjophhpkkoljpa,Phantom,cryptocurrency,sensitive,low,,https://github.com/mallorybowes/chrome-mal-ids
hgmoaheomcjnaheggkfafnjilfcefbmo,Rabet,cryptocurrency,sensitive,low,,https://github.com/mallorybowes/chrome-mal-ids
fnjhmkhhmkbjkkabndcnnogagogbneec,Ronin Wallet,cryptocurrency,sensitive,low,,https://github.com/mallorybowes/chrome-mal-ids
hfljlochmlccoobkbcgpmkpjagogcgpk,Solana Wallet,cryptocurrency,sensitive,low,,https://github.com/mallorybowes/chrome-mal-ids
cmndjbecilbocjfkibfbifhngkdmjgog,Swash,cryptocurrency,sensitive,low,,https://github.com/mallorybowes/chrome-mal-ids
mnfifefkajgofkcjkemidiaecocnkjeh,TezBox,cryptocurrency,sensitive,low,,https://github.com/mallorybowes/chrome-mal-ids
aiifbnbfobpmeekipheeijimdpnlpgpp,Terra Station,cryptocurrency,sensitive,low,,https://github.com/mallorybowes/chrome-mal-ids
egjidjbpglichdcondbcbdnbeeppgdph,Trust Wallet,cryptocurrency,sensitive,low,,https://github.com/mallorybowes/chrome-mal-ids
heaomjafhiehddpnmncmhhpjaloainkn,Trust Wallet,cryptocurrency,sensitive,low,,https://github.com/mallorybowes/chrome-mal-ids
mijjdbgpgbflkaooedaemnlciddmamai,Waves Keeper,cryptocurrency,sensitive,low,,https://github.com/mallorybowes/chrome-mal-ids
bocpokimicclpaiekenaeelehdjllofo,XDCPay,cryptocurrency,sensitive,low,,https://github.com/mallorybowes/chrome-mal-ids
akoiaibnepcedcplijmiamnaigbepmcb,Yoroi,cryptocurrency,sensitive,low,,https://github.com/mallorybowes/chrome-mal-ids
klnaejjgbibmhlephnhpmaofohgkpgkd,ZilPay,cryptocurrency,sensitive,low,,https://github.com/mallorybowes/chrome-mal-ids
ppdadbejkmjnefldpcdjhnkpbjkikoip,Oasis,cryptocurrency,sensitive,low,,https://chromewebstore.google.com/detail/rose-wallet/ppdadbejkmjnefldpcdjhnkpbjkikoip
infeboajgfhgbjpjbeppbkgnabfdkdaf,OneKey,cryptocurrency,sensitive,low,,N/A
jojhfeoedkpkglbfimdfabpdfjaoolaf,Polymesh Wallet,cryptocurrency,sensitive,low,,https://chromewebstore.google.com/detail/polymesh-wallet/jojhfeoedkpkglbfimdfabpdfjaoolaf
acmacodkjbdgmoleebolmdjonilkdbch,Rabby,cryptocurrency,sensitive,low,,https://chromewebstore.google.com/detail/rabby-wallet/acmacodkjbdgmoleebolmdjonilkdbch
cphhlgmgameodnhkjdmkpanlelnlohao,Saturn Wallet,cryptocurrency,sensitive,low,,https://chromewebstore.google.com/detail/neoline/cphhlgmgameodnhkjdmkpanlelnlohao
fhmfendgdocmcbmfikdcogofphimnkno,sollet,cryptocurrency,sensitive,low,,N/A
ookjlbkiijinhpmnjffcofjonbfbgaoc,Temple,cryptocurrency,sensitive,low,,https://chromewebstore.google.com/detail/temple-tezos-wallet/ookjlbkiijinhpmnjffcofjonbfbgaoc
aaaailpifkkekipiachodfkfmgmiapmp,Toolbar.Ask,PUP,privacy,low,,N/A
pnndplcbkakcplkjnolgbkdgjikjednm,TronWallet,cryptocurrency,sensitive,low,,https://chromewebstore.google.com/detail/tron-wallet-explorer-tron/pnndplcbkakcplkjnolgbkdgjikjednm
amkmjjmmflddogmhpjloimipbofnfjih,Wombat,cryptocurrency,sensitive,low,,https://chromewebstore.google.com/detail/wombat-gaming-wallet-for/amkmjjmmflddogmhpjloimipbofnfjih
hmeobnfnfcmdkdcmlblgagmfpfboieaf,XDefiWallet,cryptocurrency,sensitive,low,,https://chromewebstore.google.com/detail/xdefi-wallet/hmeobnfnfcmdkdcmlblgagmfpfboieaf
imloifkgjagghnncjkhggdhalmcnfklk,Trezor Password Manager,password manager,sensitive,low,,https://www.unpac.me/results/2556d787-13e4-47d5-80d9-23522332a0b1/
fdjamakpfbbddfjaooikfcpapjohcfmg,Dashlane,password manager,sensitive,low,,https://chromewebstore.google.com/detail/dashlane-gestionnaire-de/fdjamakpfbbddfjaooikfcpapjohcfmg
hdokiejnpimakedhajhdlcegeplioahd,Lastpass,password manager,sensitive,low,,https://chromewebstore.google.com/detail/lastpass-free-password-ma/hdokiejnpimakedhajhdlcegeplioahd
caljgklbbfbcjjanaijlacgncafpegll,Avira Password Manager,password manager,sensitive,low,,https://chromewebstore.google.com/detail/avira-password-manager/caljgklbbfbcjjanaijlacgncafpegll
admmjipmmciaobhojoghlmleefbicajg,Norton Password Manager,password manager,sensitive,low,,https://chromewebstore.google.com/detail/norton-password-manager/admmjipmmciaobhojoghlmleefbicajg
bfogiafebfohielmmehodmfbbebbbpei,Keeper Password Manager & Digital Vault,password manager,sensitive,low,,https://chromewebstore.google.com/detail/keeper%C2%AE-password-manager/bfogiafebfohielmmehodmfbbebbbpei
nngceckbapebfimnlniiiahkandclblb,Bitwarden Password Manager,password manager,sensitive,low,,https://chromewebstore.google.com/detail/bitwarden-password-manage/nngceckbapebfimnlniiiahkandclblb
aeblfdkhhhdcdjpifhhbdiojplfjncoa,1Password,password manager,sensitive,low,,https://chromewebstore.google.com/detail/1password-%E2%80%93-password-mana/aeblfdkhhhdcdjpifhhbdiojplfjncoa
ghmbeldphafepmbegfdlkpapadhbakde,ProtonPass,password manager,sensitive,low,,https://chromewebstore.google.com/detail/proton-pass-free-password/ghmbeldphafepmbegfdlkpapadhbakde
fjoaledfpmneenckfbpdfhkmimnjocfa,NordVPN,PROXY/VPN,Defense Evasion,high,,https://chromewebstore.google.com/detail/nordvpn-vpn-proxy-for-pri/fjoaledfpmneenckfbpdfhkmimnjocfa
fphgeikpdcdcheaochkhldmnfblfogla,NordVPN,PROXY/VPN,Defense Evasion,high,,https://microsoftedge.microsoft.com/addons/detail/nordvpn-the-fastest-vpn/fphgeikpdcdcheaochkhldmnfblfogla
ffbkglfijbcbgblgflchnbphjdllaogb,CyberGhost VPN,PROXY/VPN,Defense Evasion,high,,https://chromewebstore.google.com/detail/stay-secure-with-cybergho/ffbkglfijbcbgblgflchnbphjdllaogb
akcocjjpkmlniicdeemdceeajlmoabhg,1VPN,PROXY/VPN,Defense Evasion,high,,https://chromewebstore.google.com/detail/free-vpn-1vpn/akcocjjpkmlniicdeemdceeajlmoabhg
fgddmllnllkalaagkghckoinaemmogpe,ExpressVPN,PROXY/VPN,Defense Evasion,high,,https://chromewebstore.google.com/detail/expressvpn-vpn-proxy-for/fgddmllnllkalaagkghckoinaemmogpe
niapdbllcanepiiimjjndipklodoedlc,Adware.Yontoo,malware,malicious,critical,,https://www.trendmicro.com/vinfo/us/threat-encyclopedia/malware/troj_dloader.giw
lgjdgmdbfhobkdbcjnpnlmhnplnidkkp,N/A,malware,malicious,critical,,https://palant.info/2023/05/31/more-malicious-extensions-in-chrome-web-store/
chmfnmjfghjpdamlofhlonnnnokkpbao,N/A,malware,malicious,critical,,https://palant.info/2023/05/31/more-malicious-extensions-in-chrome-web-store/
lklmhefoneonjalpjcnhaidnodopinib,N/A,malware,malicious,critical,,https://palant.info/2023/05/31/more-malicious-extensions-in-chrome-web-store/
ciifcakemmcbbdpmljdohdmbodagmela,N/A,malware,malicious,critical,,https://palant.info/2023/05/31/more-malicious-extensions-in-chrome-web-store/
meljmedplehjlnnaempfdoecookjenph,N/A,malware,malicious,critical,,https://palant.info/2023/05/31/more-malicious-extensions-in-chrome-web-store/
lipmdblppejomolopniipdjlpfjcojob,N/A,malware,malicious,critical,,https://palant.info/2023/05/31/more-malicious-extensions-in-chrome-web-store/
lmcboojgmmaafdmgacncdpjnpnnhpmei,N/A,malware,malicious,critical,,https://palant.info/2023/05/31/more-malicious-extensions-in-chrome-web-store/
icnekagcncdgpdnpoecofjinkplbnocm,N/A,malware,malicious,critical,,https://palant.info/2023/05/31/more-malicious-extensions-in-chrome-web-store/
bahogceckgcanpcoabcdgmoidngedmfo,N/A,malware,malicious,critical,,https://palant.info/2023/05/31/more-malicious-extensions-in-chrome-web-store/
bkpdalonclochcahhipekbnedhklcdnp,N/A,malware,malicious,critical,,https://palant.info/2023/05/31/more-malicious-extensions-in-chrome-web-store/
magnkhldhhgdlhikeighmhlhonpmlolk,N/A,malware,malicious,critical,,https://palant.info/2023/05/31/more-malicious-extensions-in-chrome-web-store/
edadmcnnkkkgmofibeehgaffppadbnbi,N/A,malware,malicious,critical,,https://palant.info/2023/05/31/more-malicious-extensions-in-chrome-web-store/
ajneghihjbebmnljfhlpdmjjpifeaokc,N/A,malware,malicious,critical,,https://palant.info/2023/05/31/more-malicious-extensions-in-chrome-web-store/
nadenkhojomjfdcppbhhncbfakfjiabp,N/A,malware,malicious,critical,,https://palant.info/2023/05/31/more-malicious-extensions-in-chrome-web-store/
pbdpfhmbdldfoioggnphkiocpidecmbp,N/A,malware,malicious,critical,,https://palant.info/2023/05/31/more-malicious-extensions-in-chrome-web-store/
hdgdghnfcappcodemanhafioghjhlbpb,N/A,malware,malicious,critical,,https://palant.info/2023/05/31/more-malicious-extensions-in-chrome-web-store/
fbjfihoienmhbjflbobnmimfijpngkpa,N/A,malware,malicious,critical,,https://palant.info/2023/05/31/more-malicious-extensions-in-chrome-web-store/
kjeffohcijbnlkgoaibmdcfconakaajm,N/A,malware,malicious,critical,,https://palant.info/2023/05/31/more-malicious-extensions-in-chrome-web-store/
djmpbcihmblfdlkcfncodakgopmpgpgh,N/A,malware,malicious,critical,,https://palant.info/2023/05/31/more-malicious-extensions-in-chrome-web-store/
obeokabcpoilgegepbhlcleanmpgkhcp,N/A,malware,malicious,critical,,https://palant.info/2023/05/31/more-malicious-extensions-in-chrome-web-store/
mcmdolplhpeopapnlpbjceoofpgmkahc,N/A,malware,malicious,critical,,https://palant.info/2023/05/31/more-malicious-extensions-in-chrome-web-store/
dppnhoaonckcimpejpjodcdoenfjleme,N/A,malware,malicious,critical,,https://palant.info/2023/05/31/more-malicious-extensions-in-chrome-web-store/
idgncaddojiejegdmkofblgplkgmeipk,N/A,malware,malicious,critical,,https://palant.info/2023/05/31/more-malicious-extensions-in-chrome-web-store/
deebfeldnfhemlnidojiiidadkgnglpi,N/A,malware,malicious,critical,,https://palant.info/2023/05/31/more-malicious-extensions-in-chrome-web-store/
gfbgiekofllpkpaoadjhbbfnljbcimoh,N/A,malware,malicious,critical,,https://palant.info/2023/05/31/more-malicious-extensions-in-chrome-web-store/
pbebadpeajadcmaoofljnnfgofehnpeo,N/A,malware,malicious,critical,,https://palant.info/2023/05/31/more-malicious-extensions-in-chrome-web-store/
flmihfcdcgigpfcfjpdcniidbfnffdcf,N/A,malware,malicious,critical,,https://palant.info/2023/05/31/more-malicious-extensions-in-chrome-web-store/
pinnfpbpjancnbidnnhpemakncopaega,N/A,malware,malicious,critical,,https://palant.info/2023/05/31/more-malicious-extensions-in-chrome-web-store/
iicpikopjmmincpjkckdngpkmlcchold,N/A,malware,malicious,critical,,https://palant.info/2023/05/31/more-malicious-extensions-in-chrome-web-store/
bjlcpoknpgaoaollojjdnbdojdclidkh,N/A,malware,malicious,critical,,https://palant.info/2023/05/31/more-malicious-extensions-in-chrome-web-store/
okclicinnbnfkgchommiamjnkjcibfid,N/A,malware,malicious,critical,,https://palant.info/2023/05/31/more-malicious-extensions-in-chrome-web-store/
pcjmcnhpobkjnhajhhleejfmpeoahclc,N/A,malware,malicious,critical,,https://palant.info/2023/05/31/more-malicious-extensions-in-chrome-web-store/
hinhmojdkodmficpockledafoeodokmc,N/A,malware,malicious,critical,,https://palant.info/2023/05/31/more-malicious-extensions-in-chrome-web-store/
gcnceeflimggoamelclcbhcdggcmnglm,N/A,malware,malicious,critical,,https://palant.info/2023/05/31/more-malicious-extensions-in-chrome-web-store/
kacljcbejojnapnmiifgckbafkojcncf,N/A,malware,malicious,critical,,https://palant.info/2023/06/05/introducing-pcvark-and-their-malicious-ad-blockers/
jhkhlgaomejplkanglolfpcmfknnomle,N/A,malware,malicious,critical,,https://palant.info/2023/06/05/introducing-pcvark-and-their-malicious-ad-blockers/
nkmooloiipfcknccapehflmampkaniji,N/A,malware,malicious,critical,,https://palant.info/2023/06/05/introducing-pcvark-and-their-malicious-ad-blockers/
kgddnoifhgfdhcpbkkjdgokfnkkmdcen,N/A,malware,malicious,critical,,https://palant.info/2023/06/05/introducing-pcvark-and-their-malicious-ad-blockers/
gbdjcgalliefpinpmggefbloehmmknca,N/A,malware,malicious,critical,,https://palant.info/2023/06/08/another-cluster-of-potentially-malicious-chrome-extensions/
eggeoellnjnnglaibpcmggjnjifeebpi,N/A,malware,malicious,critical,,https://palant.info/2023/06/08/another-cluster-of-potentially-malicious-chrome-extensions/
ionpbgeeliajehajombdeflogfpgmmel,N/A,malware,malicious,critical,,https://palant.info/2023/06/08/another-cluster-of-potentially-malicious-chrome-extensions/
jaekigmcljkkalnicnjoafgfjoefkpeg,N/A,malware,malicious,critical,,https://palant.info/2023/06/08/another-cluster-of-potentially-malicious-chrome-extensions/
aeilijiaejfdnbagnpannhdoaljpkbhe,N/A,malware,malicious,critical,,https://palant.info/2023/06/08/another-cluster-of-potentially-malicious-chrome-extensions/
afdfpkhbdpioonfeknablodaejkklbdn,N/A,malware,malicious,critical,,https://palant.info/2023/06/08/another-cluster-of-potentially-malicious-chrome-extensions/
anflghppebdhjipndogapfagemgnlblh,N/A,malware,malicious,critical,,https://palant.info/2023/06/08/another-cluster-of-potentially-malicious-chrome-extensions/
anmbbeeiaollmpadookgoakpfjkbidaf,N/A,malware,malicious,critical,,https://palant.info/2023/06/08/another-cluster-of-potentially-malicious-chrome-extensions/
bebmphofpgkhclocdbgomhnjcpelbenh,N/A,malware,malicious,critical,,https://palant.info/2023/06/08/another-cluster-of-potentially-malicious-chrome-extensions/
bmkgbgkneealfabgnjfeljaiegpginpl,N/A,malware,malicious,critical,,https://palant.info/2023/06/08/another-cluster-of-potentially-malicious-chrome-extensions/
ccjlpblmgkncnnimcmbanbnhbggdpkie,N/A,malware,malicious,critical,,https://palant.info/2023/06/08/another-cluster-of-potentially-malicious-chrome-extensions/
cclhgechkjghfaoebihpklmllnnlnbdb,N/A,malware,malicious,critical,,https://palant.info/2023/06/08/another-cluster-of-potentially-malicious-chrome-extensions/
cfegchignldpfnjpodhcklmgleaoanhi,N/A,malware,malicious,critical,,https://palant.info/2023/06/08/another-cluster-of-potentially-malicious-chrome-extensions/
cfllfglbkmnbkcibbjoghimalbileaic,N/A,malware,malicious,critical,,https://palant.info/2023/06/08/another-cluster-of-potentially-malicious-chrome-extensions/
cjljdgfhkjbdbkcdkfojleidpldagmao,N/A,malware,malicious,critical,,https://palant.info/2023/06/08/another-cluster-of-potentially-malicious-chrome-extensions/
coabfkgengacobjpmdlmmihhhfnhbjdm,N/A,malware,malicious,critical,,https://palant.info/2023/06/08/another-cluster-of-potentially-malicious-chrome-extensions/
dcaffjpclkkjfacgfofgpjbmgjnjlpmh,N/A,malware,malicious,critical,,https://palant.info/2023/06/08/another-cluster-of-potentially-malicious-chrome-extensions/
djekgpcemgcnfkjldcclcpcjhemofcib,N/A,malware,malicious,critical,,https://palant.info/2023/06/08/another-cluster-of-potentially-malicious-chrome-extensions/
dkbccihpiccbcheieabdbjikohfdfaje,N/A,malware,malicious,critical,,https://palant.info/2023/06/08/another-cluster-of-potentially-malicious-chrome-extensions/
dlpimjmonhbmamocpboifndnnakgknbf,N/A,malware,malicious,critical,,https://palant.info/2023/06/08/another-cluster-of-potentially-malicious-chrome-extensions/
dmbjkidogjmmlejdmnecpmfapdmidfjg,N/A,malware,malicious,critical,,https://palant.info/2023/06/08/another-cluster-of-potentially-malicious-chrome-extensions/
dneifdhdmnmmlobjbimlkcnhkbidmlek,N/A,malware,malicious,critical,,https://palant.info/2023/06/08/another-cluster-of-potentially-malicious-chrome-extensions/
doiiaejbgndnnnomcdhefcbfnbbjfbib,N/A,malware,malicious,critical,,https://palant.info/2023/06/08/another-cluster-of-potentially-malicious-chrome-extensions/
dpfofggmkhdbfcciajfdphofclabnogo,N/A,malware,malicious,critical,,https://palant.info/2023/06/08/another-cluster-of-potentially-malicious-chrome-extensions/
eabhkjojehdleajkbigffmpnaelncapp,N/A,malware,malicious,critical,,https://palant.info/2023/06/08/another-cluster-of-potentially-malicious-chrome-extensions/
ealojglnbikknifbgleaceopepceakfn,N/A,malware,malicious,critical,,https://palant.info/2023/06/08/another-cluster-of-potentially-malicious-chrome-extensions/
ebdbcfomjliacpblnioignhfhjeajpch,N/A,malware,malicious,critical,,https://palant.info/2023/06/08/another-cluster-of-potentially-malicious-chrome-extensions/
edlifbnjlicfpckhgjhflgkeeibhhcii,N/A,malware,malicious,critical,,https://palant.info/2023/06/08/another-cluster-of-potentially-malicious-chrome-extensions/
ehmneimbopigfgchjglgngamiccjkijh,N/A,malware,malicious,critical,,https://palant.info/2023/06/08/another-cluster-of-potentially-malicious-chrome-extensions/
ehpgcagmhpndkmglombjndkdmggkgnge,N/A,malware,malicious,critical,,https://palant.info/2023/06/08/another-cluster-of-potentially-malicious-chrome-extensions/
ejllkedmklophclpgonojjkaliafeilj,N/A,malware,malicious,critical,,https://palant.info/2023/06/08/another-cluster-of-potentially-malicious-chrome-extensions/
ekjogkoigkhbgdgpolejnjfmhdcgaoof,N/A,malware,malicious,critical,,https://palant.info/2023/06/08/another-cluster-of-potentially-malicious-chrome-extensions/
elpdbicokgbedckgblmbhoamophfbchi,N/A,malware,malicious,critical,,https://palant.info/2023/06/08/another-cluster-of-potentially-malicious-chrome-extensions/
emeokgokialpjadjaoeiplmnkjoaegng,N/A,malware,malicious,critical,,https://palant.info/2023/06/08/another-cluster-of-potentially-malicious-chrome-extensions/
epeigjgefhajkiiallmfblgglmdbhfab,N/A,malware,malicious,critical,,https://palant.info/2023/06/08/another-cluster-of-potentially-malicious-chrome-extensions/
eplfglplnlljjpeiccbgnijecmkeimed,N/A,malware,malicious,critical,,https://palant.info/2023/06/08/another-cluster-of-potentially-malicious-chrome-extensions/
fbbjijdngocdplimineplmdllhjkaece,N/A,malware,malicious,critical,,https://palant.info/2023/06/08/another-cluster-of-potentially-malicious-chrome-extensions/
fbjhgeaafhlbjiejehpjdnghinlcceak,N/A,malware,malicious,critical,,https://palant.info/2023/06/08/another-cluster-of-potentially-malicious-chrome-extensions/
fedchalbmgfhdobblebblldiblbmpgdj,N/A,malware,malicious,critical,,https://palant.info/2023/06/08/another-cluster-of-potentially-malicious-chrome-extensions/
fobaamfiblkoobhjpiigemmdegbmpohd,N/A,malware,malicious,critical,,https://palant.info/2023/06/08/another-cluster-of-potentially-malicious-chrome-extensions/
gceehiicnbpehbbdaloolaanlnddailm,N/A,malware,malicious,critical,,https://palant.info/2023/06/08/another-cluster-of-potentially-malicious-chrome-extensions/
ggacghlcchiiejclfdajbpkbjfgjhfol,N/A,malware,malicious,critical,,https://palant.info/2023/06/08/another-cluster-of-potentially-malicious-chrome-extensions/
gjjbmfigjpgnehjioicaalopaikcnheo,N/A,malware,malicious,critical,,https://palant.info/2023/06/08/another-cluster-of-potentially-malicious-chrome-extensions/
gpdfpljioapjogbnlpmganakfjcemifk,N/A,malware,malicious,critical,,https://palant.info/2023/06/08/another-cluster-of-potentially-malicious-chrome-extensions/
hjlekdknhjogancdagnndeenmobeofgm,N/A,malware,malicious,critical,,https://palant.info/2023/06/08/another-cluster-of-potentially-malicious-chrome-extensions/
hlbdhflagoegglpdminhlpenkdgloabe,N/A,malware,malicious,critical,,https://palant.info/2023/06/08/another-cluster-of-potentially-malicious-chrome-extensions/
hnfabcchmopgohnhkcojhocneefbnffg,N/A,malware,malicious,critical,,https://palant.info/2023/06/08/another-cluster-of-potentially-malicious-chrome-extensions/
iabflonngmpkalkpbjonemaamlgdghea,N/A,malware,malicious,critical,,https://palant.info/2023/06/08/another-cluster-of-potentially-malicious-chrome-extensions/
ibppednjgooiepmkgdcoppnmbhmieefh,N/A,malware,malicious,critical,,https://palant.info/2023/06/08/another-cluster-of-potentially-malicious-chrome-extensions/
icchadngbpkcegnabnabhkjkfkfflmpj,N/A,malware,malicious,critical,,https://palant.info/2023/06/08/another-cluster-of-potentially-malicious-chrome-extensions/
ielooaepfhfcnmihgnabkldnpddnnldl,N/A,malware,malicious,critical,,https://palant.info/2023/06/08/another-cluster-of-potentially-malicious-chrome-extensions/
ifdepgnnjpnbkcgempionjablajancjc,N/A,malware,malicious,critical,,https://palant.info/2023/06/08/another-cluster-of-potentially-malicious-chrome-extensions/
ijejnggjjphlenbhmjhhgcdpehhacaal,N/A,malware,malicious,critical,,https://palant.info/2023/06/08/another-cluster-of-potentially-malicious-chrome-extensions/
iklgljbighkgbjoecoddejooldolenbj,N/A,malware,malicious,critical,,https://palant.info/2023/06/08/another-cluster-of-potentially-malicious-chrome-extensions/
imopknpgdihifjkjpmjaagcagkefddnb,N/A,malware,malicious,critical,,https://palant.info/2023/06/08/another-cluster-of-potentially-malicious-chrome-extensions/
jchmabokofdoabocpiicjljelmackhho,N/A,malware,malicious,critical,,https://palant.info/2023/06/08/another-cluster-of-potentially-malicious-chrome-extensions/
jdlkkmamiaikhfampledjnhhkbeifokk,N/A,malware,malicious,critical,,https://palant.info/2023/06/08/another-cluster-of-potentially-malicious-chrome-extensions/
jglemppahimembneahjbkhjknnefeeio,N/A,malware,malicious,critical,,https://palant.info/2023/06/08/another-cluster-of-potentially-malicious-chrome-extensions/
jiaopkfkampgnnkckajcbdgannoipcne,N/A,malware,malicious,critical,,https://palant.info/2023/06/08/another-cluster-of-potentially-malicious-chrome-extensions/
jjgnkfncaadmaobenjjpmngdpgalemho,N/A,malware,malicious,critical,,https://palant.info/2023/06/08/another-cluster-of-potentially-malicious-chrome-extensions/
jlbpahgopcmomkgegpbmopfodolajhbl,N/A,malware,malicious,critical,,https://palant.info/2023/06/08/another-cluster-of-potentially-malicious-chrome-extensions/
jpefmbpcbebpjpmelobfakahfdcgcmkl,N/A,malware,malicious,critical,,https://palant.info/2023/06/08/another-cluster-of-potentially-malicious-chrome-extensions/
khdnaopfklkdcloiinccnaflffmfcioa,N/A,malware,malicious,critical,,https://palant.info/2023/06/08/another-cluster-of-potentially-malicious-chrome-extensions/
kjgkmceledmpdnmgmppiekdbnamccdjp,N/A,malware,malicious,critical,,https://palant.info/2023/06/08/another-cluster-of-potentially-malicious-chrome-extensions/
laameccjpleogmfhilmffpdbiibgbekf,N/A,malware,malicious,critical,,https://palant.info/2023/06/08/another-cluster-of-potentially-malicious-chrome-extensions/
lagdcjmbchphhndlbpfajelapcodekll,N/A,malware,malicious,critical,,https://palant.info/2023/06/08/another-cluster-of-potentially-malicious-chrome-extensions/
lbohagbplppjcpllnhdichjldhfgkicb,N/A,malware,malicious,critical,,https://palant.info/2023/06/08/another-cluster-of-potentially-malicious-chrome-extensions/
ledkggjjapdgojgihnaploncccgiadhg,N/A,malware,malicious,critical,,https://palant.info/2023/06/08/another-cluster-of-potentially-malicious-chrome-extensions/
lgecddhfcfhlmllljooldkbbijdcnlpe,N/A,malware,malicious,critical,,https://palant.info/2023/06/08/another-cluster-of-potentially-malicious-chrome-extensions/
lkahpjghmdhpiojknppmlenngmpkkfma,N/A,malware,malicious,critical,,https://palant.info/2023/06/08/another-cluster-of-potentially-malicious-chrome-extensions/
lkciiknpgglgbbcgcpbpobjabglmpkle,N/A,malware,malicious,critical,,https://palant.info/2023/06/08/another-cluster-of-potentially-malicious-chrome-extensions/
lkhhagecaghfakddbncibijbjmgfhfdm,N/A,malware,malicious,critical,,https://palant.info/2023/06/08/another-cluster-of-potentially-malicious-chrome-extensions/
lknpbgnookklokdjomiildnlalffjmma,N/A,malware,malicious,critical,,https://palant.info/2023/06/08/another-cluster-of-potentially-malicious-chrome-extensions/
lojpdfjjionbhgplcangflkalmiadhfi,N/A,malware,malicious,critical,,https://palant.info/2023/06/08/another-cluster-of-potentially-malicious-chrome-extensions/
mdkiofbiinbmlblcfhfjgmclhdfikkpm,N/A,malware,malicious,critical,,https://palant.info/2023/06/08/another-cluster-of-potentially-malicious-chrome-extensions/
meffljleomgifbbcffejnmhjagncfpbd,N/A,malware,malicious,critical,,https://palant.info/2023/06/08/another-cluster-of-potentially-malicious-chrome-extensions/
mejjgaogggabifjfjdbnobinfibaamla,N/A,malware,malicious,critical,,https://palant.info/2023/06/08/another-cluster-of-potentially-malicious-chrome-extensions/
mhpcabliilgadobjpkameggapnpeppdg,N/A,malware,malicious,critical,,https://palant.info/2023/06/08/another-cluster-of-potentially-malicious-chrome-extensions/
mkjjckchdfhjbpckippbnipkdnlidbeb,N/A,malware,malicious,critical,,https://palant.info/2023/06/08/another-cluster-of-potentially-malicious-chrome-extensions/
mldaiedoebimcgkokmknonjefkionldi,N/A,malware,malicious,critical,,https://palant.info/2023/06/08/another-cluster-of-potentially-malicious-chrome-extensions/
mlkjjjmhjijlmafgjlpkiobpdocdbncj,N/A,malware,malicious,critical,,https://palant.info/2023/06/08/another-cluster-of-potentially-malicious-chrome-extensions/
mndiaaeaiclnmjcnacogaacoejchdclp,N/A,malware,malicious,critical,,https://palant.info/2023/06/08/another-cluster-of-potentially-malicious-chrome-extensions/
mnlohknjofogcljbcknkakphddjpijak,N/A,malware,malicious,critical,,https://palant.info/2023/06/08/another-cluster-of-potentially-malicious-chrome-extensions/
nhnfcgpcbfclhfafjlooihdfghaeinfc,N/A,malware,malicious,critical,,https://palant.info/2023/06/08/another-cluster-of-potentially-malicious-chrome-extensions/
ninecedhhpccjifamhafbdelibdjibgd,N/A,malware,malicious,critical,,https://palant.info/2023/06/08/another-cluster-of-potentially-malicious-chrome-extensions/
nmigaijibiabddkkmjhlehchpmgbokfj,N/A,malware,malicious,critical,,https://palant.info/2023/06/08/another-cluster-of-potentially-malicious-chrome-extensions/
npdkkcjlmhcnnaoobfdjndibfkkhhdfn,N/A,malware,malicious,critical,,https://palant.info/2023/06/08/another-cluster-of-potentially-malicious-chrome-extensions/
npmjjkphdlmbeidbdbfefgedondknlaf,N/A,malware,malicious,critical,,https://palant.info/2023/06/08/another-cluster-of-potentially-malicious-chrome-extensions/
oakbcaafbicdddpdlhbchhpblmhefngh,N/A,malware,malicious,critical,,https://palant.info/2023/06/08/another-cluster-of-potentially-malicious-chrome-extensions/
obdhcplpbliifflekgclobogbdliddjd,N/A,malware,malicious,critical,,https://palant.info/2023/06/08/another-cluster-of-potentially-malicious-chrome-extensions/
ocginjipilabheemhfbedijlhajbcabh,N/A,malware,malicious,critical,,https://palant.info/2023/06/08/another-cluster-of-potentially-malicious-chrome-extensions/
oepjogknopbbibcjcojmedaepolkghpb,N/A,malware,malicious,critical,,https://palant.info/2023/06/08/another-cluster-of-potentially-malicious-chrome-extensions/
ofpnikijgfhlmmjlpkfaifhhdonchhoi,N/A,malware,malicious,critical,,https://palant.info/2023/06/08/another-cluster-of-potentially-malicious-chrome-extensions/
ogadflejmplcdhcldlloonbiekhnlopp,N/A,malware,malicious,critical,,https://palant.info/2023/06/08/another-cluster-of-potentially-malicious-chrome-extensions/
ogfjgagnmkiigilnoiabkbbajinanlbn,N/A,malware,malicious,critical,,https://palant.info/2023/06/08/another-cluster-of-potentially-malicious-chrome-extensions/
okkffdhbfplmbjblhgapnchjinanmnij,N/A,malware,malicious,critical,,https://palant.info/2023/06/08/another-cluster-of-potentially-malicious-chrome-extensions/
oodkhhminilgphkdofffddlgopkgbgpm,N/A,malware,malicious,critical,,https://palant.info/2023/06/08/another-cluster-of-potentially-malicious-chrome-extensions/
pegfdldddiilihjahcpdehhhfcbibipg,N/A,malware,malicious,critical,,https://palant.info/2023/06/08/another-cluster-of-potentially-malicious-chrome-extensions/
phfkifnjcmdcmljnnablahicoabkokbg,N/A,malware,malicious,critical,,https://palant.info/2023/06/08/another-cluster-of-potentially-malicious-chrome-extensions/
phjbepamfhjgjdgmbhmfflhnlohldchb,N/A,malware,malicious,critical,,https://palant.info/2023/06/08/another-cluster-of-potentially-malicious-chrome-extensions/
pjbgfifennfhnbkhoidkdchbflppjncb,N/A,malware,malicious,critical,,https://palant.info/2023/06/08/another-cluster-of-potentially-malicious-chrome-extensions/
plmlopfeeobajiecodiggabcihohcnge,N/A,malware,malicious,critical,,https://palant.info/2023/06/08/another-cluster-of-potentially-malicious-chrome-extensions/
pmilcmjbofinpnbnpanpdadijibcgifc,N/A,malware,malicious,critical,,https://palant.info/2023/06/08/another-cluster-of-potentially-malicious-chrome-extensions/
pmnphobdokkajkpbkajlaiooipfcpgio,N/A,malware,malicious,critical,,https://palant.info/2023/06/08/another-cluster-of-potentially-malicious-chrome-extensions/
pnanegnllonoiklmmlegcaajoicfifcm,N/A,malware,malicious,critical,,https://palant.info/2023/06/08/another-cluster-of-potentially-malicious-chrome-extensions/
pnlphjjfielecalmmjjdhjjninkbjdod,N/A,malware,malicious,critical,,https://palant.info/2023/06/08/another-cluster-of-potentially-malicious-chrome-extensions/
pooaemmkohlphkekccfajnbcokjlbehk,N/A,malware,malicious,critical,,https://palant.info/2023/06/08/another-cluster-of-potentially-malicious-chrome-extensions/
fmlpbbognkocpajihchioognkmdeeldo,N/A,malware,malicious,critical,,https://palant.info/2023/06/08/another-cluster-of-potentially-malicious-chrome-extensions/#c000003
goaebigflkhjjblmofhoggdhebgnielo,N/A,malware,malicious,critical,,https://palant.info/2023/06/08/another-cluster-of-potentially-malicious-chrome-extensions/#c000003
igkkmokkmlbkkgdnkkancbonkbbmkioc,N/A,malware,malicious,critical,,https://palant.info/2023/06/08/another-cluster-of-potentially-malicious-chrome-extensions/#c000003
lopnbnfpjmgpbppclhclehhgafnifija,N/A,malware,malicious,critical,,https://palant.info/2023/06/08/another-cluster-of-potentially-malicious-chrome-extensions/#c000003
kgfeiebnfmmfpomhochmlfmdmjmfedfj,N/A,malware,malicious,critical,,https://palant.info/2023/06/14/why-browser-extension-games-need-access-to-all-websites/
pmlcjncilaaaemknfefmegedhcgelmee,N/A,malware,malicious,critical,,https://palant.info/2023/06/14/why-browser-extension-games-need-access-to-all-websites/
ohdgnoepeabcfdkboidmaedenahioohf,N/A,malware,malicious,critical,,https://palant.info/2023/06/14/why-browser-extension-games-need-access-to-all-websites/
dnbipceilikdgjmeiagblfckeialaela,N/A,malware,malicious,critical,,https://palant.info/2023/06/14/why-browser-extension-games-need-access-to-all-websites/
aciipkgmbljbcokcnhjbjdhilpngemnj,N/A,malware,malicious,critical,,https://palant.info/2023/06/14/why-browser-extension-games-need-access-to-all-websites/
nlmjpeojbncdmlfkpppngdnolhfgiehn,N/A,malware,malicious,critical,,https://palant.info/2023/06/14/why-browser-extension-games-need-access-to-all-websites/
phjhbkdgnjaokligmkimgnlagccanodn,N/A,malware,malicious,critical,,https://palant.info/2023/06/14/why-browser-extension-games-need-access-to-all-websites/
fkhpfgpmejefmjaeelgoopkcglgafedm,N/A,malware,malicious,critical,,https://palant.info/2023/06/14/why-browser-extension-games-need-access-to-all-websites/
kekdpkbijjffmohdaonbpeeaiknhbkhj,N/A,malware,malicious,critical,,https://palant.info/2023/06/14/why-browser-extension-games-need-access-to-all-websites/
mcmmiinopedfbaoongoclagidncaacbd,N/A,malware,malicious,critical,,https://palant.info/2023/06/14/why-browser-extension-games-need-access-to-all-websites/
ndcokkmfmiaecmndbpohaogmpmchfpkk,N/A,malware,malicious,critical,,https://palant.info/2023/06/14/why-browser-extension-games-need-access-to-all-websites/
cpmpjapeeidaikiiemnddfgfdfjjhgif,N/A,malware,malicious,critical,,https://palant.info/2023/06/14/why-browser-extension-games-need-access-to-all-websites/
ajefbooiifdkmgkpjkanmgbjbndfbfhg,N/A,malware,malicious,critical,,https://palant.info/2023/06/14/why-browser-extension-games-need-access-to-all-websites/
acmnokigkgihogfbeooklgemindnbine,N/A,malware,malicious,critical,,https://awakesecurity.com/wp-content/uploads/2020/06/GalComm-Malicious-Chrome-Extensions-Appendix-B.txt
apgohnlmnmkblgfplgnlmkjcpocgfomp,N/A,malware,malicious,critical,,https://awakesecurity.com/wp-content/uploads/2020/06/GalComm-Malicious-Chrome-Extensions-Appendix-B.txt
apjnadhmhgdobcdanndaphcpmnjbnfng,N/A,malware,malicious,critical,,https://awakesecurity.com/wp-content/uploads/2020/06/GalComm-Malicious-Chrome-Extensions-Appendix-B.txt
bahkljhhdeciiaodlkppoonappfnheoi,N/A,malware,malicious,critical,,https://awakesecurity.com/wp-content/uploads/2020/06/GalComm-Malicious-Chrome-Extensions-Appendix-B.txt
bannaglhmenocdjcmlkhkcciioaepfpj,N/A,malware,malicious,critical,,https://awakesecurity.com/wp-content/uploads/2020/06/GalComm-Malicious-Chrome-Extensions-Appendix-B.txt
bgffinjklipdhacmidehoncomokcmjmh,N/A,malware,malicious,critical,,https://awakesecurity.com/wp-content/uploads/2020/06/GalComm-Malicious-Chrome-Extensions-Appendix-B.txt
bifdhahddjbdbjmiekcnmeiffabcfjgh,N/A,malware,malicious,critical,,https://awakesecurity.com/wp-content/uploads/2020/06/GalComm-Malicious-Chrome-Extensions-Appendix-B.txt
bjpknhldlbknoidifkjnnkpginjgkgnm,N/A,malware,malicious,critical,,https://awakesecurity.com/wp-content/uploads/2020/06/GalComm-Malicious-Chrome-Extensions-Appendix-B.txt
blngdeeenccpfjbkolalandfmiinhkak,N/A,malware,malicious,critical,,https://awakesecurity.com/wp-content/uploads/2020/06/GalComm-Malicious-Chrome-Extensions-Appendix-B.txt
ccdfhjebekpopcelcfkpgagbehppkadi,N/A,malware,malicious,critical,,https://awakesecurity.com/wp-content/uploads/2020/06/GalComm-Malicious-Chrome-Extensions-Appendix-B.txt
cceejgojinihpakmciijfdgafhpchigo,N/A,malware,malicious,critical,,https://awakesecurity.com/wp-content/uploads/2020/06/GalComm-Malicious-Chrome-Extensions-Appendix-B.txt
cebjhmljaodmgmcaecenghhikkjdfabo,N/A,malware,malicious,critical,,https://awakesecurity.com/wp-content/uploads/2020/06/GalComm-Malicious-Chrome-Extensions-Appendix-B.txt
chbpnonhcgdbcpicacolalkgjlcjkbbd,N/A,malware,malicious,critical,,https://awakesecurity.com/wp-content/uploads/2020/06/GalComm-Malicious-Chrome-Extensions-Appendix-B.txt
cifafogcmckphmnbeipgkpfbjphmajbc,N/A,malware,malicious,critical,,https://awakesecurity.com/wp-content/uploads/2020/06/GalComm-Malicious-Chrome-Extensions-Appendix-B.txt
clopbiaijcfolfmjebjinippgmdkkppj,N/A,malware,malicious,critical,,https://awakesecurity.com/wp-content/uploads/2020/06/GalComm-Malicious-Chrome-Extensions-Appendix-B.txt
cpgoblgcfemdmaolmfhpoifikehgbjbf,N/A,malware,malicious,critical,,https://awakesecurity.com/wp-content/uploads/2020/06/GalComm-Malicious-Chrome-Extensions-Appendix-B.txt
dcmjopnlojhkngkmagminjbiahokmfig,N/A,malware,malicious,critical,,https://awakesecurity.com/wp-content/uploads/2020/06/GalComm-Malicious-Chrome-Extensions-Appendix-B.txt
deiiiklocnibjflinkfmefpofgcfhdga,N/A,malware,malicious,critical,,https://awakesecurity.com/wp-content/uploads/2020/06/GalComm-Malicious-Chrome-Extensions-Appendix-B.txt
dipecofobdcjnpffbkmfkdbfmjfjfgmn,N/A,malware,malicious,critical,,https://awakesecurity.com/wp-content/uploads/2020/06/GalComm-Malicious-Chrome-Extensions-Appendix-B.txt
dopkmmcoegcjggfanajnindneifffpck,N/A,malware,malicious,critical,,https://awakesecurity.com/wp-content/uploads/2020/06/GalComm-Malicious-Chrome-Extensions-Appendix-B.txt
dopmojabcdlfbnppmjeaajclohofnbol,N/A,malware,malicious,critical,,https://awakesecurity.com/wp-content/uploads/2020/06/GalComm-Malicious-Chrome-Extensions-Appendix-B.txt
edcepmkpdojmciieeijebkodahjfliif,N/A,malware,malicious,critical,,https://awakesecurity.com/wp-content/uploads/2020/06/GalComm-Malicious-Chrome-Extensions-Appendix-B.txt
ekbecnhekcpbfgdchfjcfmnocdfpcanj,N/A,malware,malicious,critical,,https://awakesecurity.com/wp-content/uploads/2020/06/GalComm-Malicious-Chrome-Extensions-Appendix-B.txt
elflophcopcglipligoibfejllmndhmp,N/A,malware,malicious,critical,,https://awakesecurity.com/wp-content/uploads/2020/06/GalComm-Malicious-Chrome-Extensions-Appendix-B.txt
eogfeijdemimhpfhlpjoifeckijeejkc,N/A,malware,malicious,critical,,https://awakesecurity.com/wp-content/uploads/2020/06/GalComm-Malicious-Chrome-Extensions-Appendix-B.txt
fcobokliblbalmjmahdebcdalglnieii,N/A,malware,malicious,critical,,https://awakesecurity.com/wp-content/uploads/2020/06/GalComm-Malicious-Chrome-Extensions-Appendix-B.txt
fgafnjobnempajahhgebbbpkpegcdlbf,N/A,malware,malicious,critical,,https://awakesecurity.com/wp-content/uploads/2020/06/GalComm-Malicious-Chrome-Extensions-Appendix-B.txt
fgcomdacecoimaejookmlcfogngmfmli,N/A,malware,malicious,critical,,https://awakesecurity.com/wp-content/uploads/2020/06/GalComm-Malicious-Chrome-Extensions-Appendix-B.txt
fgmeppijnhhafacemgoocgelcflipnfd,N/A,malware,malicious,critical,,https://awakesecurity.com/wp-content/uploads/2020/06/GalComm-Malicious-Chrome-Extensions-Appendix-B.txt
fhanjgcjamaagccdkanegeefdpdkeban,N/A,malware,malicious,critical,,https://awakesecurity.com/wp-content/uploads/2020/06/GalComm-Malicious-Chrome-Extensions-Appendix-B.txt
flfkimeelfnpapcgmobfgfifhackkend,N/A,malware,malicious,critical,,https://awakesecurity.com/wp-content/uploads/2020/06/GalComm-Malicious-Chrome-Extensions-Appendix-B.txt
fmahbaepkpdimfcjpopjklankbbhdobk,N/A,malware,malicious,critical,,https://awakesecurity.com/wp-content/uploads/2020/06/GalComm-Malicious-Chrome-Extensions-Appendix-B.txt
foebfmkeamadbhjcdglihfijdaohomlm,N/A,malware,malicious,critical,,https://awakesecurity.com/wp-content/uploads/2020/06/GalComm-Malicious-Chrome-Extensions-Appendix-B.txt
fpngnlpmkfkhodklbljnncdcmkiopide,N/A,malware,malicious,critical,,https://awakesecurity.com/wp-content/uploads/2020/06/GalComm-Malicious-Chrome-Extensions-Appendix-B.txt
gdifegeihkihjbkkgdijkcpkjekoicbl,N/A,malware,malicious,critical,,https://awakesecurity.com/wp-content/uploads/2020/06/GalComm-Malicious-Chrome-Extensions-Appendix-B.txt
gfcmbgjehfhemioddkpcipehdfnjmief,N/A,malware,malicious,critical,,https://awakesecurity.com/wp-content/uploads/2020/06/GalComm-Malicious-Chrome-Extensions-Appendix-B.txt
gfdefkjpjdbiiclhimebabkmclmiiegk,N/A,malware,malicious,critical,,https://awakesecurity.com/wp-content/uploads/2020/06/GalComm-Malicious-Chrome-Extensions-Appendix-B.txt
ggijmaajgdkdijomfipnpdfijcnodpip,N/A,malware,malicious,critical,,https://awakesecurity.com/wp-content/uploads/2020/06/GalComm-Malicious-Chrome-Extensions-Appendix-B.txt
ghgjhnkjohlnmngbniijbkidigifekaa,N/A,malware,malicious,critical,,https://awakesecurity.com/wp-content/uploads/2020/06/GalComm-Malicious-Chrome-Extensions-Appendix-B.txt
gllihgnfnbpdmnppfjdlkciijkddfohn,N/A,malware,malicious,critical,,https://awakesecurity.com/wp-content/uploads/2020/06/GalComm-Malicious-Chrome-Extensions-Appendix-B.txt
gmmohhcojdhgbjjahhpkfhbapgcfgfne,N/A,malware,malicious,critical,,https://awakesecurity.com/wp-content/uploads/2020/06/GalComm-Malicious-Chrome-Extensions-Appendix-B.txt
gofhadkfcffpjdbonbladicjdbkpickk,N/A,malware,malicious,critical,,https://awakesecurity.com/wp-content/uploads/2020/06/GalComm-Malicious-Chrome-Extensions-Appendix-B.txt
hapicipmkalhnklammmfdblkngahelln,N/A,malware,malicious,critical,,https://awakesecurity.com/wp-content/uploads/2020/06/GalComm-Malicious-Chrome-Extensions-Appendix-B.txt
hijipblimhboccjcnnjnjelcdmceeafa,N/A,malware,malicious,critical,,https://awakesecurity.com/wp-content/uploads/2020/06/GalComm-Malicious-Chrome-Extensions-Appendix-B.txt
hmamdkecijcegebmhndhcihjjkndbjgk,N/A,malware,malicious,critical,,https://awakesecurity.com/wp-content/uploads/2020/06/GalComm-Malicious-Chrome-Extensions-Appendix-B.txt
hodfejbmfdhcgolcglcojkpfdjjdepji,N/A,malware,malicious,critical,,https://awakesecurity.com/wp-content/uploads/2020/06/GalComm-Malicious-Chrome-Extensions-Appendix-B.txt
hpfijbjnmddglpmogpaeofdbehkpball,N/A,malware,malicious,critical,,https://awakesecurity.com/wp-content/uploads/2020/06/GalComm-Malicious-Chrome-Extensions-Appendix-B.txt
ianfonfnhjeidghdegbkbbjgliiciiic,N/A,malware,malicious,critical,,https://awakesecurity.com/wp-content/uploads/2020/06/GalComm-Malicious-Chrome-Extensions-Appendix-B.txt
ibfjiddieiljjjccjemgnoopkpmpniej,N/A,malware,malicious,critical,,https://awakesecurity.com/wp-content/uploads/2020/06/GalComm-Malicious-Chrome-Extensions-Appendix-B.txt
inhdgbalcopmbpjfincjponejamhaeop,N/A,malware,malicious,critical,,https://awakesecurity.com/wp-content/uploads/2020/06/GalComm-Malicious-Chrome-Extensions-Appendix-B.txt
iondldgmpaoekbgabgconiajpbkebkin,N/A,malware,malicious,critical,,https://awakesecurity.com/wp-content/uploads/2020/06/GalComm-Malicious-Chrome-Extensions-Appendix-B.txt
ipagcbjbgailmjeaojmpiddflpbgjngl,N/A,malware,malicious,critical,,https://awakesecurity.com/wp-content/uploads/2020/06/GalComm-Malicious-Chrome-Extensions-Appendix-B.txt
jagbooldjnemiedoagckjomjegkopfno,N/A,malware,malicious,critical,,https://awakesecurity.com/wp-content/uploads/2020/06/GalComm-Malicious-Chrome-Extensions-Appendix-B.txt
jdheollkkpfglhohnpgkonecdealeebn,N/A,malware,malicious,critical,,https://awakesecurity.com/wp-content/uploads/2020/06/GalComm-Malicious-Chrome-Extensions-Appendix-B.txt
jfefcmidfkpncdkjkkghhmjkafanhiam,N/A,malware,malicious,critical,,https://awakesecurity.com/wp-content/uploads/2020/06/GalComm-Malicious-Chrome-Extensions-Appendix-B.txt
jfgkpeobcmjlocjpfgocelimhppdmigj,N/A,malware,malicious,critical,,https://awakesecurity.com/wp-content/uploads/2020/06/GalComm-Malicious-Chrome-Extensions-Appendix-B.txt
jghiljaagglmcdeopnjkfhcikjnddhhc,N/A,malware,malicious,critical,,https://awakesecurity.com/wp-content/uploads/2020/06/GalComm-Malicious-Chrome-Extensions-Appendix-B.txt
jgjakaebbliafihodjhpkpankimhckdf,N/A,malware,malicious,critical,,https://awakesecurity.com/wp-content/uploads/2020/06/GalComm-Malicious-Chrome-Extensions-Appendix-B.txt
jiiinmeiedloeiabcgkdcbbpfelmbaff,N/A,malware,malicious,critical,,https://awakesecurity.com/wp-content/uploads/2020/06/GalComm-Malicious-Chrome-Extensions-Appendix-B.txt
jkdngiblfdmfjhiahibnnhcjncehcgab,N/A,malware,malicious,critical,,https://awakesecurity.com/wp-content/uploads/2020/06/GalComm-Malicious-Chrome-Extensions-Appendix-B.txt
jkofpdjclecgjcfomkaajhhmmhnninia,N/A,malware,malicious,critical,,https://awakesecurity.com/wp-content/uploads/2020/06/GalComm-Malicious-Chrome-Extensions-Appendix-B.txt
kbdbmddhlgckaggdapibpihadohhelao,N/A,malware,malicious,critical,,https://awakesecurity.com/wp-content/uploads/2020/06/GalComm-Malicious-Chrome-Extensions-Appendix-B.txt
keceijnpfmmlnebgnkhojinbkopolaom,N/A,malware,malicious,critical,,https://awakesecurity.com/wp-content/uploads/2020/06/GalComm-Malicious-Chrome-Extensions-Appendix-B.txt
khhemdcdllgomlbleegjdpbeflgbomcj,N/A,malware,malicious,critical,,https://awakesecurity.com/wp-content/uploads/2020/06/GalComm-Malicious-Chrome-Extensions-Appendix-B.txt
kjdcopljcgiekkmjhinmcpioncofoclg,N/A,malware,malicious,critical,,https://awakesecurity.com/wp-content/uploads/2020/06/GalComm-Malicious-Chrome-Extensions-Appendix-B.txt
kjgaljeofmfgjfipajjeeflbknekghma,N/A,malware,malicious,critical,,https://awakesecurity.com/wp-content/uploads/2020/06/GalComm-Malicious-Chrome-Extensions-Appendix-B.txt
labpefoeghdmpbfijhnnejdmnjccgplc,N/A,malware,malicious,critical,,https://awakesecurity.com/wp-content/uploads/2020/06/GalComm-Malicious-Chrome-Extensions-Appendix-B.txt
lameokaalbmnhgapanlloeichlbjloak,N/A,malware,malicious,critical,,https://awakesecurity.com/wp-content/uploads/2020/06/GalComm-Malicious-Chrome-Extensions-Appendix-B.txt
lbeekfefglldjjenkaekhnogoplpmfin,N/A,malware,malicious,critical,,https://awakesecurity.com/wp-content/uploads/2020/06/GalComm-Malicious-Chrome-Extensions-Appendix-B.txt
lbhddhdfbcdcfbbbmimncbakkjobaedh,N/A,malware,malicious,critical,,https://awakesecurity.com/wp-content/uploads/2020/06/GalComm-Malicious-Chrome-Extensions-Appendix-B.txt
ldoiiiffclpggehajofeffljablcodif,N/A,malware,malicious,critical,,https://awakesecurity.com/wp-content/uploads/2020/06/GalComm-Malicious-Chrome-Extensions-Appendix-B.txt
lhjdepbplpkgmghgiphdjpnagpmhijbg,N/A,malware,malicious,critical,,https://awakesecurity.com/wp-content/uploads/2020/06/GalComm-Malicious-Chrome-Extensions-Appendix-B.txt
ljddilebjpmmomoppeemckhpilhmoaok,N/A,malware,malicious,critical,,https://awakesecurity.com/wp-content/uploads/2020/06/GalComm-Malicious-Chrome-Extensions-Appendix-B.txt
ljnfpiodfojmjfbiechgkbkhikfbknjc,N/A,malware,malicious,critical,,https://awakesecurity.com/wp-content/uploads/2020/06/GalComm-Malicious-Chrome-Extensions-Appendix-B.txt
lnlkgfpceclfhomgocnnenmadlhanghf,N/A,malware,malicious,critical,,https://awakesecurity.com/wp-content/uploads/2020/06/GalComm-Malicious-Chrome-Extensions-Appendix-B.txt
loigeafmbglngofpkkddgobapkkcaena,N/A,malware,malicious,critical,,https://awakesecurity.com/wp-content/uploads/2020/06/GalComm-Malicious-Chrome-Extensions-Appendix-B.txt
lpajppfbbiafpmbeompbinpigbemekcg,N/A,malware,malicious,critical,,https://awakesecurity.com/wp-content/uploads/2020/06/GalComm-Malicious-Chrome-Extensions-Appendix-B.txt
majekhlfhmeeplofdolkddbecmgjgplm,N/A,malware,malicious,critical,,https://awakesecurity.com/wp-content/uploads/2020/06/GalComm-Malicious-Chrome-Extensions-Appendix-B.txt
mapafdeimlgplbahigmhneiibemhgcnc,N/A,malware,malicious,critical,,https://awakesecurity.com/wp-content/uploads/2020/06/GalComm-Malicious-Chrome-Extensions-Appendix-B.txt
mcfeaailfhmpdphgnheboncfiikfkenn,N/A,malware,malicious,critical,,https://awakesecurity.com/wp-content/uploads/2020/06/GalComm-Malicious-Chrome-Extensions-Appendix-B.txt
mgkjakldpclhkfadefnoncnjkiaffpkp,N/A,malware,malicious,critical,,https://awakesecurity.com/wp-content/uploads/2020/06/GalComm-Malicious-Chrome-Extensions-Appendix-B.txt
mhinpnedhapjlbgnhcifjdkklbeefbpa,N/A,malware,malicious,critical,,https://awakesecurity.com/wp-content/uploads/2020/06/GalComm-Malicious-Chrome-Extensions-Appendix-B.txt
mihiainclhehjnklijgpokdpldjmjdap,N/A,malware,malicious,critical,,https://awakesecurity.com/wp-content/uploads/2020/06/GalComm-Malicious-Chrome-Extensions-Appendix-B.txt
mmkakbkmcnchdopphcbphjioggaanmim,N/A,malware,malicious,critical,,https://awakesecurity.com/wp-content/uploads/2020/06/GalComm-Malicious-Chrome-Extensions-Appendix-B.txt
mopkkgobjofbkkgemcidkndbglkcfhjj,N/A,malware,malicious,critical,,https://awakesecurity.com/wp-content/uploads/2020/06/GalComm-Malicious-Chrome-Extensions-Appendix-B.txt
mpifmhgignilkmeckejgamolchmgfdom,N/A,malware,malicious,critical,,https://awakesecurity.com/wp-content/uploads/2020/06/GalComm-Malicious-Chrome-Extensions-Appendix-B.txt
nabmpeienmkmicpjckkgihobgleppbkc,N/A,malware,malicious,critical,,https://awakesecurity.com/wp-content/uploads/2020/06/GalComm-Malicious-Chrome-Extensions-Appendix-B.txt
nahhmpbckpgdidfnmfkfgiflpjijilce,N/A,malware,malicious,critical,,https://awakesecurity.com/wp-content/uploads/2020/06/GalComm-Malicious-Chrome-Extensions-Appendix-B.txt
ncepfbpjhkahgdemgmjmcgbgnfdinnhk,N/A,malware,malicious,critical,,https://awakesecurity.com/wp-content/uploads/2020/06/GalComm-Malicious-Chrome-Extensions-Appendix-B.txt
npaklgbiblcbpokaiddpmmbknncnbljb,N/A,malware,malicious,critical,,https://awakesecurity.com/wp-content/uploads/2020/06/GalComm-Malicious-Chrome-Extensions-Appendix-B.txt
npdfkclmbnoklkdebjfodpendkepbjek,N/A,malware,malicious,critical,,https://awakesecurity.com/wp-content/uploads/2020/06/GalComm-Malicious-Chrome-Extensions-Appendix-B.txt
nplenkhhmalidgamfdejkblbaihndkcm,N/A,malware,malicious,critical,,https://awakesecurity.com/wp-content/uploads/2020/06/GalComm-Malicious-Chrome-Extensions-Appendix-B.txt
oalfdomffplbcimjikgaklfamodahpmi,N/A,malware,malicious,critical,,https://awakesecurity.com/wp-content/uploads/2020/06/GalComm-Malicious-Chrome-Extensions-Appendix-B.txt
odnakbaioopckimfnkllgijmkikhfhhf,N/A,malware,malicious,critical,,https://awakesecurity.com/wp-content/uploads/2020/06/GalComm-Malicious-Chrome-Extensions-Appendix-B.txt
oklejhdbgggnfaggiidiaokelehcfjdp,N/A,malware,malicious,critical,,https://awakesecurity.com/wp-content/uploads/2020/06/GalComm-Malicious-Chrome-Extensions-Appendix-B.txt
omgeapkgiddakeoklcapboapbamdgmhp,N/A,malware,malicious,critical,,https://awakesecurity.com/wp-content/uploads/2020/06/GalComm-Malicious-Chrome-Extensions-Appendix-B.txt
oonbcpdabjcggcklopgbdagbfnkhbgbe,N/A,malware,malicious,critical,,https://awakesecurity.com/wp-content/uploads/2020/06/GalComm-Malicious-Chrome-Extensions-Appendix-B.txt
opahibnipmkjincplepgjiiinbfmppmh,N/A,malware,malicious,critical,,https://awakesecurity.com/wp-content/uploads/2020/06/GalComm-Malicious-Chrome-Extensions-Appendix-B.txt
pamchlfnkebmjbfbknoclehcpfclbhpl,N/A,malware,malicious,critical,,https://awakesecurity.com/wp-content/uploads/2020/06/GalComm-Malicious-Chrome-Extensions-Appendix-B.txt
pchfjdkempbhcjdifpfphmgdmnmadgce,N/A,malware,malicious,critical,,https://awakesecurity.com/wp-content/uploads/2020/06/GalComm-Malicious-Chrome-Extensions-Appendix-B.txt
pdpcpceofkopegffcdnffeenbfdldock,N/A,malware,malicious,critical,,https://awakesecurity.com/wp-content/uploads/2020/06/GalComm-Malicious-Chrome-Extensions-Appendix-B.txt
pgahbiaijngfmbbijfgmchcnkipajgha,N/A,malware,malicious,critical,,https://awakesecurity.com/wp-content/uploads/2020/06/GalComm-Malicious-Chrome-Extensions-Appendix-B.txt
pidohlmjfgjbafgfleommlolmbjdcpal,N/A,malware,malicious,critical,,https://awakesecurity.com/wp-content/uploads/2020/06/GalComm-Malicious-Chrome-Extensions-Appendix-B.txt
pilplloabdedfmialnfchjomjmpjcoej,N/A,malware,malicious,critical,,https://awakesecurity.com/wp-content/uploads/2020/06/GalComm-Malicious-Chrome-Extensions-Appendix-B.txt
pklmnoldkkoholegljdkibjjhmegpjep,N/A,malware,malicious,critical,,https://awakesecurity.com/wp-content/uploads/2020/06/GalComm-Malicious-Chrome-Extensions-Appendix-B.txt
pknkncdfjlncijifekldbjmeaiakdbof,N/A,malware,malicious,critical,,https://awakesecurity.com/wp-content/uploads/2020/06/GalComm-Malicious-Chrome-Extensions-Appendix-B.txt
plmgefkiicjfchonlmnbabfebpnpckkk,N/A,malware,malicious,critical,,https://awakesecurity.com/wp-content/uploads/2020/06/GalComm-Malicious-Chrome-Extensions-Appendix-B.txt
pnciakodcdnehobpfcjcnnlcpmjlpkac,N/A,malware,malicious,critical,,https://awakesecurity.com/wp-content/uploads/2020/06/GalComm-Malicious-Chrome-Extensions-Appendix-B.txt
ponodoigcmkglddlljanchegmkgkhmgb,N/A,malware,malicious,critical,,https://awakesecurity.com/wp-content/uploads/2020/06/GalComm-Malicious-Chrome-Extensions-Appendix-B.txt
oanbpfkcehelcjjipodkaafialmfejmi,N/A,malware,malicious,critical,,https://duo.com/labs/research/crxcavator-malvertising-2020
lhfibgclamcffnddoicjmoopmgomknmb,N/A,malware,malicious,critical,,https://duo.com/labs/research/crxcavator-malvertising-2020
ilcbbngkolbclhlildojhgjdbkkehfia,N/A,malware,malicious,critical,,https://duo.com/labs/research/crxcavator-malvertising-2020
pnhjnmacgahapmnnifmneapinilajfol,N/A,malware,malicious,critical,,https://duo.com/labs/research/crxcavator-malvertising-2020
ocifcogajbgikalbpphmoedjlcfjkhgh,N/A,malware,malicious,critical,,https://duo.com/labs/research/crxcavator-malvertising-2020
peglehonblabfemopkgmfcpofbchegcl,N/A,malware,malicious,critical,,https://duo.com/labs/research/crxcavator-malvertising-2020
aaeohfpkhojgdhocdfpkdaffbehjbmmd,N/A,malware,malicious,critical,,https://duo.com/labs/research/crxcavator-malvertising-2020
lidnmohoigekohfmdpopgcpigjkpemll,N/A,malware,malicious,critical,,https://duo.com/labs/research/crxcavator-malvertising-2020
jmbmildjdmppofnohldicmnkojfhggmb,N/A,malware,malicious,critical,,https://duo.com/labs/research/crxcavator-malvertising-2020
jdoaaldnifinadckcbfkbiekgaebkeif,N/A,malware,malicious,critical,,https://duo.com/labs/research/crxcavator-malvertising-2020
ogjfhmgoalinegalajpmjoliipdibhdm,N/A,malware,malicious,critical,,https://duo.com/labs/research/crxcavator-malvertising-2020
lebmkjafnodbnhbahbgdollaaabcmpbh,N/A,malware,malicious,critical,,https://duo.com/labs/research/crxcavator-malvertising-2020
gjammdgdlgmoidmdfoefkeklnhmllpjp,N/A,malware,malicious,critical,,https://duo.com/labs/research/crxcavator-malvertising-2020
kdkpllchojjkbgephbbeacaahecgfpga,N/A,malware,malicious,critical,,https://duo.com/labs/research/crxcavator-malvertising-2020
jaehldonmiabhfohkenmlimnceapgpnp,N/A,malware,malicious,critical,,https://duo.com/labs/research/crxcavator-malvertising-2020
pmhlkgkblgeeigiegkmacefjoflennbn,N/A,malware,malicious,critical,,https://duo.com/labs/research/crxcavator-malvertising-2020
ofdfbeanbffehepagohhengmjnhlkich,N/A,malware,malicious,critical,,https://duo.com/labs/research/crxcavator-malvertising-2020
mjchijabihjkhmmaaihpgmhkklgakinl,N/A,malware,malicious,critical,,https://duo.com/labs/research/crxcavator-malvertising-2020
poppendnaoonepbkmjejdfebihohaalo,N/A,malware,malicious,critical,,https://duo.com/labs/research/crxcavator-malvertising-2020
eogoljjmndnjfikmcbmopmlhjnhbmdda,N/A,malware,malicious,critical,,https://duo.com/labs/research/crxcavator-malvertising-2020
gdnkjjhpffldmfljpbfemliidkeeecdj,N/A,malware,malicious,critical,,https://duo.com/labs/research/crxcavator-malvertising-2020
gelcjfdfebnabkielednfoogpbhdeoai,N/A,malware,malicious,critical,,https://duo.com/labs/research/crxcavator-malvertising-2020
ofpihhkeakgnnbkmcoifjkkhnllddbld,N/A,malware,malicious,critical,,https://duo.com/labs/research/crxcavator-malvertising-2020
pjjghngpidphgicpgdebpmdgdicepege,N/A,malware,malicious,critical,,https://duo.com/labs/research/crxcavator-malvertising-2020
nchdkdaknojhpimbfbejfcdnmjfbllhj,N/A,malware,malicious,critical,,https://duo.com/labs/research/crxcavator-malvertising-2020
blcfpeooekoekehdpbikibeblpjlehlh,N/A,malware,malicious,critical,,https://duo.com/labs/research/crxcavator-malvertising-2020
looclnmoilplejheganiloofamfilbcd,N/A,malware,malicious,critical,,https://duo.com/labs/research/crxcavator-malvertising-2020
oehimkphpeeeneindfeekidpmkpffkgc,N/A,malware,malicious,critical,,https://duo.com/labs/research/crxcavator-malvertising-2020
eebbihndkbkejmlgfoofigacgicamfha,N/A,malware,malicious,critical,,https://duo.com/labs/research/crxcavator-malvertising-2020
faopefnnleiebimhkldlplkgkjpbmcea,N/A,malware,malicious,critical,,https://duo.com/labs/research/crxcavator-malvertising-2020
obcfkcpejehknjdollnafpebkcpkklbl,N/A,malware,malicious,critical,,https://duo.com/labs/research/crxcavator-malvertising-2020
jepocknhdcgdmbiodbpopcbjnlgecdhf,N/A,malware,malicious,critical,,https://duo.com/labs/research/crxcavator-malvertising-2020
dehhfjanlmglmabomenmpjnnopigplae,N/A,malware,malicious,critical,,https://duo.com/labs/research/crxcavator-malvertising-2020
ekijhekekfckmkmbemiijdkihdibnbgh,N/A,malware,malicious,critical,,https://duo.com/labs/research/crxcavator-malvertising-2020
pjpjefgijnjlhgegceegmpecklonpdjp,N/A,malware,malicious,critical,,https://duo.com/labs/research/crxcavator-malvertising-2020
nlhocomjnfjedielocojomgfldbjmdjj,N/A,malware,malicious,critical,,https://duo.com/labs/research/crxcavator-malvertising-2020
opooaebceonakifaacigffdhogdgfadg,N/A,malware,malicious,critical,,https://duo.com/labs/research/crxcavator-malvertising-2020
ojofdaokgfdlbeomlelkiiipkocneien,N/A,malware,malicious,critical,,https://duo.com/labs/research/crxcavator-malvertising-2020
gpaaalbnkccgmmbkendiciheljgpdhob,N/A,malware,malicious,critical,,https://duo.com/labs/research/crxcavator-malvertising-2020
almfnpjmjpnknlgpipillhfmchjikkno,N/A,malware,malicious,critical,,https://duo.com/labs/research/crxcavator-malvertising-2020
eeacchjlmkcleifpppcjbmahcnlihamj,N/A,malware,malicious,critical,,https://duo.com/labs/research/crxcavator-malvertising-2020
lojgkcienjoiogbfkbjiidpfnabhkckf,N/A,malware,malicious,critical,,https://duo.com/labs/research/crxcavator-malvertising-2020
gkemhapalomnipjhminflfhjcjehjhmp,N/A,malware,malicious,critical,,https://duo.com/labs/research/crxcavator-malvertising-2020
icolkoeolaodpjogekifcidcdbgbdobc,N/A,malware,malicious,critical,,https://duo.com/labs/research/crxcavator-malvertising-2020
abjbfhcehjndcpbiiagdnlfolkbfblpb,N/A,malware,malicious,critical,,https://duo.com/labs/research/crxcavator-malvertising-2020
bbjilncoookdcjjnkcdaofiollndepla,N/A,malware,malicious,critical,,https://duo.com/labs/research/crxcavator-malvertising-2020
igpcgjcdhmdjhdlgoncfnpkdipanlida,N/A,malware,malicious,critical,,https://duo.com/labs/research/crxcavator-malvertising-2020
nfhpojfdhcdmimokleagkdcbkmcgfjkh,N/A,malware,malicious,critical,,https://duo.com/labs/research/crxcavator-malvertising-2020
jfnlkmaledafkdhdokgnhlcmeamakham,N/A,malware,malicious,critical,,https://duo.com/labs/research/crxcavator-malvertising-2020
dibjpjiifnahccnokciamjlfgdlgimmn,N/A,malware,malicious,critical,,https://duo.com/labs/research/crxcavator-malvertising-2020
fjclfmhapndgeabdcikbhemimpijpnah,N/A,malware,malicious,critical,,https://duo.com/labs/research/crxcavator-malvertising-2020
jpnamljnefhpbpcofcbonjjjkmfjbhdp,N/A,malware,malicious,critical,,https://duo.com/labs/research/crxcavator-malvertising-2020
iggmbfojpkfikoahlfghaalpbpkhfohc,N/A,malware,malicious,critical,,https://duo.com/labs/research/crxcavator-malvertising-2020
fkllfgoempnigpogkgkgmghkchmjcjni,N/A,malware,malicious,critical,,https://duo.com/labs/research/crxcavator-malvertising-2020
dealfjgnmkibkcldkcpbikenmajlglmc,N/A,malware,malicious,critical,,https://duo.com/labs/research/crxcavator-malvertising-2020
abghmipjfclfpgmmelbgolfgmhnigbma,N/A,malware,malicious,critical,,https://duo.com/labs/research/crxcavator-malvertising-2020
dcbfmglfdlgpnolgdjoioeocllioebpe,N/A,malware,malicious,critical,,https://duo.com/labs/research/crxcavator-malvertising-2020
obmbmalbahpfbckpcfbipooimkldgphm,N/A,malware,malicious,critical,,https://duo.com/labs/research/crxcavator-malvertising-2020
gbkmkgfjngebdcpklbkeccelcjaobblk,N/A,malware,malicious,critical,,https://duo.com/labs/research/crxcavator-malvertising-2020
ehibgcefkpbfkklbpahilhicidnhiboc,N/A,malware,malicious,critical,,https://duo.com/labs/research/crxcavator-malvertising-2020
gmljddfeipofcffbhhcpohkegndieeab,N/A,malware,malicious,critical,,https://duo.com/labs/research/crxcavator-malvertising-2020
dajgdhiemoaecngkpliephmheifopmjb,N/A,malware,malicious,critical,,https://duo.com/labs/research/crxcavator-malvertising-2020
fdbmoflclpmkmeobidcgmfamkicinnlg,N/A,malware,malicious,critical,,https://duo.com/labs/research/crxcavator-malvertising-2020
obbfndpanmiplgfcbeonoocobbnjdmdc,N/A,malware,malicious,critical,,https://duo.com/labs/research/crxcavator-malvertising-2020
lgljionbhcfbnpjgfnhhoadpdngkmfnh,N/A,malware,malicious,critical,,https://duo.com/labs/research/crxcavator-malvertising-2020
ddenjpheppdmfimooolgihimdgpilhfo,N/A,malware,malicious,critical,,https://duo.com/labs/research/crxcavator-malvertising-2020
bblkckhknhmalchbceidkmjalmcmnkfa,N/A,malware,malicious,critical,,https://duo.com/labs/research/crxcavator-malvertising-2020
fhkmacopackahlbnpcfijgphgoimpggb,N/A,malware,malicious,critical,,https://duo.com/labs/research/crxcavator-malvertising-2020
eohnfgagodblipmmalphhfepaonpnjgk,N/A,malware,malicious,critical,,https://duo.com/labs/research/crxcavator-malvertising-2020
emkkigmmpfbjmikfadmfeebomholoikg,N/A,malware,malicious,critical,,https://duo.com/labs/research/crxcavator-malvertising-2020
fekjbjbbdopogpamkmdjpjicapclgamj,N/A,malware,malicious,critical,,https://duo.com/labs/research/crxcavator-malvertising-2020
afephhbbcdlgdehhddfnehfndnkfbgnm,N/A,malware,malicious,critical,,https://medium.com/mycrypto/discovering-fake-browser-extensions-that-target-users-of-ledger-trezor-mew-metamask-and-more-e281a2b80ff9
agfjbfkpehcnceblmdahjaejpnnnkjdn,N/A,malware,malicious,critical,,https://medium.com/mycrypto/discovering-fake-browser-extensions-that-target-users-of-ledger-trezor-mew-metamask-and-more-e281a2b80ff9
ahikdohkiedoomaklnohgdnmfcmbabcn,N/A,malware,malicious,critical,,https://medium.com/mycrypto/discovering-fake-browser-extensions-that-target-users-of-ledger-trezor-mew-metamask-and-more-e281a2b80ff9
ahlfiinafajfmciaajgophipcfholmeh,N/A,malware,malicious,critical,,https://medium.com/mycrypto/discovering-fake-browser-extensions-that-target-users-of-ledger-trezor-mew-metamask-and-more-e281a2b80ff9
akglkgdiggmkilkhejagginkngocbpbj,N/A,malware,malicious,critical,,https://medium.com/mycrypto/discovering-fake-browser-extensions-that-target-users-of-ledger-trezor-mew-metamask-and-more-e281a2b80ff9
anihmmejabpaocacmeodiapbhpholaom,N/A,malware,malicious,critical,,https://medium.com/mycrypto/discovering-fake-browser-extensions-that-target-users-of-ledger-trezor-mew-metamask-and-more-e281a2b80ff9
bhkcgfbaokmhglgipbppoobmoblcomhh,N/A,malware,malicious,critical,,https://medium.com/mycrypto/discovering-fake-browser-extensions-that-target-users-of-ledger-trezor-mew-metamask-and-more-e281a2b80ff9
bkanfnnhokogflpnhnbfjdhbjdlgncdi,N/A,malware,malicious,critical,,https://medium.com/mycrypto/discovering-fake-browser-extensions-that-target-users-of-ledger-trezor-mew-metamask-and-more-e281a2b80ff9
bpfdhglfmfepjhgnhnmclbfiknjnfblb,N/A,malware,malicious,critical,,https://medium.com/mycrypto/discovering-fake-browser-extensions-that-target-users-of-ledger-trezor-mew-metamask-and-more-e281a2b80ff9
bpklfenmjhcjlocdicfadpfppcgojfjp,N/A,malware,malicious,critical,,https://medium.com/mycrypto/discovering-fake-browser-extensions-that-target-users-of-ledger-trezor-mew-metamask-and-more-e281a2b80ff9
ckelhijilmmlmnaljmjpigfopkmfkoeh,N/A,malware,malicious,critical,,https://medium.com/mycrypto/discovering-fake-browser-extensions-that-target-users-of-ledger-trezor-mew-metamask-and-more-e281a2b80ff9
dbcfhcelmjepboabieglhjejeolaopdl,N/A,malware,malicious,critical,,https://medium.com/mycrypto/discovering-fake-browser-extensions-that-target-users-of-ledger-trezor-mew-metamask-and-more-e281a2b80ff9
dbcfokmgampdedgcefjahloodbgakkpl,N/A,malware,malicious,critical,,https://medium.com/mycrypto/discovering-fake-browser-extensions-that-target-users-of-ledger-trezor-mew-metamask-and-more-e281a2b80ff9
ddohdfnenhipnhnbbfifknnhaomihcip,N/A,malware,malicious,critical,,https://medium.com/mycrypto/discovering-fake-browser-extensions-that-target-users-of-ledger-trezor-mew-metamask-and-more-e281a2b80ff9
dehindejipifeaikcgbkdijgkbjliojc,N/A,malware,malicious,critical,,https://medium.com/mycrypto/discovering-fake-browser-extensions-that-target-users-of-ledger-trezor-mew-metamask-and-more-e281a2b80ff9
dkhcmjfipgoapjamnngolidbcakpdhgf,N/A,malware,malicious,critical,,https://medium.com/mycrypto/discovering-fake-browser-extensions-that-target-users-of-ledger-trezor-mew-metamask-and-more-e281a2b80ff9
effhjobodhmkbgfpgcdabfnjlnphakhb,N/A,malware,malicious,critical,,https://medium.com/mycrypto/discovering-fake-browser-extensions-that-target-users-of-ledger-trezor-mew-metamask-and-more-e281a2b80ff9
egpnofbhgafhbkapdhedimohmainbiio,N/A,malware,malicious,critical,,https://medium.com/mycrypto/discovering-fake-browser-extensions-that-target-users-of-ledger-trezor-mew-metamask-and-more-e281a2b80ff9
ehlgimmlmmcocemjadeafmohiplmgmei,N/A,malware,malicious,critical,,https://medium.com/mycrypto/discovering-fake-browser-extensions-that-target-users-of-ledger-trezor-mew-metamask-and-more-e281a2b80ff9
epphnioigompfjaknnaokghgcncnjfbe,N/A,malware,malicious,critical,,https://medium.com/mycrypto/discovering-fake-browser-extensions-that-target-users-of-ledger-trezor-mew-metamask-and-more-e281a2b80ff9
gbbpilgcdcmfppjkdociebhmcnbfbmod,N/A,malware,malicious,critical,,https://medium.com/mycrypto/discovering-fake-browser-extensions-that-target-users-of-ledger-trezor-mew-metamask-and-more-e281a2b80ff9
glmbceclkhkaebcadgmbcjihllcnpmjh,N/A,malware,malicious,critical,,https://medium.com/mycrypto/discovering-fake-browser-extensions-that-target-users-of-ledger-trezor-mew-metamask-and-more-e281a2b80ff9
gpffceikmehgifkjjginoibpceadefih,N/A,malware,malicious,critical,,https://medium.com/mycrypto/discovering-fake-browser-extensions-that-target-users-of-ledger-trezor-mew-metamask-and-more-e281a2b80ff9
idnelecdpebmbpnmambnpcjogingdfco,N/A,malware,malicious,critical,,https://medium.com/mycrypto/discovering-fake-browser-extensions-that-target-users-of-ledger-trezor-mew-metamask-and-more-e281a2b80ff9
ifceimlckdanenfkfoomccpcpemphlbg,N/A,malware,malicious,critical,,https://medium.com/mycrypto/discovering-fake-browser-extensions-that-target-users-of-ledger-trezor-mew-metamask-and-more-e281a2b80ff9
ifmkfoeijeemajoodjfoagpbejmmnkhm,N/A,malware,malicious,critical,,https://medium.com/mycrypto/discovering-fake-browser-extensions-that-target-users-of-ledger-trezor-mew-metamask-and-more-e281a2b80ff9
igkljanmhbnhedgkmgpkcgpjmociceim,N/A,malware,malicious,critical,,https://medium.com/mycrypto/discovering-fake-browser-extensions-that-target-users-of-ledger-trezor-mew-metamask-and-more-e281a2b80ff9
ijhakgidfnlallpobldpbhandllbeobg,N/A,malware,malicious,critical,,https://medium.com/mycrypto/discovering-fake-browser-extensions-that-target-users-of-ledger-trezor-mew-metamask-and-more-e281a2b80ff9
ijohicfhndicpnmkaldafhbecijhdikd,N/A,malware,malicious,critical,,https://medium.com/mycrypto/discovering-fake-browser-extensions-that-target-users-of-ledger-trezor-mew-metamask-and-more-e281a2b80ff9
jbfponbaiamgjmfpfghcjjhddjdjdpna,N/A,malware,malicious,critical,,https://medium.com/mycrypto/discovering-fake-browser-extensions-that-target-users-of-ledger-trezor-mew-metamask-and-more-e281a2b80ff9
jfamimfejiccpbnghhjfcibhkgblmiml,N/A,malware,malicious,critical,,https://medium.com/mycrypto/discovering-fake-browser-extensions-that-target-users-of-ledger-trezor-mew-metamask-and-more-e281a2b80ff9
jlaaidmjgpgfkhehcljmeckhlaibgaol,N/A,malware,malicious,critical,,https://medium.com/mycrypto/discovering-fake-browser-extensions-that-target-users-of-ledger-trezor-mew-metamask-and-more-e281a2b80ff9
kjnmimfgphmcppjhombdhhegpjphpiol,N/A,malware,malicious,critical,,https://medium.com/mycrypto/discovering-fake-browser-extensions-that-target-users-of-ledger-trezor-mew-metamask-and-more-e281a2b80ff9
lfaahmcgahoalphllknbfcckggddoffj,N/A,malware,malicious,critical,,https://medium.com/mycrypto/discovering-fake-browser-extensions-that-target-users-of-ledger-trezor-mew-metamask-and-more-e281a2b80ff9
mcbcknmlpfkbpogpnfcimfgdmchchmmg,N/A,malware,malicious,critical,,https://medium.com/mycrypto/discovering-fake-browser-extensions-that-target-users-of-ledger-trezor-mew-metamask-and-more-e281a2b80ff9
mciddpldhpdpibckghnaoidpolnmighk,N/A,malware,malicious,critical,,https://medium.com/mycrypto/discovering-fake-browser-extensions-that-target-users-of-ledger-trezor-mew-metamask-and-more-e281a2b80ff9
mjbimaghobnkobfefccnnnjedoefbafl,N/A,malware,malicious,critical,,https://medium.com/mycrypto/discovering-fake-browser-extensions-that-target-users-of-ledger-trezor-mew-metamask-and-more-e281a2b80ff9
mnbhnjecaofgddbldmppbbdlokappkgk,N/A,malware,malicious,critical,,https://medium.com/mycrypto/discovering-fake-browser-extensions-that-target-users-of-ledger-trezor-mew-metamask-and-more-e281a2b80ff9
nicmhgecboifljcnbbjlajbpagmhcclp,N/A,malware,malicious,critical,,https://medium.com/mycrypto/discovering-fake-browser-extensions-that-target-users-of-ledger-trezor-mew-metamask-and-more-e281a2b80ff9
njhfmnfcoffkdjbgpannpgifnbgdihkl,N/A,malware,malicious,critical,,https://medium.com/mycrypto/discovering-fake-browser-extensions-that-target-users-of-ledger-trezor-mew-metamask-and-more-e281a2b80ff9
noilkpnilphojpjaimfcnldblelgllaa,N/A,malware,malicious,critical,,https://medium.com/mycrypto/discovering-fake-browser-extensions-that-target-users-of-ledger-trezor-mew-metamask-and-more-e281a2b80ff9
obcfoaeoidokjbaokikamaljjlpebofe,N/A,malware,malicious,critical,,https://medium.com/mycrypto/discovering-fake-browser-extensions-that-target-users-of-ledger-trezor-mew-metamask-and-more-e281a2b80ff9
oejafikjmfmejaafjjkoeejjpdfkdkpc,N/A,malware,malicious,critical,,https://medium.com/mycrypto/discovering-fake-browser-extensions-that-target-users-of-ledger-trezor-mew-metamask-and-more-e281a2b80ff9
ogaclpidpghafcnbchgpbigfegdbdikj,N/A,malware,malicious,critical,,https://medium.com/mycrypto/discovering-fake-browser-extensions-that-target-users-of-ledger-trezor-mew-metamask-and-more-e281a2b80ff9
opmelhjohnmenjibglddlpmbpbocohck,N/A,malware,malicious,critical,,https://medium.com/mycrypto/discovering-fake-browser-extensions-that-target-users-of-ledger-trezor-mew-metamask-and-more-e281a2b80ff9
pbilbjpkfbfbackdcejdmhdfgeldakkn,N/A,malware,malicious,critical,,https://medium.com/mycrypto/discovering-fake-browser-extensions-that-target-users-of-ledger-trezor-mew-metamask-and-more-e281a2b80ff9
pcmdfnnipgpilomfclbnjpbdnmbcgjaf,N/A,malware,malicious,critical,,https://medium.com/mycrypto/discovering-fake-browser-extensions-that-target-users-of-ledger-trezor-mew-metamask-and-more-e281a2b80ff9
pedokobimilhjemibclahcelgedmkgei,N/A,malware,malicious,critical,,https://medium.com/mycrypto/discovering-fake-browser-extensions-that-target-users-of-ledger-trezor-mew-metamask-and-more-e281a2b80ff9
plnlhldekkpgnngfdbdhocnjfplgnekg,N/A,malware,malicious,critical,,https://medium.com/mycrypto/discovering-fake-browser-extensions-that-target-users-of-ledger-trezor-mew-metamask-and-more-e281a2b80ff9
nonjdcjchghhkdoolnlbekcfllmednbl,N/A,malware,malicious,critical,,https://securitywithsam.com/2019/07/dataspii-leak-via-browser-extensions/
pgeolalilifpodheeocdmbhehgnkkbak,N/A,malware,malicious,critical,,https://securitywithsam.com/2019/07/dataspii-leak-via-browser-extensions/
gnamdgilanlgeeljfnckhboobddoahbl,N/A,malware,malicious,critical,,https://securitywithsam.com/2019/07/dataspii-leak-via-browser-extensions/
alecjlhgldihcjjcffgjalappiifdhae,N/A,malware,malicious,critical,,https://securitywithsam.com/2019/07/dataspii-leak-via-browser-extensions/
kelbkhobcfhdcfhohdkjnaimmicmhcbo,N/A,malware,malicious,critical,,https://securitywithsam.com/2019/07/dataspii-leak-via-browser-extensions/
dpglnfbihebejclmfmdcbgjembbfjneo,N/A,malware,malicious,critical,,https://securitywithsam.com/2019/07/dataspii-leak-via-browser-extensions/
lpjhpdcflkecpciaehfbpafflkeomcnb,N/A,malware,malicious,critical,,https://securitywithsam.com/2019/07/dataspii-leak-via-browser-extensions/
ckkgmccefffnbbalkmbbgebbojjogffn,N/A,malware,malicious,critical,,N/A
ppmibgfeefcglejjlpeihfdimbkfbbnm,N/A,malware,malicious,critical,,https://blog.gigamon.com/2018/01/18/malicious-chrome-extensions-enable-criminals-to-impact-half-a-million-users-and-global-businesses/
ginfoagmgomhccdaclfbbbhfjgmphkph,N/A,malware,malicious,critical,,https://blog.gigamon.com/2018/01/18/malicious-chrome-extensions-enable-criminals-to-impact-half-a-million-users-and-global-businesses/
mpneoicaochhlckfkackiigepakdgapj,N/A,malware,malicious,critical,,https://blog.gigamon.com/2018/01/18/malicious-chrome-extensions-enable-criminals-to-impact-half-a-million-users-and-global-businesses/
djffibmpaakodnbmcdemmmjmeolcmbae,N/A,malware,malicious,critical,,https://blog.gigamon.com/2018/01/18/malicious-chrome-extensions-enable-criminals-to-impact-half-a-million-users-and-global-businesses/
pejkmgfabkeddfcfldloonjbikjddapb,N/A,malware,malicious,critical,,https://blog.malwarebytes.com/threat-analysis/2016/01/rogue-google-chrome-extension-spies-on-you/
gmddfjhfjgbmabkihepijkanhmlooajl,N/A,malware,malicious,critical,,https://blog.radware.com/security/2018/05/nigelthorn-malware-abuses-chrome-extensions/
kajjcgpohlkdcjfkcbkkbhapafcblaom,N/A,malware,malicious,critical,,https://blog.radware.com/security/2018/05/nigelthorn-malware-abuses-chrome-extensions/
anbnajjakpmfdofijejenaclbceejlll,N/A,malware,malicious,critical,,https://blog.radware.com/security/2018/05/nigelthorn-malware-abuses-chrome-extensions/
jkkmcoihchcflfjnigngdegbemipdlnl,N/A,malware,malicious,critical,,https://blog.radware.com/security/2018/05/nigelthorn-malware-abuses-chrome-extensions/
ajmchakbijebimbgcohecngliijaddin,N/A,malware,malicious,critical,,https://blog.radware.com/security/2018/05/nigelthorn-malware-abuses-chrome-extensions/
edpoobbacbcmfpnfpjoambjbihhobooi,N/A,malware,malicious,critical,,https://blog.radware.com/security/2018/05/nigelthorn-malware-abuses-chrome-extensions/
opfogdennafhaoihhkocppaajlkpbfbn,N/A,malware,malicious,critical,,https://blog.radware.com/security/2018/05/nigelthorn-malware-abuses-chrome-extensions/
ikojddbdekpboemgplhbloojlncbpmdd,N/A,malware,malicious,critical,,https://www.reddit.com/r/chrome/comments/hbpi7z/found_a_extension_that_contains_malware/
chlpbdodahbpifpjbcoocpfadoffdbpb,N/A,malware,malicious,critical,,https://www.reddit.com/r/chrome/comments/hbpi7z/found_a_extension_that_contains_malware/
flbcjbhgomclbhlchggbmnpekhfeacim,N/A,malware,malicious,critical,,https://adguard.com/en/blog/fake-ad-blockers-part-3.html
aadmpgppfacognoeobmheghfiibdplcf,N/A,malware,malicious,critical,,https://adguard.com/en/blog/fake-ad-blockers-part-3.html
abgfholnofpihncfdmombecmohpkojdb,N/A,malware,malicious,critical,,https://adguard.com/en/blog/fake-ad-blockers-part-3.html
aciloeifdphkogbpagikkpiecbjkmedn,N/A,malware,malicious,critical,,https://adguard.com/en/blog/fake-ad-blockers-part-3.html
acmgemnaochmalgkipbamjddcplkdmjm,N/A,malware,malicious,critical,,https://adguard.com/en/blog/fake-ad-blockers-part-3.html
addpbbembilhmnkjpenjgcgmihlcofja,N/A,malware,malicious,critical,,https://adguard.com/en/blog/fake-ad-blockers-part-3.html
adfjcmhegakkhojnallobfjbhenbkopj,N/A,malware,malicious,critical,,https://adguard.com/en/blog/fake-ad-blockers-part-3.html
aeklcpmgaadjpglhjmcidlekijpnmdhc,N/A,malware,malicious,critical,,https://adguard.com/en/blog/fake-ad-blockers-part-3.html
afifalglopajkmdkgnphpfkmgpgdngfj,N/A,malware,malicious,critical,,https://adguard.com/en/blog/fake-ad-blockers-part-3.html
agldjlpmeladgadoikdbndmeljpmnajl,N/A,malware,malicious,critical,,https://adguard.com/en/blog/fake-ad-blockers-part-3.html
ahmmgfhcokekfofjdndgmkffifklogbo,N/A,malware,malicious,critical,,https://adguard.com/en/blog/fake-ad-blockers-part-3.html
aippaajbmefpjeajhgaahmicdpgepnnm,N/A,malware,malicious,critical,,https://adguard.com/en/blog/fake-ad-blockers-part-3.html
akdpobnbjepjbnjklkkbdafemhnbfldj,N/A,malware,malicious,critical,,https://adguard.com/en/blog/fake-ad-blockers-part-3.html
akhiflcfcbnheaofcaflofbmnkmjlnno,N/A,malware,malicious,critical,,https://adguard.com/en/blog/fake-ad-blockers-part-3.html
aklklkifmplgnobmieahildcfbleamdb,N/A,malware,malicious,critical,,https://adguard.com/en/blog/fake-ad-blockers-part-3.html
alppaffmlaefpmopolgpkgmncopkbbep,N/A,malware,malicious,critical,,https://adguard.com/en/blog/fake-ad-blockers-part-3.html
amdnpfcpjglkdfcigaccfgmlmdepdpeo,N/A,malware,malicious,critical,,https://adguard.com/en/blog/fake-ad-blockers-part-3.html
aomepndmhbbklcjcknnhdabaaofahjcj,N/A,malware,malicious,critical,,https://adguard.com/en/blog/fake-ad-blockers-part-3.html
badbchbijjjadlpjkkhmefaghggjjeha,N/A,malware,malicious,critical,,https://adguard.com/en/blog/fake-ad-blockers-part-3.html
bbbdfjdplonnggfjjbjhggobffkggnkm,N/A,malware,malicious,critical,,https://adguard.com/en/blog/fake-ad-blockers-part-3.html
bbdldenhkjcoikalkfkgolomdpnncofc,N/A,malware,malicious,critical,,https://adguard.com/en/blog/fake-ad-blockers-part-3.html
bcdjcbgogdomoebdcbniaifnacjbglil,N/A,malware,malicious,critical,,https://adguard.com/en/blog/fake-ad-blockers-part-3.html
bcepmajicjlaoleoljbpaemkfghohmib,N/A,malware,malicious,critical,,https://adguard.com/en/blog/fake-ad-blockers-part-3.html
bdbablmeheiahecklheciomhmkplcoml,N/A,malware,malicious,critical,,https://adguard.com/en/blog/fake-ad-blockers-part-3.html
bfeecodfffgkdedfhmgbfindokikafid,N/A,malware,malicious,critical,,https://adguard.com/en/blog/fake-ad-blockers-part-3.html
bhifimmocncplbnikchffepggmofkake,N/A,malware,malicious,critical,,https://adguard.com/en/blog/fake-ad-blockers-part-3.html
blipiofdiknkllpajgepiiigfmfgnfep,N/A,malware,malicious,critical,,https://adguard.com/en/blog/fake-ad-blockers-part-3.html
bmagbmnmkaknlnoohbmobfmlgndijecb,N/A,malware,malicious,critical,,https://adguard.com/en/blog/fake-ad-blockers-part-3.html
bnecbeikepeloplclngelcgmgdnafhlp,N/A,malware,malicious,critical,,https://adguard.com/en/blog/fake-ad-blockers-part-3.html
bpnmalopmgpilaoikaeafokedkkonhea,N/A,malware,malicious,critical,,https://adguard.com/en/blog/fake-ad-blockers-part-3.html
cbncogjaakomibjcgdkpdjmlhfcjfojc,N/A,malware,malicious,critical,,https://adguard.com/en/blog/fake-ad-blockers-part-3.html
ccgmdfdcnpcfmpceggggmnhbolkhlffi,N/A,malware,malicious,critical,,https://adguard.com/en/blog/fake-ad-blockers-part-3.html
ccmnnlcciddhkdllgfmkojmmmpahdhlp,N/A,malware,malicious,critical,,https://adguard.com/en/blog/fake-ad-blockers-part-3.html
cdpmhflbdaoifgkmlhpfkbfgcifchgpn,N/A,malware,malicious,critical,,https://adguard.com/en/blog/fake-ad-blockers-part-3.html
cepgcjakdboolfkcbihdokfjjkeaddin,N/A,malware,malicious,critical,,https://adguard.com/en/blog/fake-ad-blockers-part-3.html
cfadfngejcdogjkkdohpkgeodjooogip,N/A,malware,malicious,critical,,https://adguard.com/en/blog/fake-ad-blockers-part-3.html
cgdmknakejoaompdmdeddpgmjffnniab,N/A,malware,malicious,critical,,https://adguard.com/en/blog/fake-ad-blockers-part-3.html
cgodgjmdljiecnbcgdampafcmlgmfmid,N/A,malware,malicious,critical,,https://adguard.com/en/blog/fake-ad-blockers-part-3.html
cibigjhoekijbagpgcgpgimebaiocdgm,N/A,malware,malicious,critical,,https://adguard.com/en/blog/fake-ad-blockers-part-3.html
cjbdbomgdbdgdlainhobpjnfkoidcond,N/A,malware,malicious,critical,,https://adguard.com/en/blog/fake-ad-blockers-part-3.html
clndgmolhlkchkbiinamamnbibkakiml,N/A,malware,malicious,critical,,https://adguard.com/en/blog/fake-ad-blockers-part-3.html
cmbfgkkjfkmmhalhebnhmanbenfghkcm,N/A,malware,malicious,critical,,https://adguard.com/en/blog/fake-ad-blockers-part-3.html
cncepimkmnhgbjmbcgoomegdkdhplihm,N/A,malware,malicious,critical,,https://adguard.com/en/blog/fake-ad-blockers-part-3.html
cnfbbaddndiehkmhdmmngecaofaojaeo,N/A,malware,malicious,critical,,https://adguard.com/en/blog/fake-ad-blockers-part-3.html
codilkcdacpeklilmgjknekfpminaieo,N/A,malware,malicious,critical,,https://adguard.com/en/blog/fake-ad-blockers-part-3.html
dakenmmdlklnjdpdfmdjccpeapmijaad,N/A,malware,malicious,critical,,https://adguard.com/en/blog/fake-ad-blockers-part-3.html
dapecdhpbakbfcoijjpdfoffnajhifej,N/A,malware,malicious,critical,,https://adguard.com/en/blog/fake-ad-blockers-part-3.html
dckadbanpeemhkphnnllamgolhbbbebi,N/A,malware,malicious,critical,,https://adguard.com/en/blog/fake-ad-blockers-part-3.html
ddodaoihhhohncjalnjgmgnlfhgckgdj,N/A,malware,malicious,critical,,https://adguard.com/en/blog/fake-ad-blockers-part-3.html
dhbhgfiodedkhgocailljbhcfjhplibb,N/A,malware,malicious,critical,,https://adguard.com/en/blog/fake-ad-blockers-part-3.html
dhcnonhheahlocjbbpkbammanpenpfop,N/A,malware,malicious,critical,,https://adguard.com/en/blog/fake-ad-blockers-part-3.html
dhgmdjkeagnhamkedcejighocjkkijli,N/A,malware,malicious,critical,,https://adguard.com/en/blog/fake-ad-blockers-part-3.html
dinlhhblgeikohhbfkcoeggglbjlanhg,N/A,malware,malicious,critical,,https://adguard.com/en/blog/fake-ad-blockers-part-3.html
djjdjlbigcdjlghdioabbkjhdelmdhai,N/A,malware,malicious,critical,,https://adguard.com/en/blog/fake-ad-blockers-part-3.html
dkcppkdodfegjkeefohjancleioblabi,N/A,malware,malicious,critical,,https://adguard.com/en/blog/fake-ad-blockers-part-3.html
dkfbfgncahnfghoemhmmlfefhpolihom,N/A,malware,malicious,critical,,https://adguard.com/en/blog/fake-ad-blockers-part-3.html
dmklpmfpkokephcjdmocddkhilglgajl,N/A,malware,malicious,critical,,https://adguard.com/en/blog/fake-ad-blockers-part-3.html
dnimnhhaiphlclcocakkfgnnekoggjpl,N/A,malware,malicious,critical,,https://adguard.com/en/blog/fake-ad-blockers-part-3.html
doecpeonnonddhfpabfgblijljennlcj,N/A,malware,malicious,critical,,https://adguard.com/en/blog/fake-ad-blockers-part-3.html
dofbgmolpdoknlknfjddecnahgjpinpb,N/A,malware,malicious,critical,,https://adguard.com/en/blog/fake-ad-blockers-part-3.html
dppogkehbpnikehcmadgkbimjnmhdnlo,N/A,malware,malicious,critical,,https://adguard.com/en/blog/fake-ad-blockers-part-3.html
eapceolnilleaiiaapgionibccekkeom,N/A,malware,malicious,critical,,https://adguard.com/en/blog/fake-ad-blockers-part-3.html
ecaejcfpngljeinjmahknbemhnddiioe,N/A,malware,malicious,critical,,https://adguard.com/en/blog/fake-ad-blockers-part-3.html
ecgafllkghmmbnhacnpcobibalonhkkj,N/A,malware,malicious,critical,,https://adguard.com/en/blog/fake-ad-blockers-part-3.html
edfmeionipdoohiagoaefljjhififgnl,N/A,malware,malicious,critical,,https://adguard.com/en/blog/fake-ad-blockers-part-3.html
edgbooeklapanaclbchdiaekalebmfgb,N/A,malware,malicious,critical,,https://adguard.com/en/blog/fake-ad-blockers-part-3.html
edohegfjelahakooigmnmkmjofcjgofe,N/A,malware,malicious,critical,,https://adguard.com/en/blog/fake-ad-blockers-part-3.html
eeeiekjkpbneogggaajnjldadjmclhlo,N/A,malware,malicious,critical,,https://adguard.com/en/blog/fake-ad-blockers-part-3.html
eejkpejdfojkbklnlnpgpojoidojbhnh,N/A,malware,malicious,critical,,https://adguard.com/en/blog/fake-ad-blockers-part-3.html
efckalhlcogbdbfopffmbacghfoelaia,N/A,malware,malicious,critical,,https://adguard.com/en/blog/fake-ad-blockers-part-3.html
efnaoofiidefjeefpnheopknaciohldg,N/A,malware,malicious,critical,,https://adguard.com/en/blog/fake-ad-blockers-part-3.html
egdpmjnldpefdaiekiapjkanabfiaodp,N/A,malware,malicious,critical,,https://adguard.com/en/blog/fake-ad-blockers-part-3.html
egicjjdcjhfdnejimnhngogjmoajffpm,N/A,malware,malicious,critical,,https://adguard.com/en/blog/fake-ad-blockers-part-3.html
ejcefeinlmdmpnohebfckmodhdkhlgmk,N/A,malware,malicious,critical,,https://adguard.com/en/blog/fake-ad-blockers-part-3.html
ejighbgeedkpcambhfkohdalcgckdein,N/A,malware,malicious,critical,,https://adguard.com/en/blog/fake-ad-blockers-part-3.html
empoeejllbcgpkmghimibnapemegnihf,N/A,malware,malicious,critical,,https://adguard.com/en/blog/fake-ad-blockers-part-3.html
enlaekiichndcbohopenblignipkjaoa,N/A,malware,malicious,critical,,https://adguard.com/en/blog/fake-ad-blockers-part-3.html
enmomapaolnpbaenhilkjhmobpggjcpm,N/A,malware,malicious,critical,,https://adguard.com/en/blog/fake-ad-blockers-part-3.html
eohabjkmhajbeaejogdikpgapkeigdki,N/A,malware,malicious,critical,,https://adguard.com/en/blog/fake-ad-blockers-part-3.html
eoijplcnfnjgofchhdkkhpfcjkcefgkb,N/A,malware,malicious,critical,,https://adguard.com/en/blog/fake-ad-blockers-part-3.html
facihnceaoboeoembnbmdlecmkpioacc,N/A,malware,malicious,critical,,https://adguard.com/en/blog/fake-ad-blockers-part-3.html
fagaafjhdmoagacggplmbpganjfjjpcf,N/A,malware,malicious,critical,,https://adguard.com/en/blog/fake-ad-blockers-part-3.html
fanonokndfeibplocpeipgfbopkigcce,N/A,malware,malicious,critical,,https://adguard.com/en/blog/fake-ad-blockers-part-3.html
faokbgedcfhnfecloigcihpplicdnann,N/A,malware,malicious,critical,,https://adguard.com/en/blog/fake-ad-blockers-part-3.html
fcdopghpidfdeglcheccmehiaedgpmkm,N/A,malware,malicious,critical,,https://adguard.com/en/blog/fake-ad-blockers-part-3.html
fdacngbbemokpkmdkdefkoodndakgejc,N/A,malware,malicious,critical,,https://adguard.com/en/blog/fake-ad-blockers-part-3.html
fdfffeipjpofnkmdkadjcjohdfoeblhk,N/A,malware,malicious,critical,,https://adguard.com/en/blog/fake-ad-blockers-part-3.html
ffhamkjhfajcjlnobkogimnhiagohgfg,N/A,malware,malicious,critical,,https://adguard.com/en/blog/fake-ad-blockers-part-3.html
fjnbjacfigdidgeeommhbdhnojamhpfg,N/A,malware,malicious,critical,,https://adguard.com/en/blog/fake-ad-blockers-part-3.html
fjohhelccbogecmolmjemopgackpnmpg,N/A,malware,malicious,critical,,https://adguard.com/en/blog/fake-ad-blockers-part-3.html
flagaiaajbikpfnnkodcphdcmgefmbcl,N/A,malware,malicious,critical,,https://adguard.com/en/blog/fake-ad-blockers-part-3.html
flgfngbiaanimkhjkojnmilfalidpign,N/A,malware,malicious,critical,,https://adguard.com/en/blog/fake-ad-blockers-part-3.html
fmngfipkcebejdconcibohjjgfmokhpa,N/A,malware,malicious,critical,,https://adguard.com/en/blog/fake-ad-blockers-part-3.html
fnblapfcdifokdbkpcbhpkajlkgmcjii,N/A,malware,malicious,critical,,https://adguard.com/en/blog/fake-ad-blockers-part-3.html
fpdjcfokkeooncckcolkmmppebjnfhgh,N/A,malware,malicious,critical,,https://adguard.com/en/blog/fake-ad-blockers-part-3.html
fphafkamioonlcelldogidajbcmmicco,N/A,malware,malicious,critical,,https://adguard.com/en/blog/fake-ad-blockers-part-3.html
fpjbgjpkfcanmdgjpmnnmoekkaahmafg,N/A,malware,malicious,critical,,https://adguard.com/en/blog/fake-ad-blockers-part-3.html
fplmpcijomgjmfbjcidbgpjdmhmamlkf,N/A,malware,malicious,critical,,https://adguard.com/en/blog/fake-ad-blockers-part-3.html
gdacidkmmbdpkedejaljplnfhjidomio,N/A,malware,malicious,critical,,https://adguard.com/en/blog/fake-ad-blockers-part-3.html
gdoomgeeelkgcmmoibloelbodkpggdle,N/A,malware,malicious,critical,,https://adguard.com/en/blog/fake-ad-blockers-part-3.html
geoolholooeeblajdjffdmknpecbkmah,N/A,malware,malicious,critical,,https://adguard.com/en/blog/fake-ad-blockers-part-3.html
ghfgeefhkkoajgmnopaldgcagohakhmg,N/A,malware,malicious,critical,,https://adguard.com/en/blog/fake-ad-blockers-part-3.html
ghhanhhegklhcoffmgkdbiekfhmbfbnc,N/A,malware,malicious,critical,,https://adguard.com/en/blog/fake-ad-blockers-part-3.html
gjkigcdoljdojaaomnadffdhggoobdpc,N/A,malware,malicious,critical,,https://adguard.com/en/blog/fake-ad-blockers-part-3.html
gkjkhpbembbjogoiejpkehohclfoljbp,N/A,malware,malicious,critical,,https://adguard.com/en/blog/fake-ad-blockers-part-3.html
glibnbcgclecomknccifdaglefljfoej,N/A,malware,malicious,critical,,https://adguard.com/en/blog/fake-ad-blockers-part-3.html
gllogphgdmclhfledlcgmdolngohamcl,N/A,malware,malicious,critical,,https://adguard.com/en/blog/fake-ad-blockers-part-3.html
haagbldencigkgikfekmoaaofambnafp,N/A,malware,malicious,critical,,https://adguard.com/en/blog/fake-ad-blockers-part-3.html
haglbigaalkckkedjamjibfnklbbodck,N/A,malware,malicious,critical,,https://adguard.com/en/blog/fake-ad-blockers-part-3.html
hcgepcgbgnleafnfcepjbekchbdmekfa,N/A,malware,malicious,critical,,https://adguard.com/en/blog/fake-ad-blockers-part-3.html
hdbchphkjjidcfidaelcpmonodhhaahp,N/A,malware,malicious,critical,,https://adguard.com/en/blog/fake-ad-blockers-part-3.html
hdljgflalglmllbagpacjmkdiggliidk,N/A,malware,malicious,critical,,https://adguard.com/en/blog/fake-ad-blockers-part-3.html
hdpnlijiblkmokbjljbahhgkpokgpkli,N/A,malware,malicious,critical,,https://adguard.com/en/blog/fake-ad-blockers-part-3.html
heaphjoejcpdagahbnkkloiaicpadomp,N/A,malware,malicious,critical,,https://adguard.com/en/blog/fake-ad-blockers-part-3.html
hjfmdhbmpagpfheceengkakdmpncmlif,N/A,malware,malicious,critical,,https://adguard.com/en/blog/fake-ad-blockers-part-3.html
hjkjkmkoklbhjhlddialffkchddlncjb,N/A,malware,malicious,critical,,https://adguard.com/en/blog/fake-ad-blockers-part-3.html
hjoihkjijjbkiglgeghbokincmidfped,N/A,malware,malicious,critical,,https://adguard.com/en/blog/fake-ad-blockers-part-3.html
hncokbmdmbmmlkjhoagcpokehopdikhc,N/A,malware,malicious,critical,,https://adguard.com/en/blog/fake-ad-blockers-part-3.html
hnhpnbajfmmopedidmiablkcdnlegkmd,N/A,malware,malicious,critical,,https://adguard.com/en/blog/fake-ad-blockers-part-3.html
homdfmaeflodjknffbnhagmlhmgmbjac,N/A,malware,malicious,critical,,https://adguard.com/en/blog/fake-ad-blockers-part-3.html
iccagibmclklcmiejfddepgffgkhnnib,N/A,malware,malicious,critical,,https://adguard.com/en/blog/fake-ad-blockers-part-3.html
idkllmolbaiailjfidkjcidapkddidbg,N/A,malware,malicious,critical,,https://adguard.com/en/blog/fake-ad-blockers-part-3.html
ifbffcgakkboaffkidggpcjolehhhbfd,N/A,malware,malicious,critical,,https://adguard.com/en/blog/fake-ad-blockers-part-3.html
ifdebecchhapkfdbcbhpmjonmbpfpnck,N/A,malware,malicious,critical,,https://adguard.com/en/blog/fake-ad-blockers-part-3.html
igbcfkjflkgamnoikcpiljglnmjnkjac,N/A,malware,malicious,critical,,https://adguard.com/en/blog/fake-ad-blockers-part-3.html
iiblgogamkmdfojoclpdhainbndfpcci,N/A,malware,malicious,critical,,https://adguard.com/en/blog/fake-ad-blockers-part-3.html
inkankpmoblmficechfgfinajifbfkdn,N/A,malware,malicious,critical,,https://adguard.com/en/blog/fake-ad-blockers-part-3.html
ioejcipbmdjinhfciojiacdjolkabkmn,N/A,malware,malicious,critical,,https://adguard.com/en/blog/fake-ad-blockers-part-3.html
iojhbljpppeociniiemjfelmdcgikmep,N/A,malware,malicious,critical,,https://adguard.com/en/blog/fake-ad-blockers-part-3.html
ipgnnndhgeaclopjgiihppbbfnmkmjcm,N/A,malware,malicious,critical,,https://adguard.com/en/blog/fake-ad-blockers-part-3.html
jckaglinbbflgcklfgacjdmgpnccmdng,N/A,malware,malicious,critical,,https://adguard.com/en/blog/fake-ad-blockers-part-3.html
jfocahgaekfaemhfcfefcodphgpinnch,N/A,malware,malicious,critical,,https://adguard.com/en/blog/fake-ad-blockers-part-3.html
jgbkgjepkeklblmlhnpjmnbinmifjenc,N/A,malware,malicious,critical,,https://adguard.com/en/blog/fake-ad-blockers-part-3.html
jlbebokeclkofhchdepbojfhmocdlhfl,N/A,malware,malicious,critical,,https://adguard.com/en/blog/fake-ad-blockers-part-3.html
jlbhkoohfmnikpalgglhpadlbeiobkaa,N/A,malware,malicious,critical,,https://adguard.com/en/blog/fake-ad-blockers-part-3.html
jmlbnlcodmikhdpbjjdemgaebjgmpooa,N/A,malware,malicious,critical,,https://adguard.com/en/blog/fake-ad-blockers-part-3.html
jnmckphflgdpioinbjaeckdajkbgcfgg,N/A,malware,malicious,critical,,https://adguard.com/en/blog/fake-ad-blockers-part-3.html
kcjahchbheejjpdpohgfkaoknhcdjjnh,N/A,malware,malicious,critical,,https://adguard.com/en/blog/fake-ad-blockers-part-3.html
kdihodbgfndblemlklkllhfjhiidbgih,N/A,malware,malicious,critical,,https://adguard.com/en/blog/fake-ad-blockers-part-3.html
kefmhdhaebhmdeaabcgoaegmgodncebc,N/A,malware,malicious,critical,,https://adguard.com/en/blog/fake-ad-blockers-part-3.html
kicmnilchjfefpceoaiopdpbpkicgjjm,N/A,malware,malicious,critical,,https://adguard.com/en/blog/fake-ad-blockers-part-3.html
kigiheamdfmilbhkfdploghfnndcgkko,N/A,malware,malicious,critical,,https://adguard.com/en/blog/fake-ad-blockers-part-3.html
kjgceeikbnmddoaggelkkpljdabhghkc,N/A,malware,malicious,critical,,https://adguard.com/en/blog/fake-ad-blockers-part-3.html
kkeojhapoadcdlmkjlakdbhfkldbbmgi,N/A,malware,malicious,critical,,https://adguard.com/en/blog/fake-ad-blockers-part-3.html
klblfmpeelmpnadjahhdakiomhaepogb,N/A,malware,malicious,critical,,https://adguard.com/en/blog/fake-ad-blockers-part-3.html
kmfiklhdkhidbmofjbgmpeaogglkndpe,N/A,malware,malicious,critical,,https://adguard.com/en/blog/fake-ad-blockers-part-3.html
knacgnmpceaffedmgegknkfcnejjhdpp,N/A,malware,malicious,critical,,https://adguard.com/en/blog/fake-ad-blockers-part-3.html
kppjffaccdlhfeleafnohmfkgimdjmgg,N/A,malware,malicious,critical,,https://adguard.com/en/blog/fake-ad-blockers-part-3.html
lbbegfjhlhpikmhbdcfcoadegdldmaen,N/A,malware,malicious,critical,,https://adguard.com/en/blog/fake-ad-blockers-part-3.html
lbjgbekokephmmfllmpglefmoaihklpn,N/A,malware,malicious,critical,,https://adguard.com/en/blog/fake-ad-blockers-part-3.html
lblnngjkgcpplmddebmefokmccpflhip,N/A,malware,malicious,critical,,https://adguard.com/en/blog/fake-ad-blockers-part-3.html
lcdabcbanafchdlcbdjgngcplnkijala,N/A,malware,malicious,critical,,https://adguard.com/en/blog/fake-ad-blockers-part-3.html
lcgjhoonomcmjpbnijfohbdhhjmhjlal,N/A,malware,malicious,critical,,https://adguard.com/en/blog/fake-ad-blockers-part-3.html
ldkienofjncecbbnmhpngiiidekfcdoe,N/A,malware,malicious,critical,,https://adguard.com/en/blog/fake-ad-blockers-part-3.html
lemhpidjofhodofghkakoglahdafpcbe,N/A,malware,malicious,critical,,https://adguard.com/en/blog/fake-ad-blockers-part-3.html
lgekbdjboenacbkiabfkkcpjgacmjcdg,N/A,malware,malicious,critical,,https://adguard.com/en/blog/fake-ad-blockers-part-3.html
lggmpibegkcnfogpophgnchognofcdgo,N/A,malware,malicious,critical,,https://adguard.com/en/blog/fake-ad-blockers-part-3.html
ljppknljdefmnkckkdjaokhlncbiehgo,N/A,malware,malicious,critical,,https://adguard.com/en/blog/fake-ad-blockers-part-3.html
lkdahidfbdadmblpkopllegopldfbhge,N/A,malware,malicious,critical,,https://adguard.com/en/blog/fake-ad-blockers-part-3.html
llngndcpphncgeledehpklbeheadnoan,N/A,malware,malicious,critical,,https://adguard.com/en/blog/fake-ad-blockers-part-3.html
lmmdoemglmnjenhfcjkhgpkgiedcejmn,N/A,malware,malicious,critical,,https://adguard.com/en/blog/fake-ad-blockers-part-3.html
lniooknjghghdjoehegcoinmbhdbhcck,N/A,malware,malicious,critical,,https://adguard.com/en/blog/fake-ad-blockers-part-3.html
makliapgjjpdkkaikobcmdhkfbfcoafk,N/A,malware,malicious,critical,,https://adguard.com/en/blog/fake-ad-blockers-part-3.html
maohnjppabopdhfkholcdkpehdojnpoc,N/A,malware,malicious,critical,,https://adguard.com/en/blog/fake-ad-blockers-part-3.html
mcadalidfbmnponoamfdjlahdeheommb,N/A,malware,malicious,critical,,https://adguard.com/en/blog/fake-ad-blockers-part-3.html
mcafdholbcjhepgnpfdogaiagjmlfcon,N/A,malware,malicious,critical,,https://adguard.com/en/blog/fake-ad-blockers-part-3.html
meioomnaphfjchjidcfnbadkbaaoanok,N/A,malware,malicious,critical,,https://adguard.com/en/blog/fake-ad-blockers-part-3.html
mjbmelinkhpkmbjnocdklkjpiilpikba,N/A,malware,malicious,critical,,https://adguard.com/en/blog/fake-ad-blockers-part-3.html
mkghdamdheccacmkmnchkaoljoflpoek,N/A,malware,malicious,critical,,https://adguard.com/en/blog/fake-ad-blockers-part-3.html
mkjcnnfcmmniieaidfadidepdgfppfdj,N/A,malware,malicious,critical,,https://adguard.com/en/blog/fake-ad-blockers-part-3.html
mmhaojkmpbmgbkojlagnhmjlfmnaglla,N/A,malware,malicious,critical,,https://adguard.com/en/blog/fake-ad-blockers-part-3.html
mmlhchoolkdnmnddgmoohigffekjnofo,N/A,malware,malicious,critical,,https://adguard.com/en/blog/fake-ad-blockers-part-3.html
mmmapklofkmbcahafjmiogdbmpagimlp,N/A,malware,malicious,critical,,https://adguard.com/en/blog/fake-ad-blockers-part-3.html
mngcfgonjbdbdbifcbhmdiddloganbcc,N/A,malware,malicious,critical,,https://adguard.com/en/blog/fake-ad-blockers-part-3.html
mnnpffgmgkbdllleeihdgfgleomdhacm,N/A,malware,malicious,critical,,https://adguard.com/en/blog/fake-ad-blockers-part-3.html
moalaminambcgbljenplldelnhnaikke,N/A,malware,malicious,critical,,https://adguard.com/en/blog/fake-ad-blockers-part-3.html
moljhdcbomchgdffhddpicbokacnbjoj,N/A,malware,malicious,critical,,https://adguard.com/en/blog/fake-ad-blockers-part-3.html
mpdpjfobafahmgicjmpnfklbphhlacel,N/A,malware,malicious,critical,,https://adguard.com/en/blog/fake-ad-blockers-part-3.html
mpfleoaldoclbjhfkgbmnelkkbolbegl,N/A,malware,malicious,critical,,https://adguard.com/en/blog/fake-ad-blockers-part-3.html
nafbodmhgaabbfchodpkmpnibgjmeeei,N/A,malware,malicious,critical,,https://adguard.com/en/blog/fake-ad-blockers-part-3.html
naofchadlleomaipaienfedidkiodamo,N/A,malware,malicious,critical,,https://adguard.com/en/blog/fake-ad-blockers-part-3.html
nbbeiofjfjmnicfhkfbjdggbclmbaioc,N/A,malware,malicious,critical,,https://adguard.com/en/blog/fake-ad-blockers-part-3.html
nbblafbmmogmlhejjondcclcgbkdmjln,N/A,malware,malicious,critical,,https://adguard.com/en/blog/fake-ad-blockers-part-3.html
nbekcbebginchflfegofcjjmojpppnad,N/A,malware,malicious,critical,,https://adguard.com/en/blog/fake-ad-blockers-part-3.html
nbhjdcacphemibgeamjkmeknfeffgngk,N/A,malware,malicious,critical,,https://adguard.com/en/blog/fake-ad-blockers-part-3.html
nchffcpkbehklpbdodlakgdbnkdcnpbi,N/A,malware,malicious,critical,,https://adguard.com/en/blog/fake-ad-blockers-part-3.html
nckldhnoondmiheikhblobkgcfchcbld,N/A,malware,malicious,critical,,https://adguard.com/en/blog/fake-ad-blockers-part-3.html
ncnonnloajjbpdpgnelmlbflmbhlilid,N/A,malware,malicious,critical,,https://adguard.com/en/blog/fake-ad-blockers-part-3.html
ncpjlhellnlcjnjmablbaingipdemidh,N/A,malware,malicious,critical,,https://adguard.com/en/blog/fake-ad-blockers-part-3.html
ndchgkeilnpiefnoagcbnlellpcfmjic,N/A,malware,malicious,critical,,https://adguard.com/en/blog/fake-ad-blockers-part-3.html
ndeejbgcbhehjpjmngniokeleedmjmap,N/A,malware,malicious,critical,,https://adguard.com/en/blog/fake-ad-blockers-part-3.html
ndihciopmidkbamcfgpdmojcpalolfgo,N/A,malware,malicious,critical,,https://adguard.com/en/blog/fake-ad-blockers-part-3.html
neafafemicnbclhpojeoiemihogeejhl,N/A,malware,malicious,critical,,https://adguard.com/en/blog/fake-ad-blockers-part-3.html
nekimocmhfdimckbgchifahcgafhnagb,N/A,malware,malicious,critical,,https://adguard.com/en/blog/fake-ad-blockers-part-3.html
nenaiblmmandfgaiifppcegejpinkebl,N/A,malware,malicious,critical,,https://adguard.com/en/blog/fake-ad-blockers-part-3.html
neplbnhjlkmpekfcjibdidioejnhejfl,N/A,malware,malicious,critical,,https://adguard.com/en/blog/fake-ad-blockers-part-3.html
nepnhilmahdmejhghfbjhhabaioioeel,N/A,malware,malicious,critical,,https://adguard.com/en/blog/fake-ad-blockers-part-3.html
nfanjklinojeimbhmfliomdihldjhfpm,N/A,malware,malicious,critical,,https://adguard.com/en/blog/fake-ad-blockers-part-3.html
nfebelgoldoapjgfkekcmbddpljakakp,N/A,malware,malicious,critical,,https://adguard.com/en/blog/fake-ad-blockers-part-3.html
nfhbpopnbgigkljgmelpfncnghjpdopf,N/A,malware,malicious,critical,,https://adguard.com/en/blog/fake-ad-blockers-part-3.html
nfpnclghflfcgkgdjcbpoljlafndbomk,N/A,malware,malicious,critical,,https://adguard.com/en/blog/fake-ad-blockers-part-3.html
ngaccohdjpkgnghichikgcpfagnoeeim,N/A,malware,malicious,critical,,https://adguard.com/en/blog/fake-ad-blockers-part-3.html
ngajighkghnbfnleddljedblnjaggebo,N/A,malware,malicious,critical,,https://adguard.com/en/blog/fake-ad-blockers-part-3.html
ngchnhjdpgpkapghgpncmommhelegfbh,N/A,malware,malicious,critical,,https://adguard.com/en/blog/fake-ad-blockers-part-3.html
ngeofnobniohmdmdkliflkeppfgbjpgn,N/A,malware,malicious,critical,,https://adguard.com/en/blog/fake-ad-blockers-part-3.html
nglggaejaflihehbajhppedepephbfae,N/A,malware,malicious,critical,,https://adguard.com/en/blog/fake-ad-blockers-part-3.html
nhnemamgicdjigoedllaicngcfihkmhf,N/A,malware,malicious,critical,,https://adguard.com/en/blog/fake-ad-blockers-part-3.html
nhneoegahiihkkgdindfdnobhhhlpfnm,N/A,malware,malicious,critical,,https://adguard.com/en/blog/fake-ad-blockers-part-3.html
njablodeioakdgahodegclphmnbaphin,N/A,malware,malicious,critical,,https://adguard.com/en/blog/fake-ad-blockers-part-3.html
njdegihoinoiplfpbcckmjahlnpeipii,N/A,malware,malicious,critical,,https://adguard.com/en/blog/fake-ad-blockers-part-3.html
njliieipbkencklladfemkkipmfcjiom,N/A,malware,malicious,critical,,https://adguard.com/en/blog/fake-ad-blockers-part-3.html
nklckhbegicdajpehmmpbnpelkdjmdoc,N/A,malware,malicious,critical,,https://adguard.com/en/blog/fake-ad-blockers-part-3.html
nkopnpaipcceikcmfcjlacgkjoglodag,N/A,malware,malicious,critical,,https://adguard.com/en/blog/fake-ad-blockers-part-3.html
nldffbaphciaaophmdnikgkengbmigli,N/A,malware,malicious,critical,,https://adguard.com/en/blog/fake-ad-blockers-part-3.html
nmkfcjaghjoedelgkomoifnpdejjpcbj,N/A,malware,malicious,critical,,https://adguard.com/en/blog/fake-ad-blockers-part-3.html
nmlmdkblidkckbhidgfgghajlkgjijkp,N/A,malware,malicious,critical,,https://adguard.com/en/blog/fake-ad-blockers-part-3.html
nnceiipjfkdobpenbmnajbkdfiklajgl,N/A,malware,malicious,critical,,https://adguard.com/en/blog/fake-ad-blockers-part-3.html
noiinnecebffnjggilfhailhhgdilbld,N/A,malware,malicious,critical,,https://adguard.com/en/blog/fake-ad-blockers-part-3.html
nojmjafalbmmoohpmjphalepmfnmhfao,N/A,malware,malicious,critical,,https://adguard.com/en/blog/fake-ad-blockers-part-3.html
npcndkopgafkjggoledlgfblodppnckj,N/A,malware,malicious,critical,,https://adguard.com/en/blog/fake-ad-blockers-part-3.html
nphiadicgehlpbniemnkhinphngoeaeg,N/A,malware,malicious,critical,,https://adguard.com/en/blog/fake-ad-blockers-part-3.html
oaihijkoodmmaibfhojdinffpinmhdji,N/A,malware,malicious,critical,,https://adguard.com/en/blog/fake-ad-blockers-part-3.html
oanlnaeipdakcmafockfiekhdklfidjb,N/A,malware,malicious,critical,,https://adguard.com/en/blog/fake-ad-blockers-part-3.html
oanplobhgngkpkpeihcdojkongpiheci,N/A,malware,malicious,critical,,https://adguard.com/en/blog/fake-ad-blockers-part-3.html
obahibdkmhmnenkcdpakilchcppihopl,N/A,malware,malicious,critical,,https://adguard.com/en/blog/fake-ad-blockers-part-3.html
obgdpcjbebcaphmigjhogcikejnlbjgl,N/A,malware,malicious,critical,,https://adguard.com/en/blog/fake-ad-blockers-part-3.html
ocfpmgbbkjeblbhdehminjdjffhcidbi,N/A,malware,malicious,critical,,https://adguard.com/en/blog/fake-ad-blockers-part-3.html
ocgfhclcahimdhfjgmakmfdnhomofljo,N/A,malware,malicious,critical,,https://adguard.com/en/blog/fake-ad-blockers-part-3.html
ocponkhpfikgnggeflddgkfcmhjejedo,N/A,malware,malicious,critical,,https://adguard.com/en/blog/fake-ad-blockers-part-3.html
odoenahafpbigcelejhbkkhnjfleanok,N/A,malware,malicious,critical,,https://adguard.com/en/blog/fake-ad-blockers-part-3.html
oehamnhnpejphgpkgnenefolepinadjj,N/A,malware,malicious,critical,,https://adguard.com/en/blog/fake-ad-blockers-part-3.html
oejbnchocabaoicconfnbjghebmbfemc,N/A,malware,malicious,critical,,https://adguard.com/en/blog/fake-ad-blockers-part-3.html
oejmcobpfiiladgbfpknibppfnekbolo,N/A,malware,malicious,critical,,https://adguard.com/en/blog/fake-ad-blockers-part-3.html
oemkcngaaomgokaclafmkcgcpbfelmnb,N/A,malware,malicious,critical,,https://adguard.com/en/blog/fake-ad-blockers-part-3.html
ofbfieekadnmifbaoigkcffobkkjblep,N/A,malware,malicious,critical,,https://adguard.com/en/blog/fake-ad-blockers-part-3.html
ofgihclaiecmjbfjnajjimdbjnbiimkk,N/A,malware,malicious,critical,,https://adguard.com/en/blog/fake-ad-blockers-part-3.html
ofkjndegefemablfmefngnpchlhapdmi,N/A,malware,malicious,critical,,https://adguard.com/en/blog/fake-ad-blockers-part-3.html
ofockibbbgfclddbpbhhohdldgkomhgm,N/A,malware,malicious,critical,,https://adguard.com/en/blog/fake-ad-blockers-part-3.html
ogegpnamjdpcadpldhijjlhkicgbnkjj,N/A,malware,malicious,critical,,https://adguard.com/en/blog/fake-ad-blockers-part-3.html
ogiaghccmoklogdlbchapejmjnnlichn,N/A,malware,malicious,critical,,https://adguard.com/en/blog/fake-ad-blockers-part-3.html
ohjoklkmollkbcibgddolpmpgaoophfl,N/A,malware,malicious,critical,,https://adguard.com/en/blog/fake-ad-blockers-part-3.html
ohobkendnpiijpeiaimjbannfcmhaogi,N/A,malware,malicious,critical,,https://adguard.com/en/blog/fake-ad-blockers-part-3.html
ohoingjkmkkoffkdmbpipdncbkhaaefd,N/A,malware,malicious,critical,,https://adguard.com/en/blog/fake-ad-blockers-part-3.html
oihecidjnjpjfeefkambkjgebbmpahgn,N/A,malware,malicious,critical,,https://adguard.com/en/blog/fake-ad-blockers-part-3.html
oilikkahlcnchaipbojfgejapechblbl,N/A,malware,malicious,critical,,https://adguard.com/en/blog/fake-ad-blockers-part-3.html
ojfjgkolegfhneacbgcjaoajfgcfoapf,N/A,malware,malicious,critical,,https://adguard.com/en/blog/fake-ad-blockers-part-3.html
ojhlagjgjbjfgllocdhlpnkbdlcipnmo,N/A,malware,malicious,critical,,https://adguard.com/en/blog/fake-ad-blockers-part-3.html
ojmpgbcmiimbkmjfgmcneplkneleehcc,N/A,malware,malicious,critical,,https://adguard.com/en/blog/fake-ad-blockers-part-3.html
ojnlggfhmoioajgmnelfdpjojaeknjog,N/A,malware,malicious,critical,,https://adguard.com/en/blog/fake-ad-blockers-part-3.html
okgnpdnekilbcgcfeheanbpbhnhmopfc,N/A,malware,malicious,critical,,https://adguard.com/en/blog/fake-ad-blockers-part-3.html
okjdiicjoeloipmgdopdmhpebnnfadih,N/A,malware,malicious,critical,,https://adguard.com/en/blog/fake-ad-blockers-part-3.html
okphhehkikoonipdjmhglcmlgccjcblp,N/A,malware,malicious,critical,,https://adguard.com/en/blog/fake-ad-blockers-part-3.html
olochidfgadpdbdmdfbhgimiffnllaij,N/A,malware,malicious,critical,,https://adguard.com/en/blog/fake-ad-blockers-part-3.html
ombenndgcnmcnfohnbbjcmbmfmpefojc,N/A,malware,malicious,critical,,https://adguard.com/en/blog/fake-ad-blockers-part-3.html
omclahaofiigfggelbcleagcphjhabmp,N/A,malware,malicious,critical,,https://adguard.com/en/blog/fake-ad-blockers-part-3.html
onjjlcdmafgcjdbhmlnpmheobbfeilah,N/A,malware,malicious,critical,,https://adguard.com/en/blog/fake-ad-blockers-part-3.html
onnmfhejbikffoenamcfglpjnmmbkdeg,N/A,malware,malicious,critical,,https://adguard.com/en/blog/fake-ad-blockers-part-3.html
oonheecobachpkogdjjnemiipogpgnmg,N/A,malware,malicious,critical,,https://adguard.com/en/blog/fake-ad-blockers-part-3.html
opbobdfddmiemhekjiglckcenhpfdbjm,N/A,malware,malicious,critical,,https://adguard.com/en/blog/fake-ad-blockers-part-3.html
opjpfngjbdmgkilopbnapbkbngedcpmj,N/A,malware,malicious,critical,,https://adguard.com/en/blog/fake-ad-blockers-part-3.html
oplhjpchbbngmpgcpjcbijhfehbhodgi,N/A,malware,malicious,critical,,https://adguard.com/en/blog/fake-ad-blockers-part-3.html
oppbpkjmehgijcpeddkpbadoidfpcblg,N/A,malware,malicious,critical,,https://adguard.com/en/blog/fake-ad-blockers-part-3.html
paddichbcfehpelokpidnagccddbpkin,N/A,malware,malicious,critical,,https://adguard.com/en/blog/fake-ad-blockers-part-3.html
pajbempmgmalnfpbnpclkelnhfccikal,N/A,malware,malicious,critical,,https://adguard.com/en/blog/fake-ad-blockers-part-3.html
pboddlnfegdnifbhepjegnokocjpadpd,N/A,malware,malicious,critical,,https://adguard.com/en/blog/fake-ad-blockers-part-3.html
pcbpmbmpjjibcmodpaomahiokikjomgc,N/A,malware,malicious,critical,,https://adguard.com/en/blog/fake-ad-blockers-part-3.html
pcembleiffdccjkcebaodmhgkopipdan,N/A,malware,malicious,critical,,https://adguard.com/en/blog/fake-ad-blockers-part-3.html
pcgcmplcfdfkkkmaggghdghnlddkpbbo,N/A,malware,malicious,critical,,https://adguard.com/en/blog/fake-ad-blockers-part-3.html
pdhibfagbndnidgfjkhdhlfibdoofbji,N/A,malware,malicious,critical,,https://adguard.com/en/blog/fake-ad-blockers-part-3.html
pdloaiifhmlbhhppajjmfpijopfeenoo,N/A,malware,malicious,critical,,https://adguard.com/en/blog/fake-ad-blockers-part-3.html
pehnljkefahmlhifockljagcfcpljclc,N/A,malware,malicious,critical,,https://adguard.com/en/blog/fake-ad-blockers-part-3.html
pelnnoacfeaanpmnmacjjnnpgfggekig,N/A,malware,malicious,critical,,https://adguard.com/en/blog/fake-ad-blockers-part-3.html
pfekelemlpmelhipncgddloaflehglmb,N/A,malware,malicious,critical,,https://adguard.com/en/blog/fake-ad-blockers-part-3.html
pfepcffcdodcancalckiencamnonoebl,N/A,malware,malicious,critical,,https://adguard.com/en/blog/fake-ad-blockers-part-3.html
pfpgpbfndacjjjdlgefggndhionakfmb,N/A,malware,malicious,critical,,https://adguard.com/en/blog/fake-ad-blockers-part-3.html
pghkmhmjldklacabcgkaaboikfaaogmi,N/A,malware,malicious,critical,,https://adguard.com/en/blog/fake-ad-blockers-part-3.html
pgilbgknfcnjjblfnjojmcpkggipblci,N/A,malware,malicious,critical,,https://adguard.com/en/blog/fake-ad-blockers-part-3.html
pgleokbigapafgjodffamlhdkhiagdgb,N/A,malware,malicious,critical,,https://adguard.com/en/blog/fake-ad-blockers-part-3.html
phkafpikdokjpogdhjpkcgfjpfgnlgeo,N/A,malware,malicious,critical,,https://adguard.com/en/blog/fake-ad-blockers-part-3.html
phmogllmicehmpglfobbihoelfidjnpd,N/A,malware,malicious,critical,,https://adguard.com/en/blog/fake-ad-blockers-part-3.html
pihogmfmhefemijkgmbimkngninbkkce,N/A,malware,malicious,critical,,https://adguard.com/en/blog/fake-ad-blockers-part-3.html
pilmbpeapchjcnldfomimmcfoigoenoc,N/A,malware,malicious,critical,,https://adguard.com/en/blog/fake-ad-blockers-part-3.html
pinfndnjmdocmimbeonilpahdaldopjc,N/A,malware,malicious,critical,,https://adguard.com/en/blog/fake-ad-blockers-part-3.html
pinkcaefpkjpljfflabpkcgbkpbomdfk,N/A,malware,malicious,critical,,https://adguard.com/en/blog/fake-ad-blockers-part-3.html
pjabdohmcokffcednbgpeoifpdbfgfbj,N/A,malware,malicious,critical,,https://adguard.com/en/blog/fake-ad-blockers-part-3.html
pjjmcpmjocebmjmhdclbiheoideefiad,N/A,malware,malicious,critical,,https://adguard.com/en/blog/fake-ad-blockers-part-3.html
plcdglhlbmlnfoghfhmbhehapfadedod,N/A,malware,malicious,critical,,https://adguard.com/en/blog/fake-ad-blockers-part-3.html
pmdakkjbaeioodmomlmnklahihodjcjk,N/A,malware,malicious,critical,,https://adguard.com/en/blog/fake-ad-blockers-part-3.html
pmnpldnflfopbhndkjndecojdpgecckf,N/A,malware,malicious,critical,,https://adguard.com/en/blog/fake-ad-blockers-part-3.html
pnamonkagicmlnalnlcdaoeenhlgdklf,N/A,malware,malicious,critical,,https://adguard.com/en/blog/fake-ad-blockers-part-3.html
poeokidblnamjkagggonidcigafaobki,N/A,malware,malicious,critical,,https://adguard.com/en/blog/fake-ad-blockers-part-3.html
pofffhlknjbjolmfoeagdmbbdbjjmeki,N/A,malware,malicious,critical,,https://adguard.com/en/blog/fake-ad-blockers-part-3.html
polgnkadhhhmlahkhhbicledbpklnake,N/A,malware,malicious,critical,,https://adguard.com/en/blog/fake-ad-blockers-part-3.html
ppicajcmopaimnnikbafgknffbdmomfk,N/A,malware,malicious,critical,,https://adguard.com/en/blog/fake-ad-blockers-part-3.html
ppmbiomgjfenipmnjiiaemcaboaeljil,N/A,malware,malicious,critical,,https://adguard.com/en/blog/fake-ad-blockers-part-3.html
bmngkajcejghcgafbobemkpjboikmgfi,N/A,malware,malicious,critical,,N/A
deciloopcooglpjhomblbbjeeenohbpg,N/A,malware,malicious,critical,,N/A
gabbbocakeomblphkmmnoamkioajlkfo,N/A,malware,malicious,critical,,N/A
mdpgppkombninhkfhaggckdmencplhmg,N/A,malware,malicious,critical,,https://press.avast.com/third-party-browser-extensions-from-instagram-facebook-vimeo-and-others-infected-with-malware
fgaapohcdolaiaijobecfleiohcfhdfb,N/A,malware,malicious,critical,,https://press.avast.com/third-party-browser-extensions-from-instagram-facebook-vimeo-and-others-infected-with-malware
iibnodnghffmdcebaglfgnfkgemcbchf,N/A,malware,malicious,critical,,https://press.avast.com/third-party-browser-extensions-from-instagram-facebook-vimeo-and-others-infected-with-malware
olkpikmlhoaojbbmmpejnimiglejmboe,N/A,malware,malicious,critical,,https://press.avast.com/third-party-browser-extensions-from-instagram-facebook-vimeo-and-others-infected-with-malware
bhfoemlllidnfefgkeaeocnageepbael,N/A,malware,malicious,critical,,https://press.avast.com/third-party-browser-extensions-from-instagram-facebook-vimeo-and-others-infected-with-malware
nilbfjdbacfdodpbdondbbkmoigehodg,N/A,malware,malicious,critical,,https://press.avast.com/third-party-browser-extensions-from-instagram-facebook-vimeo-and-others-infected-with-malware
eikbfklcjampfnmclhjeifbmfkpkfpbn,N/A,malware,malicious,critical,,https://press.avast.com/third-party-browser-extensions-from-instagram-facebook-vimeo-and-others-infected-with-malware
pfnmibjifkhhblmdmaocfohebdpfppkf,N/A,malware,malicious,critical,,https://press.avast.com/third-party-browser-extensions-from-instagram-facebook-vimeo-and-others-infected-with-malware
cgpbghdbejagejmciefmekcklikpoeel,N/A,malware,malicious,critical,,https://press.avast.com/third-party-browser-extensions-from-instagram-facebook-vimeo-and-others-infected-with-malware
klejifgmmnkgejbhgmpgajemhlnijlib,N/A,malware,malicious,critical,,https://press.avast.com/third-party-browser-extensions-from-instagram-facebook-vimeo-and-others-infected-with-malware
ceoldlgkhdbnnmojajjgfapagjccblib,N/A,malware,malicious,critical,,https://press.avast.com/third-party-browser-extensions-from-instagram-facebook-vimeo-and-others-infected-with-malware
mnafnfdagggclnaggnjajohakfbppaih,N/A,malware,malicious,critical,,https://press.avast.com/third-party-browser-extensions-from-instagram-facebook-vimeo-and-others-infected-with-malware
oknpgmaeedlbdichgaghebhiknmghffa,N/A,malware,malicious,critical,,https://press.avast.com/third-party-browser-extensions-from-instagram-facebook-vimeo-and-others-infected-with-malware
pcaaejaejpolbbchlmbdjfiggojefllp,N/A,malware,malicious,critical,,https://press.avast.com/third-party-browser-extensions-from-instagram-facebook-vimeo-and-others-infected-with-malware
lmcajpniijhhhpcnhleibgiehhicjlnk,N/A,malware,malicious,critical,,https://press.avast.com/third-party-browser-extensions-from-instagram-facebook-vimeo-and-others-infected-with-malware
lnocaphbapmclliacmbbggnfnjojbjgf,N/A,malware,malicious,critical,,https://press.avast.com/third-party-browser-extensions-from-instagram-facebook-vimeo-and-others-infected-with-malware
bhcpgfhiobcpokfpdahijhnipenkplji,N/A,malware,malicious,critical,,https://press.avast.com/third-party-browser-extensions-from-instagram-facebook-vimeo-and-others-infected-with-malware
dambkkeeabmnhelekdekfmabnckghdih,N/A,malware,malicious,critical,,https://press.avast.com/third-party-browser-extensions-from-instagram-facebook-vimeo-and-others-infected-with-malware
dgjmdlifhbljhmgkjbojeejmeeplapej,N/A,malware,malicious,critical,,https://press.avast.com/third-party-browser-extensions-from-instagram-facebook-vimeo-and-others-infected-with-malware
emechknidkghbpiodihlodkhnljplpjm,N/A,malware,malicious,critical,,https://press.avast.com/third-party-browser-extensions-from-instagram-facebook-vimeo-and-others-infected-with-malware
hajlccgbgjdcjaommiffaphjdndpjcio,N/A,malware,malicious,critical,,https://press.avast.com/third-party-browser-extensions-from-instagram-facebook-vimeo-and-others-infected-with-malware
dljdbmkffjijepjnkonndbdiakjfdcic,N/A,malware,malicious,critical,,https://press.avast.com/third-party-browser-extensions-from-instagram-facebook-vimeo-and-others-infected-with-malware
cjmpdadldchjmljhkigoeejegmghaabp,N/A,malware,malicious,critical,,https://press.avast.com/third-party-browser-extensions-from-instagram-facebook-vimeo-and-others-infected-with-malware
jlkfgpiicpnlbmmmpkpdjkkdolgomhmb,N/A,malware,malicious,critical,,https://press.avast.com/third-party-browser-extensions-from-instagram-facebook-vimeo-and-others-infected-with-malware
njdkgjbjmdceaibhngelkkloceihelle,N/A,malware,malicious,critical,,https://press.avast.com/third-party-browser-extensions-from-instagram-facebook-vimeo-and-others-infected-with-malware
phoehhafolaebdpimmbmlofmeibdkckp,N/A,malware,malicious,critical,,https://press.avast.com/third-party-browser-extensions-from-instagram-facebook-vimeo-and-others-infected-with-malware
pccfaccnfkjmdlkollpiaialndbieibj,N/A,malware,malicious,critical,,https://press.avast.com/third-party-browser-extensions-from-instagram-facebook-vimeo-and-others-infected-with-malware
fbhbpnjkpcdmcgcpfilooccjgemlkinn,N/A,malware,malicious,critical,,https://press.avast.com/third-party-browser-extensions-from-instagram-facebook-vimeo-and-others-infected-with-malware
dppilebghcniomddkpphiminideiajff,N/A,malware,malicious,critical,,N/A
ojmbbkdflpfjdceflikpkbbmmbfagglg,N/A,malware,malicious,critical,,N/A
chmaijbnjdnkjknoigffoohjhpejjppd,N/A,malware,malicious,critical,,N/A
jhcfnojahmdghhebdaoijngclknfkbjn,N/A,malware,malicious,critical,,N/A
akdbogfpgohikflhccclloneidjkogog,N/A,malware,malicious,critical,,https://decoded.avast.io/janvojtesek/backdoored-browser-extensions-hid-malicious-traffic-in-analytics-requests/
lgjogljbnbfjcaigalbhiagkboajmkkj,N/A,malware,malicious,critical,,https://decoded.avast.io/janvojtesek/backdoored-browser-extensions-hid-malicious-traffic-in-analytics-requests/
aemaecahdckfllfldhgimjhdgiaahean,N/A,malware,malicious,critical,,https://decoded.avast.io/janvojtesek/backdoored-browser-extensions-hid-malicious-traffic-in-analytics-requests/
klbibkeccnjlkjkiokjodocebajanakg,N/A,malware,malicious,critical,,https://www.xda-developers.com/google-chrome-the-great-suspender-malware/
fmfjhicbjecfchfmpelfnifijeigelme,N/A,malware,malicious,critical,,https://isc.sans.edu/forums/diary/Abusing+Google+Chrome+extension+syncing+for+data+exfiltration+and+CC/27066/
acdfdofofabmipgcolilkfhnpoclgpdd,N/A,malware,malicious,critical,,https://habr.com/en/company/yandex/blog/534586/
oobppndjaabcidladjeehddkgkccfcpn,N/A,malware,malicious,critical,,https://habr.com/en/company/yandex/blog/534586/
aonedlchkbicmhepimiahfalheedjgbh,N/A,malware,malicious,critical,,https://habr.com/en/company/yandex/blog/534586/
aoeacblfmdamdejeiaepojbhohhkmkjh,N/A,malware,malicious,critical,,https://habr.com/en/company/yandex/blog/534586/
eoeoincjhpflnpdaiemgbboknhkblome,N/A,malware,malicious,critical,,https://habr.com/en/company/yandex/blog/534586/
onbkopaoemachfglhlpomhbpofepfpom,N/A,malware,malicious,critical,,https://habr.com/en/company/yandex/blog/534586/
inlgdellfblpplcogjfedlhjnpgafnia,N/A,malware,malicious,critical,,https://habr.com/en/company/yandex/blog/534586/
ejfajpmpabphhkcacijnhggimhelopfg,N/A,malware,malicious,critical,,https://habr.com/en/company/yandex/blog/534586/
pgjndpcilbcanlnhhjmhjalilcmoicjc,N/A,malware,malicious,critical,,https://habr.com/en/company/yandex/blog/534586/
napifgkjbjeodgmfjmgncljmnmdefpbf,N/A,malware,malicious,critical,,https://habr.com/en/company/yandex/blog/534586/
glgemekgfjppocilabhlcbngobillcgf,N/A,malware,malicious,critical,,https://habr.com/en/company/yandex/blog/534586/
klmjcelobglnhnbfpmlbgnoeippfhhil,N/A,malware,malicious,critical,,https://habr.com/en/company/yandex/blog/534586/
ldbfffpdfgghehkkckifnjhoncdgjkib,N/A,malware,malicious,critical,,https://habr.com/en/company/yandex/blog/534586/
mbacbcfdfaapbcnlnbmciiaakomhkbkb,N/A,malware,malicious,critical,,https://habr.com/en/company/yandex/blog/534586/
mdnmhbnbebabimcjggckeoibchhckemm,N/A,malware,malicious,critical,,https://habr.com/en/company/yandex/blog/534586/
lfedlgnabjompjngkpddclhgcmeklana,N/A,malware,malicious,critical,,https://habr.com/en/company/yandex/blog/534586/
mdpljndcmbeikfnlflcggaipgnhiedbl,N/A,malware,malicious,critical,,https://habr.com/en/company/yandex/blog/534586/
npdpplbicnmpoigidfdjadamgfkilaak,N/A,malware,malicious,critical,,https://habr.com/en/company/yandex/blog/534586/
ibehiiilehaakkhkigckfjfknboalpbe,N/A,malware,malicious,critical,,https://habr.com/en/company/yandex/blog/534586/
lalpacfpfnobgdkbbpggecolckiffhoi,N/A,malware,malicious,critical,,https://habr.com/en/company/yandex/blog/534586/
hdbipekpdpggjaipompnomhccfemaljm,N/A,malware,malicious,critical,,https://habr.com/en/company/yandex/blog/534586/
gfjocjagfinihkkaahliainflifnlnfc,N/A,malware,malicious,critical,,https://habr.com/en/company/yandex/blog/534586/
ickfamnaffmfjgecbbnhecdnmjknblic,N/A,malware,malicious,critical,,https://habr.com/en/company/yandex/blog/534586/
bmcnncbmipphlkdmgfbipbanmmfdamkd,N/A,malware,malicious,critical,,https://habr.com/en/company/yandex/blog/534586/
miejmllodobdobgjbeonandkjhnhpjbn,N/A,malware,malicious,critical,,https://habr.com/en/company/yandex/blog/534586/
mabdjppmcjpjploliggpbonahnjjlgkf,N/A,malware,malicious,critical,,https://www.ghacks.net/2021/05/18/dont-download-this-microsoft-authenticator-extension-for-chrome-it-is-fake/
bgbeocleofdgkldamjapfgcglnmhmjgb,,malware,malicious,critical,,https://www.trendmicro.com/vinfo/us/security/news/cybercrime-and-digital-threats/chrome-extensions-malicious-domains-used-to-steal-user-data
cflijgpldfbmdijnkeoadcjpfgokoeck,pdfconverterds,malware,malicious,critical,,https://www.catonetworks.com/blog/threat-intelligence-feeds-and-endpoint-protection-systems-fail-to-detect-24-malicious-chrome-extensions/
ciiobgcookficfhfccnjfcdmhekiadje,ViewPDF,malware,malicious,critical,,https://www.catonetworks.com/blog/threat-intelligence-feeds-and-endpoint-protection-systems-fail-to-detect-24-malicious-chrome-extensions/
cpdngajmgfolfjhnccalanfegdiebmbm,PBlock+,malware,malicious,critical,,https://www.catonetworks.com/blog/threat-intelligence-feeds-and-endpoint-protection-systems-fail-to-detect-24-malicious-chrome-extensions/
dfehheanbnmfndkffgmdaeindpjnicpi,,malware,malicious,critical,,https://www.catonetworks.com/blog/threat-intelligence-feeds-and-endpoint-protection-systems-fail-to-detect-24-malicious-chrome-extensions/
djdcfiocijfjponepmbbdmbeblofhfff,Fake Postman,malware,malicious,critical,,https://www.catonetworks.com/blog/threat-intelligence-feeds-and-endpoint-protection-systems-fail-to-detect-24-malicious-chrome-extensions/
epcdjnnpcbidnlehlklebmdijbjleefc,,malware,malicious,critical,,https://www.catonetworks.com/blog/threat-intelligence-feeds-and-endpoint-protection-systems-fail-to-detect-24-malicious-chrome-extensions/
fichcldcnidefpllcpcpmnjipcdafjjl,pdfconverterds,malware,malicious,critical,,https://www.catonetworks.com/blog/threat-intelligence-feeds-and-endpoint-protection-systems-fail-to-detect-24-malicious-chrome-extensions/
fkacpajnbmglejpdaaeafjafjeleacnj,pdfconverterds,malware,malicious,critical,,https://www.catonetworks.com/blog/threat-intelligence-feeds-and-endpoint-protection-systems-fail-to-detect-24-malicious-chrome-extensions/
flhahaabnnkoccijodlhobjfchcchgjd,,malware,malicious,critical,,https://www.catonetworks.com/blog/threat-intelligence-feeds-and-endpoint-protection-systems-fail-to-detect-24-malicious-chrome-extensions/
hadebekepjnjbcmpiphpecnibbfgonni,ViewPDF,malware,malicious,critical,,https://www.catonetworks.com/blog/threat-intelligence-feeds-and-endpoint-protection-systems-fail-to-detect-24-malicious-chrome-extensions/
ijbcfkkcifjgnikfcmbdfbddcgjdmgga,,malware,malicious,critical,,https://www.catonetworks.com/blog/threat-intelligence-feeds-and-endpoint-protection-systems-fail-to-detect-24-malicious-chrome-extensions/
iogkcdbmgbhoelodlobknifhlkljiepm,,malware,malicious,critical,,https://www.catonetworks.com/blog/threat-intelligence-feeds-and-endpoint-protection-systems-fail-to-detect-24-malicious-chrome-extensions/
lamaflkhfcmnjcfkcolgmmlpajfholja,,malware,malicious,critical,,https://www.catonetworks.com/blog/threat-intelligence-feeds-and-endpoint-protection-systems-fail-to-detect-24-malicious-chrome-extensions/
lepjcehmlpfdgholbejebidnnkkannpl,DOCtoPDF,malware,malicious,critical,,https://www.catonetworks.com/blog/threat-intelligence-feeds-and-endpoint-protection-systems-fail-to-detect-24-malicious-chrome-extensions/
ljnppgaebjnbbahgmjajfbcoabdpopfb,Search Manager,malware,malicious,critical,,https://www.catonetworks.com/blog/threat-intelligence-feeds-and-endpoint-protection-systems-fail-to-detect-24-malicious-chrome-extensions/
llfdfhfdkdpkphlddncfjmajiciboanf,,malware,malicious,critical,,https://www.catonetworks.com/blog/threat-intelligence-feeds-and-endpoint-protection-systems-fail-to-detect-24-malicious-chrome-extensions/
loiloamappomjnanlieaipcmlpmmolkg,,malware,malicious,critical,,https://www.catonetworks.com/blog/threat-intelligence-feeds-and-endpoint-protection-systems-fail-to-detect-24-malicious-chrome-extensions/
mfdcjdgkcepgfcfgbadbekokbnlifbko,Fake Postman,malware,malicious,critical,,https://www.catonetworks.com/blog/threat-intelligence-feeds-and-endpoint-protection-systems-fail-to-detect-24-malicious-chrome-extensions/
mgkmlkgpnffmhhfallpoknfmmkdkfejp,QuickNewsWorld Promos,malware,malicious,critical,,https://www.catonetworks.com/blog/threat-intelligence-feeds-and-endpoint-protection-systems-fail-to-detect-24-malicious-chrome-extensions/
ndhhhgoicnabjcgnamebnbdgkpobbljm,,malware,malicious,critical,,https://www.catonetworks.com/blog/threat-intelligence-feeds-and-endpoint-protection-systems-fail-to-detect-24-malicious-chrome-extensions/
njmjfnbhppmkpbbcfloagfmfokbokjgo,pdfconverterds,malware,malicious,critical,,https://www.catonetworks.com/blog/threat-intelligence-feeds-and-endpoint-protection-systems-fail-to-detect-24-malicious-chrome-extensions/
pdfakgkkbagclonnhakillpkhoalfeef,,malware,malicious,critical,,https://www.catonetworks.com/blog/threat-intelligence-feeds-and-endpoint-protection-systems-fail-to-detect-24-malicious-chrome-extensions/
pdlfbopkggkgdmgkejgjgnbdbmfcnfjn,EZPackageTracking Promos,malware,malicious,critical,,https://www.catonetworks.com/blog/threat-intelligence-feeds-and-endpoint-protection-systems-fail-to-detect-24-malicious-chrome-extensions/
eacdfdofofabmipgcolilkfhnpoclgpd,,malware,malicious,critical,,https://github.com/mallorybowes/chrome-mal-ids
eakdbogfpgohikflhccclloneidjkogo,,malware,malicious,critical,,https://github.com/mallorybowes/chrome-mal-ids
edppilebghcniomddkpphiminideiajf,,malware,malicious,critical,,https://github.com/mallorybowes/chrome-mal-ids
efmfjhicbjecfchfmpelfnifijeigelm,,malware,malicious,critical,,https://github.com/mallorybowes/chrome-mal-ids
eklbibkeccnjlkjkiokjodocebajanak,,malware,malicious,critical,,https://github.com/mallorybowes/chrome-mal-ids
emdpgppkombninhkfhaggckdmencplhm,,malware,malicious,critical,,https://github.com/mallorybowes/chrome-mal-ids
naemaecahdckfllfldhgimjhdgiaahea,,malware,malicious,critical,,https://github.com/mallorybowes/chrome-mal-ids
naoeacblfmdamdejeiaepojbhohhkmkj,,malware,malicious,critical,,https://github.com/mallorybowes/chrome-mal-ids
naonedlchkbicmhepimiahfalheedjgb,,malware,malicious,critical,,https://github.com/mallorybowes/chrome-mal-ids
nbhcpgfhiobcpokfpdahijhnipenkplj,,malware,malicious,critical,,https://github.com/mallorybowes/chrome-mal-ids
nbhfoemlllidnfefgkeaeocnageepbae,,malware,malicious,critical,,https://github.com/mallorybowes/chrome-mal-ids
nbmcnncbmipphlkdmgfbipbanmmfdamk,,malware,malicious,critical,,https://github.com/mallorybowes/chrome-mal-ids
nceoldlgkhdbnnmojajjgfapagjccbli,,malware,malicious,critical,,https://github.com/mallorybowes/chrome-mal-ids
ncgpbghdbejagejmciefmekcklikpoee,,malware,malicious,critical,,https://github.com/mallorybowes/chrome-mal-ids
nchmaijbnjdnkjknoigffoohjhpejjpp,,malware,malicious,critical,,https://github.com/mallorybowes/chrome-mal-ids
ncjmpdadldchjmljhkigoeejegmghaab,,malware,malicious,critical,,https://github.com/mallorybowes/chrome-mal-ids
ndambkkeeabmnhelekdekfmabnckghdi,,malware,malicious,critical,,https://github.com/mallorybowes/chrome-mal-ids
ndgjmdlifhbljhmgkjbojeejmeeplape,,malware,malicious,critical,,https://github.com/mallorybowes/chrome-mal-ids
ndljdbmkffjijepjnkonndbdiakjfdci,,malware,malicious,critical,,https://github.com/mallorybowes/chrome-mal-ids
neikbfklcjampfnmclhjeifbmfkpkfpb,,malware,malicious,critical,,https://github.com/mallorybowes/chrome-mal-ids
nejfajpmpabphhkcacijnhggimhelopf,,malware,malicious,critical,,https://github.com/mallorybowes/chrome-mal-ids
nemechknidkghbpiodihlodkhnljplpj,,malware,malicious,critical,,https://github.com/mallorybowes/chrome-mal-ids
neoeoincjhpflnpdaiemgbboknhkblom,,malware,malicious,critical,,https://github.com/mallorybowes/chrome-mal-ids
nfbhbpnjkpcdmcgcpfilooccjgemlkin,,malware,malicious,critical,,https://github.com/mallorybowes/chrome-mal-ids
nfgaapohcdolaiaijobecfleiohcfhdf,,malware,malicious,critical,,https://github.com/mallorybowes/chrome-mal-ids
ngfjocjagfinihkkaahliainflifnlnf,,malware,malicious,critical,,https://github.com/mallorybowes/chrome-mal-ids
nglgemekgfjppocilabhlcbngobillcg,,malware,malicious,critical,,https://github.com/mallorybowes/chrome-mal-ids
nhajlccgbgjdcjaommiffaphjdndpjci,,malware,malicious,critical,,https://github.com/mallorybowes/chrome-mal-ids
nhdbipekpdpggjaipompnomhccfemalj,,malware,malicious,critical,,https://github.com/mallorybowes/chrome-mal-ids
nibehiiilehaakkhkigckfjfknboalpb,,malware,malicious,critical,,https://github.com/mallorybowes/chrome-mal-ids
nickfamnaffmfjgecbbnhecdnmjknbli,,malware,malicious,critical,,https://github.com/mallorybowes/chrome-mal-ids
niibnodnghffmdcebaglfgnfkgemcbch,,malware,malicious,critical,,https://github.com/mallorybowes/chrome-mal-ids
ninlgdellfblpplcogjfedlhjnpgafni,,malware,malicious,critical,,https://github.com/mallorybowes/chrome-mal-ids
njhcfnojahmdghhebdaoijngclknfkbj,,malware,malicious,critical,,https://github.com/mallorybowes/chrome-mal-ids
njlkfgpiicpnlbmmmpkpdjkkdolgomhm,,malware,malicious,critical,,https://github.com/mallorybowes/chrome-mal-ids
nklejifgmmnkgejbhgmpgajemhlnijli,,malware,malicious,critical,,https://github.com/mallorybowes/chrome-mal-ids
nklmjcelobglnhnbfpmlbgnoeippfhhi,,malware,malicious,critical,,https://github.com/mallorybowes/chrome-mal-ids
nlalpacfpfnobgdkbbpggecolckiffho,,malware,malicious,critical,,https://github.com/mallorybowes/chrome-mal-ids
nldbfffpdfgghehkkckifnjhoncdgjki,,malware,malicious,critical,,https://github.com/mallorybowes/chrome-mal-ids
nlfedlgnabjompjngkpddclhgcmeklan,,malware,malicious,critical,,https://github.com/mallorybowes/chrome-mal-ids
nlgjogljbnbfjcaigalbhiagkboajmkk,,malware,malicious,critical,,https://github.com/mallorybowes/chrome-mal-ids
nlmcajpniijhhhpcnhleibgiehhicjln,,malware,malicious,critical,,https://github.com/mallorybowes/chrome-mal-ids
nlnocaphbapmclliacmbbggnfnjojbjg,,malware,malicious,critical,,https://github.com/mallorybowes/chrome-mal-ids
nmbacbcfdfaapbcnlnbmciiaakomhkbk,,malware,malicious,critical,,https://github.com/mallorybowes/chrome-mal-ids
nmdnmhbnbebabimcjggckeoibchhckem,,malware,malicious,critical,,https://github.com/mallorybowes/chrome-mal-ids
nmdpljndcmbeikfnlflcggaipgnhiedb,,malware,malicious,critical,,https://github.com/mallorybowes/chrome-mal-ids
nmiejmllodobdobgjbeonandkjhnhpjb,,malware,malicious,critical,,https://github.com/mallorybowes/chrome-mal-ids
nmnafnfdagggclnaggnjajohakfbppai,,malware,malicious,critical,,https://github.com/mallorybowes/chrome-mal-ids
nnapifgkjbjeodgmfjmgncljmnmdefpb,,malware,malicious,critical,,https://github.com/mallorybowes/chrome-mal-ids
nnilbfjdbacfdodpbdondbbkmoigehod,,malware,malicious,critical,,https://github.com/mallorybowes/chrome-mal-ids
nnjdkgjbjmdceaibhngelkkloceihell,,malware,malicious,critical,,https://github.com/mallorybowes/chrome-mal-ids
nnpdpplbicnmpoigidfdjadamgfkilaa,,malware,malicious,critical,,https://github.com/mallorybowes/chrome-mal-ids
nojmbbkdflpfjdceflikpkbbmmbfaggl,,malware,malicious,critical,,https://github.com/mallorybowes/chrome-mal-ids
noknpgmaeedlbdichgaghebhiknmghff,,malware,malicious,critical,,https://github.com/mallorybowes/chrome-mal-ids
nolkpikmlhoaojbbmmpejnimiglejmbo,,malware,malicious,critical,,https://github.com/mallorybowes/chrome-mal-ids
nonbkopaoemachfglhlpomhbpofepfpo,,malware,malicious,critical,,https://github.com/mallorybowes/chrome-mal-ids
noobppndjaabcidladjeehddkgkccfcp,,malware,malicious,critical,,https://github.com/mallorybowes/chrome-mal-ids
npcaaejaejpolbbchlmbdjfiggojefll,,malware,malicious,critical,,https://github.com/mallorybowes/chrome-mal-ids
npccfaccnfkjmdlkollpiaialndbieib,,malware,malicious,critical,,https://github.com/mallorybowes/chrome-mal-ids
npfnmibjifkhhblmdmaocfohebdpfppk,,malware,malicious,critical,,https://github.com/mallorybowes/chrome-mal-ids
npgjndpcilbcanlnhhjmhjalilcmoicj,,malware,malicious,critical,,https://github.com/mallorybowes/chrome-mal-ids
nphoehhafolaebdpimmbmlofmeibdkck,,malware,malicious,critical,,https://github.com/mallorybowes/chrome-mal-ids
aeocankoflefcaiabdkdjkenofcpjagb,,malware,malicious,critical,,https://github.com/uku/malicious-chrome-extensions
alddjbjplgobbllfolehibiclbhmomla,,malware,malicious,critical,,https://github.com/uku/malicious-chrome-extensions
emmoddikhgncnaikamapbkggedoafomi,,malware,malicious,critical,,https://github.com/uku/malicious-chrome-extensions
fmakoabecaggdofhohcdjiaifnkmpldj,,malware,malicious,critical,,https://github.com/uku/malicious-chrome-extensions
gighmmpiobklfepjocnamgkkbiglidom,,malware,malicious,critical,,https://blog.avast.com/greedy-cybercriminals-host-malware-on-github
andnkmffoleapmidfgnnjjoepadbiika,ChromeBack,malware,malicious,critical,,https://www.gosecure.net/blog/2022/02/10/malicious-chrome-browser-extension-exposed-chromeback-leverages-silent-extension-loading/
clddifkhlkcojbojppdojfeeikdkgiae,User-Agent Switcher,malware,compromised,medium,,https://chris.partridge.tech/2020/extensions-the-next-generation-of-malware/help-for-users/
ggolfgbegefeeoocgjbmkembbncoadlb,Nano Defender,malware,compromised,medium,,https://chris.partridge.tech/2020/extensions-the-next-generation-of-malware/help-for-users/
annjkojdjjedabhfdnfacdiafkmpijbl,EasyConvert,malware,malicious,critical,,https://innovatecybersecurity.com/research/analysis-of-galcomm-communigal-chrome-extension-malware/
baimmgglolfkaaefedmlgfkdajckmpfm,EasyConvert,malware,malicious,critical,,https://innovatecybersecurity.com/research/analysis-of-galcomm-communigal-chrome-extension-malware/
bhoagceacaklimpcejjofabngcjkebfg,Search Manager,malware,malicious,critical,,https://innovatecybersecurity.com/research/analysis-of-galcomm-communigal-chrome-extension-malware/
bngebgoljdhmkgmecefkcfhjngffihii,EasyConvert,malware,malicious,critical,,https://innovatecybersecurity.com/research/analysis-of-galcomm-communigal-chrome-extension-malware/
feahcinjmgpdpiidkcemfgkakemfamjg,ViewPDF,malware,malicious,critical,,https://innovatecybersecurity.com/research/analysis-of-galcomm-communigal-chrome-extension-malware/
fmbgbhkodhifcbilahghgbloblanpeig,TheDocPDFConverter,malware,malicious,critical,,https://innovatecybersecurity.com/research/analysis-of-galcomm-communigal-chrome-extension-malware/
fpagmddnoehfplillifalekcnfehinhb,YourEasyConvert,malware,malicious,critical,,https://innovatecybersecurity.com/research/analysis-of-galcomm-communigal-chrome-extension-malware/
gemcaenpcldkhfkohjjkfgfopgghpkng,Search Manager,malware,malicious,critical,,https://innovatecybersecurity.com/research/analysis-of-galcomm-communigal-chrome-extension-malware/
gfihbklhmmihlkkjnemjppijdlmkcgbb,EasyConvert,malware,malicious,critical,,https://innovatecybersecurity.com/research/analysis-of-galcomm-communigal-chrome-extension-malware/
gihcgddmlhacnmdenbdkokeaffnekgob,Search Manager,malware,malicious,critical,,https://innovatecybersecurity.com/research/analysis-of-galcomm-communigal-chrome-extension-malware/
hbhldhipemjbfcdlanhifabdgapnhgbd,ViewPDF,malware,malicious,critical,,https://innovatecybersecurity.com/research/analysis-of-galcomm-communigal-chrome-extension-malware/
hjncnnhioabgjeokhinifgjcallhenll,PDFcreate,malware,malicious,critical,,https://innovatecybersecurity.com/research/analysis-of-galcomm-communigal-chrome-extension-malware/
icmgebopaejnjlncllgmcenbbflikfjd,Search Manager,malware,malicious,critical,,https://innovatecybersecurity.com/research/analysis-of-galcomm-communigal-chrome-extension-malware/
ijahobfejgeblmkpcmgpelfibgnnjpil,Search Manager,malware,malicious,critical,,https://innovatecybersecurity.com/research/analysis-of-galcomm-communigal-chrome-extension-malware/
ijcgfgdkipppfbkiikoddcjflephnpmf,DoctoPDF,malware,malicious,critical,,https://innovatecybersecurity.com/research/analysis-of-galcomm-communigal-chrome-extension-malware/
jkppdkadcnfnafkfjdhgbmhklhilimli,EasyConvert,malware,malicious,critical,,https://innovatecybersecurity.com/research/analysis-of-galcomm-communigal-chrome-extension-malware/
kifdhfgalmlmpcbbbimokkipeobjmpcl,TheDocPDFConverter,malware,malicious,critical,,https://innovatecybersecurity.com/research/analysis-of-galcomm-communigal-chrome-extension-malware/
kjcfanhkgmaaneaenocapblddnobeeci,Search Manager,malware,malicious,critical,,https://innovatecybersecurity.com/research/analysis-of-galcomm-communigal-chrome-extension-malware/
mdodmpdhcdbdlbeahilnfoeidccceegj,DOCtoPDF,malware,malicious,critical,,https://innovatecybersecurity.com/research/analysis-of-galcomm-communigal-chrome-extension-malware/
mpledlgefahhhgodkdamhlplcjdgalme,ViewPDF,malware,malicious,critical,,https://innovatecybersecurity.com/research/analysis-of-galcomm-communigal-chrome-extension-malware/
nccfgpamboionigdpfjmijhlgmgdbael,Search Manager,malware,malicious,critical,,https://innovatecybersecurity.com/research/analysis-of-galcomm-communigal-chrome-extension-malware/
nofdiclilfkicekdajkiaieafeciemlh,Your Docs To PDF,malware,malicious,critical,,https://innovatecybersecurity.com/research/analysis-of-galcomm-communigal-chrome-extension-malware/
ocilpnnapnkmcdabaeoobbamlniheaep,Search Manager,malware,malicious,critical,,https://innovatecybersecurity.com/research/analysis-of-galcomm-communigal-chrome-extension-malware/
ojmoedcpcgeminijlnogdmkelkcfalfl,EasyConvert,malware,malicious,critical,,https://innovatecybersecurity.com/research/analysis-of-galcomm-communigal-chrome-extension-malware/
olojcnagmcbplpdddabmpfehhlleobpb,Search Manager,malware,malicious,critical,,https://innovatecybersecurity.com/research/analysis-of-galcomm-communigal-chrome-extension-malware/
ommbgnllpkjnidkcnginhlacffdcdijc,Search Manager,malware,malicious,critical,,https://innovatecybersecurity.com/research/analysis-of-galcomm-communigal-chrome-extension-malware/
onkopdeihmdimjphfbmlefelnegjkefb,TheDocPDFConverter,malware,malicious,critical,,https://innovatecybersecurity.com/research/analysis-of-galcomm-communigal-chrome-extension-malware/
ceopoaldcnmhechacafgagdkklcogkgd,OnlineMapFinder,malware,malicious,critical,,https://securelist.com/threat-in-your-browser-extensions/107181/
colgdlijdieibnaccfdcdbpdffofkfeb,Google Translate,malware,malicious,critical,,https://securelist.com/threat-in-your-browser-extensions/107181/
fdempkefdmgfcogieifmnadjhohaljcb,Google Translate,malware,malicious,critical,,https://securelist.com/threat-in-your-browser-extensions/107181/
fncbkmmlcehhipmmofdhejcggdapcmon,EasyPDFCombine,malware,malicious,critical,,https://securelist.com/threat-in-your-browser-extensions/107181/
kpocjpoifmommoiiiamepombpeoaehfh,OnlineMapFinder,malware,malicious,critical,,https://securelist.com/threat-in-your-browser-extensions/107181/
mabloidgodmbnmnhoenmhlcjkfelomgp,EasyDocMerge,malware,malicious,critical,,https://securelist.com/threat-in-your-browser-extensions/107181/
mallpejgeafdahhflmliiahjdpgbegpk,PDF Viewer & Converter by FromDocToPDF,malware,malicious,critical,,https://securelist.com/threat-in-your-browser-extensions/107181/
ncjbeingokdeimlmolagjaddccfdlkbd,Internal Chromium Extension,malware,malicious,critical,,https://securelist.com/threat-in-your-browser-extensions/107181/
aapbdbdomjkkjkaonfhkkikfgjllcleb,impersonated google translate,malware,impersonated,medium,,https://www.zimperium.com/blog/abc-soup-the-malicious-adware-extension-with-350-variants/
eenjdnjldapjajjofmldgmkjaienebbj,Copyfish,malware,compromised,medium,,https://www.bleepingcomputer.com/news/security/copyfish-chrome-extension-hijacked-to-show-adware/
lcdlanlaneooailnebnhamiiieebikid,Internet Download Manager,malware,malicious,critical,b4b47730b62592c21368c2546e578342fff8383693e89211155c2d61d88058ba,https://www.bleepingcomputer.com/news/security/fake-chrome-extension-internet-download-manager-has-200-000-installs/
llcdellnofncikmhimjdbkdjgpmcjbik,Internet-Start,malware,malicious,critical,,https://blog.cyble.com/2022/11/22/over-2-million-users-affected-with-browser-hijackers/
mjnbclmflcpookeapghfhapeffmpodij,"UltraSurf Security, Privacy & Unblock VPN",malware,malicious,critical,,https://blog.cyble.com/2022/11/22/over-2-million-users-affected-with-browser-hijackers/
odlnghcomkeenpeblhddfpacdncfjmna,WebSecurerr Browser Protection,malware,malicious,critical,,https://blog.cyble.com/2022/11/22/over-2-million-users-affected-with-browser-hijackers/
blddohgncmehcepnokognejaaahehncd,SearchBlox,malware,malicious,critical,,https://www.bleepingcomputer.com/news/security/backdoored-chrome-extension-installed-by-200-000-roblox-players
ccjalhebkdogpobnbdhfpincfeohonni,SearchBlox,malware,malicious,critical,,https://www.bleepingcomputer.com/news/security/backdoored-chrome-extension-installed-by-200-000-roblox-players
adcgijngmbpleglelbhmfnfgmgnnaojh,,malware,malicious,critical,,https://raw.githubusercontent.com/randomaccess3/detections/main/extensions/chromium/extracted/reddit_droidclub.txt
aflgnlnfhhfocmkikhfelilibcdmalfg,,malware,malicious,critical,,https://raw.githubusercontent.com/randomaccess3/detections/main/extensions/chromium/extracted/reddit_droidclub.txt
akbmkokbdbkfgnciimgbpndidcookica,,malware,malicious,critical,,https://raw.githubusercontent.com/randomaccess3/detections/main/extensions/chromium/extracted/reddit_droidclub.txt
bidmloagildlhkkiabgfdhpgkmhmgjho,,malware,malicious,critical,,https://raw.githubusercontent.com/randomaccess3/detections/main/extensions/chromium/extracted/reddit_droidclub.txt
cgmagmgdmfgambngmhahionnmiieejpb,,malware,malicious,critical,,https://raw.githubusercontent.com/randomaccess3/detections/main/extensions/chromium/extracted/reddit_droidclub.txt
dddpdjidpiddnldfpabcelinhoknaphc,,malware,malicious,critical,,https://raw.githubusercontent.com/randomaccess3/detections/main/extensions/chromium/extracted/reddit_droidclub.txt
dnflpnhpbffehddplcdlohealbgbbamk,,malware,malicious,critical,,https://raw.githubusercontent.com/randomaccess3/detections/main/extensions/chromium/extracted/reddit_droidclub.txt
doibabjiapabnfibohiinbmjjblnlioi,,malware,malicious,critical,,https://raw.githubusercontent.com/randomaccess3/detections/main/extensions/chromium/extracted/reddit_droidclub.txt
ebfekolillbapcjmlmjnlnkicapmhgjn,,malware,malicious,critical,,https://raw.githubusercontent.com/randomaccess3/detections/main/extensions/chromium/extracted/reddit_droidclub.txt
egbpmjkpccpjhfnhfhgeklgibepkimpd,,malware,malicious,critical,,https://raw.githubusercontent.com/randomaccess3/detections/main/extensions/chromium/extracted/reddit_droidclub.txt
fkfcmeoepjhclglafbppmeidjjolcgid,,malware,malicious,critical,,https://raw.githubusercontent.com/randomaccess3/detections/main/extensions/chromium/extracted/reddit_droidclub.txt
gjidffbnnlofmglgmbljkklgelnbidgo,,malware,malicious,critical,,https://raw.githubusercontent.com/randomaccess3/detections/main/extensions/chromium/extracted/reddit_droidclub.txt
gmfijjnfjoeafkhalnojfbaekemcofoi,,malware,malicious,critical,,https://raw.githubusercontent.com/randomaccess3/detections/main/extensions/chromium/extracted/reddit_droidclub.txt
hhaalpeklfijljphgfkgppokkijcbpga,,malware,malicious,critical,,https://raw.githubusercontent.com/randomaccess3/detections/main/extensions/chromium/extracted/reddit_droidclub.txt
himefdaeljlpmlikhdpinjfiohijjlng,,malware,malicious,critical,,https://raw.githubusercontent.com/randomaccess3/detections/main/extensions/chromium/extracted/reddit_droidclub.txt
ijjnmdphpnlnelhbhefnfmimenjgbfcn,,malware,malicious,critical,,https://raw.githubusercontent.com/randomaccess3/detections/main/extensions/chromium/extracted/reddit_droidclub.txt
ikgjglmlehllifdekcggaapkaplbdpje,,malware,malicious,critical,,https://raw.githubusercontent.com/randomaccess3/detections/main/extensions/chromium/extracted/reddit_droidclub.txt
jadhamcfimejpbemfkgoeijaimpciehj,,malware,malicious,critical,,https://raw.githubusercontent.com/randomaccess3/detections/main/extensions/chromium/extracted/reddit_droidclub.txt
jcnijlipdlfgjojinphboifjbedkkjpk,,malware,malicious,critical,,https://raw.githubusercontent.com/randomaccess3/detections/main/extensions/chromium/extracted/reddit_droidclub.txt
jkbnhlhcdndaamafgbelomapajcnjpde,,malware,malicious,critical,,https://raw.githubusercontent.com/randomaccess3/detections/main/extensions/chromium/extracted/reddit_droidclub.txt
jlnojnckglpdpecfkmanbjgcbkibcgoa,,malware,malicious,critical,,https://raw.githubusercontent.com/randomaccess3/detections/main/extensions/chromium/extracted/reddit_droidclub.txt
jnnbmiailafajdkboegcjcdklooomfic,,malware,malicious,critical,,https://raw.githubusercontent.com/randomaccess3/detections/main/extensions/chromium/extracted/reddit_droidclub.txt
kbfheninkdonankpffgbmkilnlkmpdie,,malware,malicious,critical,,https://raw.githubusercontent.com/randomaccess3/detections/main/extensions/chromium/extracted/reddit_droidclub.txt
klfpepckaekiibejbehafgabnolmjajb,,malware,malicious,critical,,https://raw.githubusercontent.com/randomaccess3/detections/main/extensions/chromium/extracted/reddit_droidclub.txt
kohoehgoafblafjinhplmhcbphgaaobc,,malware,malicious,critical,,https://raw.githubusercontent.com/randomaccess3/detections/main/extensions/chromium/extracted/reddit_droidclub.txt
lbapdklahcjljfincdglncfpdgfhckcf,,malware,malicious,critical,,https://raw.githubusercontent.com/randomaccess3/detections/main/extensions/chromium/extracted/reddit_droidclub.txt
lgfehfbnofiffladdncogfobimealokp,,malware,malicious,critical,,https://raw.githubusercontent.com/randomaccess3/detections/main/extensions/chromium/extracted/reddit_droidclub.txt
mjohbbemcjnjcmgdlfimnlekklecjioi,,malware,malicious,critical,,https://raw.githubusercontent.com/randomaccess3/detections/main/extensions/chromium/extracted/reddit_droidclub.txt
mmgkbcihahpocjmclehpjejmgjmijcib,,malware,malicious,critical,,https://raw.githubusercontent.com/randomaccess3/detections/main/extensions/chromium/extracted/reddit_droidclub.txt
naedfjpkboljpmbmdnfnibcndmmgdnen,,malware,malicious,critical,,https://raw.githubusercontent.com/randomaccess3/detections/main/extensions/chromium/extracted/reddit_droidclub.txt
niojcggonafbneajjmkpkcigabaobmge,,malware,malicious,critical,,https://raw.githubusercontent.com/randomaccess3/detections/main/extensions/chromium/extracted/reddit_droidclub.txt
nmacmlcfcmckdohgadnopepbmdahacfi,,malware,malicious,critical,,https://raw.githubusercontent.com/randomaccess3/detections/main/extensions/chromium/extracted/reddit_droidclub.txt
nmoljkcokoboaagjadndhkcemgmnoaoa,,malware,malicious,critical,,https://raw.githubusercontent.com/randomaccess3/detections/main/extensions/chromium/extracted/reddit_droidclub.txt
npmoikddpdgbhgbkjgjemncoegpojpng,,malware,malicious,critical,,https://raw.githubusercontent.com/randomaccess3/detections/main/extensions/chromium/extracted/reddit_droidclub.txt
odcommfbpjnempjflnjmgmnfpgcadboo,,malware,malicious,critical,,https://raw.githubusercontent.com/randomaccess3/detections/main/extensions/chromium/extracted/reddit_droidclub.txt
pnacmlfckijnmogihjeaojfnfiplhhpj,,malware,malicious,critical,,https://raw.githubusercontent.com/randomaccess3/detections/main/extensions/chromium/extracted/reddit_droidclub.txt
ppgplhcfmaadpnkmnkhgadmaekeldbnh,,malware,malicious,critical,,https://raw.githubusercontent.com/randomaccess3/detections/main/extensions/chromium/extracted/reddit_droidclub.txt
aedobkofagambpnhibndgllabmkhiink,Cheesy Barbecue Bacon,malware,malicious,critical,,https://documents.trendmicro.com/assets/pdf/appendix-droidclub.pdf
ahcodkopnoolabmeeddimaccfbbgbnkg,Inspired Wall Hanging,malware,malicious,critical,,https://documents.trendmicro.com/assets/pdf/appendix-droidclub.pdf
ahgfcgbmapkkfkkngkbgdhmefglhhoch,Seafood Cioppino,malware,malicious,critical,,https://documents.trendmicro.com/assets/pdf/appendix-droidclub.pdf
ajfmifgcjbdlifbbcoocbagcpbpbafip,Chalkboard Serving Tray,malware,malicious,critical,,https://documents.trendmicro.com/assets/pdf/appendix-droidclub.pdf
alcemhodmihppbkoipjoiigeladbmfab,Perfect Steaks,malware,malicious,critical,,https://documents.trendmicro.com/assets/pdf/appendix-droidclub.pdf
amhboafopmbeaiifkcmolgielebplddn,Cute Reindeer Cake,malware,malicious,critical,,https://documents.trendmicro.com/assets/pdf/appendix-droidclub.pdf
bajpajaplkkmfohgfckjdcmjaodhigbm,New bag from t-shirt,malware,malicious,critical,,https://documents.trendmicro.com/assets/pdf/appendix-droidclub.pdf
bbjnbbkmmlfamopoapkcbhknhjolebll,Toss Carnival Game,malware,malicious,critical,,https://documents.trendmicro.com/assets/pdf/appendix-droidclub.pdf
bbklochlbdnjkepkogifmlaaejfgnjhf,Holiday Scene,malware,malicious,critical,,https://documents.trendmicro.com/assets/pdf/appendix-droidclub.pdf
caepkodhijhgkecbklgldhkdaepalahh,Christmas Paper Lantern,malware,malicious,critical,,https://documents.trendmicro.com/assets/pdf/appendix-droidclub.pdf
chnfpgfeobeekbnpmaajncohmppfpfjb,Salad Garden,malware,malicious,critical,,https://documents.trendmicro.com/assets/pdf/appendix-droidclub.pdf
ckcnkbhdcgbfjjpomejcknjflkggmpjm,a Birch Wood Reindeer,malware,malicious,critical,,https://documents.trendmicro.com/assets/pdf/appendix-droidclub.pdf
cklihcncoeagchmooepokamfkjfofkep,Peaches and Plums,malware,malicious,critical,,https://documents.trendmicro.com/assets/pdf/appendix-droidclub.pdf
clcemeljdlfkhddlfcplkibelopdhdik,Cookie Dough,malware,malicious,critical,,https://documents.trendmicro.com/assets/pdf/appendix-droidclub.pdf
clglkelnalggbnimiglpodkhledoenfk,To Deodorize Laundry,malware,malicious,critical,,https://documents.trendmicro.com/assets/pdf/appendix-droidclub.pdf
ddllmjjlakacffbeidndbdogijobmble,Homemade Carpet Cleaner,malware,malicious,critical,,https://documents.trendmicro.com/assets/pdf/appendix-droidclub.pdf
dkmddfhmoocfdhcogjagaijjcinbdmeb,How to Make Gumbo,malware,malicious,critical,,https://documents.trendmicro.com/assets/pdf/appendix-droidclub.pdf
edbkkbdfomalmbjdpfhaiciheppjihgo,Pinwheel Rosettes,malware,malicious,critical,,https://documents.trendmicro.com/assets/pdf/appendix-droidclub.pdf
edndmdgfkambceallfcifndcnihfkhce,Ideas to Beautify Your Apartment,malware,malicious,critical,,https://documents.trendmicro.com/assets/pdf/appendix-droidclub.pdf
eefgplhbgoepdkcjhlbpedgpchkgfedo,Zipper in a Sweatshirt,malware,malicious,critical,,https://documents.trendmicro.com/assets/pdf/appendix-droidclub.pdf
egdcgagkkckipplmpfdfimmcipjjfkko,Pickled Jalapenos,malware,malicious,critical,,https://documents.trendmicro.com/assets/pdf/appendix-droidclub.pdf
egjmkjdlkbjjenockdaamogoiioojgjp,Edible Eyeball Pizza,malware,malicious,critical,,https://documents.trendmicro.com/assets/pdf/appendix-droidclub.pdf
egoalalhadillklokiiennmdflbhehoh,A Turkey Napkin,malware,malicious,critical,,https://documents.trendmicro.com/assets/pdf/appendix-droidclub.pdf
ekeimjfcakmhnblboldknbnnhedjehjo,Shrunken Head Apple Martini,malware,malicious,critical,,https://documents.trendmicro.com/assets/pdf/appendix-droidclub.pdf
emdcmoghepkahnnlfmejnibfbmeoogmb,Watch Strap,malware,malicious,critical,,https://documents.trendmicro.com/assets/pdf/appendix-droidclub.pdf
eodhkpnifohleagpkpkkihmokkcncokf,Charming Hanging Lanterns,malware,malicious,critical,,https://documents.trendmicro.com/assets/pdf/appendix-droidclub.pdf
fegiafbcldadckahemhlfcopplfdlmkp,Sugar Cookie Icing,malware,malicious,critical,,https://documents.trendmicro.com/assets/pdf/appendix-droidclub.pdf
ffkenifflcedlgdkgilddnkaimmbhnec,Homemade Drawer Freshener,malware,malicious,critical,,https://documents.trendmicro.com/assets/pdf/appendix-droidclub.pdf
fghmmljkejbamjhomoodegbepogpheef,Homemade Frozen Pizza,malware,malicious,critical,,https://documents.trendmicro.com/assets/pdf/appendix-droidclub.pdf
fhnpncldijeifoiefkimdjebgkgidpgd,Black Tap Copycat,malware,malicious,critical,,https://documents.trendmicro.com/assets/pdf/appendix-droidclub.pdf
fmhocfhibfmddhnfcflkodjdnflcgkdp,Desert Style Basket,malware,malicious,critical,,https://documents.trendmicro.com/assets/pdf/appendix-droidclub.pdf
fppfjlcbcjhfobfaichenmodmadgmbne,Air Plant Holder,malware,malicious,critical,,https://documents.trendmicro.com/assets/pdf/appendix-droidclub.pdf
gbhkbbffliokhhhibdedjcjoecnikiml,Homemade Freshen Up,malware,malicious,critical,,https://documents.trendmicro.com/assets/pdf/appendix-droidclub.pdf
ghcogfnebgohebaklihmafkofhldcebl,Candied Pecans,malware,malicious,critical,,https://documents.trendmicro.com/assets/pdf/appendix-droidclub.pdf
gidollmkeombihcojmdjgfekbipejkoj,Cherry Blueberry Pie,malware,malicious,critical,,https://documents.trendmicro.com/assets/pdf/appendix-droidclub.pdf
gmpceckpipekimgkonhmhoidfffbeinh,Croissant French Toast,malware,malicious,critical,,https://documents.trendmicro.com/assets/pdf/appendix-droidclub.pdf
gnkieagafibgmfdefcbedaeplecddjkd,Italian Skewers,malware,malicious,critical,,https://documents.trendmicro.com/assets/pdf/appendix-droidclub.pdf
gpmgeepeilllooepnckccihefopjbebb,Outdoor Garbage Cans,malware,malicious,critical,,https://documents.trendmicro.com/assets/pdf/appendix-droidclub.pdf
hjlbdangjggpfmhjbcccnnpnhhhpgpdf,Spin Art Machine,malware,malicious,critical,,https://documents.trendmicro.com/assets/pdf/appendix-droidclub.pdf
hnokbehlbjkbhlihbldeojhjpekehmmf,Orange Pomegranate Sangria,malware,malicious,critical,,https://documents.trendmicro.com/assets/pdf/appendix-droidclub.pdf
hofflgideggmbkicgkniefmmhkhelefj,Star Shaped Pies,malware,malicious,critical,,https://documents.trendmicro.com/assets/pdf/appendix-droidclub.pdf
hpfpmcafjghjgdilidipkfgpomphgekf,Applesauce Christmas Ornaments,malware,malicious,critical,,https://documents.trendmicro.com/assets/pdf/appendix-droidclub.pdf
iamfjjibfikiafdleojocafoaejhpljk,Cake Pop Patriotic,malware,malicious,critical,,https://documents.trendmicro.com/assets/pdf/appendix-droidclub.pdf
iheagohkldggdkggihjljdcfnfhfgiah,a Snowman Out of a Tomato Cage,malware,malicious,critical,,https://documents.trendmicro.com/assets/pdf/appendix-droidclub.pdf
iikbadloeacgcpjdnnockinpepkmcjap,Cinnamon Roll Wreath,malware,malicious,critical,,https://documents.trendmicro.com/assets/pdf/appendix-droidclub.pdf
ikfmcoipokjnmjoofngdnmkkhopjhehg,Clean Grill Grates,malware,malicious,critical,,https://documents.trendmicro.com/assets/pdf/appendix-droidclub.pdf
iomommpnoplgaihpbjpfpmcaabgccbna,When Dylan Went Electric,malware,malicious,critical,,https://documents.trendmicro.com/assets/pdf/appendix-droidclub.pdf
ipilkhafbndhbphcecjldjilhegnjcja,Spinach Artichoke Dip,malware,malicious,critical,,https://documents.trendmicro.com/assets/pdf/appendix-droidclub.pdf
ipoeoopnckpoaoeghdgehhbbipnccoap,Clay Gift Tags,malware,malicious,critical,,https://documents.trendmicro.com/assets/pdf/appendix-droidclub.pdf
jhahdjelgjmpekbclkcgbgibkgdifaml,Coasters on a Cardboard Loom,malware,malicious,critical,,https://documents.trendmicro.com/assets/pdf/appendix-droidclub.pdf
jiibdgiopnflbpbdpmgpjnpdooekonjc,Cuban Sandwich,malware,malicious,critical,,https://documents.trendmicro.com/assets/pdf/appendix-droidclub.pdf
jmcccnnkmflngcfeebnbhfbjehglldlf,Coconut Cookies,malware,malicious,critical,,https://documents.trendmicro.com/assets/pdf/appendix-droidclub.pdf
jnjapnhdnkmdmgandniokkjpggpfalog,Fabric Sachets,malware,malicious,critical,,https://documents.trendmicro.com/assets/pdf/appendix-droidclub.pdf
kabhgijpbgkpbegomdihijdcocimlnkf,Summer Fairy Lanterns,malware,malicious,critical,,https://documents.trendmicro.com/assets/pdf/appendix-droidclub.pdf
kcbempkceemjmcfgicdofhcmkojdfbjl,Cuban Ropa Vieja,malware,malicious,critical,,https://documents.trendmicro.com/assets/pdf/appendix-droidclub.pdf
kdndbohghpcpdkbpjhdphniglgppjakd,How to Make a Kissing Ball,malware,malicious,critical,,https://documents.trendmicro.com/assets/pdf/appendix-droidclub.pdf
khkcgpbajgkfmkilijbhfinfeapcannh,Pink Lemonade,malware,malicious,critical,,https://documents.trendmicro.com/assets/pdf/appendix-droidclub.pdf
kjhgjfbokhfadnlnagimjabemfdgdfdh,Patriotic String Lights,malware,malicious,critical,,https://documents.trendmicro.com/assets/pdf/appendix-droidclub.pdf
kjhppechdhnchkcjbaboglblnfihenjf,Glow in the Dark,malware,malicious,critical,,https://documents.trendmicro.com/assets/pdf/appendix-droidclub.pdf
klbelohlhkobpoeaimclnpikbdphkdhn,Avocado to Your Meals,malware,malicious,critical,,https://documents.trendmicro.com/assets/pdf/appendix-droidclub.pdf
kmfcjjkgokeekaohiijgnilbaihnifpc,Soup Bowl Hot Pads,malware,malicious,critical,,https://documents.trendmicro.com/assets/pdf/appendix-droidclub.pdf
kpoobaeilcfcjfkbaaapdnkmaifmffkk,Portable Camp Stove,malware,malicious,critical,,https://documents.trendmicro.com/assets/pdf/appendix-droidclub.pdf
lbflgehklpfnaofgfjhcbjajhckdoogc,Layer Hot Chocolate Mix,malware,malicious,critical,,https://documents.trendmicro.com/assets/pdf/appendix-droidclub.pdf
lhpcjiffachihfbhkabenpcpehkpoeid,11 Pumpkin Flavored Foods,malware,malicious,critical,,https://documents.trendmicro.com/assets/pdf/appendix-droidclub.pdf
lifjihfdppaeaegemoefheidgcnjkadn,Drumsticks on the Grill,malware,malicious,critical,,https://documents.trendmicro.com/assets/pdf/appendix-droidclub.pdf
ligldfbjaakcmbjbbbnnacjgaenggfph,Italian Pasta Salad,malware,malicious,critical,,https://documents.trendmicro.com/assets/pdf/appendix-droidclub.pdf
ljgnhmdnjbmnghlfimcnmkieohlflpgd,DIY Cleaning Wipes,malware,malicious,critical,,https://documents.trendmicro.com/assets/pdf/appendix-droidclub.pdf
lnmfepglldbolfelhbmiohockghoabpc,Homemade Dole Whip,malware,malicious,critical,,https://documents.trendmicro.com/assets/pdf/appendix-droidclub.pdf
lojgfkjekmbmndapleelbbemgjbdcjjm,Swirled Pumpkin Cheesecake,malware,malicious,critical,,https://documents.trendmicro.com/assets/pdf/appendix-droidclub.pdf
mafmpgcoinifjbepiknmnogefcomjpph,Peach Sangria,malware,malicious,critical,,https://documents.trendmicro.com/assets/pdf/appendix-droidclub.pdf
mccbmgbbkpcnpblacndlfcgokbklkiam,School Notebooks,malware,malicious,critical,,https://documents.trendmicro.com/assets/pdf/appendix-droidclub.pdf
mhjbpgjmhcaemdakpgmpffblohinegji,Ironing Board Cover,malware,malicious,critical,,https://documents.trendmicro.com/assets/pdf/appendix-droidclub.pdf
mjheoiainplbfjnjclkjifhjdahfejaj,Chocolate Peanut Butter,malware,malicious,critical,,https://documents.trendmicro.com/assets/pdf/appendix-droidclub.pdf
mjpmldmndlkbacfaaiamcgnfbllhdnbc,Gingerbread Freakshake,malware,malicious,critical,,https://documents.trendmicro.com/assets/pdf/appendix-droidclub.pdf
mkmkhjdmkaeffpfgfljelahfogghkgol,Holiday Reindeer Mugs,malware,malicious,critical,,https://documents.trendmicro.com/assets/pdf/appendix-droidclub.pdf
mldmghlinbmofcdhopfmkgnhohomodgi,Homemade Stress Balls,malware,malicious,critical,,https://documents.trendmicro.com/assets/pdf/appendix-droidclub.pdf
mmnhdabiapbgbcbagdncjehjdbpkigeh,Turkey from Flowers,malware,malicious,critical,,https://documents.trendmicro.com/assets/pdf/appendix-droidclub.pdf
ndhgnlodmpalhnfdopckpolhinaafkgh,Birch Branch Menorah,malware,malicious,critical,,https://documents.trendmicro.com/assets/pdf/appendix-droidclub.pdf
nllbbpmplfhdpdnmoiigegjicamfhnhn,Cinnamon Toast Crunch Coffee Cake Recipe,malware,malicious,critical,,https://documents.trendmicro.com/assets/pdf/appendix-droidclub.pdf
nolggnmhlagghnfpellfnkcmkgeoiepj,Star Wars Christmas Cookies,malware,malicious,critical,,https://documents.trendmicro.com/assets/pdf/appendix-droidclub.pdf
obnjngpeldplgkenihhhdicoeplcfbeg,Chicken for a Barbecue,malware,malicious,critical,,https://documents.trendmicro.com/assets/pdf/appendix-droidclub.pdf
ooialhjmccmllnifoiblbjgcnbgdejpm,DIY Cement Candle,malware,malicious,critical,,https://documents.trendmicro.com/assets/pdf/appendix-droidclub.pdf
paokbggdacflkaiddinlhpkpegklgolc,Halloween Masterpiece,malware,malicious,critical,,https://documents.trendmicro.com/assets/pdf/appendix-droidclub.pdf
pbgdknbinlcbjkbiihcakedepnbonnce,Cookies and Ice Cream,malware,malicious,critical,,https://documents.trendmicro.com/assets/pdf/appendix-droidclub.pdf
pdbdlcjiihinipmeijmccidamciifhag,Star Wars Christmas Sweater,malware,malicious,critical,,https://documents.trendmicro.com/assets/pdf/appendix-droidclub.pdf
penlocnbkkkcaingngkjmdlkikeklemm,Unique Outdoor Christmas Decorations,malware,malicious,critical,,https://documents.trendmicro.com/assets/pdf/appendix-droidclub.pdf
pfcidoolgbfidgaclhiipeleagglabpc,Easy Ribbon Bow,malware,malicious,critical,,https://documents.trendmicro.com/assets/pdf/appendix-droidclub.pdf
poecefgcfhghjbdifplpcaapkfnakfkk,Desktop Air Conditioner,malware,malicious,critical,,https://documents.trendmicro.com/assets/pdf/appendix-droidclub.pdf
pplcbeendgbblphgmdgfcofdbfiocfgb,Candle Wax,malware,malicious,critical,,https://documents.trendmicro.com/assets/pdf/appendix-droidclub.pdf
hacfaophiklaeolhnmckojjjjbnappen,FakeGPT,malware,malicious,critical,,https://guard.io/labs/fakegpt-2-open-source-turned-malicious-in-another-variant-of-the-facebook-account-stealer
aeclplbmglgjpfaikihdlkjhgegehbbf,,malware,malicious,critical,,https://blog.avast.com/malicious-extensions-chrome-web-store
afffieldplmegknlfkicedfpbbdbpaef,,malware,malicious,critical,,https://blog.avast.com/malicious-extensions-chrome-web-store
ameggholdkgkdepolbiaekmhjiaiiccg,,malware,malicious,critical,,https://blog.avast.com/malicious-extensions-chrome-web-store
bafbedjnnjkjjjelgblfbddajjgcpndi,,malware,malicious,critical,,https://blog.avast.com/malicious-extensions-chrome-web-store
bikjmmacnlceobeapchfnlcekincgkng,,malware,malicious,critical,,https://blog.avast.com/malicious-extensions-chrome-web-store
bkbdedlenkomhjbfljaopfbmimhdgenl,,malware,malicious,critical,,https://blog.avast.com/malicious-extensions-chrome-web-store
bkflddlohelgdmjoehphbkfallnbompm,,malware,malicious,critical,,https://blog.avast.com/malicious-extensions-chrome-web-store
bppfigeglphkpioihhhpbpgcnnhpogki,,malware,malicious,critical,,https://blog.avast.com/malicious-extensions-chrome-web-store
cajcbolfepkcgbgafllkjfnokncgibpd,,malware,malicious,critical,,https://blog.avast.com/malicious-extensions-chrome-web-store
diapmighkmmnpmdkfnmlbpkjkealjojg,,malware,malicious,critical,,https://blog.avast.com/malicious-extensions-chrome-web-store
dlnanhjfdjgnnmbajgikidobcbfpnblp,,malware,malicious,critical,,https://blog.avast.com/malicious-extensions-chrome-web-store
edaflgnfadlopeefcbdlcnjnfkefkhio,,malware,malicious,critical,,https://blog.avast.com/malicious-extensions-chrome-web-store
edailiddamlkedgjaoialogpllocmgjg,,malware,malicious,critical,,https://blog.avast.com/malicious-extensions-chrome-web-store
edmmaocllgjakiiilohibgicdjndkljp,,malware,malicious,critical,,https://blog.avast.com/malicious-extensions-chrome-web-store
eibcbmdmfcgklpkghpkojpaedhloemhi,,malware,malicious,critical,,https://blog.avast.com/malicious-extensions-chrome-web-store
enofnamganfiiidbpcmcihkihfmfpobo,,malware,malicious,critical,,https://blog.avast.com/malicious-extensions-chrome-web-store
epmmfnfpkjjhgikijelhmomnbeneepbe,,malware,malicious,critical,,https://blog.avast.com/malicious-extensions-chrome-web-store
fcndjoibnbpijadgnjjkfmmjbgjmbadk,,malware,malicious,critical,,https://blog.avast.com/malicious-extensions-chrome-web-store
fejgiddmdpgdmhhdjbophmflidmdpgdi,,malware,malicious,critical,,https://blog.avast.com/malicious-extensions-chrome-web-store
ffiddnnfloiehekhgfjpphceidalmmgd,,malware,malicious,critical,,https://blog.avast.com/malicious-extensions-chrome-web-store
fgpeefdjgfeoioneknokbpficnpkddbl,,malware,malicious,critical,,https://blog.avast.com/malicious-extensions-chrome-web-store
fhnlapempodiikihjeggpacnefpdemam,,malware,malicious,critical,,https://blog.avast.com/malicious-extensions-chrome-web-store
finepngcchiffimedhcfmmlkgjmeokpp,,malware,malicious,critical,,https://blog.avast.com/malicious-extensions-chrome-web-store
fpfmkkljdiofokoikgglafnfmmffmmhc,,malware,malicious,critical,,https://blog.avast.com/malicious-extensions-chrome-web-store
gdlbpbalajnhpfklckhciopjlbbiepkn,,malware,malicious,critical,,https://blog.avast.com/malicious-extensions-chrome-web-store
geokkpbkfpghbjdgbganjkgfhaafmhbo,,malware,malicious,critical,,https://blog.avast.com/malicious-extensions-chrome-web-store
ghabgolckcdgbbffijkkpamcphkfihgm,,malware,malicious,critical,,https://blog.avast.com/malicious-extensions-chrome-web-store
glfondjanahgpmkgjggafhdnbbcidhgf,,malware,malicious,critical,,https://blog.avast.com/malicious-extensions-chrome-web-store
gliolnahchemnmdjengkkdhcpdfehkhi,,malware,malicious,critical,,https://blog.avast.com/malicious-extensions-chrome-web-store
gnmjmennllheofmojjffnidneaohleln,,malware,malicious,critical,,https://blog.avast.com/malicious-extensions-chrome-web-store
hdifogmldkmbjgbgffmkphfhpdfhjgmh,,malware,malicious,critical,,https://blog.avast.com/malicious-extensions-chrome-web-store
hhhbnnlkhiajhlfmedeifcniniopfaoo,,malware,malicious,critical,,https://blog.avast.com/malicious-extensions-chrome-web-store
higffkkddppmfcpkcolamkhcknhfhdlo,,malware,malicious,critical,,https://blog.avast.com/malicious-extensions-chrome-web-store
hmakjfeknhkfmlckieeepnnldblejdbd,,malware,malicious,critical,,https://blog.avast.com/malicious-extensions-chrome-web-store
iejlgecgghdfhnappmejmhkgkkakbefg,,malware,malicious,critical,,https://blog.avast.com/malicious-extensions-chrome-web-store
igefbihdjhmkhnofbmnagllkafpaancf,,malware,malicious,critical,,https://blog.avast.com/malicious-extensions-chrome-web-store
igfpifinmdgadnepcpbdddpndnlkdela,,malware,malicious,critical,,https://blog.avast.com/malicious-extensions-chrome-web-store
imfnolmlkamfkegkhlpofldehcfghkhk,,malware,malicious,critical,,https://blog.avast.com/malicious-extensions-chrome-web-store
jbolpidmijgjfkcpndcngibedciomlhd,,malware,malicious,critical,,https://blog.avast.com/malicious-extensions-chrome-web-store
jjooglnnhopdfiiccjbkjdcpplgdkbmo,,malware,malicious,critical,,https://blog.avast.com/malicious-extensions-chrome-web-store
jlhmhmjkoklbnjjocicepjjjpnnbhodj,,malware,malicious,critical,,https://blog.avast.com/malicious-extensions-chrome-web-store
kafnldcilonjofafnggijbhknjhpffcd,,malware,malicious,critical,,https://blog.avast.com/malicious-extensions-chrome-web-store
keecjmliebjajodgnbcegpmnalopnfcb,,malware,malicious,critical,,https://blog.avast.com/malicious-extensions-chrome-web-store
lcdaafomaehnnhjgbgbdpgpagfcfgddg,,malware,malicious,critical,,https://blog.avast.com/malicious-extensions-chrome-web-store
lhpbjmgkppampoeecnlfibfgodkfmapd,,malware,malicious,critical,,https://blog.avast.com/malicious-extensions-chrome-web-store
likbpmomddfoeelgcmmgilhmefinonpo,,malware,malicious,critical,,https://blog.avast.com/malicious-extensions-chrome-web-store
llcogfahhcbonemgkdjcjclaahplbldg,,malware,malicious,critical,,https://blog.avast.com/malicious-extensions-chrome-web-store
lpejglcfpkpbjhmnnmpmmlpblkcmdgmi,,malware,malicious,critical,,https://blog.avast.com/malicious-extensions-chrome-web-store
nbocmbonjfbpnolapbknojklafhkmplk,,malware,malicious,critical,,https://blog.avast.com/malicious-extensions-chrome-web-store
ngbglchnipjlikkfpfgickhnlpchdlco,,malware,malicious,critical,,https://blog.avast.com/malicious-extensions-chrome-web-store
njglkaigokomacaljolalkopeonkpbik,,malware,malicious,critical,,https://blog.avast.com/malicious-extensions-chrome-web-store
obfdmhekhgnjollgnhjhedapplpmbpka,,malware,malicious,critical,,https://blog.avast.com/malicious-extensions-chrome-web-store
oejfpkocfgochpkljdlmcnibecancpnl,,malware,malicious,critical,,https://blog.avast.com/malicious-extensions-chrome-web-store
olkcbimhgpenhcboejacjpmohcincfdb,,malware,malicious,critical,,https://blog.avast.com/malicious-extensions-chrome-web-store
ooaehdahoiljphlijlaplnbeaeeimhbb,,malware,malicious,critical,,https://blog.avast.com/malicious-extensions-chrome-web-store
pidecdgcabcolloikegacdjejomeodji,,malware,malicious,critical,,https://blog.avast.com/malicious-extensions-chrome-web-store
dlddmedljhmbgdhapibnagaanenmajcm,,malware,malicious,critical,,https://www.welivesecurity.com/2013/07/30/versatile-and-infectious-win64expiro-is-a-cross-platform-file-infector/
bbgbmlkfflffccognkcbbmkakbejnado,Micro Search Chrome Extension,malware,malicious,critical,,https://keepaware.com/blog/trojan-extension-malware-3-year-campaign-300k-infections
bcmmbhidjmodkbeidljmhcijhkchokcj,Qcom search bar,malware,malicious,critical,,https://keepaware.com/blog/trojan-extension-malware-3-year-campaign-300k-infections
dafkaabahcikblhbogbnbjodajmhbini,Your Search Bar,malware,malicious,critical,,https://keepaware.com/blog/trojan-extension-malware-3-year-campaign-300k-infections
dbncciiegloaglpkgjpjhfahaiopfppa,SearchNukes,malware,malicious,critical,,https://keepaware.com/blog/trojan-extension-malware-3-year-campaign-300k-infections
fodkmcnpjapcffbmhelopfjhlmdmnbll,Simple New Tab,malware,malicious,critical,,https://keepaware.com/blog/trojan-extension-malware-3-year-campaign-300k-infections
gdamghfpmkabflbpldhdpbbfofolgaji,Qtr Search,malware,malicious,critical,,https://keepaware.com/blog/trojan-extension-malware-3-year-campaign-300k-infections
lfdkgganmodljeaemeadfhfhinpldmnf,Safe Search Eng,malware,malicious,critical,,https://keepaware.com/blog/trojan-extension-malware-3-year-campaign-300k-infections
ljgodogldijlkialfpccoekklegilffm,EXYZ Search,malware,malicious,critical,,https://keepaware.com/blog/trojan-extension-malware-3-year-campaign-300k-infections
nlmpchkfhgoclkajbifladignhbanjdk,yglSearch,malware,malicious,critical,,https://keepaware.com/blog/trojan-extension-malware-3-year-campaign-300k-infections
nniikbbaboifhfjjkjekiamnfpkdieng,Custom Search Bar,malware,malicious,critical,,https://keepaware.com/blog/trojan-extension-malware-3-year-campaign-300k-infections
pjomkeecbjnbpmanlbeijbkahooibopk,Lax Search,malware,malicious,critical,,https://keepaware.com/blog/trojan-extension-malware-3-year-campaign-300k-infections
pkofdnfadkamabkgjdjcddeopopbdjhg,Active Search Bar,malware,malicious,critical,,https://keepaware.com/blog/trojan-extension-malware-3-year-campaign-300k-infections
aljlkinhomaaahfdojalfmimeidofpih,Hide YouTube Shorts,malware,malicious,critical,,https://palant.info/2024/10/30/the-karma-connection-in-chrome-web-store/
cfemcmeknmapecneeeaajnbhhgfgkfhp,DarkPDF,malware,malicious,critical,,https://palant.info/2024/10/30/the-karma-connection-in-chrome-web-store/
dncejofenelddljaidedboiegklahijo,Sudoku On The Rocks,malware,malicious,critical,,https://palant.info/2024/10/30/the-karma-connection-in-chrome-web-store/
eadknamngiibbmjdfokmppfooolhdidc,Dynamics 365 Power Pane,malware,malicious,critical,,https://palant.info/2024/10/30/the-karma-connection-in-chrome-web-store/
eiccbajfmdnmkfhhknldadnheilniafp,Israel everywhere,malware,malicious,critical,,https://palant.info/2024/10/30/the-karma-connection-in-chrome-web-store/
emalgedpdlghbkikiaeocoblajamonoh,"Karma | Online shopping, but better",malware,malicious,critical,,https://palant.info/2024/10/30/the-karma-connection-in-chrome-web-store/
ihdjofjnmhebaiaanaeeoebjcgaildmk,Quick Stickies,malware,malicious,critical,,https://palant.info/2024/10/30/the-karma-connection-in-chrome-web-store/
koebbleaefghpjjmghelhjboilcmfpad,Nucleus: A Pomodoro Timer and Website Blocker,malware,malicious,critical,,https://palant.info/2024/10/30/the-karma-connection-in-chrome-web-store/
kolnaamcekefalgibbpffeccknaiblpi,Hidden Airline Baggage Fees,malware,malicious,critical,,https://palant.info/2024/10/30/the-karma-connection-in-chrome-web-store/
pibnhedpldjakfpnfkabbnifhmokakfb,M3U8 Downloader,malware,malicious,critical,,https://palant.info/2024/10/30/the-karma-connection-in-chrome-web-store/
acbiaofoeebeinacmcknopaikmecdehl,Wistia Video Downloader,malware,malicious,critical,,https://gitlab-com.gitlab.io/gl-security/security-tech-notes/threat-intelligence-tech-notes/malicious-browser-extensions-feb-2025/
alplpnakfeabeiebipdmaenpmbgknjce,Adblocker for Chrome - NoAds,malware,malicious,critical,,https://gitlab-com.gitlab.io/gl-security/security-tech-notes/threat-intelligence-tech-notes/malicious-browser-extensions-feb-2025/
bpconcjcammlapcogcnnelfmaeghhagj,Nimble capture,malware,malicious,critical,,https://gitlab-com.gitlab.io/gl-security/security-tech-notes/threat-intelligence-tech-notes/malicious-browser-extensions-feb-2025/
deljjimclpnhngmikaiiodgggdniaooh,Themes for Chrome and YouTube Picture in Picture,malware,malicious,critical,,https://gitlab-com.gitlab.io/gl-security/security-tech-notes/threat-intelligence-tech-notes/malicious-browser-extensions-feb-2025/
fbcgkphadgmbalmlklhbdagcicajenei,Emoji keyboard emojis for chrome,malware,malicious,critical,,https://gitlab-com.gitlab.io/gl-security/security-tech-notes/threat-intelligence-tech-notes/malicious-browser-extensions-feb-2025/
fedimamkpgiemhacbdhkkaihgofncola,WAToolkit,malware,malicious,critical,,https://gitlab-com.gitlab.io/gl-security/security-tech-notes/threat-intelligence-tech-notes/malicious-browser-extensions-feb-2025/
gaoflciahikhligngeccdecgfjngejlh,Emojis - Emoji Keyboard,malware,malicious,critical,,https://gitlab-com.gitlab.io/gl-security/security-tech-notes/threat-intelligence-tech-notes/malicious-browser-extensions-feb-2025/
gdocgbfmddcfnlnpmnghmjicjognhonm,KProxy,malware,malicious,critical,,https://gitlab-com.gitlab.io/gl-security/security-tech-notes/threat-intelligence-tech-notes/malicious-browser-extensions-feb-2025/
giaoehhefkmchjbbdnahgeppblbdejmj,Mike Adblock für Chrome | Chrome-Werbeblocker,malware,malicious,critical,,https://gitlab-com.gitlab.io/gl-security/security-tech-notes/threat-intelligence-tech-notes/malicious-browser-extensions-feb-2025/
hmooaemjmediafeacjplpbpenjnpcneg,Page Refresh,malware,malicious,critical,,https://gitlab-com.gitlab.io/gl-security/security-tech-notes/threat-intelligence-tech-notes/malicious-browser-extensions-feb-2025/
idpbkophnbfijcnlffdmmppgnncgappc,Rakuten Button Canada,malware,malicious,critical,,https://gitlab-com.gitlab.io/gl-security/security-tech-notes/threat-intelligence-tech-notes/malicious-browser-extensions-feb-2025/
jdjldbengpgdcfkljfdmakdgmfpneldd,Video Effects for YouTube And Audio Enhancer,malware,malicious,critical,,https://gitlab-com.gitlab.io/gl-security/security-tech-notes/threat-intelligence-tech-notes/malicious-browser-extensions-feb-2025/
jlhgcomgldfapimdboelilfcipigkgik,Color Changer for YouTube,malware,malicious,critical,,https://gitlab-com.gitlab.io/gl-security/security-tech-notes/threat-intelligence-tech-notes/malicious-browser-extensions-feb-2025/
mdaboflcmhejfihjcbmdiebgfchigjcf,Blipshot: one click full page screenshots,malware,malicious,critical,,https://gitlab-com.gitlab.io/gl-security/security-tech-notes/threat-intelligence-tech-notes/malicious-browser-extensions-feb-2025/
nlgphodeccebbcnkgmokeegopgpnjfkc,Super dark mode,malware,malicious,critical,,https://gitlab-com.gitlab.io/gl-security/security-tech-notes/threat-intelligence-tech-notes/malicious-browser-extensions-feb-2025/
ogcaehilgakehloljjmajoempaflmdci,Adblock for You,malware,malicious,critical,,https://gitlab-com.gitlab.io/gl-security/security-tech-notes/threat-intelligence-tech-notes/malicious-browser-extensions-feb-2025/
onomjaelhagjjojbkcafidnepbfkpnee,Adblock for Chrome,malware,malicious,critical,,https://gitlab-com.gitlab.io/gl-security/security-tech-notes/threat-intelligence-tech-notes/malicious-browser-extensions-feb-2025/
lgnfmkckpppkfbfndcdighighholljcn,Photon Bot,malware,malicious,critical,,https://labs.sqrx.com/hidden-in-plain-sight-how-we-followed-one-malicious-extension-to-uncover-a-multi-extension-a6f3f0792b98
ddhodpjidkbpkeheeenjflfjbgljgapl,Trenches Agent,malware,malicious,critical,,https://labs.sqrx.com/hidden-in-plain-sight-how-we-followed-one-malicious-extension-to-uncover-a-multi-extension-a6f3f0792b98
khbegeannolbigamjahgggfpnaacbbmb,Axiom Enhancer,malware,malicious,critical,,https://labs.sqrx.com/hidden-in-plain-sight-how-we-followed-one-malicious-extension-to-uncover-a-multi-extension-a6f3f0792b98
fibemlnkopkeenmmgcfohhcdbkhgbolo,Safery: Ethereum Wallet,malware,malicious,critical,,https://socket.dev/blog/malicious-chrome-extension-exfiltrates-seed-phrases
iaemdpdnmdkaphnmcogmcgcmhhafcifd,Crypto Copilot,malware,malicious,critical,,https://socket.dev/blog/malicious-chrome-extension-injects-hidden-sol-fees-into-solana-swaps
pppdfgkfdemgfknfnhpkibbkabhghhfh,MEXC API Automator,malware,malicious,critical,,https://socket.dev/blog/malicious-chrome-extension-steals-mexc-api-keys
ajbkmeegjnmaggkhmibgckapjkohajim,Cool Cursor,malware,malicious,critical,,https://layerxsecurity.com/blog/browser-extensions-gone-rogue-the-full-scope-of-the-ghostposter-campaign/
bmmchpeggdipgcobjbkcjiifgjdaodng,Color Enhancer,malware,malicious,critical,,https://layerxsecurity.com/blog/browser-extensions-gone-rogue-the-full-scope-of-the-ghostposter-campaign/
dhnibdhcanplpdkcljgmfhbipehkgdkk,Youtube Download,malware,malicious,critical,,https://layerxsecurity.com/blog/browser-extensions-gone-rogue-the-full-scope-of-the-ghostposter-campaign/
fbobegkkdmmcnmoplkgdmfhdlkjfelnb,Ads Block Ultimate,malware,malicious,critical,,https://layerxsecurity.com/blog/browser-extensions-gone-rogue-the-full-scope-of-the-ghostposter-campaign/
fcoongackakfdmiincikmjgkedcgjkdp,Google Translate in Right Click,malware,malicious,critical,,https://layerxsecurity.com/blog/browser-extensions-gone-rogue-the-full-scope-of-the-ghostposter-campaign/
gmciomcaholgmklbfangdjkneihfkddd,RSS Feed,malware,malicious,critical,,https://layerxsecurity.com/blog/browser-extensions-gone-rogue-the-full-scope-of-the-ghostposter-campaign/
ielbkcjohpgmjhoiadncabphkglejgih,Convert Everything,malware,malicious,critical,,https://layerxsecurity.com/blog/browser-extensions-gone-rogue-the-full-scope-of-the-ghostposter-campaign/
jihipmfmicjjpbpmoceapfjmigmemfam,One Key Translate,malware,malicious,critical,,https://layerxsecurity.com/blog/browser-extensions-gone-rogue-the-full-scope-of-the-ghostposter-campaign/
kjkhljbbodkfgbfnhjfdchkjacdhmeaf,Full Page Screenshot,malware,malicious,critical,,https://layerxsecurity.com/blog/browser-extensions-gone-rogue-the-full-scope-of-the-ghostposter-campaign/
knoibjinlbaolannjalfdjiloaadnknj,Floating Player - PiP Mode,malware,malicious,critical,,https://layerxsecurity.com/blog/browser-extensions-gone-rogue-the-full-scope-of-the-ghostposter-campaign/
maiackahflfnegibhinjhpbgeoldeklb,Page Screenshot Clipper,malware,malicious,critical,,https://layerxsecurity.com/blog/browser-extensions-gone-rogue-the-full-scope-of-the-ghostposter-campaign/
obocpangfamkffjllmcfnieeoacoheda,Translate Selected Text with Google,malware,malicious,critical,,https://layerxsecurity.com/blog/browser-extensions-gone-rogue-the-full-scope-of-the-ghostposter-campaign/
onlofoccaenllpjmalbnilfacjmcfhfk,AdBlocker,malware,malicious,critical,,https://layerxsecurity.com/blog/browser-extensions-gone-rogue-the-full-scope-of-the-ghostposter-campaign/
pnpchphmplpdimbllknjoiopmfphellj,Amazon Ads Blocker,malware,malicious,critical,,https://socket.dev/blog/malicious-chrome-extension-performs-hidden-affiliate-hijacking?utm_medium=feed
ahlnchhkedmjbdocaamkbmhppnligmoh,10xprofit Amazon Seller Tools,malware,malicious,critical,,https://socket.dev/blog/malicious-chrome-extension-performs-hidden-affiliate-hijacking?utm_medium=feed
ljcgnobemekghgobhlplpehijemdgcgo,Amazon ASIN Lookup 10xprofit,malware,malicious,critical,,https://socket.dev/blog/malicious-chrome-extension-performs-hidden-affiliate-hijacking?utm_medium=feed
dnmfcojgjchpjcmjgpgonmhccibjopnb,Amazon Search Suggestion,malware,malicious,critical,,https://socket.dev/blog/malicious-chrome-extension-performs-hidden-affiliate-hijacking?utm_medium=feed
mnacfoefejolpobogooghoclppjcgfcm,Amazon Product Scraper 10xprofit,malware,malicious,critical,,https://socket.dev/blog/malicious-chrome-extension-performs-hidden-affiliate-hijacking?utm_medium=feed
nigamacoibifjohkmepefofohfedblgg,Amazon Quick Brand Search,malware,malicious,critical,,https://socket.dev/blog/malicious-chrome-extension-performs-hidden-affiliate-hijacking?utm_medium=feed
johobikccpnmifjjpephegmfpipfbfme,Amazon Stock Checker 999,malware,malicious,critical,,https://socket.dev/blog/malicious-chrome-extension-performs-hidden-affiliate-hijacking?utm_medium=feed
kppfbknppimnoociaomjcdgkebdmenkh,Amazon Price History Saver,malware,malicious,critical,,https://socket.dev/blog/malicious-chrome-extension-performs-hidden-affiliate-hijacking?utm_medium=feed
aohfjaadlbiifnnajpobdhokecjokhab,Amazon ASIN Copy,malware,malicious,critical,,https://socket.dev/blog/malicious-chrome-extension-performs-hidden-affiliate-hijacking?utm_medium=feed
gfdbbmngalhmegpkejhidhgdpmehlmnd,Amazon Keyword Cloud Generator,malware,malicious,critical,,https://socket.dev/blog/malicious-chrome-extension-performs-hidden-affiliate-hijacking?utm_medium=feed
cpcojeeblggnjjgnpiicndnahfhjdobd,Amazon Image Downloader,malware,malicious,critical,,https://socket.dev/blog/malicious-chrome-extension-performs-hidden-affiliate-hijacking?utm_medium=feed
hkkkipfcdagiocekjdhobgmlkhejjfoj,Amazon Negative Review Hider,malware,malicious,critical,,https://socket.dev/blog/malicious-chrome-extension-performs-hidden-affiliate-hijacking?utm_medium=feed
jaojpdijbaolkhkifpgbjnhfbmckoojh,Amazon Listing Score Checker,malware,malicious,critical,,https://socket.dev/blog/malicious-chrome-extension-performs-hidden-affiliate-hijacking?utm_medium=feed
ekomkpgkmieaaekmaldmaljljahehkoi,Amazon Keyword Density Searcher,malware,malicious,critical,,https://socket.dev/blog/malicious-chrome-extension-performs-hidden-affiliate-hijacking?utm_medium=feed
hkhmodcdjhcidbcncgmnknjppphcpgmh,Amazon Sticky Notes,malware,malicious,critical,,https://socket.dev/blog/malicious-chrome-extension-performs-hidden-affiliate-hijacking?utm_medium=feed
nipfdfkjnidadibpbflijepbllfkokac,Amazon Result Numbering,malware,malicious,critical,,https://socket.dev/blog/malicious-chrome-extension-performs-hidden-affiliate-hijacking?utm_medium=feed
behckapcoohededfbgjgkgefgkpodeho,Amazon Profit Calculator,malware,malicious,critical,,https://socket.dev/blog/malicious-chrome-extension-performs-hidden-affiliate-hijacking?utm_medium=feed
dfnannaibdndmkienngjahldiofjbkmj,Amazon Weight Converter,malware,malicious,critical,,https://socket.dev/blog/malicious-chrome-extension-performs-hidden-affiliate-hijacking?utm_medium=feed
nhilffccdbcjcnoopblecppbhalagpaf,Amazon BSR Fast View,malware,malicious,critical,,https://socket.dev/blog/malicious-chrome-extension-performs-hidden-affiliate-hijacking?utm_medium=feed
mabbblhhnmlckjbfppkopnccllieeocp,AliExpress Invoice Generator,malware,malicious,critical,,https://socket.dev/blog/malicious-chrome-extension-performs-hidden-affiliate-hijacking?utm_medium=feed
mjcgfimemamogfmekphcfdehfkkbmldn,Amazon Global Price Checker,malware,malicious,critical,,https://socket.dev/blog/malicious-chrome-extension-performs-hidden-affiliate-hijacking?utm_medium=feed
mcaihdkeijgfhnlfcdehniplmaapadgb,Walmart Search By Image,malware,malicious,critical,,https://socket.dev/blog/malicious-chrome-extension-performs-hidden-affiliate-hijacking?utm_medium=feed
mpgaodghdhmeljgogbeagpbhgdbfofgb,SHEIN Search By Image,malware,malicious,critical,,https://socket.dev/blog/malicious-chrome-extension-performs-hidden-affiliate-hijacking?utm_medium=feed
gjlbbcimkbncedhofeknicfkhgaocohl,Shopify Search By Image,malware,malicious,critical,,https://socket.dev/blog/malicious-chrome-extension-performs-hidden-affiliate-hijacking?utm_medium=feed
nppjmiadmakeigiagilkfffplihgjlec,BestBuy Search By Image,malware,malicious,critical,,https://socket.dev/blog/malicious-chrome-extension-performs-hidden-affiliate-hijacking?utm_medium=feed
loiofaagnefbonjdjklhacdhfkolcfgi,AliExpress Price Tracker - Price History & Alerts,malware,malicious,critical,,https://socket.dev/blog/malicious-chrome-extension-performs-hidden-affiliate-hijacking?utm_medium=feed
mcaglpclodnaiimhicpjemhcinjfnjce,AliExpress Quick Currency & Price Converter,malware,malicious,critical,,https://socket.dev/blog/malicious-chrome-extension-performs-hidden-affiliate-hijacking?utm_medium=feed
goikoilmhcgfidolicnbgggdpckdcoam,Amazon Character Count & Seller Tools,malware,malicious,critical,,https://socket.dev/blog/malicious-chrome-extension-performs-hidden-affiliate-hijacking?utm_medium=feed
jmlgkeaofknfmnbpmlmadnfnfajdlehn,AliExpress Deals Countdown - Flash Sale Timer,malware,malicious,critical,,https://socket.dev/blog/malicious-chrome-extension-performs-hidden-affiliate-hijacking?utm_medium=feed
bbhaganppipihlhjgaaeeeefbaoihcgi,lm?oken Chromophore,malware,malicious,critical,,https://socket.dev/blog/fake-imtoken-chrome-extension-steals-seed-phrases-via-phishing-redirects
jkphinfhmfkckkcnifhjiplhfoiefffl,CL Suite by @CLMasters,malware,malicious,critical,,https://socket.dev/blog/malicious-chrome-extension-steals-meta-business-manager-exports-and-totp-2fa-seeds
kdenlnncndfnhkognokgfpabgkgehodd,QuickLens - Search Screen with Google Lens,malware,malicious,critical,,https://annex.security/blog/pixel-perfect/
browser_extension_id,browser_extension,metadata_category,metadata_type,medium,crx_file_sha256,metadata_link
{7c3a8b88-4dc9-4487-b7f9-736b5f38b957},Bypass,malware,malicious,critical,,https://blog.mozilla.org/security/2021/10/25/securing-the-proxy-api-for-firefox-add-ons/
{d61552ef-e2a6-4fb5-bf67-8990f0014957},Bypass XM,malware,malicious,critical,,https://blog.mozilla.org/security/2021/10/25/securing-the-proxy-api-for-firefox-add-ons/
firefox@browser-security.de,Browser Security,malware,malicious,critical,,https://bugzilla.mozilla.org/show_bug.cgi?id=1483995
firefox@smarttube.io,Smarttube,malware,malicious,critical,,https://bugzilla.mozilla.org/show_bug.cgi?id=1483995
{0fde9597-0508-47ff-ad8a-793fa059c4e7},Web Security blocked add-on,malware,malicious,critical,,https://bugzilla.mozilla.org/show_bug.cgi?id=1483995
info@browser-privacy.com,Browser Privacy,malware,malicious,critical,,https://bugzilla.mozilla.org/show_bug.cgi?id=1483995
{d3b98a68-fd64-4763-8b66-e15e47ef000a},Web Security blocked add-on,malware,malicious,critical,,https://bugzilla.mozilla.org/show_bug.cgi?id=1483995
{36ea170d-2586-45fb-9f48-5f6b6fd59da7},Web Security blocked add-on,malware,malicious,critical,,https://bugzilla.mozilla.org/show_bug.cgi?id=1483995
youtubemp3converter@yttools.io,YouTube MP3 Converter & Download,malware,malicious,critical,,https://bugzilla.mozilla.org/show_bug.cgi?id=1483995
simplysearch@dirtylittlehelpers.com,Simply Search,malware,malicious,critical,,https://bugzilla.mozilla.org/show_bug.cgi?id=1483995
extreme@smarttube.io,Smarttube - Extreme,malware,malicious,critical,,https://bugzilla.mozilla.org/show_bug.cgi?id=1483995
selfdestructingcookies@dirtylittlehelpers.com,Self Destroying Cookies,malware,malicious,critical,,https://bugzilla.mozilla.org/show_bug.cgi?id=1483995
{27a1b6d8-c6c9-4ddd-bf20-3afa0ccf5040},Web Security blocked add-on,malware,malicious,critical,,https://bugzilla.mozilla.org/show_bug.cgi?id=1483995
{2e9cae8b-ee3f-4762-a39e-b53d31dffd37},Web Security blocked add-on,malware,malicious,critical,,https://bugzilla.mozilla.org/show_bug.cgi?id=1483995
adblock@smarttube.io,YouTube - Adblock,malware,malicious,critical,,https://bugzilla.mozilla.org/show_bug.cgi?id=1483995
{a659bdfa-dbbe-4e58-baf8-70a6975e47d0},Web Security blocked add-on,malware,malicious,critical,,https://bugzilla.mozilla.org/show_bug.cgi?id=1483995
{f9455ec1-203a-4fe8-95b6-f6c54a9e56af},Web Security blocked add-on,malware,malicious,critical,,https://bugzilla.mozilla.org/show_bug.cgi?id=1483995
{8c85526d-1be9-4b96-9462-aa48a811f4cf},Web Security blocked add-on,malware,malicious,critical,,https://bugzilla.mozilla.org/show_bug.cgi?id=1483995
mail@quick-buttons.de,Amazon Quick Search,malware,malicious,critical,,https://bugzilla.mozilla.org/show_bug.cgi?id=1483995
youtubeadblocker@yttools.io,YouTube Adblocker,malware,malicious,critical,,https://bugzilla.mozilla.org/show_bug.cgi?id=1483995
extension@browser-safety.org,Browser Safety,malware,malicious,critical,,https://bugzilla.mozilla.org/show_bug.cgi?id=1483995
contact@web-security.com,Web Security,malware,malicious,critical,,https://bugzilla.mozilla.org/show_bug.cgi?id=1483995
videodownloader@dirtylittlehelpers.com,Video Downloader,malware,malicious,critical,,https://bugzilla.mozilla.org/show_bug.cgi?id=1483995
googlenotrack@dirtylittlehelpers.com,Google NoTrack,malware,malicious,critical,,https://bugzilla.mozilla.org/show_bug.cgi?id=1483995
develop@quick-amz.com,Quick AMZ,malware,malicious,critical,,https://bugzilla.mozilla.org/show_bug.cgi?id=1483995
{7536027f-96fb-4762-9e02-fdfaedd3bfb5},Twiter X Video Downloader,malware,malicious,critical,,https://www.koi.ai/blog/darkspectre-unmasking-the-threat-actor-behind-7-8-million-infected-browsers
xtwitterdownloader@benimaddonum.com,x-video-downloader,malware,malicious,critical,,https://www.koi.ai/blog/darkspectre-unmasking-the-threat-actor-behind-7-8-million-infected-browsers
{34b0d04c-29cf-473c-bb6c-c2fe94377b99},ShadyPanda Firefox add-on,malware,malicious,critical,,https://www.koi.ai/blog/darkspectre-unmasking-the-threat-actor-behind-7-8-million-infected-browsers
{7cc10397-c6f4-4a27-a1e7-83b870dd6cab},ShadyPanda Firefox add-on,malware,malicious,critical,,https://www.koi.ai/blog/darkspectre-unmasking-the-threat-actor-behind-7-8-million-infected-browsers
nickyfeng2@edgetranslate.com,ShadyPanda Firefox add-on,malware,malicious,critical,,https://www.koi.ai/blog/darkspectre-unmasking-the-threat-actor-behind-7-8-million-infected-browsers
1305302314@qq.com,ShadyPanda Firefox add-on,malware,malicious,critical,,https://www.koi.ai/blog/darkspectre-unmasking-the-threat-actor-behind-7-8-million-infected-browsers
mail@imba97.cn,ShadyPanda Firefox add-on,malware,malicious,critical,,https://www.koi.ai/blog/darkspectre-unmasking-the-threat-actor-behind-7-8-million-infected-browsers
{99d4bddd-5452-4216-83bc-fcd57857b6fb},ShadyPanda Firefox add-on,malware,malicious,critical,,https://www.koi.ai/blog/darkspectre-unmasking-the-threat-actor-behind-7-8-million-infected-browsers
{f7d2c8aa-e06e-4117-8b99-52a145eb7d23},ShadyPanda Firefox add-on,malware,malicious,critical,,https://www.koi.ai/blog/darkspectre-unmasking-the-threat-actor-behind-7-8-million-infected-browsers
{5f246670-f5e2-45ff-b183-be21cbeb065a},ShadyPanda Firefox add-on,malware,malicious,critical,,https://www.koi.ai/blog/darkspectre-unmasking-the-threat-actor-behind-7-8-million-infected-browsers
{c257a965-0bf8-4934-bf85-9ebf761d1cf8},ShadyPanda Firefox add-on,malware,malicious,critical,,https://www.koi.ai/blog/darkspectre-unmasking-the-threat-actor-behind-7-8-million-infected-browsers
